step,scout_x,scout_y,scout_z,scout_fire_intensity,scout_fire_rel_x,scout_fire_rel_y,scout_dist_to_fire,scout_reward_total,scout_reward_survival,scout_reward_boundary,scout_reward_altitude,scout_reward_fire_flat,scout_reward_fire_intensity,scout_reward_fire_speed_pen,scout_speed,scout_msg_intensity,fw_x,fw_y,fw_z,fw_dist_to_fire,fw_water_level,fw_reward_total,fw_is_dropping,fw_extinguish_eff,fire_burning_cells,fire_total_intensity,fire_centroid_x,fire_centroid_y,scout_fw_distance
0,-382.1753515503719,-192.45354100488427,36.18579209122489,0.00937500037252903,0.25806451612903225,-0.41935483870967744,36.35748500267327,0.7092531385167308,0.01,0.0,0.0,0.5,0.0937500037252903,-0.0,4.684413152061559,0.00937500037252903,133.24773926850722,150.04827716050906,99.95904941974821,631.128732797101,1.0,-0.025866900990978367,0,0.0,27,8.09892,-372.5,-227.5,622.1217616722442
1,-382.7401665828526,-191.80633014856716,35.79267360097671,0.022267520427703857,0.38397502601456823,-0.5719736385709331,37.133530388419274,0.6898911809406941,0.01,0.0,0.0,0.5,0.22267520427703857,-0.023422065760307795,4.8745489223348,0.022267520427703857,138.18166725624462,148.4871806879863,99.843403292169,634.1625385603585,0.9958333333333336,-3.020609615936509,0,0.0,27,8.09676,-372.5,-227.5,625.509173763047
2,-383.1776958781406,-191.55139626935517,35.78384553387278,0.020426396280527115,0.380952380952381,-0.6075268817204302,38.31042463410998,0.6821598991882049,0.01,0.0,0.0,0.5,0.20426396280527115,-0.024372744611674,3.043021974340239,0.020426396280527115,143.21933430968232,146.7971462758599,99.6467274065963,637.2191913464649,0.9916666666666671,-3.120974804437359,0,0.0,29,8.69452,-371.98275862068965,-228.18965517241384,629.008773638429
3,-383.2237814232374,-191.73061853328167,36.07245555065925,0.01873750053346157,0.41935483870967744,-0.6129032258064516,38.152613885564655,0.6825181894893964,0.01,0.0,0.0,0.5,0.1873750053346157,-0.015215109871701197,2.9663571239408104,0.01873750053346157,148.3097988811172,144.9931928207674,99.42129232120476,640.2888281299876,0.9875000000000007,-3.0210396652804183,0,0.0,29,8.693360000000002,-371.98275862068965,-228.18965517241384,632.3954041927757
4,-382.9453564231262,-192.27572577499038,36.512539173345026,0.018734999001026154,0.41935483870967744,-0.6129032258064516,37.54981857933676,0.6731149674603407,0.01,0.0,0.0,0.5,0.18734999001026154,-0.014831785619704052,4.83699987035862,0.018734999001026154,153.40883527697127,143.07747092847302,99.21057725371436,643.3316453133147,0.9833333333333343,-3.020774793963799,0,0.0,29,8.691040000000003,-371.98275862068965,-228.18965517241384,635.6639280882818
5,-382.36641255513865,-192.45093468807866,37.03109814517512,0.018729999661445618,0.41935483870967744,-0.6129032258064516,37.30390527446649,0.6436962935567677,0.01,0.0,0.0,0.5,0.18729999661445618,-0.024184999351793104,5.220465714915988,0.018729999661445618,158.4754432203432,141.04594705836442,99.04216397791664,646.5462872587128,0.9791666666666679,-3.0701645576455174,0,0.0,30,8.988640000000004,-372.16666666666674,-228.33333333333326,638.4163652186407
6,-381.98988739872937,-192.34495513958387,37.58669261024826,0.015979865565896034,0.3225806451612903,-0.4588969823100937,37.30494646246207,0.6503478633254183,0.01,0.0,0.0,0.5,0.15979865565896034,-0.02610232857457994,3.885895989548915,0.015979865565896034,163.47131706421877,138.89321104089532,98.92858845312091,649.4331255089515,0.9750000000000014,-3.0192182500066984,0,0.0,30,8.987440000000005,-372.16666666666674,-228.33333333333326,641.100207841469
7,-381.9169128820454,-192.57347430813348,37.97596862062168,0.015977732837200165,0.3225806451612903,-0.4588969823100937,37.065277805011355,0.6527522914489466,0.01,0.0,0.0,0.5,0.15977732837200165,-0.019429479947744573,3.3964749797114067,0.015977732837200165,168.36283559769572,136.61628568640782,98.88592709007294,652.1965710127688,0.970833333333335,-3.017983857285078,0,0.0,30,8.985040000000005,-372.16666666666674,-228.33333333333326,644.1146813362828
8,-382.0511757999881,-192.98512106458807,38.47023162083484,0.015973465517163277,0.3225806451612903,-0.4588969823100937,36.70421816907398,0.6496685838125927,0.01,0.0,0.0,0.5,0.15973465517163277,-0.016982374898557032,4.0046811218503455,0.015973465517163277,173.1234033915227,134.21826998928086,98.92919865060782,654.8167114360043,0.9666666666666686,-3.0165492422798468,0,0.0,30,8.982640000000007,-372.16666666666674,-228.33333333333326,647.2527784350788
9,-382.2246659738558,-193.4963868693045,39.01668650172543,0.01596919819712639,0.3225806451612903,-0.4588969823100937,36.25984264997604,0.6444440092719979,0.01,0.0,0.0,0.5,0.15969198197126389,-0.020023405609251727,5.045328337403418,0.01596919819712639,177.73557519940184,131.70911197979265,99.06491706202942,657.2845944006169,0.9625000000000021,-3.01502401695558,0,0.0,30,8.981440000000006,-372.16666666666674,-228.33333333333326,650.3229030027517
10,-382.5490433992566,-193.9728134656615,39.38821761603517,0.01596706546843052,0.3225806451612903,-0.4588969823100937,35.89483350280497,0.6485134737230255,0.01,0.0,0.0,0.5,0.1596706546843052,-0.02522664168701709,4.222900062066057,0.01596706546843052,182.19125909857888,129.10334368617885,99.29253755864244,659.6011582293474,0.9583333333333357,-3.0135072185809837,0,0.0,30,8.979040000000008,-372.16666666666674,-228.33333333333326,653.374578731935
11,-382.43413909907855,-194.52069245968744,39.614141990993275,0.01596279814839363,0.3225806451612903,-0.4588969823100937,35.33717126483783,0.6463721284439818,0.01,0.0,0.0,0.5,0.1596279814839363,-0.021114500310330287,4.642633732742933,0.01596279814839363,186.48969906705474,126.41669517667442,99.60426008498604,661.7737662544964,0.9541666666666693,-3.012063327600258,0,0.0,30,8.97664000000001,-372.16666666666674,-228.33333333333326,655.9527076592246
12,-382.00315141030035,-195.15135153965602,39.75694330141214,0.015958528965711594,0.3225806451612903,-0.4588969823100937,33.65369272924394,0.6794545261668351,0.01,0.0,0.0,0.5,0.15958528965711594,-0.023213168663714666,4.711828378693533,0.015958528965711594,190.63447904307813,123.66346694598896,99.98749116341503,663.2946260694696,0.9500000000000028,-3.060718588530277,0,0.0,31,9.27540000000001,-372.1774193548388,-227.3387096774194,658.1675039023515
13,-381.2938587587953,-195.59443968680728,39.5911461036012,0.019301366060972214,0.3195698924731183,-0.39526881720430107,33.02738476844462,0.713457243470055,0.01,0.0,0.0,0.5,0.19301366060972214,-0.023559141893467667,5.71781253264306,0.019301366060972214,194.63135798361216,120.85374650267894,100.41387384505565,665.2143839459873,0.9458333333333364,-3.00946751955245,0,0.0,31,9.27292000000001,-372.1774193548388,-227.3387096774194,659.9459932693854
14,-380.55377561908324,-196.1718111687249,39.24914982197639,0.023204630240797997,0.3978494623655915,-0.44659498207885306,32.728088203438396,0.7290001111950399,0.01,0.0,0.0,0.5,0.23204630240797997,-0.0285890626632153,6.131265526494955,0.023204630240797997,198.48549861952992,117.99499288618792,100.8581989002424,667.2709296002913,0.94166666666667,-3.058290549279511,0,0.0,32,9.57040000000001,-372.1875,-227.8125,661.6516733215341
15,-379.6591649882017,-196.62724723339196,39.10480837217588,0.024965640157461166,0.3495177918190888,-0.4552710342534087,32.067830731328776,0.7262567297539975,0.01,0.0,0.0,0.5,0.24965640157461166,-0.030656327632474778,6.673254173559634,0.024965640157461166,202.19983130319378,115.09423987128676,101.30974879558998,668.9587719813227,0.9375000000000036,-3.0071657930346145,0,0.0,32,9.569120000000012,-372.1875,-227.8125,663.0231004279285
16,-378.81077048438164,-197.19879100583125,38.858431295423074,0.024962300434708595,0.3495177918190888,-0.4552710342534087,31.444329560370278,0.7251330077675014,0.01,0.0,0.0,0.5,0.24962300434708595,-0.03336627086779817,6.392801522671597,0.024962300434708595,205.7749484601486,112.15792921988913,101.76427927149784,670.0184978531654,0.9333333333333371,-3.056069345505325,0,0.0,33,9.866480000000012,-371.590909090909,-227.80303030303025,664.3787992194641
17,-377.88340247796407,-197.63948439372606,38.730561669927475,0.02470969781279564,0.27240143369175623,-0.472520908004779,30.81290273325175,0.7234892072697741,0.01,0.0,0.0,0.5,0.2470969781279564,-0.031964007613357985,6.708329391076925,0.02470969781279564,209.20910544036877,109.19196010421065,102.22006167035141,671.4866197022163,0.9291666666666707,-3.0049773389369023,0,0.0,33,9.863840000000014,-371.590909090909,-227.80303030303025,665.4728129659633
18,-377.0456323110241,-198.17427635853832,38.43876141119118,0.02470308542251587,0.27240143369175623,-0.472520908004779,30.126683616211547,0.7259232228176273,0.01,0.0,0.0,0.5,0.2470308542251587,-0.03354164695538463,6.214910165936208,0.02470308542251587,212.4982471774931,106.20198772401368,102.67638532772864,672.8443315786942,0.9250000000000043,-3.0038674008794533,0,0.0,33,9.862520000000014,-371.590909090909,-227.80303030303025,666.5833543568765
19,-376.2187125420387,-198.7087388639647,38.60455901426403,0.024699779227375984,0.27240143369175623,-0.472520908004779,29.460046828265078,0.7247802972279279,0.01,0.0,0.0,0.5,0.24699779227375984,-0.03107455082968104,6.430274973664899,0.024699779227375984,215.63605781314732,103.19381726782659,103.13295346178855,674.0878457302006,0.9208333333333378,-3.002719253079488,0,0.0,33,9.859880000000015,-371.590909090909,-227.80303030303025,667.5336218356905
20,-375.7038847892644,-199.31794585308018,38.996405056147566,0.024693170562386513,0.27240143369175623,-0.472520908004779,28.78049001000591,0.775494520688694,0.01,0.0,0.0,0.5,0.24693170562386513,-0.03215137486832449,5.117166991106433,0.024693170562386513,218.6140021417498,100.17384602866642,103.58963892134578,675.211573250524,0.9166666666666714,-3.00151478497001,0,0.0,33,9.857240000000015,-371.590909090909,-227.80303030303025,668.6414360416571
21,-375.2996103661552,-199.99533609843053,39.51714529181994,0.029108038172125816,0.21675155631013013,-0.4318053197509904,28.04156039497252,0.7916090269503445,0.01,0.0,0.0,0.5,0.29108038172125816,-0.025585834955532162,6.117934314063188,0.029108038172125816,221.42132013485113,97.1495550749993,104.04638503693876,676.2274817339505,0.912500000000005,-3.05023778183216,0,0.0,34,10.155880000000018,-371.61764705882354,-227.79411764705878,669.7275401463937
22,-375.1408077930428,-200.64301353509902,40.10248534908031,0.03121986985206604,0.20874433484404165,-0.46041055718475077,27.378734741722877,0.8364196632716348,0.01,0.0,0.0,0.5,0.3121986985206604,-0.03058967157031594,5.134902031952354,0.03121986985206604,224.04493098340177,94.13008596671408,104.50316509268897,677.0886941548146,0.9083333333333385,-2.998873420902097,0,0.0,34,10.153160000000018,-371.61764705882354,-227.79411764705878,670.866735868174
23,-375.09396905860086,-201.2729169245689,40.727519933234454,0.03520941734313965,0.2703316674238983,-0.48159927305770106,26.74806352633277,0.8081058752321101,0.01,0.0,0.0,0.5,0.3520941734313965,-0.02567451015976177,5.704705004237164,0.03520941734313965,226.46919694826397,91.12697500199022,104.95996556138763,677.8042020457099,0.9041666666666721,-2.997407637558683,0,0.0,34,10.150440000000017,-371.61764705882354,-227.79411764705878,671.9387967413699
24,-375.3163737404623,-201.80388564971565,41.35674733205927,0.03266294300556183,0.17790811339198437,-0.4887585532746823,26.252099693951823,0.8106989812307149,0.01,0.0,0.0,0.5,0.3266294300556183,-0.02852352502118582,5.177333842663163,0.03266294300556183,228.67548749803683,88.1551738009633,105.41677903053942,678.3625890057677,0.9000000000000057,-2.9958265095409002,0,0.0,34,10.14908000000002,-371.61764705882354,-227.79411764705878,673.0424297628487
25,-375.53380127756765,-202.48175240048215,41.86936932446156,0.032658565789461136,0.17790811339198437,-0.4887585532746823,25.613513976826525,0.8063353776978455,0.01,0.0,0.0,0.5,0.32658565789461136,-0.025886669213315817,6.032554625531007,0.032658565789461136,230.64146824030203,85.2345858866029,105.87360112166567,678.7510671791614,0.8958333333333393,-2.9941159425428485,0,0.0,34,10.146360000000021,-371.61764705882354,-227.79411764705878,674.0368612919775
26,-375.9136700677963,-203.07643882533142,42.333184580915535,0.03264981508255005,0.17790811339198437,-0.4887585532746823,25.08823349755205,0.8107345728227845,0.01,0.0,0.0,0.5,0.3264981508255005,-0.030162773127655033,5.135215676837156,0.03264981508255005,232.340015042214,82.3925479585808,106.33042908394306,678.9555398773147,0.8916666666666728,-2.9922622933162497,0,0.0,34,10.14364000000002,-371.61764705882354,-227.79411764705878,674.9523947430081
27,-376.2095057948858,-203.7867712988427,42.77122617498961,0.03264106437563896,0.17790811339198437,-0.4887585532746823,25.022997623819197,0.8905444741440297,0.01,0.0,0.0,0.5,0.3264106437563896,-0.02567607838418578,6.101943965902304,0.03264106437563896,233.737629047074,79.66811288177408,106.78726110986314,678.3196043670679,0.8875000000000064,-3.090255562296511,0,0.0,36,10.742200000000022,-370.69444444444446,-228.19444444444446,675.6332077366725
28,-376.6252555553958,-204.39351416055004,43.31113734203471,0.041105419397354126,0.17923267799198328,-0.5140293949226952,24.528734227688687,0.8933493319362057,0.01,0.0,0.0,0.5,0.41105419397354126,-0.030509719829511523,5.518930609829185,0.041105419397354126,234.79226813033813,77.1199989239632,107.24409597583222,678.1084488737608,0.88333333333334,-2.988099909803216,0,0.0,36,10.739320000000022,-370.69444444444446,-228.19444444444446,676.1424920228357
29,-376.9330704463709,-205.09894345940126,43.90513668948447,0.041094399988651276,0.17923267799198328,-0.5140293949226952,23.923265248331887,0.8880854473407868,0.01,0.0,0.0,0.5,0.41094399988651276,-0.027594653049145924,6.549677652203988,0.041094399988651276,235.45100371948627,74.84265910992032,107.70093283797875,677.6752839380165,0.8791666666666735,-2.9858473104016467,0,0.0,36,10.736440000000025,-370.69444444444446,-228.19444444444446,676.3515792450507
30,-377.3523736643757,-205.69965991168547,44.515487224096354,0.041083380579948425,0.17923267799198328,-0.5140293949226952,23.459397960580045,0.864643775864129,0.01,0.0,0.0,0.5,0.41083380579948425,-0.03274838826101994,5.775711170100226,0.041083380579948425,235.65022142264473,73.00114320968373,108.14810136806408,677.0322265947077,0.8750000000000071,-2.9837027266510416,0,0.0,36,10.735000000000024,-370.69444444444446,-228.19444444444446,676.3840838064663
31,-377.667864617786,-206.40829820575436,45.00756217332311,0.03835223242640495,0.23803499894581484,-0.5197132616487455,22.87498102398245,0.9157266333214793,0.01,0.0,0.0,0.5,0.38352232426404953,-0.028878555850501128,6.2854008175461775,0.03835223242640495,235.34106596126037,71.91067346408943,108.52986027308337,676.2707458315775,0.8708333333333407,-2.9824497342276324,0,0.0,36,10.732120000000027,-370.69444444444446,-228.19444444444446,676.2222129721118
32,-378.09646904600805,-207.01835904728037,45.46372220493127,0.04371536523103714,0.22224202459454634,-0.5266440919622171,22.432488960214354,0.9204878119434388,0.01,0.0,0.0,0.5,0.4371536523103714,-0.031427004087730886,5.309704704970693,0.04371536523103714,234.67119989012355,72.0702987051431,108.73450818489195,675.7414293346935,0.8666666666666742,-2.9846732198401273,0,0.0,36,10.729240000000027,-370.69444444444446,-228.19444444444446,676.2971886219784
33,-378.4190327005019,-207.73751347527397,45.7860463885283,0.04370363429188728,0.22224202459454634,-0.5266440919622171,21.86676218380368,0.9173131455966482,0.01,0.0,0.0,0.5,0.43703634291887283,-0.026548523524853467,5.932919701165965,0.04370363429188728,234.1150898463385,73.48370192877034,108.84415343277496,675.8729738406564,0.8625000000000078,-2.991199247178439,0,0.0,36,10.727800000000027,-370.69444444444446,-228.19444444444446,676.9488519390214
34,-378.85177481555894,-208.35345080985053,46.18528719444056,0.043697770684957504,0.22224202459454634,-0.5266440919622171,21.452437325196957,0.9210049946592667,0.01,0.0,0.0,0.5,0.43697770684957504,-0.029664598505829826,5.171077579529724,0.043697770684957504,233.87804663879788,75.65461661722654,108.85556366344339,676.6329498942955,0.8583333333333414,-2.9974421942800666,0,0.0,36,10.72492000000003,-370.69444444444446,-228.19444444444446,678.2521507638974
35,-379.1789309377535,-209.07147280658089,46.60291061047812,0.04368603974580765,0.22224202459454634,-0.5266440919622171,20.92067291742017,0.9160973937226067,0.01,0.0,0.0,0.5,0.4368603974580765,-0.025855387897648623,6.129137378678133,0.04368603974580765,233.96286739419887,78.29414980229454,108.73358377614512,677.8980182618006,0.854166666666675,-3.0024720285749344,0,0.0,36,10.722040000000028,-370.69444444444446,-228.19444444444446,679.9868281570946
36,-379.613238325978,-209.68593401882418,47.0995944137612,0.04367430880665779,0.22224202459454634,-0.5266440919622171,20.545311934272846,0.9290594260840913,0.01,0.0,0.0,0.5,0.4367430880665779,-0.03064568689339067,5.468195578469831,0.04367430880665779,234.34292622644253,81.25114365235932,108.53236835570583,679.5783927560653,0.8500000000000085,-3.0066138182021063,0,0.0,36,10.72060000000003,-370.69444444444446,-228.19444444444446,682.1733950176957
37,-379.90707035389704,-210.37835644355152,47.616749988122436,0.04464004188776016,0.18355027353329556,-0.4793435200905489,20.25866525072633,0.9096014975654265,0.01,0.0,0.0,0.5,0.4464004188776016,-0.027340977892349155,6.15534021164615,0.04464004188776016,234.98925147971084,84.43849430487337,108.30411511953,681.7686763957126,0.8458333333333421,-3.0601194509099363,0,0.0,37,11.017680000000032,-370.7432432432432,-228.44594594594594,684.6147956159812
38,-380.3128183171622,-210.96694233165636,47.99352697233984,0.043037816882133484,0.23904052936310996,-0.47477253928866836,19.92717577690627,0.9156164189505559,0.01,0.0,0.0,0.5,0.43037816882133484,-0.03077670105823075,4.929229332447423,0.043037816882133484,235.87713582516,87.80128396998771,108.09105406042008,684.1056897370426,0.8458333333333421,-0.013163871423111003,0,0.0,37,11.014720000000032,-370.7432432432432,-228.44594594594594,687.4330697569401
39,-380.6336160726183,-211.66711263452797,48.23592600490404,0.04302625358104706,0.23904052936310996,-0.47477253928866836,19.4768765975551,0.940854398311486,0.01,0.0,0.0,0.5,0.4302625358104706,-0.024646146662237113,5.647298037745537,0.04302625358104706,236.9870762496525,91.30138062839684,107.92012864180758,686.7128177647309,0.8458333333333421,-0.015864427884691848,0,0.0,37,11.013240000000033,-370.7432432432432,-228.44594594594594,690.5124412630456
40,-381.06746003140546,-212.26290879934118,48.4157693261242,0.0459090881049633,0.24706321088942745,-0.44173037479022936,19.195836620928,0.9458373800140257,0.01,0.0,0.0,0.5,0.459090881049633,-0.028236490188727682,4.626025374300568,0.0459090881049633,238.3039227601342,94.90984040887933,107.79433381497581,689.5632059397406,0.8458333333333421,-0.018298158321699703,0,0.0,37,11.010280000000035,-370.7432432432432,-228.44594594594594,693.9033229477986
41,-381.4062535351825,-212.97153021890952,48.601617133296884,0.0458967499434948,0.24706321088942745,-0.44173037479022936,18.4682197644789,0.9530080479720665,0.01,0.0,0.0,0.5,0.45896749943494797,-0.02313012687150284,5.65678226273392,0.0458967499434948,239.8154052463806,98.6039632171906,107.69604208446334,692.1838033191897,0.8458333333333421,-0.07051658734612033,0,0.0,38,11.307240000000036,-370.52631578947376,-227.8947368421052,697.486765831134
42,-381.8573488917726,-213.58573916149467,48.88638145830037,0.04712919518351555,0.2535591998558298,-0.42259866642638316,18.797204582385177,0.9562772806513069,0.01,0.0,0.0,0.5,0.4712919518351555,-0.0282839113136696,4.972561199908304,0.04712919518351555,241.51123576809496,102.36582358337395,107.59885539077493,694.8819182411999,0.8458333333333421,-0.07255731073746802,0,0.0,39,11.605680000000037,-369.8076923076924,-228.01282051282055,701.3279810024998
43,-382.1057979004863,-214.2753455581388,49.339002785927654,0.04711400717496872,0.3264078731547293,-0.32932385638782574,18.438048142415127,0.9518047084669139,0.01,0.0,0.0,0.5,0.4711400717496872,-0.02486280599954152,5.841743662757362,0.04711400717496872,243.38271422052878,106.18106048456605,107.48540335692218,698.3466365311288,0.8458333333333421,-0.024449455199056724,0,0.0,39,11.602560000000036,-369.8076923076924,-228.01282051282055,705.2015250043995
44,-382.43997164033965,-214.87691163573888,49.870261908981476,0.04710134118795395,0.3264078731547293,-0.32932385638782574,18.22434040411396,0.9547780711788482,0.01,0.0,0.0,0.5,0.4710134118795395,-0.02920871831378681,5.221727225412002,0.04710134118795395,245.4224471995072,110.03811187465172,107.35644761828787,701.9875764186197,0.8458333333333421,-0.026216576067544108,0,0.0,39,11.59944000000004,-369.8076923076924,-228.01282051282055,709.2853100421479
45,-382.7145678489896,-215.43065096056645,50.43443768502545,0.04708867147564888,0.3264078731547293,-0.32932385638782574,18.024939025700096,0.9296274677452606,0.01,0.0,0.0,0.5,0.4708867147564888,-0.026108636127060013,5.3651291621295325,0.04708867147564888,247.62419268503393,113.92749569573306,107.22184199214392,705.7941006090068,0.8458333333333421,-0.027877848281898425,0,0.0,39,11.597880000000037,-369.8076923076924,-228.01282051282055,713.4623683757832
46,-383.0953889807981,-215.83697979216396,50.71160298011591,0.04264531284570694,0.3199759567220998,-0.3380084151472651,17.8669088244552,0.963646124266442,0.01,0.0,0.02,0.5,0.4264531284570694,-0.026825645810647662,3.856722183454766,0.04264531284570694,249.9801794386179,117.83942098129995,107.09240365384949,710.0857794319829,0.8458333333333421,-0.07941776074064819,0,0.0,40,11.89468000000004,-370.125,-228.125,717.8463696692428
47,-383.4241229427516,-216.40193724275952,50.61747816515628,0.045292969793081284,0.36727555382821603,-0.32879906723668867,17.72841988042421,0.9589144654810648,0.01,0.0,0.02,0.5,0.45292969793081284,-0.01928361091727383,4.77867564081707,0.045292969793081284,252.4806090406387,121.76262570132562,106.97884187909852,714.1842164510327,0.8458333333333421,-0.030810980756203886,0,0.0,40,11.891480000000042,-370.125,-228.125,722.4311061338145
48,-383.86866432992787,-216.93314045015083,50.32496376238115,0.045280784368515015,0.36727555382821603,-0.32879906723668867,17.724165125536427,0.9595261874143958,0.01,0.0,0.02,0.5,0.45280784368515015,-0.023893378204085353,4.644136143829845,0.045280784368515015,255.1197219762515,125.68813687072802,106.88881365571459,718.4112319427255,0.8458333333333421,-0.03210349485009033,0,0.0,40,11.889880000000042,-370.125,-228.125,727.2516528835952
49,-384.1991689614129,-217.61108713370464,50.02263930123081,0.04527468606829643,0.36727555382821603,-0.32879906723668867,17.56771458427218,0.9542767065710687,0.01,0.0,0.02,0.5,0.4527468606829643,-0.023220680719149227,5.669665933711076,0.04527468606829643,257.8984148007545,129.61113828837233,106.8231975891409,722.7645219402223,0.8458333333333421,-0.033373335887200706,0,0.0,40,11.886680000000045,-370.125,-228.125,732.1740806134096
50,-384.1838656180191,-218.35634243190316,50.1738328630294,0.045262500643730164,0.36727555382821603,-0.19976680917217252,17.22356921979265,0.9722211184971385,0.01,0.0,0.02,0.5,0.45262500643730164,-0.02834832966855538,4.399833383702181,0.045262500643730164,260.8163876126302,133.52595280815254,106.77146849143136,727.7978948675342,0.8458333333333421,-0.08460562159109031,0,0.0,41,12.183440000000045,-370.42682926829264,-228.71951219512198,736.9191059605776
51,-383.7590430228402,-218.6330314940466,50.56188710619428,0.04642203077673912,0.3567141785446362,-0.22168042010502628,16.717805374214453,0.9725634056018186,0.01,0.0,0.02,0.5,0.4642203077673912,-0.021999166918510907,4.318882829221246,0.04642203077673912,263.8689690431781,137.4243424375065,106.72532073886532,732.3882044659275,0.8458333333333421,-0.035749510984775267,0,0.0,41,12.181800000000045,-370.42682926829264,-228.71951219512198,741.1836660511536
52,-383.03840588070807,-218.58335829902464,51.057597417629296,0.0464157834649086,0.3567141785446362,-0.22168042010502628,16.18003338859946,0.9497118043943023,0.01,0.0,0.02,0.5,0.464157834649086,-0.02159441414610623,5.600433348739662,0.0464157834649086,267.05731210073304,141.30198381733302,106.68133707121578,737.0901830904405,0.8458333333333421,-0.0368748693403154,0,0.0,41,12.178520000000045,-370.42682926829264,-228.71951219512198,745.1415318052425
53,-382.7569668993553,-218.3791599134955,51.615268839867234,0.04477139934897423,0.30050933786078105,-0.23335219769854743,16.092084368070076,0.9335885396905474,0.01,0.0,0.02,0.5,0.4477139934897423,-0.02800216674369831,3.71786230191127,0.04477139934897423,270.38133249774114,145.1537954366023,106.6368412549771,741.9004989521501,0.8458333333333421,-0.037967193263934856,0,0.0,41,12.17524000000005,-370.42682926829264,-228.71951219512198,749.5153241901987
54,-382.89012224952666,-218.30573659043495,52.169745911181785,0.04221778362989426,0.3082437275985664,-0.27917164476304257,16.24131750446533,0.9339738798361075,0.01,0.0,0.02,0.5,0.42217783629894257,-0.01858931150955635,3.629409785647167,0.04221778362989426,273.8368846580443,148.97219753054006,106.59393547785794,746.8110608966974,0.8458333333333421,-0.03897888101137027,0,0.0,41,12.173600000000048,-370.42682926829264,-228.71951219512198,754.417281684306
55,-383.119555877556,-218.60938647927637,52.6856367370605,0.04221209138631821,0.3082437275985664,-0.27917164476304257,16.227136246661196,0.9296832052105264,0.01,0.0,0.02,0.5,0.42212091386318207,-0.018147048928235838,4.464799578317084,0.04221209138631821,277.4249553494544,152.75299036477483,106.55764512619042,751.8199286010648,0.8458333333333421,-0.039971393632240504,0,0.0,41,12.17032000000005,-370.42682926829264,-228.71951219512198,759.6915555245245
56,-383.5138316180214,-218.87475227694753,53.08893530396422,0.0422007218003273,0.3082437275985664,-0.27917164476304257,16.273580742882373,0.9424340683400159,0.01,0.0,0.02,0.5,0.422007218003273,-0.022323997891585422,3.951556082973397,0.0422007218003273,281.1452852417692,156.4911899451318,106.53356659474399,756.7278021812774,0.8458333333333421,-0.0909302197456907,0,0.0,42,12.46700000000005,-370.3571428571429,-228.45238095238096,765.1977919589899
57,-383.98800849351136,-218.94002536695712,53.271720443738694,0.0432191826403141,0.31002511106818625,-0.27062005022213637,16.437219778902072,0.9566558053787257,0.01,0.0,0.02,0.5,0.432191826403141,-0.019757780414866987,3.206698840941867,0.0432191826403141,284.993813345944,160.17940522457195,106.52563514038762,761.4534319862183,0.8458333333333421,-0.09181064978975997,0,0.0,43,12.765280000000052,-370.17441860465124,-227.84883720930236,770.7815514360732
58,-384.41878829908205,-218.8135932953584,53.37279341665434,0.044268932193517685,0.31545386346586646,-0.25206301575393847,16.868245331867815,0.9569545762175646,0.01,0.0,0.02,0.5,0.44268932193517685,-0.016033494204709335,3.123090894334976,0.044268932193517685,288.97097474719345,163.81320784457986,106.53511255828198,766.7279876936457,0.8458333333333421,-0.04266675460143005,0,0.0,43,12.761840000000053,-370.17441860465124,-227.84883720930236,776.3267830640762
59,-384.6775505834071,-219.00987655127219,53.153800565519916,0.04425700381398201,0.31545386346586646,-0.25206301575393847,16.984347579680996,0.9569095618952326,0.01,0.0,0.02,0.5,0.4425700381398201,-0.015615454471674882,3.1082399799622795,0.04425700381398201,293.07596716481027,167.38747106429932,106.56176119081985,772.0834239906235,1.0,-0.043484705779354725,0,0.0,43,12.758400000000055,-370.17441860465124,-227.84883720930236,781.987948323109
60,-384.5456961779842,-219.35832422315843,52.77723547585405,0.044245075434446335,0.31545386346586646,-0.25206301575393847,16.69198699549164,0.9561746118394288,0.01,0.0,0.02,0.5,0.44245075434446335,-0.015541199899811398,3.2432971412390046,0.044245075434446335,297.3044162745067,170.89483544568503,106.61497505547254,777.5117436373716,0.9991666666666668,-3.044222826303322,0,0.0,43,12.756680000000054,-370.17441860465124,-227.84883720930236,787.4741942984756
61,-384.07092016893176,-219.26215941919477,52.32253863546679,0.0442391112446785,0.31545386346586646,-0.25206301575393847,16.33535402729852,0.9761283052543922,0.01,0.0,0.02,0.5,0.442391112446785,-0.016216485706195022,4.58068918029223,0.0442391112446785,301.6560352182024,174.330892673358,106.68478390245006,783.0100215273819,0.9991666666666668,-3.0449317923153583,0,0.0,43,12.753240000000055,-370.17441860465124,-227.84883720930236,792.5226821426043
62,-383.2836590484538,-218.94711676852464,52.27850677478381,0.04690317437052727,0.3071684587813621,-0.20967741935483872,15.556356285071525,0.9539121475693404,0.01,0.0,0.02,0.5,0.4690317437052727,-0.022903445901461147,5.758933248583107,0.04690317437052727,306.1294827286002,177.690854228971,106.75477465054885,789.1222543902609,0.9991666666666668,-3.0956011363431126,0,0.0,44,13.049720000000057,-370.68181818181824,-228.06818181818187,797.2326033558779
63,-382.4666247171531,-218.55504933906644,52.439303296895716,0.045270685106515884,0.3001640240568617,-0.2582467650811008,15.145341020936819,0.9546859729813887,0.01,0.0,0.02,0.5,0.45270685106515884,-0.028794666242915535,5.5919611349234355,0.045270685106515884,310.7200761322435,180.96782273761906,106.8236470896046,794.7446096688955,0.9991666666666668,-3.0461919555060057,0,0.0,44,13.047960000000058,-370.68181818181824,-228.06818181818187,801.925173814015
64,-381.58586091597516,-218.3428739269893,52.33178625267254,0.045264579355716705,0.3001640240568617,-0.2582467650811008,14.610946633494097,0.9536137677599718,0.01,0.0,0.02,0.5,0.45264579355716705,-0.02795980567461718,5.781988116706824,0.045264579355716705,315.4266200972034,184.15732209418232,106.89503969497805,800.4215484065135,0.9991666666666668,-3.046747221268737,0,0.0,44,13.04444000000006,-370.68181818181824,-228.06818181818187,806.7279312825591
65,-380.7635118191047,-217.87300333082302,52.1708226449442,0.04525236785411835,0.3001640240568617,-0.2582467650811008,14.33813833749718,0.9800944834919252,0.01,0.0,0.02,0.5,0.45252367854118347,-0.02890994058353412,6.092567802042223,0.04525236785411835,320.24675999593256,187.25435103425,106.97386586154182,806.14831540957,0.9991666666666668,-3.047254952678653,0,0.0,44,13.040920000000062,-370.68181818181824,-228.06818181818187,811.5090560128309
66,-379.8322520156176,-217.35711286720175,51.926317840979095,0.0480557344853878,0.23870967741935478,-0.2523297491039427,14.087492233161669,0.9751923246859892,0.01,0.0,0.02,0.5,0.480557344853878,-0.030462839010211115,7.06002959252629,0.0480557344853878,325.1752009164712,190.25230831034602,107.06170132716204,811.9168821312493,0.9991666666666668,-3.0476824002895957,0,0.0,44,13.039160000000063,-370.68181818181824,-228.06818181818187,816.2235352124169
67,-379.0310585014868,-216.6615136908033,52.098736515771016,0.04804924875497818,0.23870967741935478,-0.2523297491039427,14.592077208157454,0.9586567456793922,0.01,0.0,0.02,0.5,0.4804924875497818,-0.03530014796263145,6.617917870041971,0.04804924875497818,330.20980951293495,193.14692899668708,107.15904781543324,817.7899301654373,0.9991666666666668,-3.098069402908177,0,0.0,45,13.335600000000063,-370.5,-228.5,820.9733287021035
68,-378.4370536809701,-215.94212307271968,52.43501613221003,0.046174630522727966,0.17174265633447466,-0.2726617408542079,14.749213414671742,0.9714142292020242,0.01,0.0,0.02,0.5,0.46174630522727966,-0.03308958935020986,6.101133003284119,0.046174630522727966,335.34741455639096,195.93358085636652,107.26520086424097,823.3565585491892,0.9991666666666668,-3.0984059104220747,0,0.0,46,13.631960000000062,-370.32608695652175,-228.26086956521738,825.9153780755757
69,-378.32369659941224,-215.38929752733432,52.85899330503,0.04719199240207672,0.1764498501674599,-0.26670192138198484,15.153848578049999,0.9819100837573245,0.01,0.0,0.02,0.5,0.4719199240207672,-0.030505665016420595,3.9892305401000447,0.04719199240207672,340.5821466508132,198.6062155040247,107.37909416966525,829.2201305601624,0.9991666666666668,-3.0486622567574138,0,0.0,46,13.630120000000066,-370.32608695652175,-228.26086956521738,831.3785766230122
70,-378.45106335806247,-214.77327915565635,53.3246930313696,0.04718562215566635,0.1764498501674599,-0.26670192138198484,15.470928413349982,0.9854346661835349,0.01,0.0,0.02,0.5,0.4718562215566635,-0.019946152700500226,5.250933546435117,0.04718562215566635,345.9108901684395,201.1608855675345,107.50257112735547,835.1170806554736,0.9991666666666668,-3.0988736143764366,0,0.0,47,13.926400000000067,-370.47872340425533,-228.0319148936171,837.0404479926239
71,-378.7897035798663,-214.31303450360818,53.61784281911683,0.048168934881687164,0.18519731455706556,-0.37841820861306696,16.039952326449413,0.9922878872311706,0.01,0.0,0.02,0.5,0.48168934881687164,-0.026254667732175583,3.854289790856954,0.048168934881687164,351.3294044613272,203.59325432497317,107.64165008811898,841.0156123139413,0.9991666666666668,-3.0490290908195083,0,0.0,47,13.922640000000067,-370.47872340425533,-228.0319148936171,842.9935645787482
72,-379.00148854166844,-213.6966398890485,53.79131240620129,0.04815593361854553,0.18519731455706556,-0.37841820861306696,16.677458890493895,0.9869964697367137,0.01,0.0,0.02,0.5,0.4815593361854553,-0.01927144895428477,4.8995675562583365,0.04815593361854553,356.8310682648715,205.89785306352405,107.79806316924714,846.9206436125683,0.9991666666666668,-3.049103199477996,0,0.0,47,13.920760000000069,-370.47872340425533,-228.0319148936171,848.7790167649988
73,-379.3580100806464,-213.10692296216868,53.64369632395061,0.04814942926168442,0.18519731455706556,-0.37841820861306696,17.055123898619676,1.0005834891652392,0.01,0.0,0.02,0.5,0.4814942926168442,-0.024497837781291682,4.267301037801765,0.04814942926168442,362.4118909201633,208.07131413078994,107.97071468584933,852.3231562493577,0.9991666666666668,-3.0991300246059823,0,0.0,48,14.21696000000007,-370.20833333333337,-227.5,854.731021056085
74,-379.77159007189067,-212.73051778285958,53.33626794934376,0.049191996455192566,0.1925902267646119,-0.3631427658894921,17.595268807551328,1.0019439114843358,0.01,0.0,0.02,0.5,0.49191996455192566,-0.021336505189008825,3.9686567442705463,0.049191996455192566,368.0670021982756,210.11008712996755,108.15872415049508,858.2266946513652,0.9991666666666668,-3.049101788259155,0,0.0,48,14.213120000000073,-370.20833333333337,-227.5,860.8497191470743
75,-379.68906226404675,-212.58953853369547,53.07735590621015,0.04917871579527855,0.1925902267646119,-0.3631427658894921,17.957720954433867,1.021165857669243,0.01,0.0,0.02,0.5,0.4917871579527855,-0.01984328372135273,2.1706380135757013,0.04917871579527855,373.78933910905135,212.00960516983758,108.36094617095412,864.2269200128519,0.9991666666666668,-3.098995139213632,0,0.0,49,14.511160000000071,-370.15306122448976,-227.80612244897952,866.6431846625768
76,-379.1197925663031,-212.40573939940018,53.26952862336054,0.0502019040286541,0.1927616050354052,-0.369315499606609,17.820607987103816,1.0089269092462407,0.01,0.0,0.02,0.5,0.502019040286541,-0.010853190067878507,4.591295663874427,0.0502019040286541,379.5741589297747,213.7672077631854,108.57633098870215,870.1022414606817,0.9991666666666668,-3.0488404014518267,0,0.0,49,14.507240000000072,-370.15306122448976,-227.80612244897952,871.9511083299657
77,-378.4902213135153,-211.86931113452138,53.683271714347725,0.0501883402466774,0.1927616050354052,-0.369315499606609,17.985833125620875,1.0025896530606102,0.01,0.0,0.02,0.5,0.501883402466774,-0.022956478319372135,5.8316387085566515,0.0501883402466774,385.4159471788288,215.3801372592282,108.80387302361811,875.9558135281283,0.9991666666666668,-3.048631045955526,0,0.0,49,14.503320000000075,-370.15306122448976,-227.80612244897952,877.0022839777057
78,-377.7495211506158,-211.30288374257253,54.20560067889048,0.050174780189991,0.1927616050354052,-0.369315499606609,18.167638569992764,0.9974555336709316,0.01,0.0,0.02,0.5,0.50174780189991,-0.029158193542783258,6.844872727483596,0.050174780189991,391.3072063006627,216.84476802127955,109.04281369958703,881.7801049102156,0.9991666666666668,-3.0483461514668853,0,0.0,49,14.501360000000076,-370.15306122448976,-227.80612244897952,881.9103025142908
79,-377.3897017313721,-210.71195617109998,54.79158071437961,0.0501679927110672,0.1927616050354052,-0.369315499606609,19.02438721710752,0.9855985445964317,0.01,0.0,0.02,0.5,0.501679927110672,-0.03422436363741798,5.27158746743241,0.0501679927110672,397.2425359346043,218.15925321437,109.29280881326324,887.5495779787547,0.9991666666666668,-3.098013312268448,0,0.0,50,14.797400000000078,-369.9,-228.19999999999993,887.105406214752
80,-377.2824895667084,-210.02580319776266,55.33717207522206,0.048195648938417435,0.19620884602593947,-0.41735949451280346,19.616385538855283,0.9832736849023537,0.01,0.0,0.02,0.5,0.48195648938417435,-0.026357937337162053,5.710500255552228,0.048195648938417435,403.21577061579103,219.32169703402542,109.55482829741045,893.299313831071,0.9991666666666668,-3.0476261266481,0,0.0,50,14.793400000000078,-369.9,-228.19999999999993,892.4440398979766
81,-377.44669652603955,-209.40039186086767,55.503172073210635,0.04818262159824371,0.19620884602593947,-0.41735949451280346,20.25778602515748,0.9918008117658194,0.01,0.0,0.02,0.5,0.48182621598243713,-0.02855250127776114,3.9920572284401343,0.04818262159824371,409.2190905630906,220.32951517160245,109.82845991875222,899.0023822326224,0.9991666666666668,-3.047167235907436,0,0.0,50,14.791400000000081,-369.9,-228.19999999999993,898.0323437795529
82,-377.41408607958095,-208.6900599581705,55.360028544163306,0.048176109790802,0.19620884602593947,-0.41735949451280346,20.90691871240551,0.9859002566117515,0.01,0.0,0.02,0.5,0.48176109790802,-0.019960286142200672,5.146109108557896,0.048176109790802,415.24666021657674,221.18180288894735,110.11298116697154,904.6542338468136,0.9991666666666668,-3.046662550380672,0,0.0,50,14.787400000000082,-369.9,-228.19999999999993,903.3818478402964
83,-377.5905754785898,-208.02538713054943,55.05156653815336,0.04816307872533798,0.19620884602593947,-0.41735949451280346,21.59073772764805,1.0084756221377498,0.01,0.0,0.02,0.5,0.4816307872533798,-0.02573054554278948,4.5161144335340175,0.04816307872533798,421.29203870321345,221.87767686166453,110.40828628226839,910.249832362819,0.9991666666666668,-3.0461071918256697,0,0.0,50,14.783400000000082,-369.9,-228.19999999999993,908.8973770963772
84,-377.84177413637315,-207.55129194193026,54.65920217967674,0.05010562017560005,0.20641983155887497,-0.48577784840298743,22.12331170734972,1.0104345610663927,0.01,0.0,0.02,0.5,0.5010562017560005,-0.02258057216767009,4.110760630654559,0.05010562017560005,427.34709864171424,222.4156443640846,110.71605793722286,915.7823951345049,0.9991666666666668,-3.045483690912615,0,0.0,50,14.781400000000087,-369.9,-228.19999999999993,914.5179376258565
85,-377.6155377743681,-207.38438326024948,54.26805353089771,0.05009883642196655,0.20641983155887497,-0.48577784840298743,22.199536558313113,1.0144129075990116,0.01,0.0,0.02,0.5,0.5009883642196655,-0.020553803153272793,3.287983131686935,0.05009883642196655,433.40571318196237,222.79579414617905,111.03583168832168,921.2476730870607,0.9991666666666668,-3.0448173722042577,0,0.0,50,14.777400000000087,-369.9,-228.19999999999993,919.8005409724046
86,-376.9700219544778,-207.2245378373914,54.17365252295692,0.05008527636528015,0.20641983155887497,-0.48577784840298743,22.13493219713627,1.0070445605777583,0.01,0.0,0.02,0.5,0.5008527636528015,-0.016439915658434674,4.734520501635859,0.05008527636528015,439.46138490461044,223.01828452426304,111.3663256603902,926.6411342389931,0.9991666666666668,-3.0441054049652108,0,0.0,50,14.773400000000086,-369.9,-228.19999999999993,924.629725976965
87,-376.265608790507,-206.74779594264766,54.33476253885096,0.05007172003388405,0.20641983155887497,-0.48577784840298743,22.376729747486817,1.0032760642935905,0.01,0.0,0.02,0.5,0.5007172003388405,-0.023672602508179295,5.474677583176406,0.05007172003388405,445.50621712677736,223.0827606798523,111.70715996685941,931.9567742206877,0.9991666666666668,-3.043333065261877,0,0.0,50,14.771400000000087,-369.9,-228.19999999999993,929.1688938317258
88,-375.4410257584581,-206.4490899324566,54.69195947164435,0.05006494000554085,0.20641983155887497,-0.48577784840298743,22.803038849384155,0.9833359154402189,0.01,0.0,0.02,0.5,0.5006494000554085,-0.02737338791588203,6.0113957655634,0.05006494000554085,451.53400884485995,222.99030671582074,112.05808046498336,937.0268039479944,0.9991666666666668,-3.0925220707293715,0,0.0,51,15.067320000000091,-369.5588235294117,-228.48039215686276,933.5934742105999
89,-374.6076179500041,-206.06643216629558,55.04884381416211,0.04833928868174553,0.13922781213438068,-0.49323082065853247,22.975550647593874,0.9560159844355502,0.01,0.0,0.02,0.5,0.4833928868174553,-0.030056978827816997,6.079456921483694,0.04833928868174553,457.5385903240114,222.74203636580094,112.41513187882626,942.1739818127601,0.9991666666666668,-3.0416727006974007,0,0.0,51,15.063240000000091,-369.5588235294117,-228.48039215686276,937.8885358271426
90,-373.67418871587,-205.65041397351993,55.08279925117246,0.045641325414180756,0.12885403671359819,-0.5252183211548743,23.197933840534645,0.9783090764938233,0.01,0.0,0.02,0.5,0.45641325414180756,-0.030397284607418473,6.639847623140872,0.045641325414180756,463.5124421343785,222.33862739595335,112.77659725630103,947.2304482359252,0.9991666666666668,-3.0407708208984854,0,0.0,51,15.06120000000009,-369.5588235294117,-228.48039215686276,942.0109599866701
91,-372.85062753115517,-205.00863792322247,55.16780867227682,0.04815082997083664,0.07970643454514413,-0.5251749445297832,23.70146030079804,0.9789726458658453,0.01,0.0,0.02,0.5,0.4815082997083664,-0.03319923811570436,6.481038835253785,0.04815082997083664,469.4495910071927,221.78206108170386,113.14130758771101,952.1929407738953,0.9991666666666668,-3.0398359537566693,0,0.0,51,15.057120000000092,-369.5588235294117,-228.48039215686276,946.0342940313317
92,-372.04421430915943,-204.36484974934396,54.983646941722604,0.048137784004211426,0.07970643454514413,-0.5251749445297832,24.243278510483947,0.9779094971953527,0.01,0.0,0.02,0.5,0.48137784004211426,-0.03240519417626893,6.667585576798614,0.048137784004211426,475.3435376495269,221.0744752955585,113.51073150397892,957.0577719113459,0.9991666666666668,-3.0388638389927576,0,0.0,51,15.053040000000095,-369.5588235294117,-228.48039215686276,949.9947584548115
93,-371.74698289065697,-203.73917310489523,54.773307850102,0.04812474176287651,0.07970643454514413,-0.5251749445297832,24.837793009195615,0.9665506687174811,0.01,0.0,0.02,0.5,0.4812474176287651,-0.03333792788399307,4.11600036600086,0.04812474176287651,481.1813013555302,220.21576953995748,113.88819533622282,961.8144340831581,0.9991666666666668,-3.037786227252358,0,0.0,51,15.051000000000096,-369.5588235294117,-228.48039215686276,954.315996608378
94,-371.66649482060404,-202.98056985407501,54.56802903743572,0.04571306332945824,0.09959457077384089,-0.5533227569187379,25.586778143124388,0.9601180950080632,0.01,0.0,0.02,0.5,0.45713063329458237,-0.020580001830004302,5.37771957565786,0.04571306332945824,486.957403449665,219.20914098684122,114.27716102963716,966.4605347167058,0.9991666666666668,-3.036684324615982,0,0.0,51,15.046920000000098,-369.5588235294117,-228.48039215686276,958.6679983518965
95,-371.8536242964249,-202.30115887015995,54.388080987936185,0.045700669288635254,0.09959457077384089,-0.5533227569187379,26.279618833611206,0.9653683620383514,0.01,0.0,0.02,0.5,0.45700669288635254,-0.0268885978782893,4.302870637373657,0.045700669288635254,492.66634478439244,218.05775398345384,114.67830871726028,970.9935925804035,0.9991666666666668,-3.0355572599454557,0,0.0,51,15.042840000000098,-369.5588235294117,-228.48039215686276,963.1880938397356
96,-372.0619000963727,-201.51580573015008,54.32015287405152,0.04568827152252197,0.09959457077384089,-0.5533227569187379,27.08051538401231,0.958298102917856,0.01,0.0,0.02,0.5,0.4568827152252197,-0.021514353186868288,5.704524695359472,0.04568827152252197,498.2997875778202,216.76361163963372,115.09088979928536,975.4080129821101,0.9991666666666668,-3.0343738968008553,0,0.0,51,15.040800000000102,-369.5588235294117,-228.48039215686276,967.5640654926738
97,-372.4631984395819,-200.83961747431348,54.4700047542073,0.04568207263946533,0.09959457077384089,-0.5533227569187379,27.79294548388643,0.9386371189118247,0.01,0.0,0.02,0.5,0.4568207263946533,-0.028522623476797362,4.842553024275697,0.04568207263946533,503.85343472389343,215.33076038784503,115.51469672082742,979.7026650929353,0.9991666666666668,-3.0331788901385424,0,0.0,51,15.0367200000001,-369.5588235294117,-228.48039215686276,972.0365627825943
98,-372.8103517204152,-200.07119741990832,54.7582981184336,0.04328498616814613,0.09293394777265741,-0.5837173579109063,28.5946635087579,0.9323093312447539,0.01,0.0,0.02,0.5,0.43284986168146133,-0.024212765121378484,6.084614406719392,0.04328498616814613,509.3221967204544,213.7630867328796,115.94963402753397,983.8755726086239,0.9991666666666668,-3.031963784266843,0,0.0,51,15.032640000000102,-369.5588235294117,-228.48039215686276,976.2996606315983
99,-373.18312838015834,-199.81039296721718,55.07220861972061,0.04327324032783508,0.09293394777265741,-0.5837173579109063,28.898173630619354,0.9459241022257234,0.01,0.0,0.02,0.5,0.43273240327835083,-0.030423072033596957,3.3499061745757843,0.04327324032783508,514.69839807945,212.0634114385631,116.39483512604812,987.9218981547826,0.9991666666666668,-3.030699969501061,0,0.0,51,15.030600000000103,-369.5588235294117,-228.48039215686276,980.6804272063197
100,-373.64425993872356,-199.77889544891235,55.35903008304034,0.04326736181974411,0.09293394777265741,-0.5837173579109063,28.869000662230185,0.9310766280865681,0.01,0.0,0.02,0.5,0.4326736181974411,-0.01674953087287892,3.486511445522084,0.04326736181974411,519.9783680682984,210.23614409294757,116.84674342627942,991.8408873398615,0.9991666666666668,-3.0794296648127863,0,0.0,52,15.326480000000105,-369.61538461538464,-228.36538461538464,985.1164767827557
101,-373.68452110402393,-199.9606566968606,55.76344676887718,0.04185091704130173,0.1400472069236822,-0.5822187254130605,28.69471100897436,0.9322637997711193,0.01,0.0,0.02,0.5,0.4185091704130173,-0.017432557227610418,3.226343897094506,0.04185091704130173,525.1577454259412,208.28545981864644,117.30163281791809,995.6319170199919,0.9991666666666668,-3.028144924047732,0,0.0,52,15.322320000000108,-369.61538461538464,-228.36538461538464,989.125502700706
102,-373.25928683001723,-200.02674607695758,56.28110661847565,0.04183955490589142,0.1400472069236822,-0.5822187254130605,28.571952288239384,0.926063324703813,0.01,0.0,0.02,0.5,0.4183955490589142,-0.016131719485472533,4.455078265261563,0.04183955490589142,530.2295463435295,206.2147193461459,117.75768992886478,999.2901313090546,0.9991666666666668,-3.0268178314776786,0,0.0,52,15.320240000000107,-369.61538461538464,-228.36538461538464,992.5238386023415
103,-372.64224320140187,-199.87571503328104,56.354623924169125,0.041833870112895966,0.1400472069236822,-0.5822187254130605,28.650011270454772,0.9510129415953671,0.01,0.0,0.02,0.5,0.41833870112895966,-0.022275391326307816,4.170965433825767,0.041833870112895966,535.1900203273007,204.02898533526405,118.21421630644913,1002.8148941746504,0.9991666666666668,-3.0254840802681544,0,0.0,52,15.31608000000011,-369.61538461538464,-228.36538461538464,995.5526278671326
104,-371.86331720383095,-199.59162272810312,56.18212734820814,0.044186778366565704,0.08875523965737203,-0.5790049207217057,28.86143749136854,0.9198708259796748,0.01,0.0,0.02,0.5,0.44186778366565704,-0.020854827169128835,5.55130172301036,0.044186778366565704,540.0347268963191,201.73318914512004,118.67093126957803,1006.2048044628267,0.9991666666666668,-3.0241360185608244,0,0.0,52,15.311920000000113,-369.61538461538464,-228.36538461538464,998.260736518411
105,-371.21149198279517,-199.05463004192796,55.85470018677798,0.041762735694646835,0.016915814319433488,-0.5810385523210071,29.354180151959852,0.9198738961277583,0.01,0.0,0.02,0.5,0.41762735694646835,-0.0277565086150518,5.5393389690284325,0.041762735694646835,544.7570092270499,199.33142675140547,119.12772202065347,1009.4560104702255,0.9991666666666668,-3.022749140701151,0,0.0,52,15.309840000000111,-369.61538461538464,-228.36538461538464,1000.8562437972504
106,-370.49646798614214,-198.47971456381097,55.449379910946135,0.04175706207752228,0.016915814319433488,-0.5810385523210071,29.89865519279676,0.9151973339676216,0.01,0.0,0.02,0.5,0.4175706207752228,-0.027696694845142162,6.451953952325307,0.04175706207752228,549.3531976500285,196.82926276372788,119.58454322914763,1012.5678956745327,0.9991666666666668,-3.0213558053816065,0,0.0,52,15.305680000000113,-369.61538461538464,-228.36538461538464,1003.2476833267904
107,-369.93017225770035,-197.78827710835498,55.366214469075,0.041745711117982864,0.016915814319433488,-0.5810385523210071,30.57872781454789,0.8667784431416,0.01,0.0,0.02,0.5,0.41745711117982864,-0.03225976976162653,5.434576454992983,0.041745711117982864,553.8189853272354,194.23212030555922,120.04137667778602,1015.5391113870163,0.9983333333333334,-3.019948691788313,0,0.0,52,15.301520000000117,-369.61538461538464,-228.36538461538464,1005.572162867571
108,-369.38063545978036,-197.0753229961247,55.4466418210203,0.036395132541656494,0.03966870095902343,-0.6006974716652136,31.29094219264005,0.8648715532984346,0.01,0.0,0.02,0.5,0.36395132541656494,-0.027172882274964914,5.806060052593372,0.036395132541656494,558.1480142356453,191.54466836971528,120.49821504546237,1018.3660328416128,0.994166666666667,-3.0185050394228004,0,0.0,52,15.299440000000118,-369.61538461538464,-228.36538461538464,1007.753244040415
109,-369.2926851164928,-196.41525150411522,55.736364943811424,0.03639018535614014,0.03966870095902343,-0.6006974716652136,31.951762718110245,0.8537017149356815,0.01,0.0,0.02,0.5,0.36390185356140137,-0.02903030026296686,4.353957282944274,0.03639018535614014,562.3365482536597,188.77292414151134,120.95505538998952,1021.0478802734527,0.9900000000000005,-3.017053299586952,0,0.0,52,15.295280000000115,-369.61538461538464,-228.36538461538464,1010.2259334973431
110,-369.3824758898628,-195.6488532311938,56.1105878322498,0.03454715386033058,0.037524687294272496,-0.6085143734913321,32.71736041136521,0.8468006805019478,0.01,0.0,0.02,0.5,0.3454715386033058,-0.021769786414721368,5.715352943799904,0.03454715386033058,566.3801761637841,185.92281641923287,121.41189652896863,1023.5831198856349,0.9858333333333341,-3.015585929083845,0,0.0,52,15.291120000000117,-369.61538461538464,-228.36538461538464,1012.6761283726368
111,-369.6562181056904,-195.26383384609878,56.073279935708584,0.034537747502326965,0.037524687294272496,-0.6085143734913321,33.101575955013686,0.862036003437083,0.01,0.0,0.02,0.5,0.34537747502326965,-0.02857676471899952,2.658894664756269,0.034537747502326965,570.2725145861104,182.99965155097686,121.86873798722011,1025.968058004513,0.9816666666666677,-3.014081325418981,0,0.0,52,15.28904000000012,-369.61538461538464,-228.36538461538464,1015.3217860484265
112,-370.0379182945583,-194.89699770705496,55.802339473037215,0.034533049911260605,0.037524687294272496,-0.6085143734913321,33.47105401620465,0.8548058525903468,0.01,0.0,0.02,0.5,0.34533049911260605,-0.013294473323781345,4.086125529141347,0.034533049911260605,574.0094037998712,180.01004155583013,122.32557957378006,1028.2014540022094,0.9775000000000013,-3.0125640112193652,0,0.0,52,15.284880000000122,-369.61538461538464,-228.36538461538464,1017.9420297423754
113,-370.4222013697914,-194.90856722564658,55.4005328032666,0.03452364727854729,0.037524687294272496,-0.6085143734913321,33.466544236378375,0.8564610397222908,0.01,0.0,0.02,0.5,0.34523647278547287,-0.020430627645706734,3.736288797790369,0.03452364727854729,577.5859020297228,176.96063826836848,122.78242121190428,1030.2812539539423,0.9733333333333348,-3.0110258422608807,0,0.0,52,15.280720000000123,-369.61538461538464,-228.36538461538464,1020.5618006722611
114,-370.8022183641022,-195.1783213847268,54.970598706809916,0.03451424464583397,0.037524687294272496,-0.6085143734913321,33.20827818816835,0.8557300600682533,0.01,0.0,0.02,0.5,0.3451424464583397,-0.018681443988951846,3.8730671947233715,0.03451424464583397,580.9950847580174,173.857689658905,123.23926287075102,1032.2033065055452,0.9691666666666684,-3.0094458307656033,0,0.0,52,15.278640000000122,-369.61538461538464,-228.36538461538464,1023.1159729885289
115,-370.64607955340205,-195.48090917653101,54.694367744574095,0.03450954332947731,0.037524687294272496,-0.6085143734913321,32.90062395979478,0.8572297459401542,0.01,0.0,0.02,0.5,0.3450954332947731,-0.019365335973616858,3.5543307153810195,0.03450954332947731,584.2317991695094,170.7088385651215,123.69610453792568,1033.9655147157944,0.965000000000002,-3.0078444976714604,0,0.0,52,15.274480000000125,-369.61538461538464,-228.36538461538464,1025.0111874052698
116,-370.05181966752303,-195.59226585242328,54.78803104885917,0.03450014069676399,0.037524687294272496,-0.6085143734913321,33.30397965071846,0.8633441777740055,0.01,0.0,0.02,0.5,0.3450014069676399,-0.0177716535769051,4.106840218819499,0.03450014069676399,587.2899082454015,167.52204696204478,124.15294620844715,1035.5216498094976,0.9608333333333355,-3.106212688814785,0,0.0,54,15.870200000000128,-369.35185185185185,-228.8888888888889,1026.2390947674546
117,-369.3233583694311,-195.465835730743,55.130191005012165,0.03538784012198448,0.04264992422602288,-0.6133362199610305,33.42306530363108,0.8581638696231946,0.01,0.0,0.02,0.5,0.3538784012198448,-0.020534201094097492,5.133257817457043,0.03538784012198448,590.1611589763475,164.3052817695929,124.60978788031363,1036.9507576487938,0.9566666666666691,-3.004529479732503,0,0.0,54,15.868040000000128,-369.35185185185185,-228.8888888888889,1027.070207140513
118,-368.58282544958604,-195.68154670009375,55.57220397640589,0.035383015871047974,0.04264992422602288,-0.6133362199610305,33.21624567664319,0.8553966862406617,0.01,0.0,0.02,0.5,0.35383015871047974,-0.025666289087285216,5.6674183518432635,0.035383015871047974,592.8385201541546,161.06826326404894,125.06662955272063,1038.2085014563725,0.9525000000000027,-3.0028113140275265,0,0.0,54,15.86372000000013,-369.35185185185185,-228.8888888888889,1027.8282472661185
119,-367.73912975636034,-195.8288872373956,55.65114651115689,0.03537337854504585,0.04264992422602288,-0.6133362199610305,33.09931391666641,0.8765385675004169,0.01,0.0,0.02,0.5,0.3537337854504585,-0.028337091759216317,5.5743050660482165,0.03537337854504585,595.313629618192,157.82165157716707,125.52347122534485,1039.2903989007984,0.9483333333333362,-3.001047734991348,0,0.0,54,15.859400000000132,-369.35185185185185,-228.8888888888889,1028.310003210965
120,-366.8178948857071,-195.74164865684028,55.4537332704182,0.037441007792949677,-0.0036749693752551687,-0.6210698244181299,33.24395393011211,0.8747185289073561,0.01,0.0,0.02,0.5,0.37441007792949677,-0.027871525330241082,5.928096548545871,0.037441007792949677,597.5756964119445,154.57697690137297,125.98031289805638,1040.1898643121415,0.9441666666666698,-2.9992176203999157,0,0.0,54,15.857240000000134,-369.35185185185185,-228.8888888888889,1028.4707758526497
121,-366.3427674678923,-195.35878487921127,55.093498372101216,0.037435904145240784,-0.0036749693752551687,-0.6210698244181299,33.66485502314825,0.8835248353736054,0.01,0.0,0.02,0.5,0.37435904145240784,-0.029640482742729356,4.14642662492493,0.037435904145240784,599.6144388281128,151.3485247067531,126.437154570803,1040.9016107067916,0.9400000000000034,-2.9973338307209154,0,0.0,54,15.852920000000132,-369.35185185185185,-228.8888888888889,1028.7707228509757
122,-366.17295363373063,-194.7155053136078,54.65325246796303,0.037425696849823,-0.0036749693752551687,-0.6210698244181299,34.32091984292478,0.8779430336989728,0.01,0.0,0.02,0.5,0.37425696849823,-0.020732133124624654,5.242378329480352,0.037425696849823,601.4176936985908,148.15302333803848,126.89399624356372,1041.4192787460538,0.935833333333337,-2.9953854822579093,0,0.0,54,15.848600000000136,-369.35185185185185,-228.8888888888889,1029.081733297204
123,-366.35624696207833,-194.2595183766945,54.16844209533694,0.03741548955440521,-0.0036749693752551687,-0.6210698244181299,34.75869604468031,0.8128137486303678,0.01,0.0,0.02,0.5,0.3741548955440521,-0.026211891647401758,4.097695964081472,0.03741548955440521,602.9703399516245,145.01018949385713,127.35083791633008,1041.7345945532304,0.9316666666666705,-2.9933532194224948,0,0.0,54,15.846440000000138,-369.35185185185185,-228.8888888888889,1029.5890587192728
124,-366.64129432669836,-193.67195143407685,53.66495933224117,0.030330223962664604,0.013677419354838693,-0.6273548387096775,35.321095761503656,0.8051573496313474,0.01,0.0,0.02,0.5,0.30330223962664604,-0.02048847982040736,5.612417593566948,0.030330223962664604,604.2569216775992,141.9453306142071,127.80767958909873,1041.840708672872,0.9275000000000041,-2.9912509915664485,0,0.0,54,15.842120000000138,-369.35185185185185,-228.8888888888889,1029.9414783456834
125,-367.0141676783289,-193.4605780948408,53.14889767936725,0.030321946367621422,0.013677419354838693,-0.6273548387096775,35.50535132926875,0.8124995331296438,0.01,0.0,0.02,0.5,0.3032194636762142,-0.028062087967834742,4.12743464451801,0.030321946367621422,605.2595585149451,138.99040018873654,128.26452126186828,1041.7305661971411,0.9233333333333377,-2.98907634922075,0,0.0,54,15.837800000000138,-369.35185185185185,-228.8888888888889,1030.282586727374
126,-367.3142200125534,-193.29583830248865,52.80422775340237,0.03031366877257824,0.013677419354838693,-0.6273548387096775,35.6513280756632,0.8175182513456037,0.01,0.0,0.02,0.5,0.3031366877257824,-0.02063717322259005,3.1154178766312,0.03031366877257824,605.9573035201931,136.18653648002478,128.72136293463822,1041.397145550546,0.9191666666666712,-2.9868290810935445,0,0.0,54,15.83564000000014,-369.35185185185185,-228.8888888888889,1030.3298041045907
127,-367.6236015355001,-193.02198730033405,52.88799610625549,0.030309533700346947,0.013677419354838693,-0.6273548387096775,35.9085154067813,0.819715033468804,0.01,0.0,0.02,0.5,0.30309533700346947,-0.015577089383156,2.659503281672544,0.030309533700346947,606.3295510867948,133.58953938293058,129.1782046074083,1040.8385134124958,0.9150000000000048,-2.9845592963931176,0,0.0,54,15.831320000000144,-369.35185185185185,-228.8888888888889,1030.0873889036936
128,-367.63519054338803,-192.59275247654148,53.23692840506245,0.030301256105303764,0.013677419354838693,-0.6273548387096775,36.33670932420422,0.8133250836893493,0.01,0.0,0.02,0.5,0.30301256105303764,-0.01329751640836272,3.92094698817385,0.030301256105303764,606.3568167874001,131.27548031675505,129.6350462801785,1040.0604688685562,0.9108333333333384,-2.9823432516965225,0,0.0,54,15.827000000000142,-369.35185185185185,-228.8888888888889,1029.2656289664837
129,-367.66732869989465,-192.33942848196324,53.72082488102995,0.03029298037290573,0.013677419354838693,-0.6273548387096775,36.58825869438046,0.817428471732124,0.01,0.0,0.02,0.5,0.3029298037290573,-0.019604734940869253,3.0919843339951356,0.03029298037290573,606.0267475199886,129.3491217768879,130.09188795294867,1039.0851189379753,0.906666666666672,-2.980342609658412,0,0.0,54,15.824840000000146,-369.35185185185185,-228.8888888888889,1028.2977276587108
130,-367.6216554632292,-192.03544048114574,54.27348004316311,0.03028884157538414,0.013677419354838693,-0.6273548387096775,36.89404069880921,0.8121264450183002,0.01,0.0,0.02,0.5,0.3028884157538414,-0.015459921669975679,4.135843427370229,0.03028884157538414,605.3537531836461,127.94930968031875,130.54872962571883,1037.9713466400376,0.9025000000000055,-2.978923776559934,0,0.0,54,15.82052000000015,-369.35185185185185,-228.8888888888889,1027.0780398131049
131,-367.2843787407603,-191.90614693256566,54.84907791898742,0.030280563980340958,0.013677419354838693,-0.6273548387096775,37.0404866014619,0.8112730453251,0.01,0.0,0.02,0.5,0.3028056398034096,-0.020679217136851148,4.289965195691663,0.030280563980340958,604.4094574335458,127.23542644615175,131.005571298489,1036.839242811567,0.8983333333333391,-2.97869874790578,0,0.0,54,15.816200000000148,-369.35185185185185,-228.8888888888889,1025.5925441429674
132,-366.6639988476755,-191.76493517052972,55.39755753256403,0.030272288247942924,0.013677419354838693,-0.6273548387096775,37.22112966387419,0.8052231349762496,0.01,0.0,0.02,0.5,0.30272288247942924,-0.021449825978458317,5.491674140766915,0.030272288247942924,603.3468016617086,127.33275977871145,131.4583095020563,1035.8747672989032,0.8941666666666727,-2.980329495392898,0,0.0,54,15.814040000000151,-369.35185185185185,-228.8888888888889,1023.9773093271842
133,-366.3802787867011,-191.46464555355612,55.39785644504188,0.030268151313066483,0.013677419354838693,-0.6273548387096775,37.54203291916582,0.7892858892204558,0.01,0.0,0.02,0.5,0.3026815131306648,-0.027458370703834577,2.299137482599518,0.030268151313066483,602.3646241739876,128.23905166237634,131.91107284280875,1035.264833606582,0.8900000000000062,-2.9838332026672494,0,0.0,54,15.809720000000151,-369.35185185185185,-228.8888888888889,1023.0011795249223
134,-366.2323607848374,-190.90952398183123,55.118844741659146,0.027078159153461456,-0.0387638926538357,-0.6427216047709406,38.5398055401451,0.7785313283732787,0.01,0.0,0.02,0.5,0.27078159153461456,-0.01149568741299759,4.435231937343794,0.027078159153461456,601.6111175471684,129.82011150304362,132.36644658728986,1035.3069877867722,0.8858333333333398,-3.038297004334613,0,0.0,55,16.105360000000154,-369.4090909090909,-229.31818181818187,1022.5241755669925
135,-365.8807954495613,-190.49468488071963,54.69717241707714,0.027070751413702965,-0.0387638926538357,-0.6427216047709406,38.983493728793434,0.7803878317559687,0.01,0.0,0.02,0.5,0.27070751413702965,-0.022176159686718967,4.05654028485363,0.027070751413702965,601.1535604857968,131.9099716495074,132.82269834175273,1035.6049628793553,0.8816666666666734,-2.992851128383304,0,0.0,55,16.103160000000152,-369.4090909090909,-229.31818181818187,1022.3520948835062
136,-365.3355828553499,-190.60049454074473,54.203602320781535,0.027067050337791443,-0.0387638926538357,-0.6427216047709406,38.93138548751264,0.7759049661323039,0.01,0.0,0.02,0.5,0.27067050337791443,-0.02028270142426815,4.938283773966485,0.027067050337791443,601.0075512562064,134.38170359881485,133.26968426715533,1036.332989942763,0.8775000000000069,-2.9971363430308293,0,0.0,55,16.098760000000155,-369.4090909090909,-229.31818181818187,1022.5868800578834
137,-364.56566406239995,-190.79383996250075,53.684295874438895,0.02705964259803295,-0.0387638926538357,-0.6427216047709406,38.827615160251995,0.8019129949964324,0.01,0.0,0.02,0.5,0.2705964259803295,-0.024691418869832425,6.1130279271356445,0.02705964259803295,601.1681242659334,137.1412965972913,133.69909258246824,1037.4549050139221,0.8733333333333405,-3.001065300204534,0,0.0,55,16.094360000000155,-369.4090909090909,-229.31818181818187,1023.0276493828068
138,-363.80156026766986,-190.80886897664067,53.14926208038836,0.03024781495332718,-0.11111111111111106,-0.6287762416794676,38.60055338955261,0.8150017948085319,0.01,0.0,0.02,0.5,0.3024781495332718,-0.030565139635678223,5.598131753320491,0.03024781495332718,601.62374465795,140.1146698901007,134.1073245019674,1038.7126647827185,0.8691666666666741,-3.054638727768297,0,0.0,56,16.392120000000155,-369.28571428571433,-229.0178571428571,1023.7727364204763
139,-363.1794634929513,-190.442448585916,53.072240829459545,0.031299248337745667,-0.109375,-0.6265120967741935,39.05570949399134,0.8194976832455443,0.01,0.0,0.02,0.5,0.31299248337745667,-0.027990658766602453,4.681835611938505,0.031299248337745667,602.3598476036974,143.25212060673266,134.49710619570243,1040.5191176874507,0.8650000000000077,-3.0079078225584,0,0.0,56,16.387640000000157,-369.28571428571433,-229.0178571428571,1024.8161959500685
140,-362.4389857260979,-190.09988927599085,53.32756837517637,0.0312906876206398,-0.109375,-0.6265120967741935,39.51564139496539,0.8152876172659078,0.01,0.0,0.02,0.5,0.312906876206398,-0.023409178059692524,5.506730353886311,0.0312906876206398,603.3622645873467,146.5142097311902,134.87636254315507,1042.625735370341,0.8608333333333412,-3.010908437369728,0,0.0,56,16.38316000000016,-369.28571428571433,-229.0178571428571,1026.0269550980036
141,-361.6864531651103,-190.046968628949,53.74151716675671,0.031282126903533936,-0.109375,-0.6265120967741935,39.70489794902612,0.7990594111045198,0.01,0.0,0.02,0.5,0.31282126903533936,-0.027533651769431552,5.175639904340174,0.031282126903533936,604.6182545097506,149.86528085459693,135.25239230116597,1045.0078337956877,0.8566666666666748,-3.013664028760281,0,0.0,56,16.38092000000016,-369.28571428571433,-229.0178571428571,1027.5841319272793
142,-361.1325913200603,-190.39088730587085,54.03939956122041,0.02949376218020916,-0.09521331945889702,-0.6482830385015609,39.47804722729483,0.802321225080099,0.01,0.0,0.02,0.5,0.2949376218020916,-0.025878199521700868,4.507136171419183,0.02949376218020916,606.1150433761005,153.2823149170202,135.63135686528415,1047.645006480847,0.8525000000000084,-3.0162166645608433,0,0.0,56,16.376440000000162,-369.28571428571433,-229.0178571428571,1029.7264220404186
143,-360.5755605181976,-190.46701959015522,54.36308060875102,0.029485691338777542,-0.09521331945889702,-0.6482830385015609,39.52257398840055,0.7889089207564386,0.01,0.0,0.02,0.5,0.2948569133877754,-0.022535680857095914,4.13878097703871,0.029485691338777542,607.8411707741298,156.7457643455848,136.0156153216616,1050.5191674456166,0.8483333333333419,-3.018589371621133,0,0.0,56,16.371960000000165,-369.28571428571433,-229.0178571428571,1032.0149316751022
144,-360.2969986540127,-190.26123786045767,54.24869464047302,0.027960283681750298,-0.14529914529914537,-0.648194099807003,39.785330800540706,0.7992972774513837,0.01,0.0,0.02,0.5,0.279602836817503,-0.02069390488519355,2.053444480731562,0.027960283681750298,609.7869516524282,160.23564874288695,136.40142540867964,1053.6135805083213,0.8441666666666755,-3.0207956922050063,0,0.0,56,16.369720000000164,-369.28571428571433,-229.0178571428571,1034.7270216503775
145,-360.3473513693809,-190.37207861948994,53.91800011314621,0.02795645408332348,-0.14529914529914537,-0.648194099807003,39.66598705819928,0.7956481899111212,0.01,0.0,0.02,0.5,0.2795645408332348,-0.01026722240365781,2.7679555160057587,0.02795645408332348,611.9428649283846,163.74014026537046,136.7857476639312,1056.9145515104995,0.8400000000000091,-3.0228655888849856,0,0.0,56,16.365240000000167,-369.28571428571433,-229.0178571428571,1038.0803397888121
146,-360.72704976882494,-190.6807908123001,53.481408452404416,0.02794879674911499,-0.14529914529914537,-0.648194099807003,38.734420064589,0.8310945967092527,0.01,0.0,0.02,0.5,0.2794879674911499,-0.013839777580028793,4.3193687746045555,0.02794879674911499,614.300601550675,167.24769000027712,137.16859715926188,1060.1739843397268,0.8358333333333426,-3.0748107449060536,0,0.0,57,16.660720000000172,-369.2543859649122,-228.4649122807018,1042.0150017001083
147,-361.06905749754,-191.27908095016264,53.00167480347011,0.03226914256811142,-0.10563900517114005,-0.6089633095296726,38.07605092262173,0.8238933148736423,0.01,0.0,0.02,0.5,0.3226914256811142,-0.021596843873022777,5.750779812441954,0.03226914256811142,616.8533020080033,170.74395127956402,137.55223857730488,1063.8496552729468,0.8316666666666762,-3.0266337102916214,0,0.0,57,16.65844000000017,-369.2543859649122,-228.4649122807018,1046.2034290328854
148,-361.2341714430089,-191.9389127092122,52.544721244417,0.032264724373817444,-0.10563900517114005,-0.6089633095296726,37.252656842285816,0.8391232412381813,0.01,0.0,0.02,0.5,0.32264724373817444,-0.02875389906220977,4.746515883528297,0.032264724373817444,619.5938279195235,174.22081841796904,137.93921479887547,1067.470378426031,0.8275000000000098,-3.078354389989954,0,0.0,58,16.95380000000017,-369.05172413793105,-228.36206896551732,1050.423120729004
149,-360.93800280642324,-192.34342311257527,52.58074697602639,0.033285580575466156,-0.0967741935483871,-0.6133741464563222,36.91122256643851,0.8546920209408511,0.01,0.0,0.02,0.5,0.33285580575466156,-0.023732579417641488,3.6741951846935597,0.033285580575466156,622.5157728793785,177.6700337157956,138.3308650381845,1071.1679864256464,0.8233333333333434,-3.0799788455207406,0,0.0,59,17.249120000000175,-368.68644067796606,-228.43220338983042,1054.250620057875
150,-360.35536855399084,-192.78330645832798,52.582228994165206,0.034306298941373825,-0.08487760237931828,-0.6234271333790895,36.60943341773758,0.8720467558731803,0.01,0.0,0.02,0.5,0.34306298941373825,-0.0183709759234678,4.660161669449648,0.034306298941373825,625.6138059855535,181.08049170746386,138.72782654114232,1075.3295438892142,0.8191666666666769,-3.0315062112591704,0,0.0,59,17.246760000000176,-368.68644067796606,-228.43220338983042,1057.984128755185
151,-359.55919625541543,-193.14506601183703,52.38444581328617,0.03653475642204285,-0.1475634866163349,-0.6270876229695722,36.44843830786663,0.8658679575193765,0.01,0.0,0.02,0.5,0.36534756422042847,-0.02330080834724824,5.875929942352741,0.03653475642204285,628.8822406831792,184.4467097035943,139.1269364262834,1079.6352490122865,0.8150000000000105,-3.0329541282921286,0,0.0,59,17.242040000000177,-368.68644067796606,-228.43220338983042,1061.6573284364933
152,-359.0889085026462,-193.6447738015374,52.015094005147624,0.036524757742881775,-0.1475634866163349,-0.6270876229695722,36.08708745821342,0.872186794789113,0.01,0.0,0.02,0.5,0.36524757742881775,-0.029379649711763704,4.592159169618812,0.036524757742881775,632.3158938062177,187.7625108062767,139.52571775737033,1084.0773559887527,0.8108333333333441,-3.0343247864410454,0,0.0,59,17.237320000000178,-368.68644067796606,-228.43220338983042,1065.8391567504389
153,-358.66562573098275,-194.19317832184043,51.6088922757875,0.0365147590637207,-0.1475634866163349,-0.6270876229695722,35.67530756431023,0.8695191609431965,0.01,0.0,0.02,0.5,0.36514759063720703,-0.02296079584809406,5.132004031148313,0.0365147590637207,635.9103187066514,191.01849640709926,139.924392329309,1088.6475731503788,0.8066666666666776,-3.035612892909087,0,0.0,59,17.23496000000018,-368.68644067796606,-228.43220338983042,1070.2191229608961
154,-358.5118567103642,-194.51008268061415,51.58057983305096,0.0365179143846035,-0.20912881281544876,-0.5931533903884134,35.415144109892026,0.8879660171693587,0.01,0.0,0.02,0.5,0.365179143846035,-0.025660020155741564,1.4226294671292283,0.0365179143846035,639.6605799932032,194.20999897226773,140.32089779166844,1093.3389892041298,0.8025000000000112,-3.036831990042897,0,0.0,59,17.230240000000183,-368.68644067796606,-228.43220338983042,1074.861088376706
155,-358.705164137951,-194.6750561450588,51.80810069773914,0.03650791570544243,-0.20912881281544876,-0.5931533903884134,35.20185892070827,0.8828972824278767,0.01,0.0,0.02,0.5,0.3650791570544243,-0.007113147335646142,2.41637309663903,0.03650791570544243,643.5619347503205,197.33139001999777,140.71545786106063,1098.144531029707,0.7983333333333448,-3.037980501356328,0,0.0,59,17.225520000000184,-368.68644067796606,-228.43220338983042,1079.867079554996
156,-359.051459147729,-194.83157536100404,52.23101419667294,0.03649791330099106,-0.20912881281544876,-0.5931533903884134,34.954757516246076,0.8771435584611451,0.01,0.0,0.02,0.5,0.3649791330099106,-0.012081865483195151,3.557116230592031,0.03649791330099106,647.6101178605692,200.37407665795502,141.11037247040284,1103.0564449318495,0.7941666666666783,-3.0390517681152436,0,0.0,59,17.22316000000018,-368.68644067796606,-228.43220338983042,1085.1057913124023
157,-359.30823802870486,-195.09309787753372,52.74245951758329,0.03649291396141052,-0.20912881281544876,-0.5931533903884134,34.63302818539929,0.8748879035563286,0.01,0.0,0.02,0.5,0.3649291396141052,-0.017785581152960157,3.9882438927687,0.03649291396141052,651.8002099858081,203.33351467359424,141.50734661387918,1108.067976018526,0.7900000000000119,-3.0400555512938423,0,0.0,59,17.218440000000186,-368.68644067796606,-228.43220338983042,1090.395920946379
158,-359.66443125051643,-195.4387271315419,53.208973857406946,0.03648291155695915,-0.20912881281544876,-0.5931533903884134,34.20476764597647,0.9416769668805898,0.01,0.0,0.02,0.5,0.3648291155695915,-0.0199412194638435,4.287118964427705,0.03648291155695915,656.1274432433802,206.20453245081643,141.90745304844333,1113.1723086836855,0.7858333333333455,-3.040991268879145,0,0.0,59,17.21372000000019,-368.68644067796606,-228.43220338983042,1095.9096041492512
159,-359.5210461353494,-195.9078993361936,53.26100476692847,0.04331125691533089,-0.23313782991202345,-0.5905425219941348,33.79104631844424,0.9424945307484309,0.01,0.0,0.02,0.5,0.43311256915330887,-0.021435594822138526,4.111732945620206,0.04331125691533089,660.587557601262,208.97957189990703,142.31037085779502,1118.362206396402,0.781666666666679,-3.041854830491766,0,0.0,59,17.211360000000187,-368.68644067796606,-228.43220338983042,1101.1290648160225
160,-359.22859957129293,-196.52341268469084,53.02243577005297,0.04330531880259514,-0.23313782991202345,-0.5905425219941348,33.2809507475895,0.9412007204629584,0.01,0.0,0.02,0.5,0.4330531880259514,-0.02055866472810103,4.346736591307237,0.04330531880259514,665.17556987412,211.65460276155594,142.71631284583174,1123.6311911883408,0.7775000000000126,-3.042653623278593,0,0.0,59,17.20664000000019,-368.68644067796606,-228.43220338983042,1106.3716311690514
161,-359.0292590528832,-197.1746842219487,52.645980994141134,0.043293438851833344,-0.23313782991202345,-0.5905425219941348,32.71534290620123,0.937978464450426,0.01,0.0,0.02,0.5,0.43293438851833344,-0.021733682956536184,4.967417461477311,0.043293438851833344,669.8865186471174,214.22494716918126,143.12568135148226,1128.972605859985,0.7733333333333462,-3.043385879813138,0,0.0,59,17.201920000000193,-368.68644067796606,-228.43220338983042,1111.802100414237
162,-358.7058807884382,-197.80243021481323,52.57039185496587,0.04328155890107155,-0.23313782991202345,-0.5905425219941348,32.21481926786886,0.9415675587293777,0.01,0.0,0.02,0.5,0.4328155890107155,-0.024837087307386554,4.237713439518751,0.04328155890107155,674.7157917577472,216.68370436308405,143.5383629026729,1134.3792972311032,0.7691666666666798,-3.04404674818323,0,0.0,59,17.199560000000194,-368.68644067796606,-228.43220338983042,1117.1545465162903
163,-358.14726208175784,-197.95375000580876,52.842652764976414,0.0432756133377552,-0.23313782991202345,-0.5905425219941348,32.24919233352605,0.9412488867304927,0.01,0.0,0.02,0.5,0.43275613337755203,-0.021188567197593752,4.277689427888285,0.0432756133377552,679.6580869897765,219.02722989359748,143.95425919340408,1139.844810983157,0.7650000000000133,-3.044643036816615,0,0.0,59,17.194840000000195,-368.68644067796606,-228.43220338983042,1122.147229638485
164,-357.36120605034426,-197.80549238427,53.27783145415007,0.04326373338699341,-0.23313782991202345,-0.5905425219941348,32.65358121843299,0.9330594372928671,0.01,0.0,0.02,0.5,0.4326373338699341,-0.02138844713944143,5.891808983076974,0.04326373338699341,684.7080746747143,221.25133621090708,144.3733189202537,1145.3625149981801,0.7608333333333469,-3.0451729881650293,0,0.0,59,17.1901200000002,-368.68644067796606,-228.43220338983042,1126.8608606477446
165,-357.07936838395983,-197.486176790148,53.78655981330417,0.043251849710941315,-0.23313782991202345,-0.5905425219941348,33.051182876661755,0.943199627318827,0.01,0.0,0.02,0.5,0.43251849710941315,-0.02945904491538487,3.8518977326457393,0.043251849710941315,689.8606612755248,223.3498242207426,144.79545847467227,1150.9252658300861,0.7566666666666805,-3.0456315849416753,0,0.0,59,17.1877600000002,-368.68644067796606,-228.43220338983042,1132.019869563161
166,-357.2122349033496,-197.27533786202676,53.85876458315312,0.043245911598205566,-0.23313782991202345,-0.5905425219941348,33.20252501958069,0.9537557379331336,0.01,0.0,0.02,0.5,0.43245911598205566,-0.019259488663228696,1.7169052774479887,0.043245911598205566,695.1100826386863,225.31948271564866,145.22064128053464,1156.5265391093117,0.752500000000014,-3.0460248556722287,0,0.0,59,17.1830400000002,-368.68644067796606,-228.43220338983042,1137.6799351706027
167,-357.5644000558628,-197.10837852740966,53.64785220672718,0.04323402792215347,-0.23313782991202345,-0.5905425219941348,33.23976220750269,0.9473085530318439,0.01,0.0,0.02,0.5,0.43234027922153473,-0.008584526387239944,2.9825838462984673,0.04323402792215347,700.4505161996506,227.1566638558382,145.64884846600415,1162.1596484647548,0.7483333333333476,-3.0463518735399773,0,0.0,59,17.178320000000202,-368.68644067796606,-228.43220338983042,1143.6173190890033
168,-358.01506314202015,-197.04941480839773,53.27820551367414,0.04322214797139168,-0.23313782991202345,-0.5905425219941348,33.1475145020195,0.9436980407147748,0.01,0.0,0.02,0.5,0.4322214797139168,-0.014912919231492336,3.6928130644730324,0.04322214797139168,705.8769914479179,228.85636380304777,146.07369387190266,1167.8182235893885,0.7483333333333476,-0.046728977809161396,0,0.0,59,17.175960000000202,-368.68644067796606,-228.43220338983042,1149.7273758304025
169,-358.3826417620143,-197.43413911504703,52.83310417811714,0.04321620985865593,-0.23313782991202345,-0.5905425219941348,32.96125469707178,0.9371271564175044,0.01,0.0,0.02,0.5,0.4321620985865593,-0.01846406532236516,4.983231512519623,0.04321620985865593,711.3817562944373,230.4150565396619,146.50915623565427,1173.6000788547342,0.7483333333333476,-0.097225339483565,1,0.0,60,17.471200000000206,-368.66666666666663,-228.75,1155.9524230263762
170,-358.4126426216784,-198.06221062795586,52.82113647118008,0.043204329907894135,-0.23313782991202345,-0.5905425219941348,32.35560887478617,0.9429013936797517,0.01,0.0,0.02,0.5,0.43204329907894135,-0.024916157562598115,3.8046137277337535,0.043204329907894135,716.9581155412507,231.82963483027538,146.95803713825674,1179.2857023488318,0.7483333333333476,-0.047860801745887235,1,0.0,60,17.466400000000206,-368.66666666666663,-228.75,1161.93417299372
171,-358.11103089459647,-198.22436497723646,52.798178989776055,0.04319244623184204,-0.23313782991202345,-0.5905425219941348,32.29916160050559,0.9493490102816554,0.01,0.0,0.02,0.5,0.4319244623184204,-0.019023068638668768,2.5032052411847814,0.04319244623184204,722.6008493443142,233.09612195048032,147.4116798238428,1184.975371837522,0.7483333333333476,-0.04865343731294253,1,0.0,60,17.464000000000205,-368.66666666666663,-228.75,1167.4447503300369
172,-357.5409096629984,-198.0058365627923,53.06896049026318,0.043186504393815994,-0.23313782991202345,-0.5905425219941348,32.69535218281663,0.9387890885175253,0.01,0.0,0.02,0.5,0.43186504393815994,-0.012516026205923908,4.59143118260334,0.043186504393815994,728.3035689293516,234.21272059739428,147.86723593880697,1190.6629155418107,0.7483333333333476,-0.04960775352117129,1,0.0,60,17.45920000000021,-368.66666666666663,-228.75,1172.5433151364361
173,-357.03637305918846,-197.50945214787083,53.494086544360464,0.0431746207177639,-0.23313782991202345,-0.5905425219941348,33.33520000685942,0.936320793439732,0.01,0.0,0.02,0.5,0.431746207177639,-0.022957155913016697,5.0613198658255865,0.0431746207177639,734.0596449733007,235.17728784159036,148.32356098174554,1196.3418603338846,0.7483333333333476,-0.05072608705646097,1,0.0,60,17.454400000000213,-368.66666666666663,-228.75,1177.5826785203374
174,-356.65254659195494,-196.88562995739647,53.81730188203914,0.043162740767002106,-0.23313782991202345,-0.5905425219941348,34.05403293857512,0.9359712222613261,0.01,0.0,0.02,0.5,0.43162740767002106,-0.025306599329127932,5.119360856267492,0.043162740767002106,739.8625264100642,235.98631914554704,148.78019503370743,1202.0053320332233,0.7483333333333476,-0.05200889804232432,1,0.0,60,17.45200000000021,-368.66666666666663,-228.75,1182.6839733067072
175,-356.7202944424838,-196.29035831747703,53.71148309245335,0.04315680265426636,-0.23313782991202345,-0.5905425219941348,34.58820821431069,0.9422404149608586,0.01,0.0,0.02,0.5,0.4315680265426636,-0.02559680428133746,3.841763904953518,0.04315680265426636,745.7051428380456,236.63867498649546,149.2369532685145,1207.6469470107945,0.7483333333333476,-0.053464247831231354,1,0.0,60,17.447200000000212,-368.66666666666663,-228.75,1188.2316727360183
176,-356.77926398160935,-195.58189766813254,53.39242067695769,0.04314492270350456,-0.23313782991202345,-0.5905425219941348,35.2339801171247,0.9348477378272568,0.01,0.0,0.02,0.5,0.4314492270350456,-0.019208819524767592,5.296517078408509,0.04314492270350456,751.5803922394061,237.13305966036432,149.69376140946824,1213.260276390111,0.7483333333333476,-0.05509389604918167,1,0.0,60,17.442400000000216,-368.66666666666663,-228.75,1193.724134823892
177,-356.8848175275317,-194.9283857784687,52.96302929661921,0.04313303530216217,-0.23313782991202345,-0.5905425219941348,35.81499068389411,0.8702764125436349,0.01,0.0,0.02,0.5,0.4313303530216217,-0.026482585392042544,4.580546939972974,0.04313303530216217,757.4813422019062,237.4670418683852,150.1505896065582,1218.8386554450751,0.7483333333333476,-0.05689672364836294,1,0.0,60,17.440000000000214,-368.66666666666663,-228.75,1199.259423844165
178,-356.9348553014048,-194.45694039587605,52.47103117860461,0.036317914724349976,-0.20912881281544876,-0.5931533903884134,36.554654881775505,0.8722473095747652,0.01,0.0,0.02,0.5,0.36317914724349976,-0.022902734699864872,4.166376135889259,0.036317914724349976,763.4007871893737,237.6434701466631,150.6074258637555,1224.3563519804998,0.7483333333333476,-0.10889052404976321,1,0.0,61,17.73512000000022,-368.483606557377,-229.13934426229503,1204.779427359239
179,-357.0495866531925,-194.33936864825756,51.94308574538535,0.036307916045188904,-0.20912881281544876,-0.5931533903884134,36.630248619233946,0.8761280587215042,0.01,0.0,0.02,0.5,0.36307916045188904,-0.020831880679446295,3.370211066825867,0.036307916045188904,769.3317382767156,237.66958822805424,151.06426536012856,1229.8513480875258,0.7483333333333476,-0.06109282993342577,1,0.0,61,17.730240000000222,-368.483606557377,-229.13934426229503,1210.4510052953124
180,-356.91524874505313,-194.10846908731168,51.40292810759698,0.036297909915447235,-0.20912881281544876,-0.5931533903884134,36.75968353683146,0.8828874532763965,0.01,0.0,0.02,0.5,0.36297909915447235,-0.016851055334129336,4.205310019159173,0.036297909915447235,775.2672616932742,237.54817294711162,151.52110615825356,1235.1690533059154,0.7483333333333476,-0.11348512255618662,1,0.0,62,18.027760000000217,-368.38709677419354,-229.0322580645161,1215.8076916729267
181,-356.58683845539235,-193.5590031597395,51.16474501355128,0.03739140182733536,-0.20871608630634483,-0.5962401196325572,37.384460808331774,0.9048196937741411,0.01,0.0,0.02,0.5,0.3739140182733536,-0.021026550095795866,4.48137565252042,0.03739140182733536,781.1997927403452,237.2765697574034,151.9779474795235,1240.561945026674,0.7483333333333476,-0.06603781162599864,1,0.0,62,18.022800000000224,-368.38709677419354,-229.0322580645161,1220.795237052485
182,-355.92906382677205,-193.0005973464461,51.337324224411816,0.039722658693790436,-0.2797060024499795,-0.5990200081665986,38.32067324052394,0.8736602872576252,0.01,0.0,0.02,0.5,0.39722658693790436,-0.022406878262602098,5.993379712781589,0.039722658693790436,787.1219198387384,236.85384657237364,152.4347890110336,1245.7694226605897,0.7483333333333476,-0.11875433503936245,1,0.0,63,18.317760000000224,-368.1349206349206,-229.32539682539687,1225.38201863816
183,-355.2230847045999,-192.54873233610633,51.712283280322794,0.0373627208173275,-0.2754342431761787,-0.6286938867584029,38.94249346348524,0.8766585020750635,0.01,0.0,0.02,0.5,0.373627208173275,-0.029966898563907947,5.38344898760571,0.0373627208173275,793.0267028415136,236.28357733820366,152.89163062703452,1250.6380743131724,0.7483333333333476,-0.12165026155012203,1,0.0,64,18.615200000000225,-367.65625,-229.453125,1229.882915057285
184,-354.6604039588716,-192.40092544974112,51.692482136725836,0.037357576191425323,-0.2754342431761787,-0.6286938867584029,39.26522005333622,0.8866540845994503,0.01,0.0,0.02,0.5,0.37357576191425323,-0.02691724493802855,3.3637450384229353,0.037357576191425323,798.9066942788538,235.56445783474436,153.3484722769904,1255.8305838408367,0.7483333333333476,-0.07469590699500778,1,0.0,64,18.610080000000227,-367.65625,-229.453125,1234.5871211695999
185,-354.1228515644018,-192.0687975006751,51.49113292996239,0.03734728321433067,-0.2754342431761787,-0.6286938867584029,39.75853135860821,0.8816520824248048,0.01,0.0,0.02,0.5,0.37347283214330673,-0.016818725192114678,4.343581870904524,0.03734728321433067,804.7546492781482,234.6967663970862,153.80531394059204,1260.9450576572015,0.7483333333333476,-0.07789108374073463,1,0.0,64,18.60496000000023,-367.65625,-229.453125,1239.1909054394825
186,-353.5267410367485,-191.5824832704638,51.11091748449136,0.03733699768781662,-0.2754342431761787,-0.6286938867584029,40.420644830946145,0.8086852957662474,0.01,0.0,0.02,0.5,0.3733699768781662,-0.02171790935452262,5.521066151926308,0.03733699768781662,810.5638133322902,233.68487336430962,154.26215560967756,1265.9776155871182,0.7483333333333476,-0.08124640767980226,1,0.0,64,18.60240000000023,-367.65625,-229.453125,1243.6234644445651
187,-353.04572224654595,-190.98607395730312,50.8457151860766,0.03062906116247177,-0.3019566367001586,-0.6213643574828134,41.14828717159316,0.7945469465387603,0.01,0.0,0.02,0.5,0.3062906116247177,-0.027605330759631543,4.892214963182992,0.03062906116247177,816.3270377166538,232.52875369564165,154.718997280967,1270.9223744334233,0.7483333333333476,-0.08473203233623003,1,0.0,64,18.597280000000236,-367.65625,-229.453125,1248.0333007251927
188,-352.4483233791797,-190.53444370060748,50.61242319941247,0.02890080213546753,-0.3548387096774194,-0.6196943972835314,41.78450413954842,0.7936475721729813,0.01,0.0,0.02,0.5,0.2890080213546753,-0.02446107481591496,5.056163475254805,0.02890080213546753,822.0374200921487,231.22982088181533,155.17583895314212,1275.774198392362,0.7483333333333476,-0.08834445935184002,1,0.0,64,18.592160000000238,-367.65625,-229.453125,1252.2920443771247
189,-352.22954206880826,-190.22006486164267,50.20683000980245,0.028892839327454567,-0.3548387096774194,-0.6196943972835314,42.157043603818536,0.8209158381224181,0.01,0.0,0.02,0.5,0.28892839327454567,-0.025280817376274026,3.0327695131201415,0.028892839327454567,827.688562199163,229.7931891564215,155.63268062567315,1280.5297330080668,0.7483333333333476,-0.09208984886201901,1,0.0,64,18.58960000000023,-367.65625,-229.453125,1256.8740892819162
190,-352.2994375858638,-189.67181814040248,49.74090160708618,0.03060796856880188,-0.4309888947646747,-0.6213643574828134,42.64251473565353,0.7909752745421205,0.01,0.0,0.02,0.5,0.3060796856880188,-0.015163847565600708,5.00401411470824,0.03060796856880188,833.2737682165892,228.21999702943052,156.08952229834722,1285.1838760589333,0.7483333333333476,-0.09593829026247118,1,0.0,64,18.584480000000237,-367.65625,-229.453125,1261.557539165605
191,-352.66155526279545,-189.12359243342098,49.61883524282122,0.030599530786275864,-0.4309888947646747,-0.6213643574828134,43.02687610436885,0.8157687089871706,0.01,0.0,0.0,0.5,0.30599530786275864,-0.0250200705735412,4.275480786336648,0.030599530786275864,838.786620212464,226.51267538308375,156.5463639710788,1289.7322242254297,0.7483333333333476,-0.09988341715643492,1,0.0,64,18.57936000000024,-367.65625,-229.453125,1266.3868912649443
192,-353.00075397537483,-188.41814740880056,49.53475796701454,0.032714612782001495,-0.38957816377171217,-0.6198511166253101,43.57353496835027,0.7886919367930633,0.01,0.0,0.0,0.5,0.32714612782001495,-0.02137740393168324,5.43536161141908,0.032714612782001495,844.2212062071977,224.6769874792349,157.00320564383344,1294.1719854500138,0.7483333333333476,-0.10392753002443703,1,0.0,64,18.576800000000244,-367.65625,-229.453125,1271.0379536652833
193,-353.45890907636846,-187.94146779369754,49.22635019291732,0.03058687597513199,-0.3019566367001586,-0.6213643574828134,43.872339501277864,0.7427386225418294,0.01,0.0,0.0,0.5,0.3058687597513199,-0.0271768080570954,4.397235608974208,0.03058687597513199,849.5713911144027,222.7150863834264,157.46004731659738,1298.498833915002,0.7483333333333476,-0.1080408582312129,1,0.0,64,18.571680000000242,-367.65625,-229.453125,1275.788086579737
194,-354.012711028663,-187.80094403324088,48.789382978700544,0.025472478941082954,-0.3478810879190386,-0.627450980392157,43.829788214752334,0.742486207790626,0.01,0.0,0.0,0.5,0.25472478941082954,-0.021986178044871043,4.433687625834767,0.025472478941082954,854.8313307350278,220.63027315008995,157.91688898936502,1302.7090812386753,0.7483333333333476,-0.11221466878674956,1,0.0,64,18.566560000000244,-367.65625,-229.453125,1280.6360876710996
195,-354.4456518349827,-188.15625532789255,48.28915703723615,0.0254654660820961,-0.3478810879190386,-0.627450980392157,43.358405743207236,0.7384259682311947,0.01,0.0,0.0,0.5,0.254654660820961,-0.022168438129173837,5.238726031495447,0.0254654660820961,859.995670640038,218.4288380683507,158.37373066213422,1306.8004786856843,0.7483333333333476,-0.1164480215366554,1,0.0,64,18.564000000000245,-367.65625,-229.453125,1285.4173552807995
196,-354.5203353212547,-188.77808607634088,48.17824722699946,0.02546195685863495,-0.3478810879190386,-0.627450980392157,42.74354975769396,0.7452024630692426,0.01,0.0,0.0,0.5,0.2546195685863495,-0.026193630157477235,3.8693842095767557,0.02546195685863495,865.0588800528236,216.11378313862954,158.830572334904,1310.7694158353586,0.7483333333333476,-0.12071151228981447,1,0.0,64,18.558880000000247,-367.65625,-229.453125,1289.7886746985457
197,-354.0766893045843,-189.27003779014206,48.26165401370326,0.025454942137002945,-0.3478810879190386,-0.627450980392157,42.41562172591046,0.7917490460435099,0.01,0.0,0.0,0.5,0.25454942137002945,-0.01934692104788378,4.74800344388591,0.025454942137002945,870.0157076035583,213.68912181311018,159.28741400767402,1314.6128424554493,0.7483333333333476,-0.12499451298957692,1,0.0,64,18.553760000000253,-367.65625,-229.453125,1293.4856009475793
198,-353.3643940263596,-189.49783069076,48.59400362704549,0.030548905953764915,-0.3019566367001586,-0.6213643574828134,42.43445169327945,0.8114454903612374,0.01,0.0,0.0,0.5,0.30548905953764915,-0.02374001721942955,5.040870857043304,0.030548905953764915,874.8613514201111,211.1615436694644,159.74425568044413,1318.328971116651,0.7483333333333476,-0.12929339177871652,1,0.0,64,18.55120000000025,-367.65625,-229.453125,1296.6961072555894
199,-352.60011961315035,-189.45464580061847,49.051661956317034,0.032664984464645386,-0.38957816377171217,-0.6198511166253101,42.738336426318405,0.8088089958396213,0.01,0.0,0.0,0.5,0.32664984464645386,-0.02520435428521652,5.550121474928527,0.032664984464645386,879.5908467874327,208.53474081919228,160.20109735321432,1321.914782067865,0.7483333333333476,-0.1335792617674817,1,0.0,64,18.546080000000252,-367.65625,-229.453125,1299.6323813025992
200,-351.91728293061857,-189.4070076394342,49.537812190538396,0.03265596181154251,-0.38957816377171217,-0.6198511166253101,43.02797462195127,0.7902673058283982,0.01,0.0,0.0,0.5,0.3265596181154251,-0.027750607374642633,5.0021633193362325,0.03265596181154251,884.1994662601138,205.81329701678098,160.6579390259845,1325.367719717216,0.7483333333333476,-0.1378399408065235,1,0.0,64,18.540960000000254,-367.65625,-229.453125,1302.5096504173553
201,-351.6288433182419,-189.21320188354503,49.55346085995969,0.030527811497449875,-0.4309888947646747,-0.6213643574828134,43.31430684382093,0.8057323783612944,0.01,0.0,0.0,0.5,0.30527811497449875,-0.025010816596681164,1.900720715985749,0.030527811497449875,888.6828610735927,203.00419725716998,161.11478069875466,1328.6863051853236,0.7483333333333476,-0.14206948140968692,1,0.0,64,18.538400000000255,-367.65625,-229.453125,1305.6238127133936
202,-351.152424636686,-188.79382479984613,49.279461458293355,0.030523594468832016,-0.4309888947646747,-0.6213643574828134,44.28035662648118,0.7901689799933547,0.01,0.0,0.0,0.5,0.30523594468832016,-0.009503603579928745,4.996520354173295,0.030523594468832016,893.0364934695158,200.11170464758658,161.57162237152482,1332.004867731685,0.7483333333333476,-0.19623948295945542,1,0.0,65,18.833200000000254,-367.6538461538462,-229.88461538461536,1308.3818648145625
203,-351.0134785955014,-188.25397908041614,48.85497275863146,0.030515156686306,-0.4309888947646747,-0.6213643574828134,44.83315415592933,0.7427696569939132,0.01,0.0,0.0,0.5,0.30515156686306,-0.02498260177086648,4.271783666219806,0.030515156686306,897.2559827768208,197.14088423501724,162.028464044295,1335.0459365320755,0.7483333333333476,-0.15033631194132965,1,0.0,65,18.82800000000026,-367.6538461538462,-229.88461538461536,1311.3024395594082
204,-351.17969911856306,-187.84711912005446,48.35388949262387,0.02541285566985607,-0.4769133459835547,-0.627450980392157,45.150289176627645,0.7438494883369934,0.01,0.0,0.0,0.5,0.2541285566985607,-0.021358918331099028,4.048807891378189,0.02541285566985607,901.3372174863512,194.09897946129354,162.48530571706516,1337.9463398422,0.7483333333333476,-0.15435179908349694,1,0.0,65,18.82540000000026,-367.6538461538462,-229.88461538461536,1314.4228500647694
205,-351.48315664900537,-187.83409756986157,47.812502962656446,0.025409352034330368,-0.4769133459835547,-0.627450980392157,45.009299718632704,0.7616249970260327,0.01,0.0,0.0,0.5,0.2540935203433037,-0.020244039456890947,4.030788825689457,0.025409352034330368,905.2758224225795,190.99079451390185,162.94214738983533,1340.2511959892481,0.7483333333333476,-0.25825770366316564,1,0.0,67,19.42008000000026,-367.1268656716418,-230.03731343283573,1317.6517997427302
206,-351.9425136691625,-187.93398078603713,47.259443687819484,0.02717789262533188,-0.4443475733798314,-0.6210403952339436,44.757738612469836,0.7587739987823934,0.01,0.0,0.0,0.5,0.2717789262533188,-0.020153944128447284,4.585980024862872,0.02717789262533188,909.0674506198883,187.82189802357402,163.3989890626055,1342.8619636931332,0.7483333333333476,-0.16203868923099604,1,0.0,67,19.414720000000266,-367.1268656716418,-230.03731343283573,1320.9189999754408
207,-352.3688973089872,-188.2802931962894,46.70750063936896,0.027170389890670776,-0.4443475733798314,-0.6210403952339436,44.28821930523347,0.7558399785548608,0.01,0.0,0.0,0.5,0.27170389890670776,-0.02292990012431436,5.1652858060566365,0.027170389890670776,912.7078636146734,184.5998913771968,163.85583073537566,1345.3255910373714,0.7483333333333476,-0.16568405635009845,1,0.0,67,19.412040000000268,-367.1268656716418,-230.03731343283573,1324.078009152384
208,-352.4352366777812,-188.74720537981452,46.585086708522475,0.027166636660695076,-0.4443475733798314,-0.6210403952339436,43.825985277269154,0.7677169142509355,0.01,0.0,0.0,0.5,0.27166636660695076,-0.025826429030283184,2.7748782963583096,0.027166636660695076,916.1924215280783,181.33026309056854,164.31267240814583,1347.6392974062223,0.7483333333333476,-0.16916497506875244,1,0.0,67,19.406680000000264,-367.1268656716418,-230.03731343283573,1326.7378234862351
209,-352.06754461293923,-189.0494187672684,46.787891055090505,0.027159132063388824,-0.4443475733798314,-0.6210403952339436,43.6668141712299,0.7630534690120836,0.01,0.0,0.0,0.5,0.27159132063388824,-0.01387439148179155,3.6925588945742445,0.027159132063388824,919.5163171829494,178.01932254054586,164.769514080916,1349.8003178796876,0.7483333333333476,-0.17246366643549138,1,0.0,67,19.40132000000027,-367.1268656716418,-230.03731343283573,1328.753040183486
210,-351.46445570151826,-189.3720288875452,47.183140314106325,0.027151627466082573,-0.4443475733798314,-0.6210403952339436,43.57724696698575,0.7566595774467302,0.01,0.0,0.0,0.5,0.27151627466082573,-0.018462794472871222,4.963838943332197,0.027151627466082573,922.6746183723683,174.6753949933167,165.22635575368616,1351.806289600608,0.7483333333333476,-0.1755660484471013,1,0.0,67,19.39864000000027,-367.1268656716418,-230.03731343283573,1330.3740480133654
211,-350.70897559639087,-189.56061879139443,47.669987555744406,0.027147874236106873,-0.4443475733798314,-0.6210403952339436,43.67962824497829,0.7853581195106614,0.01,0.0,0.0,0.5,0.2714787423610687,-0.024819194716660987,5.832127947995893,0.027147874236106873,925.6617642292924,171.30513524733271,165.68319742645633,1353.6536494664092,0.7483333333333476,-0.1784413776674065,1,0.0,67,19.393280000000274,-367.1268656716418,-230.03731343283573,1331.6431487546092
212,-350.3934127160488,-189.90120239200203,47.71069280991376,0.030451875180006027,-0.4309888947646747,-0.6213643574828134,43.484662322469255,0.8004775612502203,0.01,0.0,0.0,0.5,0.30451875180006027,-0.029160639739979465,2.791371485612688,0.030451875180006027,928.4717316773814,167.91626052109234,166.1400390992265,1355.3386191190234,0.7483333333333476,-0.18106804661429216,1,0.0,67,19.387920000000275,-367.1268656716418,-230.03731343283573,1333.2497531867414
213,-350.0435700478643,-189.93504719062793,47.90899471086584,0.03044343926012516,-0.4309888947646747,-0.6213643574828134,43.58934212775291,0.799472422263514,0.01,0.0,0.0,0.5,0.3044343926012516,-0.01395685742806344,2.983959265253734,0.03044343926012516,931.0980261137692,164.51873652532402,166.59688077199667,1356.857526127864,0.7483333333333476,-0.18342703507164243,1,0.0,67,19.385240000000277,-367.1268656716418,-230.03731343283573,1334.5591363831702
214,-349.9366576386149,-189.98084970874794,47.71683414781505,0.030439220368862152,-0.4309888947646747,-0.6213643574828134,43.58925943736487,0.8075196681797713,0.01,0.0,0.0,0.5,0.3043922036886215,-0.01491979632626867,1.3576300466018971,0.030439220368862152,933.5331587582302,161.12158694221753,167.05372244476683,1358.2053543159577,0.7483333333333476,-0.1854836404091018,1,0.0,67,19.379880000000277,-367.1268656716418,-230.03731343283573,1335.9674335598138
215,-350.03551825760434,-190.42833296463124,47.35526193531706,0.030430778861045837,-0.4309888947646747,-0.6213643574828134,43.13914104566675,0.792489430599569,0.01,0.0,0.0,0.5,0.3043077886104584,-0.006788150233009486,4.346797527241957,0.030430778861045837,935.7687253446962,157.73555688541933,167.510564117537,1359.3765924292911,0.7483333333333476,-0.187210297335348,1,0.0,67,19.374520000000278,-367.1268656716418,-230.03731343283573,1337.5155863404746
216,-350.4229528393299,-190.93038837014106,47.028619728282756,0.03042234480381012,-0.4309888947646747,-0.6213643574828134,42.524960808549714,0.8343193813913308,0.01,0.0,0.0,0.5,0.3042234480381012,-0.021733987636209786,4.562040393486788,0.03042234480381012,937.7953217270314,154.37444890334274,167.96740579030717,1360.3655090407667,0.7483333333333476,-0.18858080951198766,1,0.0,67,19.371840000000283,-367.1268656716418,-230.03731343283573,1339.166884128097
217,-350.7938201746912,-191.56697062676378,46.59549225176747,0.034712955355644226,-0.3969343399679707,-0.5904827270647449,41.793966679679386,0.8285727455888459,0.01,0.0,0.0,0.5,0.34712955355644226,-0.022810201967433937,5.692103332792347,0.034712955355644226,939.6019697065535,151.05261523674267,168.42424746307734,1361.1648625138098,0.7483333333333476,-0.18955402681957575,1,0.0,67,19.366480000000283,-367.1268656716418,-230.03731343283573,1340.6534678121932
218,-351.2876301930829,-192.12840939106997,46.221666834883735,0.034703329205513,-0.3969343399679707,-0.5904827270647449,40.72447822733556,0.844432261263092,0.01,0.0,0.0,0.5,0.34703329205513,-0.028460516663961734,5.165919249304213,0.034703329205513,941.176090069992,147.78790583274537,168.8810891358475,1361.5387497968982,0.7483333333333476,-0.24009438004575268,1,0.0,68,19.661080000000286,-366.9852941176471,-229.70588235294122,1342.0323779368402
219,-351.37137021669696,-192.6754249495926,46.27761970472001,0.03602618724107742,-0.38753866548828986,-0.5850640742377375,40.18767715464377,0.850430940077206,0.01,0.0,0.0,0.5,0.36026187241077423,-0.025829596246521067,3.956193748017066,0.03602618724107742,942.5033483161909,144.60366572026425,169.33793080861767,1361.9354398949986,0.7483333333333476,-0.19016753545969828,1,0.0,68,19.658360000000286,-366.9852941176471,-229.70588235294122,1342.7631259573052
220,-351.36706661428695,-193.26874035516946,46.133802169174494,0.036021191626787186,-0.38753866548828986,-0.5850640742377375,39.64333925532128,0.8522119729611957,0.01,0.0,0.0,0.5,0.36021191626787186,-0.01978096874008533,3.580019615219355,0.036021191626787186,943.5670904077774,141.5276754791602,169.79477248138784,1362.1167009643323,0.7483333333333476,-0.18972728776243797,1,0.0,68,19.65292000000029,-366.9852941176471,-229.70588235294122,1343.2182051537704
221,-351.0472694394624,-193.55591387372738,45.92733537819415,0.03601120784878731,-0.38753866548828986,-0.5850640742377375,39.50747842738863,0.8531196448723884,0.01,0.0,0.0,0.5,0.3601120784878731,-0.017900098076096774,3.3785176769810583,0.03601120784878731,944.3484458712588,138.59668269064608,170.251614154158,1362.073036606693,0.7483333333333476,-0.18873745534992026,1,0.0,68,19.64748000000029,-366.9852941176471,-229.70588235294122,1343.068104357703
222,-350.95423269339244,-193.89230621307223,45.53842880714842,0.03600122407078743,-0.38753866548828986,-0.5850640742377375,39.237828256854606,0.8534591595571737,0.01,0.0,0.0,0.5,0.3600122407078743,-0.01689258838490529,3.3006369224886196,0.03600122407078743,944.826757663096,135.86115318503616,170.70845582692817,1361.7966502636243,0.7483333333333476,-0.1871762232341316,1,0.0,68,19.64476000000029,-366.9852941176471,-229.70588235294122,1342.9271218567278
223,-350.6070967647444,-194.38124874069885,45.06626144029285,0.03599623218178749,-0.38753866548828986,-0.5850640742377375,38.936808913543366,0.8959564038632084,0.01,0.0,0.0,0.5,0.3599623218178749,-0.016503184612443097,5.368757793947672,0.03599623218178749,944.9807424083086,133.3890649352773,171.16529749969834,1361.2835199707147,0.7483333333333476,-0.18504282176057257,1,0.0,68,19.639320000000293,-366.9852941176471,-229.70588235294122,1342.342055675624
224,-350.43417355821487,-194.98560172535753,44.554316479282384,0.04128001630306244,-0.4819622065279634,-0.556022141630082,38.46345640515192,0.8982554538105155,0.01,0.0,0.0,0.5,0.4128001630306244,-0.02684378896973836,4.886035779034586,0.04128001630306244,944.79323579308,131.2773373153838,171.6221391724685,1360.540994022914,0.7483333333333476,-0.18242058673065759,1,0.0,68,19.633880000000296,-366.9852941176471,-229.70588235294122,1341.7182188859017
225,-350.1343599296892,-195.4432661479898,44.03839274862235,0.04126856476068497,-0.4819622065279634,-0.556022141630082,38.18220596317986,0.8987341361760651,0.01,0.0,0.0,0.5,0.41268564760684967,-0.02443017889517293,4.778855214127795,0.04126856476068497,944.2639218848468,129.6652282930386,172.07898084523868,1359.6036560829336,0.7483333333333476,-0.1795807825301924,1,0.0,68,19.631160000000296,-366.9852941176471,-229.70588235294122,1340.7299643560825
226,-350.07587041221757,-195.7256182942757,44.03497757849562,0.04126283898949623,-0.4819622065279634,-0.556022141630082,37.95506495247211,0.9149939179076101,0.01,0.0,0.0,0.5,0.4126283898949623,-0.023894276070638973,1.5039868423671396,0.04126283898949623,943.4397624260437,128.73683531079752,172.53582251800884,1358.5635835925023,0.7483333333333476,-0.17717656518412456,1,0.0,68,19.6257200000003,-366.9852941176471,-229.70588235294122,1339.7652941267588
227,-350.1123211060462,-195.88304267827957,44.350577195065505,0.04125138744711876,-0.4819622065279634,-0.556022141630082,37.558318535841096,0.9270309976058935,0.01,0.0,0.0,0.5,0.4125138744711876,-0.007519934211835698,2.162753039246106,0.04125138744711876,942.4630981977208,128.67152353234752,172.992664190779,1357.188486420507,0.7483333333333476,-0.27635874286927176,1,0.0,70,20.220160000000302,-366.57142857142856,-229.6428571428571,1338.8934489282894
228,-349.9657358866992,-195.71810346757124,44.82159943996184,0.04278447479009628,-0.4676497695852535,-0.5447004608294931,37.77086101042041,0.9196907373264449,0.01,0.0,0.0,0.5,0.42784474790096283,-0.01081376519623053,3.618943770825511,0.04278447479009628,941.5579856250031,129.50153320144113,173.44950586354918,1356.5350188630139,0.7483333333333476,-0.17791350928630426,1,0.0,70,20.217360000000305,-366.57142857142856,-229.6428571428571,1338.0382930295666
229,-350.1194767253175,-195.35526981865948,45.360209850778546,0.04277854412794113,-0.4676497695852535,-0.5447004608294931,38.07873390452638,0.9160995794969996,0.01,0.0,0.0,0.5,0.4277854412794113,-0.018094718854127556,4.313452688093976,0.04277854412794113,940.8992198156116,131.07078487767322,173.90634753631934,1356.1055157637363,0.7483333333333476,-0.23116821815626815,1,0.0,71,20.511680000000304,-366.3028169014085,-229.82394366197184,1337.83681871771
230,-350.44094707667176,-194.97211735599595,45.92773302582538,0.04276668280363083,-0.4676497695852535,-0.5447004608294931,38.291627168335474,0.9136481552936893,0.01,0.0,0.0,0.5,0.4276668280363083,-0.021567263440469883,4.7800029592064845,0.04276668280363083,940.5551164660855,133.18376006511025,174.3631892090895,1356.3378085752702,0.7483333333333476,-0.1850999063854183,1,0.0,71,20.506000000000306,-366.3028169014085,-229.82394366197184,1338.2274778130636
231,-350.78604611186614,-195.0725603400631,46.02474241228906,0.04275481775403023,-0.4676497695852535,-0.5447004608294931,38.05822931405812,0.8936974366786586,0.01,0.0,0.0,0.5,0.4275481775403023,-0.023900014796032425,3.1133797907331187,0.04275481775403023,940.5311767002493,135.67669334039473,174.82003088185968,1356.9840833561732,0.7483333333333476,-0.18918633077064867,1,0.0,71,20.503160000000307,-366.3028169014085,-229.82394366197184,1339.2100152975763
232,-351.26252012860823,-195.3970798176877,45.80108903212847,0.0399264357984066,-0.36782061369000785,-0.5436664044059795,37.56886318704339,0.8893210910404838,0.01,0.0,0.0,0.5,0.399264357984066,-0.015566898953665594,3.9664879114405767,0.0399264357984066,940.817350615064,138.44826855378696,175.27687255462985,1358.0086725122856,0.7483333333333476,-0.19341870348160492,1,0.0,71,20.49748000000031,-366.3028169014085,-229.82394366197184,1340.7785378387518
233,-351.63689317789283,-195.99060136812318,45.423932853742755,0.03991535305976868,-0.36782061369000785,-0.5436664044059795,36.87525416097777,0.9688705327147404,0.01,0.0,0.0,0.5,0.39915353059768677,-0.019832439557202885,5.507802446004557,0.03991535305976868,941.3976216703281,141.42763542676317,175.73371422740001,1359.3778621180322,0.7483333333333476,-0.1977909482068126,1,0.0,71,20.491800000000314,-366.3028169014085,-229.82394366197184,1342.6726936346754
234,-351.96860655316675,-196.61637407285852,45.00613909677203,0.04864095523953438,-0.3507853403141361,-0.5575071778415809,36.169217081980705,0.972133778888403,0.01,0.0,0.0,0.5,0.4864095523953438,-0.027539012230022784,4.8416467987659235,0.04864095523953438,942.2536298932906,144.5584200894308,176.19055590017018,1361.0591936929327,0.7483333333333476,-0.2022886193338991,1,0.0,71,20.48896000000031,-366.3028169014085,-229.82394366197184,1344.8497271800288
235,-351.7895962640846,-197.1228543472153,45.07141444175117,0.04863420128822327,-0.3507853403141361,-0.5575071778415809,35.690828990012875,0.9891858402213346,0.01,0.0,0.0,0.5,0.48634201288223267,-0.02420823399382962,4.069169216933028,0.04863420128822327,943.3701654140767,147.80421407950894,176.64739757294035,1363.01617168618,0.7483333333333476,-0.25697243324356794,1,0.0,72,20.783240000000315,-366.31944444444446,-229.72222222222229,1346.7463495924633
236,-351.1938554300219,-197.3273346381833,45.3392043217865,0.049953170120716095,-0.3511424731182796,-0.5581317204301076,35.75209342983629,0.9875564735969642,0.01,0.0,0.0,0.5,0.49953170120716095,-0.020345846084665137,4.367314461057605,0.049953170120716095,944.7332219156624,151.13597220021236,177.10423924571052,1365.251646484509,0.7483333333333476,-0.21185452578824948,1,0.0,72,20.777480000000317,-366.31944444444446,-229.72222222222229,1348.4122850371023
237,-350.59147689281974,-197.01831689598512,45.73456902269401,0.04993930459022522,-0.3511424731182796,-0.5581317204301076,36.2893150512991,1.0193494277416588,0.01,0.0,0.0,0.5,0.4993930459022522,-0.021836572305288026,5.055196658394307,0.04993930459022522,946.3289690087284,154.52603702317953,177.56108091848068,1367.7326427610965,0.7483333333333476,-0.2169223720729437,1,0.0,72,20.77460000000032,-366.31944444444446,-229.72222222222229,1350.1719538668117
238,-350.14755124147445,-196.60981738509014,45.76945899288094,0.053462542593479156,-0.44478908188585614,-0.5552109181141439,36.85052894961482,1.026586014356243,0.01,0.0,0.0,0.5,0.5346254259347916,-0.025275983291971532,3.5781723805214236,0.053462542593479156,948.1469073106364,157.95739159346215,178.01742510534817,1370.4441881611194,0.7483333333333476,-0.22222566289173643,1,0.0,72,20.76884000000032,-366.31944444444446,-229.72222222222229,1352.3224213666072
239,-350.1233992065876,-196.1646108282788,45.51331677629739,0.05344768986105919,-0.44478908188585614,-0.5552109181141439,37.26157758084905,1.0279642378912393,0.01,0.0,0.0,0.5,0.5344768986105919,-0.01789086190260712,3.2728445604240473,0.05344768986105919,950.1774613511091,161.41501073954018,178.47153181660852,1373.3726508046718,0.7483333333333476,-0.22776981736725488,1,0.0,72,20.763080000000325,-366.31944444444446,-229.72222222222229,1355.1101064763618
240,-350.30200325556297,-195.59981461757855,45.113796923837484,0.05343284457921982,-0.44478908188585614,-0.5552109181141439,37.69478906926959,0.9282542189123748,0.01,0.0,0.0,0.5,0.5343284457921982,-0.016364222802120236,4.755170659968896,0.05343284457921982,952.4109082816657,164.8818704529602,178.92209692583728,1376.5035899543216,0.7483333333333476,-0.23353911075249206,1,0.0,72,20.760200000000328,-366.31944444444446,-229.72222222222229,1358.2756113199277
241,-350.577479377225,-195.56083705421807,44.635299163666524,0.0442030094563961,-0.4681975578640423,-0.5476581009659194,37.61395619679344,0.9330762483230653,0.01,0.0,0.0,0.5,0.44203009456396103,-0.023775853299844482,3.766207664183322,0.0442030094563961,954.8401391004953,168.34815551463728,179.3687682305057,1379.8270438081015,0.7483333333333476,-0.2395749854653243,1,0.0,72,20.754440000000326,-366.31944444444446,-229.72222222222229,1361.8729827672282
242,-350.72560529446605,-195.90914907060736,44.12611142362012,0.044190727174282074,-0.4681975578640423,-0.5476581009659194,37.235624546821576,0.9324930316588349,0.01,0.0,0.0,0.5,0.44190727174282074,-0.01883103832091661,3.858305804310904,0.044190727174282074,957.4584756887322,171.80411139260866,179.81149799644535,1383.3334299503817,0.7483333333333476,-0.24587928057789826,1,0.0,72,20.748680000000327,-366.31944444444446,-229.72222222222229,1365.638735459624
243,-350.86957702777426,-196.2346822637151,43.59786380799916,0.04417845606803894,-0.4681975578640423,-0.5476581009659194,36.879719842554444,0.9320243626762168,0.01,0.0,0.0,0.5,0.4417845606803894,-0.01929152902155452,3.9397610440107953,0.04417845606803894,960.2587086732458,175.23711489772427,180.25033405967773,1387.0117739405707,0.7483333333333476,-0.25243559724150993,1,0.0,72,20.74580000000033,-366.31944444444446,-229.72222222222229,1369.5702155338847
244,-351.097431182135,-196.0903020609013,43.14733999056999,0.044172316789627075,-0.4681975578640423,-0.5476581009659194,36.9163343453192,0.9323983762538285,0.01,0.0,0.0,0.5,0.44172316789627075,-0.01969880522005398,3.8404012148410005,0.044172316789627075,963.2356219313253,178.64035538352502,180.68534173220945,1390.854654273511,0.7483333333333476,-0.2592802276646207,1,0.0,72,20.740040000000334,-366.31944444444446,-229.72222222222229,1373.6124424517875
245,-351.10849544517225,-195.75940543903602,43.224743077863295,0.044160038232803345,-0.4681975578640423,-0.5476581009659194,37.21351761533353,0.941766733908027,0.01,0.0,0.0,0.5,0.44160038232803345,-0.019202006074205004,1.9421844912827795,0.044160038232803345,966.3840918116827,182.00651824562317,181.11659309277928,1394.8545699379647,0.7483333333333476,-0.26641381541396003,1,0.0,72,20.73428000000034,-366.31944444444446,-229.72222222222229,1377.500625362697
246,-350.71711233686915,-195.37983746588932,43.56211411946043,0.04414776340126991,-0.4659090909090909,-0.5498533724340177,37.72044747808655,0.9286276806791967,0.01,0.0,0.0,0.5,0.4414776340126991,-0.009710922456413898,4.5577165802251205,0.04414776340126991,969.6982731390798,185.32527012346188,181.54414637325826,1399.0024169384162,0.7483333333333476,-0.2738207548901105,1,0.0,72,20.731400000000335,-366.31944444444446,-229.72222222222229,1381.1126711355255
247,-350.59176447132734,-195.07860244591149,43.70696227518203,0.044141627848148346,-0.4659090909090909,-0.5498533724340177,38.046554489761384,0.9422899930042258,0.01,0.0,0.0,0.5,0.44141627848148346,-0.022788582901125603,1.8007089225007984,0.044141627848148346,973.1738911504118,188.59119646753555,181.96807038146315,1403.2920267567072,0.7483333333333476,-0.28153336910873694,1,0.0,72,20.725640000000336,-366.31944444444446,-229.72222222222229,1385.1621419951941
248,-350.483759658411,-194.68028554481623,43.50813516713565,0.044129353016614914,-0.4659090909090909,-0.5498533724340177,38.4539495857831,0.9345985146602241,0.01,0.0,0.0,0.5,0.44129353016614914,-0.009003544612503992,3.3144593985826187,0.044129353016614914,976.8065557658804,191.79817780672266,182.38843744674094,1407.7169104907234,0.7483333333333476,-0.28955159993196194,1,0.0,72,20.71988000000034,-366.31944444444446,-229.72222222222229,1389.3714126953082
249,-350.4929501092885,-194.67787135248219,43.12125605638006,0.04411707818508148,-0.4659090909090909,-0.5498533724340177,38.452365997714345,0.9376622347843445,0.01,0.0,0.0,0.5,0.4411707818508148,-0.016572296992913092,2.689436816934812,0.04411707818508148,980.5910578839852,194.93717992158963,182.80530862728997,1412.268922376954,0.7483333333333476,-0.2978606679351031,1,0.0,72,20.71700000000034,-366.31944444444446,-229.72222222222229,1393.949840940257
250,-350.3418786403093,-195.0472047365255,42.6497359480741,0.044110942631959915,-0.4659090909090909,-0.5498533724340177,38.17904460117943,0.9308374284699928,0.01,0.0,0.0,0.5,0.44110942631959915,-0.01344718408467406,4.029840966157693,0.044110942631959915,984.5234461540692,198.00347691780576,183.21873904464624,1416.9424084222246,0.7483333333333476,-0.30648928493085403,1,0.0,72,20.711240000000345,-366.31944444444446,-229.72222222222229,1398.6114250637665
251,-349.77208630460007,-195.4068170348786,42.1480188147645,0.044098664075136185,-0.4659090909090909,-0.5498533724340177,38.09674650911608,0.9226036262944013,0.01,0.0,0.0,0.5,0.44098664075136185,-0.020149204830788463,5.652056208557495,0.044098664075136185,988.5995239545297,200.99160617825422,183.62878337442035,1421.7312730972528,0.7483333333333476,-0.31543661693746583,1,0.0,72,20.705480000000346,-366.31944444444446,-229.72222222222229,1402.9921895056502
252,-349.02051753275316,-195.51296620346196,41.765636863013405,0.04408638924360275,-0.4659090909090909,-0.5498533724340177,38.33439799518348,0.9244571760879555,0.01,0.0,0.0,0.5,0.4408638924360275,-0.028260281042787473,5.269067693022916,0.04408638924360275,992.8142334776162,203.89339939803196,184.03549785971967,1426.6277937062164,0.7483333333333476,-0.3246883444034201,1,0.0,72,20.702600000000345,-366.31944444444446,-229.72222222222229,1407.2265834790348
253,-348.5189852594114,-195.2062819960482,41.867177354390726,0.04408024996519089,-0.4659090909090909,-0.5498533724340177,38.835634112176535,0.9653896758213657,0.01,0.0,0.0,0.5,0.4408024996519089,-0.02634533846511458,3.699243600070129,0.04408024996519089,997.1635363146869,206.704537250369,184.43893912750147,1431.6264021048064,0.7483333333333476,-0.3342695157043172,1,0.0,72,20.69684000000035,-366.31944444444446,-229.72222222222229,1411.6375111027753
254,-348.30102928245833,-194.59944388439044,42.21988080080919,0.04738858714699745,-0.5785861358956761,-0.5494166094715168,39.47496476398885,0.9596240444970042,0.01,0.0,0.0,0.5,0.4738858714699745,-0.018496218000350645,4.8259530863779645,0.04738858714699745,nan,nan,nan,nan,nan,nan,nan,nan,72,20.691080000000355,-366.31944444444446,-229.72222222222229,nan
255,-348.5285318735676,-194.02779590826387,42.69518160181394,0.0473753847181797,-0.5785861358956761,-0.5494166094715168,39.882435231404706,0.9260361104874685,0.01,0.0,0.0,0.5,0.473753847181797,-0.024129765431889823,4.891899949930613,0.0473753847181797,nan,nan,nan,nan,nan,nan,nan,nan,72,20.688200000000354,-366.31944444444446,-229.72222222222229,nan
256,-348.8262818842289,-193.33737145001552,43.19789821954133,0.04404956474900246,-0.4659090909090909,-0.5498533724340177,40.37162496201859,0.9204408149192759,0.01,0.0,0.0,0.5,0.44049564749002457,-0.024459499749653064,5.986401949921674,0.04404956474900246,nan,nan,nan,nan,nan,nan,nan,nan,72,20.682440000000355,-366.31944444444446,-229.72222222222229,nan
257,-349.18964070231453,-192.96302671968704,43.188366393244934,0.044037286192178726,-0.4659090909090909,-0.5498533724340177,40.554514301585414,0.9352011132948118,0.01,0.0,0.0,0.5,0.44037286192178726,-0.029932009749608367,3.009785161167036,0.044037286192178726,nan,nan,nan,nan,nan,nan,nan,nan,72,20.676680000000356,-366.31944444444446,-229.72222222222229,nan
258,-349.41516849743704,-192.51810627995343,42.90107897357153,0.044025007635354996,-0.4659090909090909,-0.5498533724340177,40.86441958890836,0.8692714103317726,0.01,0.0,0.0,0.5,0.44025007635354996,-0.015048925805835181,4.0305965690519745,0.044025007635354996,nan,nan,nan,nan,nan,nan,nan,nan,72,20.673800000000355,-366.31944444444446,-229.72222222222229,nan
259,-349.6669129728846,-192.48878286750482,42.470010369776006,0.03794243931770325,-0.5105098855359002,-0.5550468262226848,40.78769190077707,0.8719916612910856,0.01,0.0,0.0,0.5,0.37942439317703247,-0.020152982845259872,3.4654463329388734,0.03794243931770325,nan,nan,nan,nan,nan,nan,nan,nan,72,20.66804000000036,-366.31944444444446,-229.72222222222229,nan
260,-350.1082279100897,-192.7595680238151,41.98027916523132,0.037931889295578,-0.5105098855359002,-0.5550468262226848,40.242321660662775,0.8830726412183864,0.01,0.0,0.0,0.5,0.37931889295578003,-0.017327231664694367,4.54848664508615,0.037931889295578,nan,nan,nan,nan,nan,nan,nan,nan,73,20.962240000000364,-366.4041095890411,-229.55479452054783,nan
261,-350.00765229584016,-193.20027788073565,41.545427339490985,0.039581507444381714,-0.5115798180314309,-0.5566583953680727,39.88100665582733,0.8824313326649271,0.01,0.0,0.0,0.5,0.39581507444381714,-0.022742433225430753,4.665757259281419,0.039581507444381714,nan,nan,nan,nan,nan,nan,nan,nan,73,20.959320000000364,-366.4041095890411,-229.55479452054783,nan
262,-349.5115495144899,-193.58991795529894,41.59258778522022,0.03957601264119148,-0.5115798180314309,-0.5566583953680727,39.73450556161371,0.8860410222503329,0.01,0.0,0.0,0.5,0.3957601264119148,-0.023328786296407094,3.9218371492070982,0.03957601264119148,nan,nan,nan,nan,nan,nan,nan,nan,73,20.95348000000037,-366.4041095890411,-229.55479452054783,nan
263,-348.9019407014224,-193.43680121490343,41.91447887662488,0.03956501930952072,-0.5115798180314309,-0.5566583953680727,40.13521341910745,0.881717212867152,0.01,0.0,0.0,0.5,0.3956501930952072,-0.01960918574603549,4.764604911921155,0.03956501930952072,nan,nan,nan,nan,nan,nan,nan,nan,73,20.94764000000037,-366.4041095890411,-229.55479452054783,nan
264,-348.51369713456023,-192.96197432424913,42.3729993318746,0.03955402597784996,-0.5115798180314309,-0.5566583953680727,40.732067805478415,0.8818086776193661,0.01,0.0,0.0,0.5,0.3955402597784996,-0.023823024559605777,4.7353089440527985,0.03955402597784996,nan,nan,nan,nan,nan,nan,nan,nan,73,20.944720000000366,-366.4041095890411,-229.55479452054783,nan
265,-348.60890595750146,-192.46529182540596,42.90211101569172,0.03954852372407913,-0.5115798180314309,-0.5566583953680727,41.59369698307853,0.8824296108929705,0.01,0.0,0.0,0.5,0.3954852372407913,-0.02367654472026399,4.589152017267738,0.03954852372407913,nan,nan,nan,nan,nan,nan,nan,nan,75,21.538760000000373,-366.0333333333333,-230.23333333333323,nan
266,-348.820872169572,-191.8251398148381,43.42733183769497,0.03953753411769867,-0.5115798180314309,-0.5566583953680727,42.08869383418975,0.8491557048679249,0.01,0.0,0.0,0.5,0.3953753411769867,-0.02294576008633869,5.650776407701644,0.03953753411769867,nan,nan,nan,nan,nan,nan,nan,nan,75,21.532760000000373,-366.0333333333333,-230.23333333333323,nan
267,-349.10222926555497,-191.50721092186876,43.425873053963116,0.03674095869064331,-0.506102877070619,-0.590671316477768,42.265527820928384,0.8655248451346594,0.01,0.0,0.0,0.5,0.3674095869064331,-0.02825388203850822,2.3667201973112864,0.03674095869064331,nan,nan,nan,nan,nan,nan,nan,nan,75,21.529760000000373,-366.0333333333333,-230.23333333333323,nan
268,-348.9857313803157,-191.2206833104579,43.134247769267034,0.03673584759235382,-0.506102877070619,-0.590671316477768,42.57472952534031,0.8602139926042419,0.01,0.0,0.0,0.5,0.3673584759235382,-0.011833600986556432,3.4084582311657687,0.03673584759235382,nan,nan,nan,nan,nan,nan,nan,nan,75,21.52376000000038,-366.0333333333333,-230.23333333333323,nan
269,-348.9338835754833,-191.2118892537161,42.695209446961634,0.03672562912106514,-0.506102877070619,-0.590671316477768,42.60357121275074,0.8631006218348001,0.01,0.0,0.0,0.5,0.3672562912106514,-0.017042291155828844,2.8106999128251346,0.03672562912106514,nan,nan,nan,nan,nan,nan,nan,nan,75,21.51776000000038,-366.0333333333333,-230.23333333333323,nan
270,-349.2450639480401,-191.44753944335375,42.19484974976304,0.03671541064977646,-0.506102877070619,-0.590671316477768,42.26326769937628,0.8560960198154643,0.01,0.0,0.0,0.5,0.3671541064977646,-0.014053499564125674,4.201392159648823,0.03671541064977646,nan,nan,nan,nan,nan,nan,nan,nan,75,21.514760000000383,-366.0333333333333,-230.23333333333323,nan
271,-349.11693903932604,-191.8586372145791,41.9282759799601,0.03671029955148697,-0.506102877070619,-0.590671316477768,41.937831347329414,0.8847055630106667,0.01,0.0,0.0,0.5,0.3671029955148697,-0.021006960798244118,4.02401486597579,0.03671029955148697,nan,nan,nan,nan,nan,nan,nan,nan,75,21.508760000000386,-366.0333333333333,-230.23333333333323,nan
272,-348.6184811536538,-192.24633973501994,42.06502734880381,0.039482563734054565,-0.5115798180314309,-0.5566583953680727,40.98260318672237,0.9169832291579291,0.01,0.0,0.0,0.5,0.39482563734054565,-0.02012007432987895,4.035859776019159,0.039482563734054565,nan,nan,nan,nan,nan,nan,nan,nan,77,22.102600000000386,-365.8116883116883,-229.448051948052,nan
273,-348.0052467095426,-192.10762505780974,42.43501486665817,0.04271624982357025,-0.488398415393322,-0.5261271458215432,41.36879068665355,0.9462057050459032,0.01,0.0,0.0,0.5,0.4271624982357025,-0.020179298880095793,4.867823910863304,0.04271624982357025,nan,nan,nan,nan,nan,nan,nan,nan,77,22.099520000000386,-365.8116883116883,-229.448051948052,nan
274,-347.3788630086667,-191.78599224758054,42.878816607539164,0.04605448246002197,-0.6014970593477099,-0.5284263054713955,41.930893020940886,0.911880795112394,0.01,0.0,0.0,0.5,0.4605448246002197,-0.024339119554316523,5.155922104687951,0.04605448246002197,nan,nan,nan,nan,nan,nan,nan,nan,77,22.093360000000388,-365.8116883116883,-229.448051948052,nan
275,-347.20465002413533,-191.5069696682552,43.07530628484225,0.04276604205369949,-0.5976331360946746,-0.5655659476999427,42.25810689556232,0.8963813331985614,0.01,0.0,0.0,0.5,0.42766042053699493,-0.025779610523439755,2.031146461484022,0.04276604205369949,nan,nan,nan,nan,nan,nan,nan,nan,77,22.087200000000394,-365.8116883116883,-229.448051948052,nan
276,-347.29852717464587,-190.97685757611467,43.22001043026655,0.039653703570365906,-0.6278876170655567,-0.569614984391259,42.69390977281749,0.885745724382806,0.01,0.0,0.0,0.5,0.39653703570365906,-0.010155732307420109,4.147241365351661,0.039653703570365906,nan,nan,nan,nan,nan,nan,nan,nan,77,22.084120000000393,-365.8116883116883,-229.448051948052,nan
277,-347.60967010998814,-190.7665012723179,43.00827116906257,0.03964819386601448,-0.6278876170655567,-0.569614984391259,42.750155897895965,0.9232308539131322,0.01,0.0,0.0,0.5,0.3964819386601448,-0.020736206826758304,2.826532197415061,0.03964819386601448,nan,nan,nan,nan,nan,nan,nan,nan,77,22.077960000000395,-365.8116883116883,-229.448051948052,nan
278,-348.1211995141239,-190.86767099210738,42.623881978180066,0.042736347764730453,-0.5976331360946746,-0.5655659476999427,42.442893263802915,0.8852336494442349,0.01,0.0,0.0,0.5,0.42736347764730453,-0.014132660987075305,4.19504657752266,0.042736347764730453,nan,nan,nan,nan,nan,nan,nan,nan,77,22.071800000000398,-365.8116883116883,-229.448051948052,nan
279,-348.53720168342636,-191.3712311004303,42.15825987674623,0.039620887488126755,-0.48870967741935484,-0.5665322580645161,41.81210559313988,0.8783369894350735,0.01,0.0,0.0,0.5,0.39620887488126755,-0.020975232887613302,5.563363641000422,0.039620887488126755,nan,nan,nan,nan,nan,nan,nan,nan,77,22.068720000000397,-365.8116883116883,-229.448051948052,nan
280,-349.0053001977718,-191.81342675641957,41.70943871253134,0.03961538150906563,-0.48870967741935484,-0.5665322580645161,41.216740467317976,0.9128354246789437,0.01,0.0,0.0,0.5,0.3961538150906563,-0.027816818205002113,4.711235376711256,0.03961538150906563,nan,nan,nan,nan,nan,nan,nan,nan,77,22.062560000000403,-365.8116883116883,-229.448051948052,nan
281,-349.3926756872467,-192.1072020897677,41.74242538903327,0.04263916239142418,-0.488398415393322,-0.5261271458215432,40.791212824583965,0.9214955809124258,0.01,0.0,0.0,0.5,0.4263916239142418,-0.023556176883556282,2.955481481394244,0.04263916239142418,nan,nan,nan,nan,nan,nan,nan,nan,77,22.0564000000004,-365.8116883116883,-229.448051948052,nan
282,-349.2969624800219,-192.13030576762154,42.0661112983401,0.04262729734182358,-0.488398415393322,-0.5261271458215432,40.80870433231301,0.9231217386451978,0.01,0.0,0.0,0.5,0.4262729734182358,-0.01477740740697122,2.6184005314584975,0.04262729734182358,nan,nan,nan,nan,nan,nan,nan,nan,77,22.053320000000404,-365.8116883116883,-229.448051948052,nan
283,-349.11565035118525,-191.89297373851002,42.52586177738701,0.042621370404958725,-0.488398415393322,-0.5261271458215432,41.09916766679556,0.8891802793906001,0.01,0.0,0.0,0.5,0.42621370404958725,-0.013092002657292488,3.31760108141369,0.042621370404958725,nan,nan,nan,nan,nan,nan,nan,nan,77,22.047160000000407,-365.8116883116883,-229.448051948052,nan
284,-349.0949086444763,-191.50941148717698,42.942758744592865,0.03957682475447655,-0.48870967741935484,-0.5665322580645161,41.45830631443663,0.88706428115618,0.01,0.0,0.0,0.5,0.3957682475447655,-0.016588005407068448,3.718758930659749,0.03957682475447655,nan,nan,nan,nan,nan,nan,nan,nan,77,22.04100000000041,-365.8116883116883,-229.448051948052,nan
285,-349.28465797717917,-191.49946859522112,42.87644453114539,0.039565809071063995,-0.48870967741935484,-0.5665322580645161,41.39127577357985,0.895323152655831,0.01,0.0,0.0,0.5,0.39565809071063995,-0.018593794653298745,2.055969692375074,0.039565809071063995,nan,nan,nan,nan,nan,nan,nan,nan,77,22.037920000000412,-365.8116883116883,-229.448051948052,nan
286,-349.63416922210206,-191.73818297047325,42.56519717433,0.03956029936671257,-0.48870967741935484,-0.5665322580645161,41.033478309790944,0.8887552939784062,0.01,0.0,0.0,0.5,0.3956029936671257,-0.010279848461875369,3.3475115511510216,0.03956029936671257,nan,nan,nan,nan,nan,nan,nan,nan,77,22.031760000000414,-365.8116883116883,-229.448051948052,nan
287,-349.912376271854,-192.25193679284453,42.13763233890015,0.03954928368330002,-0.48870967741935484,-0.5665322580645161,40.732062490531945,0.9107482690859982,0.01,0.0,0.0,0.5,0.3954928368330002,-0.016737557755755108,4.986342524505697,0.03954928368330002,nan,nan,nan,nan,nan,nan,nan,nan,78,22.325520000000413,-365.83333333333337,-229.74358974358984,nan
288,-350.30284253833304,-192.80092487658032,41.71262967712935,0.04256799817085266,-0.488398415393322,-0.5261271458215432,40.07438872658907,0.9112398611503367,0.01,0.0,0.0,0.5,0.4256799817085266,-0.024931712622528485,4.87616278732767,0.04256799817085266,nan,nan,nan,nan,nan,nan,nan,nan,78,22.322400000000414,-365.83333333333337,-229.74358974358984,nan
289,-350.2665141770608,-193.3488406988302,41.6200597190695,0.04256207123398781,-0.488398415393322,-0.5261271458215432,39.58413339553017,0.9151878039889851,0.01,0.0,0.0,0.5,0.4256207123398781,-0.024380813936638348,4.062851570977384,0.04256207123398781,nan,nan,nan,nan,nan,nan,nan,nan,78,22.31616000000042,-365.83333333333337,-229.74358974358984,nan
290,-349.81548678630304,-193.6629848048223,41.852517516926085,0.042550209909677505,-0.488398415393322,-0.5261271458215432,39.72280147676445,0.9735519794810905,0.01,0.0,0.0,0.5,0.42550209909677505,-0.02031425785488692,3.682354843833159,0.042550209909677505,nan,nan,nan,nan,nan,nan,nan,nan,79,22.609840000000425,-365.79113924050625,-230.0316455696202,nan
291,-349.2605774988547,-193.45002072308554,42.27101055010657,0.04819637909531593,-0.4543293718166384,-0.5181663837011884,40.143178099238185,0.9679829683707574,0.01,0.0,0.0,0.5,0.48196379095315933,-0.018411774219165795,4.782674495251601,0.04819637909531593,nan,nan,nan,nan,nan,nan,nan,nan,79,22.606680000000424,-365.79113924050625,-230.0316455696202,nan
292,-348.7060902079881,-193.10620750284292,42.769184880245604,0.04818963259458542,-0.4543293718166384,-0.5181663837011884,40.686445861821774,0.9664544651196354,0.01,0.0,0.0,0.5,0.4818963259458542,-0.023913372476258004,5.061410004179605,0.04818963259458542,nan,nan,nan,nan,nan,nan,nan,nan,79,22.600360000000425,-365.79113924050625,-230.0316455696202,nan
293,-348.5238314556228,-192.96978711088076,42.75736777449604,0.048176150768995285,-0.4543293718166384,-0.5181663837011884,40.88693276040075,0.9893978980274964,0.01,0.0,0.0,0.5,0.48176150768995285,-0.025307050020898024,0.4457463603820699,0.048176150768995285,nan,nan,nan,nan,nan,nan,nan,nan,79,22.594040000000426,-365.79113924050625,-230.0316455696202,nan
294,-348.6207005752862,-192.579839447678,42.47373816758034,0.04816266521811485,-0.4543293718166384,-0.5181663837011884,41.200263903907576,0.9159618265045233,0.01,0.0,0.0,0.5,0.48162665218114853,-0.0022287318019103496,3.8131803152452366,0.04816266521811485,nan,nan,nan,nan,nan,nan,nan,nan,79,22.59088000000043,-365.79113924050625,-230.0316455696202,nan
295,-348.93515415028855,-192.45103103569792,42.05197470169432,0.04250277578830719,-0.488398415393322,-0.5261271458215432,41.18770231645474,0.9171970692219248,0.01,0.0,0.0,0.5,0.4250277578830719,-0.019065901576226185,3.54240912314435,0.04250277578830719,nan,nan,nan,nan,nan,nan,nan,nan,79,22.584560000000437,-365.79113924050625,-230.0316455696202,nan
296,-349.43880708115273,-192.60094190206857,41.57116031500428,0.04249091446399689,-0.488398415393322,-0.5261271458215432,40.846742147910525,0.9120342583505636,0.01,0.0,0.0,0.5,0.42490914463996887,-0.01771204561572175,4.55124864879598,0.04249091446399689,nan,nan,nan,nan,nan,nan,nan,nan,79,22.578240000000434,-365.79113924050625,-230.0316455696202,nan
297,-349.83062220153573,-193.12661069077842,41.06471200236941,0.042479053139686584,-0.488398415393322,-0.5261271458215432,40.208453135625554,0.9062224430699174,0.01,0.0,0.0,0.5,0.42479053139686584,-0.022756243243979898,5.701762301543862,0.042479053139686584,nan,nan,nan,nan,nan,nan,nan,nan,79,22.575080000000433,-365.79113924050625,-230.0316455696202,nan
298,-350.24154672274136,-193.6387177763803,40.55331348782548,0.04247312247753143,-0.488398415393322,-0.5261271458215432,39.575687243969654,0.909945325290196,0.01,0.0,0.0,0.5,0.42473122477531433,-0.028508811507719313,4.933463208867543,0.04247312247753143,nan,nan,nan,nan,nan,nan,nan,nan,79,22.568760000000438,-365.79113924050625,-230.0316455696202,nan
299,-350.5757996000947,-194.00536102664134,40.26978969973074,0.04246126487851143,-0.488398415393322,-0.5261271458215432,39.10754068392382,0.9480429341828096,0.01,0.0,0.0,0.5,0.4246126487851143,-0.02466731604433772,3.496874284043549,0.04246126487851143,nan,nan,nan,nan,nan,nan,nan,nan,79,22.56244000000044,-365.79113924050625,-230.0316455696202,nan
300,-350.44271563658316,-194.16415574998243,40.43342953996082,0.04555273428559303,-0.4462074978204011,-0.5306015693112468,39.01347117454793,0.9554670618704857,0.01,0.0,0.0,0.5,0.45552734285593033,-0.017484371420217745,1.9993291153132626,0.04555273428559303,nan,nan,nan,nan,nan,nan,nan,nan,79,22.559280000000438,-365.79113924050625,-230.0316455696202,nan
301,-349.9808282386327,-193.97633271286878,40.822407527053926,0.04554637148976326,-0.4462074978204011,-0.5306015693112468,38.95544913318178,0.9306211175268293,0.01,0.0,0.0,0.5,0.4554637148976326,-0.009996645576566314,4.235680783879751,0.04554637148976326,nan,nan,nan,nan,nan,nan,nan,nan,80,22.852880000000447,-365.6875,-229.625,nan
302,-349.67866526182416,-193.85655802033355,41.202798369571894,0.044179949909448624,-0.47949699289229086,-0.5126663021687625,39.18755199456825,0.9379814488768887,0.01,0.0,0.0,0.5,0.44179949909448624,-0.021178403919398753,2.738962032788753,0.044179949909448624,nan,nan,nan,nan,nan,nan,nan,nan,80,22.846480000000447,-365.6875,-229.625,nan
303,-349.6582171297617,-194.0095156168829,41.12840552692669,0.04416762292385101,-0.47949699289229086,-0.5126663021687625,39.056377676100134,0.9431376962405943,0.01,0.0,0.0,0.5,0.44167622923851013,-0.013694810163943765,1.6953863195080985,0.04416762292385101,nan,nan,nan,nan,nan,nan,nan,nan,80,22.843280000000444,-365.6875,-229.625,nan
304,-349.87165179818504,-194.15210443556754,40.82830809908434,0.04416146129369736,-0.47949699289229086,-0.5126663021687625,38.8389929589837,0.9388801117789026,0.01,0.0,0.0,0.5,0.44161461293697357,-0.008476931597540493,2.522250730767336,0.04416146129369736,nan,nan,nan,nan,nan,nan,nan,nan,80,22.836880000000452,-365.6875,-229.625,nan
305,-350.1756866817175,-194.2214210852089,40.42324107751334,0.04414913430809975,-0.47949699289229086,-0.5126663021687625,38.997508660025304,0.9353412222124601,0.01,0.0,0.0,0.5,0.44149134308099747,-0.01261125365383668,3.2053761629767403,0.04414913430809975,nan,nan,nan,nan,nan,nan,nan,nan,82,23.43036000000045,-365.54878048780483,-230.06097560975604,nan
306,-350.5512386204044,-194.36369898323971,40.15099091785158,0.044136807322502136,-0.47949699289229086,-0.5126663021687625,38.575062111159646,0.9854153554269427,0.01,0.0,0.0,0.5,0.44136807322502136,-0.016026880814883702,3.0913578544308042,0.044136807322502136,nan,nan,nan,nan,nan,nan,nan,nan,83,23.727040000000454,-365.3915662650602,-229.96987951807228,nan
307,-350.61472788600184,-194.7552393951416,39.81993310337762,0.04908721521496773,-0.4164660568127106,-0.534585138822019,37.805441550696926,0.9996026700150613,0.01,0.0,0.0,0.5,0.4908721521496773,-0.015456789272154022,3.7936002132963296,0.04908721521496773,nan,nan,nan,nan,nan,nan,nan,nan,84,24.02036000000046,-365.17857142857144,-229.6428571428571,nan
308,-350.27498456642326,-194.955547663168,39.8343014262303,0.0508570671081543,-0.3923195084485407,-0.5244239631336406,37.75349441174056,1.0479349829607227,0.01,0.0,0.0,0.5,0.508570671081543,-0.01896800106648165,2.646167241473603,0.0508570671081543,nan,nan,nan,nan,nan,nan,nan,nan,84,24.01364000000046,-365.17857142857144,-229.6428571428571,nan
309,-349.8008928743599,-194.6626357430362,40.14863049194298,0.055116575211286545,-0.4010035842293907,-0.47899641577060936,38.21110946959206,0.997982545406051,0.01,0.0,0.0,0.5,0.5511657521128654,-0.013230836207368016,4.2886189400300205,0.055116575211286545,nan,nan,nan,nan,nan,nan,nan,nan,84,24.01028000000046,-365.17857142857144,-229.6428571428571,nan
310,-349.36908649674524,-194.21286650748578,40.61092115980265,0.050942562520504,-0.5547433656443668,-0.5153344986492928,38.629955074170795,1.0125335487608098,0.01,0.0,0.0,0.5,0.50942562520504,-0.021443094700150104,4.829574885289214,0.050942562520504,nan,nan,nan,nan,nan,nan,nan,nan,85,24.303520000000464,-365.0882352941177,-229.5,nan
311,-349.3495063100352,-193.79304498100683,40.967637003334616,0.05266813933849335,-0.5477697175490045,-0.5224571693162524,39.02171481063843,0.9829104554625034,0.01,0.0,0.0,0.5,0.5266813933849335,-0.024147874426446073,3.3568041330242133,0.05266813933849335,nan,nan,nan,nan,nan,nan,nan,nan,85,24.296720000000466,-365.0882352941177,-229.5,nan
312,-349.51196811262315,-193.19283770004816,40.888896242263584,0.04896944388747215,-0.434747011626003,-0.5228426395939086,39.50734278060659,0.9771608343962888,0.01,0.0,0.0,0.5,0.4896944388747215,-0.016784020665121066,4.4930908035425325,0.04896944388747215,nan,nan,nan,nan,nan,nan,nan,nan,85,24.293320000000467,-365.0882352941177,-229.5,nan
313,-349.79379610068673,-192.73306401068248,40.581975140643074,0.048962630331516266,-0.434747011626003,-0.5228426395939086,39.82119350652525,0.981583898909756,0.01,0.0,0.0,0.5,0.48962630331516266,-0.022465454017712664,3.5812266572577927,0.048962630331516266,nan,nan,nan,nan,nan,nan,nan,nan,85,24.28652000000047,-365.0882352941177,-229.5,nan
314,-349.7151103647217,-192.54632657637595,40.15060287450522,0.048948999494314194,-0.434747011626003,-0.5228426395939086,40.02382977170819,1.0202856650734151,0.01,0.0,0.0,0.5,0.48948999494314194,-0.017906133286288962,3.1765362663228394,0.048948999494314194,nan,nan,nan,nan,nan,nan,nan,nan,85,24.279720000000474,-365.0882352941177,-229.5,nan
315,-349.3282349664695,-192.63187877408987,39.65921223659073,0.05261684209108353,-0.5477697175490045,-0.5224571693162524,40.095336051165305,1.0154349642484715,0.01,0.0,0.0,0.5,0.5261684209108353,-0.015882681331614197,4.132037530554746,0.05261684209108353,nan,nan,nan,nan,nan,nan,nan,nan,85,24.276320000000474,-365.0882352941177,-229.5,nan
316,-348.9609832367884,-192.64461847380318,39.15504673331699,0.052609510719776154,-0.5477697175490045,-0.5224571693162524,40.22943457671461,1.0174565877732922,0.01,0.0,0.0,0.5,0.5260951071977615,-0.02066018765277373,3.698387340361088,0.052609510719776154,nan,nan,nan,nan,nan,nan,nan,nan,85,24.269520000000476,-365.0882352941177,-229.5,nan
317,-348.757380856019,-192.34834587361092,39.19718044897849,0.052594855427742004,-0.5477697175490045,-0.5224571693162524,40.582535788257616,1.023401457494575,0.01,0.0,0.0,0.5,0.52594855427742,-0.01849193670180544,2.4800879108750533,0.052594855427742004,nan,nan,nan,nan,nan,nan,nan,nan,85,24.26272000000048,-365.0882352941177,-229.5,nan
318,-348.6650469016861,-191.76580429872155,39.52742171519363,0.05258019641041756,-0.5477697175490045,-0.5224571693162524,41.153257977901106,1.0124666639418254,0.01,0.0,0.0,0.5,0.5258019641041756,-0.012400439554375267,4.652407720668144,0.05258019641041756,nan,nan,nan,nan,nan,nan,nan,nan,85,24.25932000000048,-365.0882352941177,-229.5,nan
319,-348.9347374571416,-191.20167888268665,39.99689199156823,0.052572865039110184,-0.5477697175490045,-0.5224571693162524,41.56557340845957,1.0110250290277458,0.01,0.0,0.0,0.5,0.5257286503911018,-0.02326203860334072,4.9114092182545495,0.052572865039110184,nan,nan,nan,nan,nan,nan,nan,nan,85,24.252520000000484,-365.0882352941177,-229.5,nan
320,-349.24167346498024,-190.4992426567437,40.52291775248979,0.052558209747076035,-0.5477697175490045,-0.5224571693162524,42.0971803705692,1.0045663980153356,0.01,0.0,0.0,0.5,0.5255820974707603,-0.02455704609127275,6.173833777364983,0.052558209747076035,nan,nan,nan,nan,nan,nan,nan,nan,85,24.245720000000485,-365.0882352941177,-229.5,nan
321,-349.629767439112,-190.21280846057965,40.60006352669653,0.052543554455041885,-0.5477697175490045,-0.5224571693162524,42.219043658985754,0.9491102670720627,0.01,0.0,0.0,0.5,0.5254355445504189,-0.030869168886824918,3.005614298752756,0.052543554455041885,nan,nan,nan,nan,nan,nan,nan,nan,85,24.242320000000486,-365.0882352941177,-229.5,nan
322,-349.6092127187446,-189.94848353753207,40.364252403373634,0.04541383311152458,-0.433888691953208,-0.5611485288904643,42.47260993122252,0.9831519334043881,0.01,0.0,0.0,0.5,0.4541383311152458,-0.01502807149376378,3.0009247357483653,0.04541383311152458,nan,nan,nan,nan,nan,nan,nan,nan,85,24.235520000000488,-365.0882352941177,-229.5,nan
323,-349.59898203448967,-189.9704445781234,39.96070775448075,0.04881565272808075,-0.538562305551007,-0.5614868184051088,42.455891445029295,0.9358390183483098,0.01,0.0,0.0,0.5,0.4881565272808075,-0.015004623678741827,2.7461744301610294,0.04881565272808075,nan,nan,nan,nan,nan,nan,nan,nan,85,24.228720000000493,-365.0882352941177,-229.5,nan
324,-349.87262661154875,-190.2519860623134,39.48902056844385,0.04395698755979538,-0.5579723502304148,-0.6029493087557605,42.24999531008322,1.006412524066823,0.01,0.0,0.0,0.5,0.4395698755979538,-0.013730872150805148,3.9808733299459482,0.04395698755979538,nan,nan,nan,nan,nan,nan,nan,nan,86,24.525280000000496,-364.82558139534876,-229.76744186046517,nan
325,-349.68249157827785,-190.68318013034514,39.48669371554231,0.05163169652223587,-0.5170777988614801,-0.5698924731182795,41.91530369920278,1.0583131806600719,0.01,0.0,0.0,0.5,0.5163169652223587,-0.019904366649729742,3.989450125920181,0.05163169652223587,nan,nan,nan,nan,nan,nan,nan,nan,86,24.518400000000494,-364.82558139534876,-229.76744186046517,nan
326,-349.1305969005862,-191.0207771133154,39.75670643340618,0.056826040148735046,-0.5057552934489129,-0.5236606508455308,41.80474335908372,1.0131405845822652,0.01,0.0,0.0,0.5,0.5682604014873505,-0.019947250629600906,4.3123928796895346,0.056826040148735046,nan,nan,nan,nan,nan,nan,nan,nan,86,24.511520000000502,-364.82558139534876,-229.76744186046517,nan
327,-348.49834310483044,-190.8329176845383,40.192315093399024,0.052470263093709946,-0.5477697175490045,-0.5224571693162524,42.21937805085719,1.0086866504582106,0.01,0.0,0.0,0.5,0.5247026309370995,-0.021561964398447674,5.1885408037436,0.052470263093709946,nan,nan,nan,nan,nan,nan,nan,nan,86,24.508080000000497,-364.82558139534876,-229.76744186046517,nan
328,-347.85017222848035,-190.5469130388518,40.68266273789344,0.05246293544769287,-0.5477697175490045,-0.5224571693162524,42.73656979016454,1.0080160346668932,0.01,0.0,0.0,0.5,0.5246293544769287,-0.025942704018718003,5.293338476777622,0.05246293544769287,nan,nan,nan,nan,nan,nan,nan,nan,86,24.5012000000005,-364.82558139534876,-229.76744186046517,nan
329,-347.6450857710627,-190.19428470934,41.05708814930309,0.05244827643036842,-0.5477697175490045,-0.5224571693162524,43.1416758692075,0.9808473410178596,0.01,0.0,0.0,0.5,0.5244827643036842,-0.026466692383888112,3.2983595933641174,0.05244827643036842,nan,nan,nan,nan,nan,nan,nan,nan,86,24.494320000000503,-364.82558139534876,-229.76744186046517,nan
330,-347.6787155688612,-189.58022363597667,41.02942325898049,0.0487339124083519,-0.538562305551007,-0.5614868184051088,43.69241943740616,0.9750583442125909,0.01,0.0,0.0,0.5,0.487339124083519,-0.016491797966820588,4.442533332622209,0.0487339124083519,nan,nan,nan,nan,nan,nan,nan,nan,86,24.490880000000505,-364.82558139534876,-229.76744186046517,nan
331,-348.0040043467139,-189.0387751633597,40.738534708571684,0.04872710257768631,-0.538562305551007,-0.5614868184051088,44.082471738827465,0.9272413962108735,0.01,0.0,0.0,0.5,0.4872710257768631,-0.022212666663111044,4.305648465497424,0.04872710257768631,nan,nan,nan,nan,nan,nan,nan,nan,87,24.78392000000051,-364.5114942528735,-229.91379310344826,nan
332,-348.46784675142055,-188.80442265292774,40.31647631496094,0.04387696459889412,-0.5579723502304148,-0.6029493087557605,44.12911696362172,0.9282256704754709,0.01,0.0,0.0,0.5,0.4387696459889412,-0.02152824232748712,4.084176894285712,0.04387696459889412,nan,nan,nan,nan,nan,nan,nan,nan,87,24.776960000000514,-364.5114942528735,-229.91379310344826,nan
333,-348.8555493642976,-189.10117219313784,39.82877591148415,0.0438646525144577,-0.5579723502304148,-0.6029493087557605,43.71245401396303,0.9241605025063269,0.01,0.0,0.0,0.5,0.438646525144577,-0.020420884471428563,4.88489616850391,0.0438646525144577,nan,nan,nan,nan,nan,nan,nan,nan,87,24.773480000000514,-364.5114942528735,-229.91379310344826,nan
334,-349.3528934686651,-189.53356267985413,39.320895301838355,0.043858498334884644,-0.5579723502304148,-0.6029493087557605,43.13173062604328,0.9593818968415221,0.01,0.0,0.0,0.5,0.43858498334884644,-0.02442448084251955,5.175159575939977,0.043858498334884644,nan,nan,nan,nan,nan,nan,nan,nan,87,24.766520000000515,-364.5114942528735,-229.91379310344826,nan
335,-349.6293817721308,-189.96943727352797,38.82645398186083,0.04752577096223831,-0.5534013036937991,-0.5677753635300017,42.6266211956421,1.002470279126389,0.01,0.0,0.0,0.5,0.4752577096223831,-0.02587579787969989,4.494568747476065,0.04752577096223831,nan,nan,nan,nan,nan,nan,nan,nan,87,24.75956000000052,-364.5114942528735,-229.91379310344826,nan
336,-349.4775154506268,-190.36241152833506,38.8755571991064,0.051494307816028595,-0.5170777988614801,-0.5698924731182795,42.31231857422382,1.0121222314672602,0.01,0.0,0.0,0.5,0.514943078160286,-0.022472843737380326,2.549706271550422,0.051494307816028595,nan,nan,nan,nan,nan,nan,nan,nan,87,24.75608000000052,-364.5114942528735,-229.91379310344826,nan
337,-348.98943747413705,-190.39392603666417,39.20675084060187,0.05148707330226898,-0.5170777988614801,-0.5698924731182795,42.24553790921927,0.9830096392608504,0.01,0.0,0.0,0.5,0.5148707330226898,-0.012748531357752111,4.058898830874361,0.05148707330226898,nan,nan,nan,nan,nan,nan,nan,nan,88,25.049040000000524,-364.43181818181824,-229.715909090909,nan
338,-348.4746550552355,-190.4289733079732,39.67532478000572,0.04933041334152222,-0.5457803844900618,-0.5734767025089605,42.40394295653289,1.0294397669194622,0.01,0.0,0.0,0.5,0.49330413341522217,-0.020294494154371807,4.150066750079761,0.04933041334152222,nan,nan,nan,nan,nan,nan,nan,nan,88,25.042000000000524,-364.43181818181824,-229.715909090909,nan
339,-348.291792184869,-190.56072235156722,40.20081434979896,0.054019007831811905,-0.5399849962490622,-0.5261815453863466,42.351258396592236,1.0333195392715415,0.01,0.0,0.0,0.5,0.540190078318119,-0.020750333750398805,3.3590203836067327,0.054019007831811905,nan,nan,nan,nan,nan,nan,nan,nan,88,25.03848000000053,-364.43181818181824,-229.715909090909,nan
340,-348.49273242008564,-190.79012999928239,40.538246991694564,0.05401145666837692,-0.5399849962490622,-0.5261815453863466,42.062700018068064,1.034259214797298,0.01,0.0,0.0,0.5,0.5401145666837692,-0.016795101918033663,3.1408538026253643,0.05401145666837692,nan,nan,nan,nan,nan,nan,nan,nan,88,25.03144000000053,-364.43181818181824,-229.715909090909,nan
341,-348.46051430475444,-190.81306083720924,40.71811371012106,0.05399634689092636,-0.5399849962490622,-0.5261815453863466,42.18169654058228,1.0424758485477752,0.01,0.0,0.0,0.5,0.5399634689092636,-0.015704269013126822,1.4672955766998501,0.05399634689092636,nan,nan,nan,nan,nan,nan,nan,nan,89,25.32436000000053,-364.6910112359551,-229.74719101123594,nan
342,-348.5362937496771,-190.88485422754604,40.52669821055574,0.0539812333881855,-0.5399849962490622,-0.5261815453863466,42.086293699379056,1.0411673454972343,0.01,0.0,0.0,0.5,0.539812333881855,-0.00733647788349925,1.7138804488929646,0.0539812333881855,nan,nan,nan,nan,nan,nan,nan,nan,89,25.32080000000054,-364.6910112359551,-229.74719101123594,nan
343,-348.7227895243764,-191.34330803618735,40.15896821053441,0.05397367849946022,-0.5399849962490622,-0.5261815453863466,41.59137329051975,1.0268227349308,0.01,0.0,0.0,0.5,0.5397367849946022,-0.008569402244464824,4.552594928207698,0.05397367849946022,nan,nan,nan,nan,nan,nan,nan,nan,89,25.313680000000538,-364.6910112359551,-229.74719101123594,nan
344,-348.9813893496785,-191.89352545526248,40.02945282960044,0.05395856872200966,-0.5399849962490622,-0.5261815453863466,40.98404830947367,1.0308156848043297,0.01,0.0,0.0,0.5,0.5395856872200966,-0.02276297464103849,3.7237973195295506,0.05395856872200966,nan,nan,nan,nan,nan,nan,nan,nan,89,25.306560000000538,-364.6910112359551,-229.74719101123594,nan
345,-348.93408576969586,-192.04318761001997,40.27653187674965,0.0539434589445591,-0.5399849962490622,-0.5261815453863466,40.86407435178429,1.0397986663109402,0.01,0.0,0.0,0.5,0.539434589445591,-0.018618986597647755,1.9120852802924257,0.0539434589445591,nan,nan,nan,nan,nan,nan,nan,nan,89,25.30300000000054,-364.6910112359551,-229.74719101123594,nan
346,-348.7744644081606,-191.77821933188898,40.71151934914528,0.053935907781124115,-0.5426590292432921,-0.5275851673198674,41.170125981206645,1.0306371095451734,0.01,0.0,0.0,0.5,0.5393590778112411,-0.00956042640146213,3.71416515761572,0.053935907781124115,nan,nan,nan,nan,nan,nan,nan,nan,89,25.29588000000054,-364.6910112359551,-229.74719101123594,nan
347,-348.9693327908812,-191.37618906838588,41.23538214408182,0.05392079800367355,-0.5426590292432921,-0.5275851673198674,41.46691407891964,1.0270229385816645,0.01,0.0,0.0,0.5,0.5392079800367355,-0.0185708257880786,4.406767874487436,0.05392079800367355,nan,nan,nan,nan,nan,nan,nan,nan,89,25.288760000000547,-364.6910112359551,-229.74719101123594,nan
348,-349.24606981019883,-190.7704349488402,41.779736731844935,0.053905684500932693,-0.5426590292432921,-0.5275851673198674,41.925335166132484,0.9481399355565808,0.01,0.0,0.0,0.5,0.5390568450093269,-0.022033839372437178,5.753942286266834,0.053905684500932693,nan,nan,nan,nan,nan,nan,nan,nan,89,25.285200000000547,-364.6910112359551,-229.74719101123594,nan
349,-349.5978941264626,-190.64451464848585,41.79204322045433,0.04669096693396568,-0.4298169136878814,-0.563382737576286,41.91445434227707,0.963269221519765,0.01,0.0,0.0,0.5,0.46690966933965683,-0.02876971143133417,2.7019186545736065,0.04669096693396568,nan,nan,nan,nan,nan,nan,nan,nan,89,25.27808000000055,-364.6910112359551,-229.74719101123594,nan
350,-349.8561029556264,-190.87240781555835,41.523400776836034,0.046677879989147186,-0.4298169136878814,-0.563382737576286,41.6091729333413,0.9638524603216901,0.01,0.0,0.0,0.5,0.46677879989147186,-0.013509593272868032,2.5591044551321973,0.046677879989147186,nan,nan,nan,nan,nan,nan,nan,nan,89,25.270960000000557,-364.6910112359551,-229.74719101123594,nan
351,-350.0258817348703,-191.40042064086703,41.12043725855487,0.04666479676961899,-0.4298169136878814,-0.563382737576286,41.05533852157829,0.9875557971010231,0.01,0.0,0.0,0.5,0.4666479676961899,-0.012795522275660987,4.8428444860453626,0.04666479676961899,nan,nan,nan,nan,nan,nan,nan,nan,89,25.267400000000556,-364.6910112359551,-229.74719101123594,nan
352,-350.4045956967105,-191.94319221916695,40.66345234400859,0.05017700418829918,-0.4329032258064517,-0.5264516129032258,40.41341353598733,0.9866828592807073,0.01,0.0,0.0,0.5,0.5017700418829918,-0.024214222430226813,4.989274815916655,0.05017700418829918,nan,nan,nan,nan,nan,nan,nan,nan,89,25.260280000000556,-364.6910112359551,-229.74719101123594,nan
353,-350.2743805176785,-192.52585541302437,40.72447007540265,0.05016292631626129,-0.4329032258064517,-0.5264516129032258,39.91574958561907,0.9880251282469016,0.01,0.0,0.0,0.5,0.5016292631626129,-0.024946374079583278,4.692663788485892,0.05016292631626129,nan,nan,nan,nan,nan,nan,nan,nan,89,25.25316000000056,-364.6910112359551,-229.74719101123594,nan
354,-349.7817103909554,-193.02502042784113,41.05521852950988,0.0501488521695137,-0.4329032258064517,-0.5264516129032258,39.6333832020767,0.9884372156141202,0.01,0.0,0.0,0.5,0.501488521695137,-0.02346331894242946,4.596179618875176,0.0501488521695137,nan,nan,nan,nan,nan,nan,nan,nan,89,25.249600000000562,-364.6910112359551,-229.74719101123594,nan
355,-349.1726959559159,-192.950284650081,41.5230051192343,0.05014181509613991,-0.4329032258064517,-0.5264516129032258,39.93532805527336,0.9858529925680987,0.01,0.0,0.0,0.5,0.5014181509613991,-0.02298089809437588,5.0848908357455045,0.05014181509613991,nan,nan,nan,nan,nan,nan,nan,nan,89,25.242480000000562,-364.6910112359551,-229.74719101123594,nan
356,-348.85586616750084,-192.81868197246652,41.58407462702431,0.05012773722410202,-0.4329032258064517,-0.5264516129032258,39.81282479881135,1.0195436087887597,0.01,0.0,0.0,0.5,0.5012773722410202,-0.02542445417872752,1.4488555661616145,0.05012773722410202,nan,nan,nan,nan,nan,nan,nan,nan,90,25.535280000000565,-364.7222222222222,-229.33333333333337,nan
357,-348.92329943708734,-192.61534861210748,41.41003609193708,0.051678791642189026,-0.4355617889979741,-0.5078697210534517,39.97269522009781,1.0541296981234298,0.01,0.0,0.0,0.5,0.5167879164218903,-0.007244277830808073,2.112609417062075,0.051678791642189026,nan,nan,nan,nan,nan,nan,nan,nan,90,25.53168000000057,-364.7222222222222,-229.33333333333337,nan
358,-349.22045468361216,-192.43979199272493,41.05818159835595,0.055469270795583725,-0.5457597431031966,-0.5101445044519048,40.09707025124091,1.0105602081776661,0.01,0.0,0.0,0.5,0.5546927079558372,-0.010563047085310376,3.202071981410129,0.055469270795583725,nan,nan,nan,nan,nan,nan,nan,nan,91,25.82444000000057,-364.9725274725274,-229.3131868131868,nan
359,-349.5265167096367,-192.73543583815274,40.618505476774565,0.0516570545732975,-0.4355617889979741,-0.5078697210534517,39.705303359613566,1.0419409224089893,0.01,0.0,0.0,0.5,0.516570545732975,-0.016010359907050645,4.488137310804685,0.0516570545732975,nan,nan,nan,nan,nan,nan,nan,nan,91,25.817160000000573,-364.9725274725274,-229.3131868131868,nan
360,-349.996760785377,-193.17151181914255,40.198637905959515,0.05543815344572067,-0.5457597431031966,-0.5101445044519048,39.12153191329665,1.002147139603233,0.01,0.0,0.0,0.5,0.5543815344572067,-0.022440686554023426,4.841198147468626,0.05543815344572067,nan,nan,nan,nan,nan,nan,nan,nan,91,25.813520000000572,-364.9725274725274,-229.3131868131868,nan
361,-350.4188086313588,-193.6734896218487,39.74475286312548,0.051635317504405975,-0.4355617889979741,-0.5078697210534517,38.49673684870006,1.0400787761319665,0.01,0.0,0.0,0.5,0.5163531750440598,-0.02420599073734313,5.178497741441151,0.051635317504405975,nan,nan,nan,nan,nan,nan,nan,nan,91,25.806240000000578,-364.9725274725274,-229.3131868131868,nan
362,-350.8789585532115,-193.9505961988485,39.28748171100099,0.055597126483917236,-0.3863799283154122,-0.5134050179211469,38.0675912009257,1.0442598802244265,0.01,0.0,0.0,0.5,0.5559712648391724,-0.025892488707205757,4.31106793094479,0.055597126483917236,nan,nan,nan,nan,nan,nan,nan,nan,91,25.798960000000584,-364.9725274725274,-229.3131868131868,nan
363,-351.05013101156436,-194.22250214402104,39.26969289404777,0.05558151751756668,-0.3863799283154122,-0.5134050179211469,37.751679085400454,1.054005870757958,0.01,0.0,0.0,0.5,0.5558151751756668,-0.021555339654723952,2.3462772491652295,0.05558151751756668,nan,nan,nan,nan,nan,nan,nan,nan,91,25.795320000000583,-364.9725274725274,-229.3131868131868,nan
364,-350.74472025654427,-194.37844799245036,39.55407846863755,0.055573720484972,-0.3863799283154122,-0.5134050179211469,37.720902357290605,1.0499978902917555,0.01,0.0,0.0,0.5,0.55573720484972,-0.011731386245826148,3.116640508543417,0.055573720484972,nan,nan,nan,nan,nan,nan,nan,nan,91,25.788040000000585,-364.9725274725274,-229.3131868131868,nan
365,-350.1804376909358,-194.25560987253613,39.91838247593584,0.055558107793331146,-0.3863799283154122,-0.5134050179211469,38.050487789991735,1.0432725597257173,0.01,0.0,0.0,0.5,0.5555810779333115,-0.015583202542717086,4.430497629746679,0.055558107793331146,nan,nan,nan,nan,nan,nan,nan,nan,91,25.780760000000583,-364.9725274725274,-229.3131868131868,nan
366,-349.82554087763964,-194.33351910704135,39.847387641277706,0.05554250255227089,-0.3863799283154122,-0.5134050179211469,38.11834670782647,1.0535277973351755,0.01,0.0,0.0,0.5,0.5554250255227089,-0.022152488148733395,1.9996016276304407,0.05554250255227089,nan,nan,nan,nan,nan,nan,nan,nan,91,25.77712000000059,-364.9725274725274,-229.3131868131868,nan
367,-349.52662360825155,-194.3952984540357,39.54370697231482,0.055352579802274704,-0.5457597431031966,-0.5101445044519048,38.36455062216415,1.0501477874416847,0.01,0.0,0.0,0.5,0.553525798022747,-0.009998008138152204,2.644489981755823,0.055352579802274704,nan,nan,nan,nan,nan,nan,nan,nan,92,26.069760000000592,-364.72826086956525,-229.61956521739125,nan
368,-349.52017321362865,-194.5019166965301,39.125917266158424,0.05533701926469803,-0.5457597431031966,-0.5101445044519048,38.26924571748695,1.1475026060483373,0.01,0.0,0.0,0.5,0.5533701926469803,-0.013222449908779115,2.698625061084511,0.05533701926469803,nan,nan,nan,nan,nan,nan,nan,nan,92,26.062400000000594,-364.72826086956525,-229.61956521739125,nan
369,-349.6256034277929,-194.95231956866,38.6826639159174,0.0650995746254921,-0.5004962779156328,-0.4724565756823822,37.81412676068295,1.1378831070805342,0.01,0.0,0.0,0.5,0.650995746254921,-0.013493125305422555,4.604214307770128,0.0650995746254921,nan,nan,nan,nan,nan,nan,nan,nan,92,26.058720000000594,-364.72826086956525,-229.61956521739125,nan
370,-349.51632289808396,-195.55133114565768,38.69003043060962,0.06509041786193848,-0.5004962779156328,-0.4724565756823822,37.310154510731024,1.1423267602837845,0.01,0.0,0.0,0.5,0.6509041786193848,-0.023021071538850642,3.678862573370059,0.06509041786193848,nan,nan,nan,nan,nan,nan,nan,nan,92,26.051360000000596,-364.72826086956525,-229.61956521739125,nan
371,-349.4628778347659,-195.7547078107422,38.82337610493893,0.06507211178541183,-0.5004962779156328,-0.4724565756823822,37.14647340423871,1.1556646844353087,0.01,0.0,0.0,0.5,0.6507211178541183,-0.018394312866850296,0.9746804911731469,0.06507211178541183,nan,nan,nan,nan,nan,nan,nan,nan,92,26.044000000000604,-364.72826086956525,-229.61956521739125,nan
372,-349.5375962154296,-195.4237571850421,39.2045908700651,0.06505380570888519,-0.5004962779156328,-0.4724565756823822,37.418038158349276,1.1405084271360728,0.01,0.0,0.0,0.5,0.6505380570888519,-0.004873402455865735,3.9875975622873763,0.06505380570888519,nan,nan,nan,nan,nan,nan,nan,nan,92,26.040320000000605,-364.72826086956525,-229.61956521739125,nan
373,-349.8831486668038,-195.10368504740887,39.712538313209926,0.06504464894533157,-0.5004962779156328,-0.4724565756823822,37.57290699721224,1.1386795313767437,0.01,0.0,0.0,0.5,0.6504464894533157,-0.01993798781143688,4.316779462261143,0.06504464894533157,nan,nan,nan,nan,nan,nan,nan,nan,92,26.032960000000607,-364.72826086956525,-229.61956521739125,nan
374,-350.24227569034537,-194.6586661161214,40.25832453270796,0.06502634286880493,-0.5004962779156328,-0.4724565756823822,37.843205897251224,1.0381009364755673,0.01,0.0,0.0,0.5,0.6502634286880493,-0.021583897311305715,5.230695235098935,0.06502634286880493,nan,nan,nan,nan,nan,nan,nan,nan,92,26.02560000000061,-364.72826086956525,-229.61956521739125,nan
375,-350.6130224320883,-194.6476405171854,40.28321364511935,0.05542543902993202,-0.3863799283154122,-0.5134050179211469,37.71306767399987,1.0496442139498647,0.01,0.0,0.0,0.5,0.5542543902993202,-0.026153476175494676,2.906423323308318,0.05542543902993202,nan,nan,nan,nan,nan,nan,nan,nan,92,26.02192000000061,-364.72826086956525,-229.61956521739125,nan
376,-350.6172007727065,-194.7468041149294,40.03561564829409,0.05541763827204704,-0.3863799283154122,-0.5134050179211469,37.61956251694769,1.0553079591884507,0.01,0.0,0.0,0.5,0.5541763827204704,-0.014532116616541592,1.7424652835867394,0.05541763827204704,nan,nan,nan,nan,nan,nan,nan,nan,92,26.014560000000614,-364.72826086956525,-229.61956521739125,nan
377,-350.5522544804535,-194.9489236096973,39.64978266883724,0.05540202930569649,-0.3863799283154122,-0.5134050179211469,37.45680908237243,1.0964172271795045,0.01,0.0,0.0,0.5,0.5540202930569649,-0.008712326417933697,2.957624357800257,0.05540202930569649,nan,nan,nan,nan,nan,nan,nan,nan,92,26.007200000000616,-364.72826086956525,-229.61956521739125,nan
378,-350.4678295042155,-195.32654461602235,39.36933497473013,0.06012053042650223,-0.39000528820729774,-0.47250132205182444,37.139886438864664,1.1448686643349744,0.01,0.0,0.0,0.5,0.6012053042650223,-0.014788121789001286,2.932492337472916,0.06012053042650223,nan,nan,nan,nan,nan,nan,nan,nan,92,26.003520000000616,-364.72826086956525,-229.61956521739125,nan
379,-350.0239362124762,-195.5499059608949,39.551031193991136,0.06495311856269836,-0.5004962779156328,-0.4724565756823822,36.710239245543015,1.2175410206060395,0.01,0.0,0.0,0.5,0.6495311856269836,-0.014662461687364582,3.889625888252542,0.06495311856269836,nan,nan,nan,nan,nan,nan,nan,nan,93,26.296120000000617,-364.6505376344087,-229.2204301075269,nan
380,-349.28046209459427,-195.51038081037183,39.95616892931212,0.0726989135146141,-0.4703832752613241,-0.4337417106889963,37.048706397339,1.152579719945012,0.01,0.0,0.0,0.5,0.726989135146141,-0.01944812944126271,5.490150943553735,0.0726989135146141,nan,nan,nan,nan,nan,nan,nan,nan,93,26.288680000000625,-364.6505376344087,-229.2204301075269,nan
381,-349.02934968802845,-195.1915951743429,40.478978742798986,0.0670030489563942,-0.5123554473524041,-0.43152769324406576,37.44306504235491,1.1105705790161897,0.01,0.0,0.0,0.5,0.670030489563942,-0.02745075471776867,3.9705952715911415,0.0670030489563942,nan,nan,nan,nan,nan,nan,nan,nan,93,26.284960000000623,-364.6505376344087,-229.2204301075269,nan
382,-349.08153828359383,-194.617728197265,41.045020636316984,0.062042348086833954,-0.513667573519886,-0.4654748024355487,38.27939684480201,1.103438539952559,0.01,0.0,0.0,0.5,0.6204234808683395,-0.019852976357955708,5.361884027615635,0.062042348086833954,nan,nan,nan,nan,nan,nan,nan,nan,94,26.577440000000628,-364.6808510638298,-229.57446808510645,nan
383,-349.39420864416013,-194.24094853596768,41.56689594093885,0.0620247982442379,-0.513667573519886,-0.4654748024355487,38.21355958390868,1.081201177088373,0.01,0.0,0.0,0.5,0.620247982442379,-0.026809420138078174,4.348450571705316,0.0620247982442379,nan,nan,nan,nan,nan,nan,nan,nan,95,26.86984000000063,-364.5,-229.34210526315792,nan
384,-349.7294701862797,-193.7334260483295,41.58625740669159,0.05929434671998024,-0.3955713504647348,-0.4680153089119738,38.550571803833904,1.0342271288529519,0.01,0.0,0.0,0.5,0.5929434671998024,-0.02174225285852658,4.4182804366850235,0.05929434671998024,nan,nan,nan,nan,nan,nan,nan,nan,95,26.866040000000638,-364.5,-229.34210526315792,nan
385,-350.1247993210307,-193.5242581384684,41.341551039472925,0.05463185906410217,-0.410013136768355,-0.49175302875492627,38.59487747367865,1.0402991025086545,0.01,0.0,0.0,0.5,0.5463185906410217,-0.02209140218342512,3.1731773925562,0.05463185906410217,nan,nan,nan,nan,nan,nan,nan,nan,95,26.858440000000634,-364.5,-229.34210526315792,nan
386,-350.6024589256445,-193.6069818387794,40.973913775519236,0.05461649224162102,-0.410013136768355,-0.49175302875492627,38.34241377468253,1.0368681632519643,0.01,0.0,0.0,0.5,0.5461649224162102,-0.015865886962781,3.828609247190156,0.05461649224162102,nan,nan,nan,nan,nan,nan,nan,nan,95,26.850840000000638,-364.5,-229.34210526315792,nan
387,-350.48971950106306,-193.91934103045477,40.540429533047515,0.05460112541913986,-0.410013136768355,-0.49175302875492627,38.09278390383887,1.0776084044678735,0.01,0.0,0.0,0.5,0.5460112541913986,-0.01914304623595078,4.289140639628409,0.05460112541913986,nan,nan,nan,nan,nan,nan,nan,nan,95,26.84704000000064,-364.5,-229.34210526315792,nan
388,-349.9158678151733,-194.07152164954536,40.51830718281812,0.05890541151165962,-0.36757928978042825,-0.49444293846570886,38.16688328943473,1.035964188610865,0.01,0.0,0.0,0.5,0.5890541151165962,-0.021445703198142044,3.963294022211776,0.05890541151165962,nan,nan,nan,nan,nan,nan,nan,nan,95,26.83944000000064,-364.5,-229.34210526315792,nan
389,-349.2867916265645,-193.71757679588615,40.805817728849576,0.05457806959748268,-0.410013136768355,-0.49175302875492627,38.52651041279095,1.0872312231401517,0.01,0.0,0.0,0.5,0.5457806959748268,-0.01981647011105888,5.079759209555093,0.05457806959748268,nan,nan,nan,nan,nan,nan,nan,nan,96,27.131800000000645,-364.375,-229.16666666666674,nan
390,-348.9379969529,-193.11027281869806,41.26186285091049,0.060263004153966904,-0.5080313288198594,-0.4947564051506704,39.22199128545118,1.08634912416276,0.01,0.0,0.0,0.5,0.602630041539669,-0.02539879604777547,5.239227444059302,0.060263004153966904,nan,nan,nan,nan,nan,nan,nan,nan,96,27.127960000000648,-364.375,-229.16666666666674,nan
391,-349.0592547237981,-192.53298202916295,41.80426160169087,0.0602545291185379,-0.5080313288198594,-0.4947564051506704,39.706408846502114,1.0467237789999018,0.01,0.0,0.0,0.5,0.602545291185379,-0.02619613722029651,4.925718633918565,0.0602545291185379,nan,nan,nan,nan,nan,nan,nan,nan,96,27.120280000000655,-364.375,-229.16666666666674,nan
392,-349.19444582494776,-191.83687180757767,42.359901747001764,0.05613523721694946,-0.4005968452465539,-0.4960920846951826,40.298421920509114,1.0413927761030763,0.01,0.0,0.0,0.5,0.5613523721694946,-0.024628593169592823,5.960328751552707,0.05613523721694946,nan,nan,nan,nan,nan,nan,nan,nan,96,27.112600000000658,-364.375,-229.16666666666674,nan
393,-349.48572893740095,-191.35446611225035,42.385254426151576,0.05611944571137428,-0.4005968452465539,-0.4960920846951826,40.63807209431762,1.0154228515260242,0.01,0.0,0.0,0.5,0.5611944571137428,-0.029801643757763535,3.3010202480788515,0.05611944571137428,nan,nan,nan,nan,nan,nan,nan,nan,96,27.108760000000654,-364.375,-229.16666666666674,nan
394,-349.49611977657634,-190.81324369651517,42.13242567428535,0.05219279229640961,-0.40275602881302847,-0.5408706545568431,41.13837782691896,1.0099699864841318,0.01,0.0,0.0,0.5,0.5219279229640961,-0.016505101240394258,4.362196245654092,0.05219279229640961,nan,nan,nan,nan,nan,nan,nan,nan,96,27.101080000000657,-364.375,-229.16666666666674,nan
395,-349.5782352359414,-190.6021378847084,41.732114442560906,0.05217809975147247,-0.40275602881302847,-0.5408706545568431,41.30577595999594,1.0182697966587861,0.01,0.0,0.0,0.5,0.5217809975147247,-0.021810981228270458,2.672861041777921,0.05217809975147247,nan,nan,nan,nan,nan,nan,nan,nan,96,27.09340000000066,-364.375,-229.16666666666674,nan
396,-349.8542227962776,-190.72465884603156,41.26815209551461,0.05216340720653534,-0.40275602881302847,-0.5408706545568431,41.0930764957057,1.0139233673392938,0.01,0.0,0.0,0.5,0.5216340720653534,-0.013364305208889605,3.5274603212037587,0.05216340720653534,nan,nan,nan,nan,nan,nan,nan,nan,96,27.089560000000663,-364.375,-229.16666666666674,nan
397,-349.6442538104305,-191.01061835421464,41.12933747184716,0.05215606465935707,-0.40275602881302847,-0.5408706545568431,40.49338461935784,1.0702348405007185,0.01,0.0,0.0,0.5,0.5215606465935707,-0.017637301606018795,3.4689792417752336,0.05215606465935707,nan,nan,nan,nan,nan,nan,nan,nan,97,27.381800000000663,-364.35567010309273,-228.73711340206182,nan
398,-349.02658082479047,-191.1384224480281,41.196526269644785,0.057757969945669174,-0.399888765294772,-0.48136818687430477,40.24340628106314,1.1268212366575527,0.01,0.0,0.0,0.5,0.5775796994566917,-0.01734489620887617,4.203330030549996,0.057757969945669174,nan,nan,nan,nan,nan,nan,nan,nan,98,27.674000000000667,-364.1836734693877,-228.41836734693868,nan
399,-348.3639475110033,-190.7776337857064,41.53969619560711,0.06378379464149475,-0.4886406426509351,-0.47031504957951553,40.82999574364489,1.0752550309870288,0.01,0.0,0.0,0.5,0.6378379464149475,-0.021016650152749977,5.377462506817891,0.06378379464149475,nan,nan,nan,nan,nan,nan,nan,nan,98,27.670080000000667,-364.1836734693877,-228.41836734693868,nan
400,-347.7067138163261,-190.3212269918451,42.01195276534649,0.059214238077402115,-0.49091894822445103,-0.5082678232583356,41.50761740505374,1.073120160061778,0.01,0.0,0.0,0.5,0.5921423807740211,-0.026887312534089457,5.77115345822549,0.059214238077402115,nan,nan,nan,nan,nan,nan,nan,nan,98,27.66224000000067,-364.1836734693877,-228.41836734693868,nan
401,-347.50135403764574,-189.83115821669756,42.533292774798724,0.059197597205638885,-0.49091894822445103,-0.5082678232583356,42.03894016365826,1.0796880818671197,0.01,0.0,0.0,0.5,0.5919759720563889,-0.028855767291127453,4.424285863514511,0.059197597205638885,nan,nan,nan,nan,nan,nan,nan,nan,98,27.654400000000678,-364.1836734693877,-228.41836734693868,nan
402,-347.526277514616,-189.14851725902278,42.61175565742133,0.05918094888329506,-0.49091894822445103,-0.5082678232583356,42.65665207117681,1.0776823225586376,0.01,0.0,0.0,0.5,0.5918094888329506,-0.022121429317572553,4.8087961083896795,0.05918094888329506,nan,nan,nan,nan,nan,nan,nan,nan,98,27.650480000000677,-364.1836734693877,-228.41836734693868,nan
403,-347.7930352553621,-188.51216758804745,42.391440512365236,0.059172626584768295,-0.49091894822445103,-0.5082678232583356,43.45580865858846,1.0796110660138822,0.01,0.0,0.0,0.5,0.591726265847683,-0.0240439805419484,4.38974034184024,0.059172626584768295,nan,nan,nan,nan,nan,nan,nan,nan,99,27.94260000000068,-364.4191919191919,-228.66161616161617,nan
404,-348.07696576122436,-187.8117125924061,42.019384414352665,0.05915597826242447,-0.49091894822445103,-0.5082678232583356,44.203232091312074,1.0352513187380235,0.01,0.0,0.0,0.5,0.5915597826242447,-0.021948701709201202,5.614962235061314,0.05915597826242447,nan,nan,nan,nan,nan,nan,nan,nan,100,28.234600000000682,-364.25,-228.94999999999993,nan
405,-348.41386002376413,-187.6248109874683,41.56050042538587,0.05533261224627495,-0.4911362975879105,-0.5550712002324905,44.25555983453832,1.0444888044694556,0.01,0.0,0.0,0.5,0.5533261224627495,-0.02807481117530657,3.7518725137016733,0.05533261224627495,nan,nan,nan,nan,nan,nan,nan,nan,100,28.230600000000685,-364.25,-228.94999999999993,nan
406,-348.88778684177,-187.68186711190316,41.06831050607678,0.055324818938970566,-0.4911362975879105,-0.5550712002324905,44.03471795286658,1.0414327896292763,0.01,0.0,0.0,0.5,0.5532481893897057,-0.018759362568508367,4.331890331591012,0.055324818938970566,nan,nan,nan,nan,nan,nan,nan,nan,100,28.22260000000069,-364.25,-228.94999999999993,nan
407,-349.3472435688325,-187.78976536101376,40.57607406291887,0.0553092323243618,-0.4911362975879105,-0.5550712002324905,43.77507355542765,1.0417008348303323,0.01,0.0,0.0,0.5,0.553092323243618,-0.02165945165795506,4.247119983091264,0.0553092323243618,nan,nan,nan,nan,nan,nan,nan,nan,100,28.21460000000069,-364.25,-228.94999999999993,nan
408,-349.40852410853455,-187.6205499276176,40.48757365338107,0.05529364198446274,-0.4911362975879105,-0.5550712002324905,43.91347002825551,1.0517406179289224,0.01,0.0,0.0,0.5,0.5529364198446274,-0.02123559991545632,2.2235946301578973,0.05529364198446274,nan,nan,nan,nan,nan,nan,nan,nan,100,28.210600000000696,-364.25,-228.94999999999993,nan
409,-349.44981609678274,-187.29825783750886,40.60936725466974,0.055285852402448654,-0.4911362975879105,-0.5550712002324905,44.4637837297418,1.05256109519739,0.01,0.0,0.0,0.5,0.5528585240244865,-0.011117973150789487,2.02831402631788,0.055285852402448654,nan,nan,nan,nan,nan,nan,nan,nan,101,28.502560000000692,-364.23267326732673,-229.23267326732673,nan
410,-349.25521922934774,-186.9873399828432,40.97654088663426,0.05527026578783989,-0.4911362975879105,-0.5550712002324905,44.70495120947389,1.0447491757369614,0.01,0.0,0.0,0.5,0.5527026578783989,-0.0101415701315894,3.55951276825716,0.05527026578783989,nan,nan,nan,nan,nan,nan,nan,nan,102,28.7944400000007,-364.06862745098033,-229.16666666666674,nan
411,-349.0798668170162,-187.04447723008377,40.96730243429508,0.055254675447940826,-0.4911362975879105,-0.5550712002324905,44.70952681782324,1.0546246182650052,0.01,0.0,0.0,0.5,0.5525467544794083,-0.0177975638412858,1.5688316875751283,0.055254675447940826,nan,nan,nan,nan,nan,nan,nan,nan,102,28.7903600000007,-364.06862745098033,-229.16666666666674,nan
412,-348.69367176202644,-187.14052626112976,40.71579028013204,0.05524688586592674,-0.4911362975879105,-0.5550712002324905,44.75025966207574,1.0458621681550933,0.01,0.0,0.0,0.5,0.5524688586592674,-0.00784415843787564,3.290160401268927,0.05524688586592674,nan,nan,nan,nan,nan,nan,nan,nan,102,28.7822000000007,-364.06862745098033,-229.16666666666674,nan
413,-348.41103407598206,-187.1430228062135,40.31635849565348,0.05523129925131798,-0.4900014596409283,-0.556853014158517,44.84581221928084,1.0485340323663075,0.01,0.0,0.0,0.5,0.5523129925131798,-0.016450802006344637,2.7246262507375087,0.05523129925131798,nan,nan,nan,nan,nan,nan,nan,nan,102,28.774040000000706,-364.06862745098033,-229.16666666666674,nan
414,-348.46135433615285,-187.2595291965734,39.897720011291845,0.05521571263670921,-0.4900014596409283,-0.556853014158517,44.71906914301905,1.0479898231872242,0.01,0.0,0.0,0.5,0.5521571263670921,-0.013623131253687543,2.8178755114809606,0.05521571263670921,nan,nan,nan,nan,nan,nan,nan,nan,102,28.769960000000708,-364.06862745098033,-229.16666666666674,nan
415,-348.18091462689864,-187.51644864238307,39.98218367884411,0.05520791560411453,-0.4900014596409283,-0.556853014158517,44.5775737366992,1.0448954320112143,0.01,0.0,0.0,0.5,0.5520791560411453,-0.014089377557404803,3.4055685965364497,0.05520791560411453,nan,nan,nan,nan,nan,nan,nan,nan,102,28.761800000000715,-364.06862745098033,-229.16666666666674,nan
416,-347.65721356922205,-187.72682514899353,40.26828409409857,0.05519232898950577,-0.4900014596409283,-0.556853014158517,44.57123478891112,1.0424603483597257,0.01,0.0,0.0,0.5,0.5519232898950577,-0.01702784298268225,3.861400176687677,0.05519232898950577,nan,nan,nan,nan,nan,nan,nan,nan,102,28.75364000000071,-364.06862745098033,-229.16666666666674,nan
417,-347.3039367671234,-187.68773172830433,40.69825588465725,0.055176742374897,-0.4900014596409283,-0.556853014158517,44.73876280527102,1.0457350295771493,0.01,0.0,0.0,0.5,0.55176742374897,-0.019307000883438386,3.1908951999876183,0.055176742374897,nan,nan,nan,nan,nan,nan,nan,nan,102,28.749560000000713,-364.06862745098033,-229.16666666666674,nan
418,-346.9342919543611,-187.59705837441845,41.11542711703575,0.05516894906759262,-0.4900014596409283,-0.556853014158517,44.92150582760875,1.0438456335089852,0.01,0.0,0.0,0.5,0.5516894906759262,-0.015954475999938093,3.537613105331851,0.05516894906759262,nan,nan,nan,nan,nan,nan,nan,nan,103,29.04136000000072,-363.7621359223301,-229.247572815534,nan
419,-346.5736552716839,-187.27769901971863,41.12033135221394,0.055153362452983856,-0.4900014596409283,-0.556853014158517,45.35321569099935,1.0453991664918483,0.01,0.0,0.0,0.5,0.5515336245298386,-0.017688065526659257,3.1957213586127544,0.055153362452983856,nan,nan,nan,nan,nan,nan,nan,nan,103,29.03312000000072,-363.7621359223301,-229.247572815534,nan
420,-346.17259080419086,-186.76687803153936,40.844719058085516,0.05513778328895569,-0.4900014596409283,-0.556853014158517,45.97827233372265,1.037894479761828,0.01,0.0,0.0,0.5,0.5513778328895569,-0.015978606793063774,4.681066129543593,0.05513778328895569,nan,nan,nan,nan,nan,nan,nan,nan,103,29.029000000000725,-363.7621359223301,-229.247572815534,nan
421,-345.79645261937526,-186.16672303029057,40.434242666418356,0.05512998253107071,-0.4900014596409283,-0.556853014158517,46.72657417757966,1.0538387384658097,0.01,0.0,0.0,0.5,0.5512998253107071,-0.023405330647717965,4.917383379836104,0.05512998253107071,nan,nan,nan,nan,nan,nan,nan,nan,106,29.920560000000727,-363.2075471698114,-229.5283018867924,nan
422,-345.23476059164335,-185.89837257124188,39.98150178795787,0.05684256553649902,-0.46984572230014027,-0.5663394109396914,47.18677557816716,1.053491902008125,0.01,0.0,0.0,0.5,0.5684256553649902,-0.024586916899180522,4.954659530625952,0.05684256553649902,nan,nan,nan,nan,nan,nan,nan,nan,106,29.912080000000728,-363.2075471698114,-229.5283018867924,nan
423,-344.8262240663263,-185.53909724943574,39.506192571912486,0.05682651326060295,-0.46984572230014027,-0.5663394109396914,47.675183939466415,1.036769340608006,0.01,0.0,0.0,0.5,0.5682651326060295,-0.024773297653129762,4.3440460019339575,0.05682651326060295,nan,nan,nan,nan,nan,nan,nan,nan,106,29.907840000000732,-363.2075471698114,-229.5283018867924,nan
424,-344.6824829194052,-184.92188176095954,39.084366514605826,0.054848961532115936,-0.5507765830346476,-0.5456989247311828,48.300214512194316,0.9991317827739247,0.01,0.0,0.0,0.5,0.5484896153211594,-0.02172023000966979,5.056457852563708,0.054848961532115936,nan,nan,nan,nan,nan,nan,nan,nan,106,29.899360000000737,-363.2075471698114,-229.5283018867924,nan
425,-344.9536524515222,-184.3300731554999,39.15713601194388,0.051441408693790436,-0.5368319691863265,-0.6103354196758144,48.40502670399704,0.9830111710669835,0.01,0.0,0.0,0.5,0.5144140869379044,-0.025282289262818537,4.241876752332049,0.051441408693790436,nan,nan,nan,nan,nan,nan,nan,nan,108,30.49076000000074,-363.19444444444446,-229.16666666666674,nan
426,-345.272776484614,-183.59779576894312,39.47205996547158,0.04942205548286438,-0.5084802128367144,-0.6358496840705022,48.966398451957005,0.9750907508440955,0.01,0.0,0.0,0.5,0.4942205548286438,-0.021209383761660244,5.81209675653491,0.04942205548286438,nan,nan,nan,nan,nan,nan,nan,nan,108,30.48644000000074,-363.19444444444446,-229.16666666666674,nan
427,-345.73772549408176,-183.07888013633183,39.48183010329609,0.04941512644290924,-0.5084802128367144,-0.6358496840705022,49.28307116827919,0.9909019518709065,0.01,0.0,0.0,0.5,0.4941512644290924,-0.029060483782674548,4.229331954004755,0.04941512644290924,nan,nan,nan,nan,nan,nan,nan,nan,108,30.47780000000074,-363.19444444444446,-229.16666666666674,nan
428,-346.255929372016,-182.73984616650287,39.21637147547491,0.05020485818386078,-0.4301075268817204,-0.6549652118912082,49.420268661889345,0.9908510365405523,0.01,0.0,0.0,0.5,0.5020485818386078,-0.021146659770023776,4.211190892878322,0.05020485818386078,nan,nan,nan,nan,nan,nan,nan,nan,108,30.46916000000075,-363.19444444444446,-229.16666666666674,nan
429,-346.6906981374708,-182.9193883648273,38.80305081048214,0.050190702080726624,-0.4301075268817204,-0.6549652118912082,49.10381240283421,0.9895257588954584,0.01,0.0,0.0,0.5,0.5019070208072662,-0.02105595446439161,4.462108200156369,0.050190702080726624,nan,nan,nan,nan,nan,nan,nan,nan,108,30.46484000000075,-363.19444444444446,-229.16666666666674,nan
430,-347.0407244682281,-183.36558414963667,38.44427777062086,0.050183627754449844,-0.4301075268817204,-0.6549652118912082,48.48146315509195,0.9916094607784219,0.01,0.0,0.0,0.5,0.5018362775444984,-0.022310541000781847,4.017043696366386,0.050183627754449844,nan,nan,nan,nan,nan,nan,nan,nan,109,30.756120000000752,-363.37155963302746,-229.01376146788994,nan
431,-346.81810237570016,-183.88831782430375,38.49816322178954,0.05016947537660599,-0.4301075268817204,-0.6549652118912082,48.0658154117938,1.030816793276916,0.01,0.0,0.0,0.5,0.5016947537660599,-0.02008521848183193,4.54511836488046,0.05016947537660599,nan,nan,nan,nan,nan,nan,nan,nan,109,30.747400000000752,-363.37155963302746,-229.01376146788994,nan
432,-346.33084957200714,-184.41482662679064,38.760977723640636,0.054354242980480194,-0.43079178885630504,-0.6234604105571848,47.74359421267297,1.0306907766524906,0.01,0.0,0.0,0.5,0.5435424298048019,-0.0227255918244023,4.554991375129325,0.054354242980480194,nan,nan,nan,nan,nan,nan,nan,nan,109,30.743040000000754,-363.37155963302746,-229.01376146788994,nan
433,-345.68622048592044,-184.69809556729084,39.19122524170208,0.05434657260775566,-0.43079178885630504,-0.6234604105571848,47.7142480288825,1.027084250977911,0.01,0.0,0.0,0.5,0.5434657260775566,-0.022774956875646627,5.245612038914864,0.05434657260775566,nan,nan,nan,nan,nan,nan,nan,nan,109,30.734320000000757,-363.37155963302746,-229.01376146788994,nan
434,-344.96505679404817,-185.0017206582113,39.69999947334519,0.05433123931288719,-0.43079178885630504,-0.6234604105571848,47.70596485759585,1.0155431882525716,0.01,0.0,0.0,0.5,0.5433123931288719,-0.02622806019457432,5.750974814390484,0.05433123931288719,nan,nan,nan,nan,nan,nan,nan,nan,109,30.725600000000764,-363.37155963302746,-229.01376146788994,nan
435,-344.28222088990805,-184.88500147215692,40.222377021222925,0.05342980474233627,-0.5102918586789554,-0.6030721966205838,48.08066464193862,0.9689956082994986,0.01,0.0,0.0,0.5,0.5342980474233627,-0.028754874071952423,5.502623754834167,0.05342980474233627,nan,nan,nan,nan,nan,nan,nan,nan,109,30.721240000000762,-363.37155963302746,-229.01376146788994,nan
436,-343.9003220907948,-184.5965498649786,40.21941676078861,0.04865087568759918,-0.5557412669229483,-0.5774694969079057,48.497605899712724,0.9532202989917771,0.01,0.0,0.0,0.5,0.4865087568759918,-0.027513118774170838,2.556232312087696,0.04865087568759918,nan,nan,nan,nan,nan,nan,nan,nan,109,30.712520000000765,-363.37155963302746,-229.01376146788994,nan
437,-343.6815134140723,-184.21408698127192,39.99636451624332,0.04560014605522156,-0.545503694359344,-0.6392142728419535,48.93576150640269,0.9508263580031917,0.01,0.0,0.0,0.5,0.4560014605522156,-0.012781161560438481,3.0093905125513585,0.04560014605522156,nan,nan,nan,nan,nan,nan,nan,nan,109,30.703800000000772,-363.37155963302746,-229.01376146788994,nan
438,-343.73347356575596,-183.9930074518345,39.59688197708644,0.04558733105659485,-0.545503694359344,-0.6392142728419535,49.11743800891629,0.9519570858159528,0.01,0.0,0.0,0.5,0.4558733105659485,-0.015046952562756793,2.77042995137242,0.04558733105659485,nan,nan,nan,nan,nan,nan,nan,nan,109,30.699440000000774,-363.37155963302746,-229.01376146788994,nan
439,-343.91649462205675,-184.28458380299625,39.114886111110266,0.045580923557281494,-0.545503694359344,-0.6392142728419535,48.777032393932295,0.9438256783574687,0.01,0.0,0.0,0.5,0.45580923557281494,-0.0138521497568621,4.3710814458158325,0.045580923557281494,nan,nan,nan,nan,nan,nan,nan,nan,109,30.69072000000078,-363.37155963302746,-229.01376146788994,nan
440,-344.3398195804668,-184.722948548561,38.60943354389718,0.04556810483336449,-0.545503694359344,-0.6392142728419535,48.206672136575015,1.0184483710439851,0.01,0.0,0.0,0.5,0.45568104833364487,-0.021855407229079162,5.019806076847513,0.04556810483336449,nan,nan,nan,nan,nan,nan,nan,nan,109,30.68200000000078,-363.37155963302746,-229.01376146788994,nan
441,-344.69877421987206,-185.3615596552521,38.099529195542644,0.053354743868112564,-0.5102918586789554,-0.6030721966205838,47.47828596502837,1.0135066311287866,0.01,0.0,0.0,0.5,0.5335474386811256,-0.025099030384237567,5.9931575312617404,0.053354743868112564,nan,nan,nan,nan,nan,nan,nan,nan,109,30.677640000000782,-363.37155963302746,-229.01376146788994,nan
442,-345.1799924705484,-185.94489959014032,37.591996982602446,0.05334724113345146,-0.5102918586789554,-0.6030721966205838,46.75318148823307,1.0153712431217559,0.01,0.0,0.0,0.5,0.5334724113345146,-0.029965787656308703,5.5901943917010675,0.05334724113345146,nan,nan,nan,nan,nan,nan,nan,nan,109,30.66892000000079,-363.37155963302746,-229.01376146788994,nan
443,-345.2852460703462,-186.57808247155873,37.3686620323563,0.05333222448825836,-0.5102918586789554,-0.6030721966205838,46.4356318816958,1.0191952844362042,0.01,0.0,0.0,0.5,0.5333222448825836,-0.02795097195850534,4.795369229702533,0.05333222448825836,nan,nan,nan,nan,nan,nan,nan,nan,110,30.960120000000792,-363.5454545454545,-229.27272727272725,nan
444,-345.1174732421381,-187.31901427787616,37.42027040128978,0.05331721156835556,-0.5102918586789554,-0.6030721966205838,45.82253298290827,1.0515168200467202,0.01,0.0,0.0,0.5,0.5331721156835556,-0.023976846148512667,4.60309198430829,0.05331721156835556,nan,nan,nan,nan,nan,nan,nan,nan,110,30.955720000000788,-363.5454545454545,-229.27272727272725,nan
445,-344.56006695687097,-187.93326142100506,37.57102003073599,0.05645323172211647,-0.5205343186016769,-0.5344607076879352,45.490618580037435,1.0455827474963622,0.01,0.0,0.0,0.5,0.5645323172211647,-0.02301545992154145,5.758101455927779,0.05645323172211647,nan,nan,nan,nan,nan,nan,nan,nan,110,30.946920000000794,-363.5454545454545,-229.27272727272725,nan
446,-344.32545517447375,-188.56914357741192,37.5017593049789,0.05643732100725174,-0.5205343186016769,-0.5344607076879352,44.754980485704074,1.1216525798114407,0.01,0.0,0.0,0.5,0.5643732100725174,-0.028790507279638895,4.078966993644466,0.05643732100725174,nan,nan,nan,nan,nan,nan,nan,nan,111,31.238040000000794,-363.3558558558558,-229.07657657657649,nan
447,-344.0213511845565,-189.14107436945807,37.32603994855481,0.06320473551750183,-0.49846390168970817,-0.503584229390681,44.369667650538624,1.1197938631802498,0.01,0.0,0.0,0.5,0.6320473551750183,-0.02039483496822233,4.432924293881678,0.06320473551750183,nan,nan,nan,nan,nan,nan,nan,nan,111,31.2336000000008,-363.3558558558558,-229.07657657657649,nan
448,-344.02372770829487,-189.68966118240306,37.01222974712007,0.0631958469748497,-0.49846390168970817,-0.503584229390681,43.87550891991446,1.122287956301887,0.01,0.0,0.0,0.5,0.631958469748497,-0.02216462146940839,3.8985097756943854,0.0631958469748497,nan,nan,nan,nan,nan,nan,nan,nan,111,31.224720000000808,-363.3558558558558,-229.07657657657649,nan
449,-344.168069982797,-190.42238098696865,36.78394399942794,0.06317804753780365,-0.49846390168970817,-0.503584229390681,43.41177644711293,1.1144566267014435,0.01,0.0,0.0,0.5,0.6317804753780365,-0.01949254887847193,5.429179801923224,0.06317804753780365,nan,nan,nan,nan,nan,nan,nan,nan,115,32.41560000000081,-362.804347826087,-229.63043478260875,nan
450,-344.5271694532398,-191.08625188735925,36.98181739280346,0.0631602555513382,-0.49846390168970817,-0.503584229390681,42.65805063918552,1.1176376014247562,0.01,0.0,0.0,0.5,0.631602555513382,-0.02714589900961612,4.775198831259677,0.0631602555513382,nan,nan,nan,nan,nan,nan,nan,nan,115,32.411000000000804,-362.804347826087,-229.63043478260875,nan
451,-344.7814568054251,-191.70096973754852,37.40106828672821,0.06315135210752487,-0.49846390168970817,-0.503584229390681,41.9936771353391,1.1161732630674894,0.01,0.0,0.0,0.5,0.6315135210752487,-0.023875994156298385,5.0324706088531865,0.06315135210752487,nan,nan,nan,nan,nan,nan,nan,nan,115,32.40180000000081,-362.804347826087,-229.63043478260875,nan
452,-345.13805380799533,-192.13404043054183,37.93037571541699,0.06313356012105942,-0.49846390168970817,-0.503584229390681,41.449698837740385,1.1793008480482783,0.01,0.0,0.0,0.5,0.6313356012105942,-0.025162353044265933,4.654802123437626,0.06313356012105942,nan,nan,nan,nan,nan,nan,nan,nan,115,32.39260000000081,-362.804347826087,-229.63043478260875,nan
453,-345.51595255264624,-192.5831743220339,38.51391939915107,0.06925748288631439,-0.5011859582542695,-0.46940227703984816,40.88261389349268,1.175743163446014,0.01,0.0,0.0,0.5,0.6925748288631439,-0.023274010617188128,5.346812562262058,0.06925748288631439,nan,nan,nan,nan,nan,nan,nan,nan,115,32.388000000000815,-362.804347826087,-229.63043478260875,nan
454,-345.9971621602976,-192.99816270368865,39.1108708874019,0.06924772262573242,-0.5011859582542695,-0.46940227703984816,40.303906109313345,1.183937524944659,0.01,0.0,0.0,0.5,0.6924772262573242,-0.026734062811310293,5.359823387838184,0.06924772262573242,nan,nan,nan,nan,nan,nan,nan,nan,115,32.37880000000082,-362.804347826087,-229.63043478260875,nan
455,-346.38015821272626,-193.6167526625269,39.20196505987191,0.07007366418838501,-0.4365133836650652,-0.48318462594371997,39.814017271357635,1.1843414330102306,0.01,0.0,0.0,0.5,0.7007366418838501,-0.02679911693919092,5.239345081303491,0.07007366418838501,nan,nan,nan,nan,nan,nan,nan,nan,116,32.66956000000082,-362.9310344827586,-229.8275862068965,nan
456,-346.86294743621295,-194.20295208363032,39.15254482412143,0.0700538232922554,-0.4365133836650652,-0.48318462594371997,39.08065989401855,1.1872680789858807,0.01,0.0,0.0,0.5,0.700538232922554,-0.026196725406517456,4.63420330225015,0.0700538232922554,nan,nan,nan,nan,nan,nan,nan,nan,116,32.664920000000826,-362.9310344827586,-229.8275862068965,nan
457,-347.22787542630584,-194.93669221682532,39.034860786029256,0.0700439065694809,-0.4374928251635863,-0.48226380438526,38.12912597031249,1.2597483155336737,0.01,0.0,0.0,0.5,0.700439065694809,-0.02317101651125075,5.800301607315542,0.0700439065694809,nan,nan,nan,nan,nan,nan,nan,nan,117,32.95560000000083,-362.84188034188037,-229.72222222222229,nan
458,-347.28444899879065,-195.70114982388804,39.31407919061471,0.07787498086690903,-0.43142559833506766,-0.4445369406867846,37.40945117383641,1.3186510887332783,0.01,0.0,0.0,0.5,0.7787498086690903,-0.029001508036577712,4.610490985949331,0.07787498086690903,nan,nan,nan,nan,nan,nan,nan,nan,117,32.946240000000834,-362.84188034188037,-229.72222222222229,nan
459,-346.9460822042073,-195.91762802049894,39.798024923794564,0.08317035436630249,-0.4300106558171074,-0.4102489586360554,37.35541443454802,1.320941931111121,0.01,0.0,0.0,0.5,0.8317035436630249,-0.023052454929746655,4.128695229191821,0.08317035436630249,nan,nan,nan,nan,nan,nan,nan,nan,117,32.941560000000834,-362.84188034188037,-229.72222222222229,nan
460,-346.652869245428,-195.67074942549695,40.37478745764834,0.08315853774547577,-0.4300106558171074,-0.4102489586360554,37.75132362713871,1.3192085765057344,0.01,0.0,0.0,0.5,0.8315853774547577,-0.020643476145959103,4.42808774603329,0.08315853774547577,nan,nan,nan,nan,nan,nan,nan,nan,118,33.23212000000084,-362.54237288135596,-229.9152542372882,nan
461,-346.8006938574305,-195.29781782132042,40.993428149277804,0.08313490450382233,-0.4300106558171074,-0.4102489586360554,38.028507234782005,1.2583796149572337,0.01,0.0,0.0,0.5,0.8313490450382233,-0.02214043873016645,4.644460080452673,0.08313490450382233,nan,nan,nan,nan,nan,nan,nan,nan,118,33.22268000000084,-362.54237288135596,-229.9152542372882,nan
462,-347.0526834016378,-194.74071244483625,41.55135382562463,0.07716019451618195,-0.4370074603341389,-0.4594935378795839,38.43408474891837,1.2536914627986016,0.01,0.0,0.0,0.5,0.7716019451618195,-0.023222300402263363,5.560156002901768,0.07716019451618195,nan,nan,nan,nan,nan,nan,nan,nan,118,33.21796000000084,-362.54237288135596,-229.9152542372882,nan
463,-347.4080966155203,-194.52027456385963,41.61916642714905,0.07714922726154327,-0.4370074603341389,-0.4594935378795839,38.49481658838054,1.2676119717385175,0.01,0.0,0.0,0.5,0.7714922726154327,-0.02780078001450884,2.73216135450599,0.07714922726154327,nan,nan,nan,nan,nan,nan,nan,nan,118,33.20852000000085,-362.54237288135596,-229.9152542372882,nan
464,-347.88906675663543,-194.55765370969507,41.4270161394758,0.07712727785110474,-0.4370074603341389,-0.4594935378795839,38.27374159203181,1.2643677241147884,0.01,0.0,0.0,0.5,0.7712727785110474,-0.01366080677252995,3.3371418606971264,0.07712727785110474,nan,nan,nan,nan,nan,nan,nan,nan,118,33.19908000000085,-362.54237288135596,-229.9152542372882,nan
465,-348.2512361397876,-195.00549008582976,41.11053960487072,0.07710534334182739,-0.4355892894792326,-0.46088973223698076,37.72172083132818,1.2565246913489954,0.01,0.0,0.0,0.5,0.7710534334182739,-0.016685709303485632,4.883813904578372,0.07710534334182739,nan,nan,nan,nan,nan,nan,nan,nan,118,33.194360000000856,-362.54237288135596,-229.9152542372882,nan
466,-348.39661730800316,-195.61809692547357,41.283958810725515,0.07709437608718872,-0.4355892894792326,-0.46088973223698076,37.09983019384862,1.2622332121463933,0.01,0.0,0.0,0.5,0.7709437608718872,-0.02441906952289186,3.6982168846861834,0.07709437608718872,nan,nan,nan,nan,nan,nan,nan,nan,118,33.18492000000086,-362.54237288135596,-229.9152542372882,nan
467,-348.12919149357685,-195.7732769337546,41.718532465999296,0.07707243412733078,-0.4355892894792326,-0.46088973223698076,37.05960620287303,1.2624525002186504,0.01,0.0,0.0,0.5,0.7707243412733078,-0.018491084423430917,3.6104664098221524,0.07707243412733078,nan,nan,nan,nan,nan,nan,nan,nan,118,33.17548000000086,-362.54237288135596,-229.9152542372882,nan
468,-347.6043946359697,-195.57074556900383,42.262780019545474,0.07705048471689224,-0.4355892894792326,-0.46088973223698076,37.45248282458044,1.2548577906182263,0.01,0.0,0.0,0.5,0.7705048471689224,-0.01805233204911076,5.107473820629639,0.07705048471689224,nan,nan,nan,nan,nan,nan,nan,nan,118,33.17076000000086,-362.54237288135596,-229.9152542372882,nan
469,-347.51612114872694,-195.19512793537942,42.826395446064204,0.07703951746225357,-0.4355892894792326,-0.46088973223698076,37.907349082822215,1.2593090119548,0.01,0.0,0.0,0.5,0.7703951746225357,-0.025537369103148192,4.173336692902287,0.07703951746225357,nan,nan,nan,nan,nan,nan,nan,nan,119,33.46124000000086,-362.2899159663866,-230.1050420168067,nan
470,-347.624814985312,-194.57485673221325,43.12569068026503,0.07701757550239563,-0.4355892894792326,-0.46088973223698076,38.43773215400013,1.2551110914309507,0.01,0.0,0.0,0.5,0.7701757550239563,-0.020866683464511433,4.969027937259582,0.07701757550239563,nan,nan,nan,nan,nan,nan,nan,nan,119,33.45172000000087,-362.2899159663866,-230.1050420168067,nan
471,-347.9853797640461,-194.02441381194654,43.04721367523331,0.07699562609195709,-0.4355892894792326,-0.46088973223698076,38.81277479930312,1.2357659635363072,0.01,0.0,0.0,0.5,0.7699562609195709,-0.02484513968629791,4.122110179701463,0.07699562609195709,nan,nan,nan,nan,nan,nan,nan,nan,119,33.44696000000087,-362.2899159663866,-230.1050420168067,nan
472,-348.3454898981022,-193.46784360388295,42.785842488549164,0.07463765144348145,-0.365874363327674,-0.47113752122241087,38.87386249800357,1.2474211710485132,0.01,0.0,0.0,0.5,0.7463765144348145,-0.020610550898507315,4.75532687122995,0.07463765144348145,nan,nan,nan,nan,nan,nan,nan,nan,120,33.737360000000876,-362.08333333333337,-229.83333333333337,nan
473,-348.6706591839228,-193.45521079101383,42.420521774644435,0.07611978054046631,-0.3517169614984391,-0.463891779396462,39.0837239902227,1.2532646464121366,0.01,0.0,0.0,0.5,0.7611978054046631,-0.02377663435614975,3.54338266825625,0.07611978054046631,nan,nan,nan,nan,nan,nan,nan,nan,121,34.02772000000088,-362.2520661157025,-230.1033057851239,nan
474,-348.70372297359603,-193.83385348204567,42.010264799743425,0.07609815895557404,-0.3517169614984391,-0.463891779396462,38.71731876384947,1.253767340370784,0.01,0.0,0.0,0.5,0.7609815895557404,-0.01771691334128125,3.4212431532601957,0.07609815895557404,nan,nan,nan,nan,nan,nan,nan,nan,121,34.02288000000088,-362.2520661157025,-230.1033057851239,nan
475,-348.29976369042225,-193.89988245345236,41.58867385811105,0.0760873556137085,-0.3517169614984391,-0.463891779396462,38.79889951917065,1.2744743649062782,0.01,0.0,0.0,0.5,0.760873556137085,-0.01710621576630098,4.069643658453837,0.0760873556137085,nan,nan,nan,nan,nan,nan,nan,nan,121,34.013200000000886,-362.2520661157025,-230.1033057851239,nan
476,-347.53473001679663,-193.71917337306823,41.69895032764155,0.0784822553396225,-0.42142266335814726,-0.4538875103391233,39.426515146092775,1.2159930906031402,0.01,0.0,0.0,0.5,0.784822553396225,-0.020348218292269186,5.469172292274814,0.0784822553396225,nan,nan,nan,nan,nan,nan,nan,nan,122,34.30348000000089,-362.172131147541,-230.327868852459,nan
477,-346.81801483534855,-193.2191609903146,42.06955857136203,0.07333389669656754,-0.4112354619267062,-0.478604344963792,40.15974460733424,1.2141173443609659,0.01,0.0,0.0,0.5,0.7333389669656754,-0.02734586146137407,5.823507598754113,0.07333389669656754,nan,nan,nan,nan,nan,nan,nan,nan,122,34.29860000000089,-362.172131147541,-230.327868852459,nan
478,-346.4023424257035,-192.58647140403338,42.57436120892028,0.07332348823547363,-0.4112354619267062,-0.478604344963792,40.90353673817731,1.1637961119290146,0.01,0.0,0.0,0.5,0.7332348823547363,-0.029117537993770565,5.616991641601862,0.07332348823547363,nan,nan,nan,nan,nan,nan,nan,nan,122,34.288840000000896,-362.172131147541,-230.327868852459,nan
479,-346.4761937988865,-192.0481280324969,43.102101601475184,0.06818810850381851,-0.4573055028462998,-0.47604364326375714,41.37270847426308,1.1193696820917134,0.01,0.0,0.0,0.5,0.6818810850381851,-0.02808495820800931,4.605760809135365,0.06818810850381851,nan,nan,nan,nan,nan,nan,nan,nan,122,34.279080000000896,-362.172131147541,-230.327868852459,nan
480,-346.61693192281564,-191.39931470701686,43.232710388517084,0.06323985010385513,-0.4605297665879885,-0.5205874639391556,41.921313800685176,1.118523563832906,0.01,0.0,0.0,0.5,0.6323985010385513,-0.023028804045676827,4.757031541890462,0.06323985010385513,nan,nan,nan,nan,nan,nan,nan,nan,122,34.2742000000009,-362.172131147541,-230.327868852459,nan
481,-346.87413184103076,-190.79815786013572,43.04811252046191,0.06323086470365524,-0.4605297665879885,-0.5205874639391556,42.3866350860574,1.121969801171282,0.01,0.0,0.0,0.5,0.6323086470365524,-0.02378515770945231,4.031854394344694,0.06323086470365524,nan,nan,nan,nan,nan,nan,nan,nan,122,34.2644400000009,-362.172131147541,-230.327868852459,nan
482,-347.12336145981385,-190.1170462480564,42.708285908371074,0.06321290880441666,-0.4605297665879885,-0.5205874639391556,42.48316009173524,1.1952038225559416,0.01,0.0,0.0,0.5,0.6321290880441666,-0.02015927197172347,5.438273727337066,0.06321290880441666,nan,nan,nan,nan,nan,nan,nan,nan,124,34.85460000000091,-361.9758064516129,-229.91935483870964,nan
483,-347.4416030585912,-189.84086249699456,42.295703569132684,0.07123952358961105,-0.3888765294771968,-0.5098998887652948,42.63248311621829,1.2045830756012752,0.01,0.0,0.0,0.5,0.7123952358961105,-0.02719136863668533,3.5422529064783403,0.07123952358961105,nan,nan,nan,nan,nan,nan,nan,nan,124,34.84964000000091,-361.9758064516129,-229.91935483870964,nan
484,-347.3518138586376,-189.63627998269774,41.83460059981924,0.07122942805290222,-0.3888765294771968,-0.5098998887652948,42.85542298489719,1.203483106250917,0.01,0.0,0.0,0.5,0.7122942805290222,-0.0177112645323917,3.721858669250179,0.07122942805290222,nan,nan,nan,nan,nan,nan,nan,nan,124,34.839720000000916,-361.9758064516129,-229.91935483870964,nan
485,-347.0809773063469,-189.17065229688654,41.491512167520526,0.07120923697948456,-0.3888765294771968,-0.5098998887652948,43.38562773671307,1.201762544806648,0.01,0.0,0.0,0.5,0.7120923697948456,-0.018609293346250895,4.0255828508041684,0.07120923697948456,nan,nan,nan,nan,nan,nan,nan,nan,124,34.829800000000915,-361.9758064516129,-229.91935483870964,nan
486,-346.4928795730609,-188.64103291922234,41.62970492279282,0.07118905335664749,-0.3888765294771968,-0.5098998887652948,44.086515911505344,1.147923936813241,0.01,0.0,0.0,0.5,0.7118905335664749,-0.020127914254020843,5.6493320526350015,0.07118905335664749,nan,nan,nan,nan,nan,nan,nan,nan,124,34.82484000000092,-361.9758064516129,-229.91935483870964,nan
487,-345.9208897512366,-187.95365659564018,42.00052903876697,0.06661706417798996,-0.3882915173237754,-0.5567502986857825,44.98926376126814,1.0998738476303351,0.01,0.0,0.0,0.5,0.6661706417798996,-0.02824666026317501,5.891216344294281,0.06661706417798996,nan,nan,nan,nan,nan,nan,nan,nan,125,35.11488000000092,-361.65999999999997,-230.10000000000002,nan
488,-345.5108777035274,-187.23530022826313,42.4907831808166,0.061932992190122604,-0.4330871874595155,-0.5540873170099755,45.80585811299215,1.0992087040346494,0.01,0.0,0.0,0.5,0.619329921901226,-0.029456081721471405,5.98907832301395,0.061932992190122604,nan,nan,nan,nan,nan,nan,nan,nan,125,35.104880000000925,-361.65999999999997,-230.10000000000002,nan
489,-345.53842699276225,-186.63825410583058,42.993381829862834,0.06191541254520416,-0.4330871874595155,-0.5540873170099755,46.355457849071556,1.0618008145023234,0.01,0.0,0.0,0.5,0.6191541254520416,-0.02994539161506975,4.689795328600276,0.06191541254520416,nan,nan,nan,nan,nan,nan,nan,nan,125,35.09988000000093,-361.65999999999997,-230.10000000000002,nan
490,-345.2635374908119,-186.04690144897208,43.068549031390674,0.05752497911453247,-0.43611227482195225,-0.5877670716380394,47.00552600239454,1.0605970366592443,0.01,0.0,0.0,0.5,0.5752497911453247,-0.02344897664300138,4.897911393737082,0.05752497911453247,nan,nan,nan,nan,nan,nan,nan,nan,125,35.08988000000093,-361.65999999999997,-230.10000000000002,nan
491,-345.03632820826493,-185.4769055405714,42.8305754592495,0.05750865116715431,-0.43611227482195225,-0.5877670716380394,47.618977550703626,1.0664833231182114,0.01,0.0,0.0,0.5,0.5750865116715431,-0.02448955696868541,3.6879907566067294,0.05750865116715431,nan,nan,nan,nan,nan,nan,nan,nan,125,35.079880000000934,-361.65999999999997,-230.10000000000002,nan
492,-344.92921276033564,-184.8494202847816,42.43965752401149,0.057492319494485855,-0.43611227482195225,-0.5877670716380394,48.24452514246827,1.0603471660692585,0.01,0.0,0.0,0.5,0.5749231949448586,-0.018439953783033647,4.898866651870951,0.057492319494485855,nan,nan,nan,nan,nan,nan,nan,nan,125,35.07488000000094,-361.65999999999997,-230.10000000000002,nan
493,-344.6999210933673,-184.42804773548227,41.9659110437981,0.05748415365815163,-0.43611227482195225,-0.5877670716380394,48.71931342056858,1.0658633243351632,0.01,0.0,0.0,0.5,0.5748415365815163,-0.024494333259354756,3.7629716533530906,0.05748415365815163,nan,nan,nan,nan,nan,nan,nan,nan,125,35.06488000000095,-361.65999999999997,-230.10000000000002,nan
494,-344.18757309431874,-184.27386139166725,41.45568995993755,0.05746782198548317,-0.43611227482195225,-0.5877670716380394,49.04406877212066,1.060061561899235,0.01,0.0,0.0,0.5,0.5746782198548317,-0.018814858266765454,4.8906607952018355,0.05746782198548317,nan,nan,nan,nan,nan,nan,nan,nan,125,35.05488000000095,-361.65999999999997,-230.10000000000002,nan
495,-343.74515170495465,-183.93488756070062,40.944596370582275,0.05745149403810501,-0.43611227482195225,-0.5877670716380394,49.51928307202806,0.9891637277058425,0.01,0.0,0.0,0.5,0.5745149403810501,-0.02445330397600918,4.603465091155723,0.05745149403810501,nan,nan,nan,nan,nan,nan,nan,nan,125,35.04988000000095,-361.65999999999997,-230.10000000000002,nan
496,-343.5084690880516,-183.34464462499537,40.88306731208178,0.05021810159087181,-0.48608475648323846,-0.6242884250474383,50.155172521788764,0.9903205056132004,0.01,0.0,0.0,0.5,0.5021810159087181,-0.023017325455778614,4.343642331339415,0.05021810159087181,nan,nan,nan,nan,nan,nan,nan,nan,125,35.03988000000095,-361.65999999999997,-230.10000000000002,nan
497,-343.65385638551663,-182.75500454045013,41.15434389042218,0.050203874707221985,-0.48608475648323846,-0.6242884250474383,50.58026569162124,0.9911830450632241,0.01,0.0,0.0,0.5,0.5020387470722198,-0.021718211656697073,4.142691104847873,0.050203874707221985,nan,nan,nan,nan,nan,nan,nan,nan,126,35.32984000000096,-361.5079365079365,-230.07936507936506,nan
498,-343.79099945497217,-182.06076514665696,41.58376546025423,0.05018964782357216,-0.48608475648323846,-0.6242884250474383,51.182768565564864,0.984231114341272,0.01,0.0,0.0,0.5,0.5018964782357216,-0.020713455524239362,5.518843660065928,0.05018964782357216,nan,nan,nan,nan,nan,nan,nan,nan,126,35.32480000000096,-361.5079365079365,-230.07936507936506,nan
499,-344.06963775780184,-181.63162721086638,41.722495041253346,0.050182536244392395,-0.48608475648323846,-0.6242884250474383,51.49055804585642,1.0032417502940705,0.01,0.0,0.0,0.5,0.501825362443924,-0.02759421830032964,3.0858590018548187,0.050182536244392395,nan,nan,nan,nan,nan,nan,nan,nan,126,35.31472000000096,-361.5079365079365,-230.07936507936506,nan
500,-343.9545839652231,-181.25365386001477,41.629644244740284,0.05086710304021835,-0.4285277480507567,-0.6349182082250421,51.7742268971553,1.001563107079127,0.01,0.0,0.0,0.5,0.5086710304021835,-0.015429295009274093,3.3925959456247763,0.05086710304021835,nan,nan,nan,nan,nan,nan,nan,nan,127,35.604600000000964,-361.67322834645665,-229.90157480314963,nan
501,-343.80101002349977,-181.19124923654465,41.29073455759119,0.05085260421037674,-0.4285277480507567,-0.6349182082250421,51.88556643796121,1.0004251660656533,0.01,0.0,0.0,0.5,0.5085260421037674,-0.01696297972812388,2.2089130530436223,0.05085260421037674,nan,nan,nan,nan,nan,nan,nan,nan,127,35.599520000000965,-361.67322834645665,-229.90157480314963,nan
502,-343.8268997303794,-181.44404670708246,40.839772359801024,0.05014697462320328,-0.48608475648323846,-0.6242884250474383,51.052032749182715,1.029833460482561,0.01,0.0,0.0,0.5,0.5014697462320328,-0.011044565265218112,3.256961696822789,0.05014697462320328,nan,nan,nan,nan,nan,nan,nan,nan,129,36.18920000000097,-361.3372093023256,-229.39922480620157,nan
503,-343.50219960853195,-181.78402260970552,40.464692940326,0.05361182987689972,-0.4461629105906614,-0.613197820002946,50.61923434266224,1.042149583205936,0.01,0.0,0.0,0.5,0.5361182987689972,-0.016284808484113945,4.332774856615547,0.05361182987689972,nan,nan,nan,nan,nan,nan,nan,nan,130,36.47884000000097,-361.3461538461538,-229.15384615384608,nan
504,-342.87647431006314,-181.9995990331858,40.56499334368421,0.055381353944540024,-0.4479638009049774,-0.6120274412494526,50.64239413458041,1.042371571204354,0.01,0.0,0.0,0.5,0.5538135394454002,-0.021663874283077734,4.272784681858712,0.055381353944540024,nan,nan,nan,nan,nan,nan,nan,nan,130,36.47364000000098,-361.3461538461538,-229.15384615384608,nan
505,-342.21509860229025,-181.75308557649313,40.91361744860846,0.05537354201078415,-0.4479638009049774,-0.6120274412494526,51.115842730559535,1.0380600915722573,0.01,0.0,0.0,0.5,0.5537354201078415,-0.02136392340929356,5.103800090699928,0.05537354201078415,nan,nan,nan,nan,nan,nan,nan,nan,130,36.46324000000098,-361.3461538461538,-229.15384615384608,nan
506,-341.812836204182,-181.29496278537673,41.38771828851602,0.0553579106926918,-0.4479638009049774,-0.6120274412494526,51.519620874602836,1.0572289382454934,0.01,0.0,0.0,0.5,0.553579106926918,-0.02551900045349964,4.651640672739727,0.0553579106926918,nan,nan,nan,nan,nan,nan,nan,nan,131,36.75276000000099,-361.2022900763359,-229.0267175572519,nan
507,-341.86240599426384,-180.93796813772116,41.917797940494,0.05704871565103531,-0.43293718166383705,-0.622524052065648,51.83202617149366,1.0199859351348621,0.01,0.0,0.0,0.5,0.5704871565103531,-0.023258203363698632,3.8837886962941965,0.05704871565103531,nan,nan,nan,nan,nan,nan,nan,nan,131,36.74752000000099,-361.2022900763359,-229.0267175572519,nan
508,-342.1521608497122,-180.80569341686018,42.34089322686565,0.052940484136343,-0.4223007806746207,-0.6485491235822655,51.847609324821384,1.0228034919686368,0.01,0.0,0.0,0.5,0.52940484136343,-0.019418943481470982,3.2904034815778216,0.052940484136343,nan,nan,nan,nan,nan,nan,nan,nan,131,36.737040000000995,-361.2022900763359,-229.0267175572519,nan
509,-342.12661291718064,-180.97697603417558,42.31644406965075,0.05292554944753647,-0.4223007806746207,-0.6485491235822655,51.6977670650751,1.0285655434219234,0.01,0.0,0.0,0.5,0.5292554944753647,-0.016452017407889107,2.108143184816981,0.05292554944753647,nan,nan,nan,nan,nan,nan,nan,nan,131,36.726560000001,-361.2022900763359,-229.0267175572519,nan
510,-342.2253751889809,-181.17047440536518,42.021802473714786,0.05291062593460083,-0.4223007806746207,-0.6485491235822655,51.48148509177277,1.0274445572706092,0.01,0.0,0.0,0.5,0.5291062593460083,-0.010540715924084905,2.317391570170159,0.05291062593460083,nan,nan,nan,nan,nan,nan,nan,nan,131,36.721320000001,-361.2022900763359,-229.0267175572519,nan
511,-342.4558375192257,-181.61316871873848,41.5972872184679,0.052903156727552414,-0.4223007806746207,-0.6485491235822655,50.98503797133117,1.0565204397246173,0.01,0.0,0.0,0.5,0.5290315672755241,-0.011586957850850794,4.664665869773809,0.052903156727552414,nan,nan,nan,nan,nan,nan,nan,nan,131,36.710840000001,-361.2022900763359,-229.0267175572519,nan
512,-342.8954828356194,-182.1055424128087,41.132218229046906,0.05698437988758087,-0.43293718166383705,-0.622524052065648,50.303183853719666,1.054451808959911,0.01,0.0,0.0,0.5,0.5698437988758087,-0.023323329348869045,5.046253198252138,0.05698437988758087,nan,nan,nan,nan,nan,nan,nan,nan,133,37.300240000001004,-360.6954887218045,-229.15413533834578,nan
513,-342.9661653502363,-182.63452126453407,41.06337844847563,0.05696830153465271,-0.43293718166383705,-0.622524052065648,49.78356556927211,1.0602687301274272,0.01,0.0,0.0,0.5,0.5696830153465271,-0.02523126599126069,3.8667518688016727,0.05696830153465271,nan,nan,nan,nan,nan,nan,nan,nan,133,37.294920000001014,-360.6954887218045,-229.15413533834578,nan
514,-342.8674974567903,-183.13243251200416,41.024159458462584,0.05696025490760803,-0.43293718166383705,-0.622524052065648,49.37158323598438,1.0657381384800124,0.01,0.0,0.0,0.5,0.5696025490760803,-0.019333759344008362,2.7407075319638174,0.05696025490760803,nan,nan,nan,nan,nan,nan,nan,nan,134,37.58424000000101,-360.48507462686564,-229.25373134328356,nan
515,-342.5100464654785,-183.21529056110552,41.298179222522144,0.056944169104099274,-0.43293718166383705,-0.622524052065648,49.250220635283505,1.062855157377043,0.01,0.0,0.0,0.5,0.5694416910409927,-0.013703537659819088,3.2851410862368833,0.056944169104099274,nan,nan,nan,nan,nan,nan,nan,nan,135,37.87348000000102,-360.6111111111111,-229.01851851851848,nan
516,-342.3184980312557,-183.4085145566306,41.1772539244487,0.056928083300590515,-0.43293718166383705,-0.622524052065648,49.14155222103516,1.0694713611204167,0.01,0.0,0.0,0.5,0.5692808330059052,-0.016425705431184417,1.9458309253307198,0.056928083300590515,nan,nan,nan,nan,nan,nan,nan,nan,135,37.868080000001015,-360.6111111111111,-229.01851851851848,nan
517,-341.9322151885765,-183.7694863119846,40.85237412493294,0.05692005157470703,-0.43293718166383705,-0.622524052065648,48.9527942870764,1.0570788910569735,0.01,0.0,0.0,0.5,0.5692005157470703,-0.009729154626653599,4.392138429840644,0.05692005157470703,nan,nan,nan,nan,nan,nan,nan,nan,135,37.857280000001026,-360.6111111111111,-229.01851851851848,nan
518,-341.87772839222737,-184.2489429617888,40.420100930528314,0.05690396577119827,-0.43293718166383705,-0.622524052065648,48.53096458573535,1.0586069437201129,0.01,0.0,0.0,0.5,0.5690396577119827,-0.02196069214920322,4.054365230891986,0.05690396577119827,nan,nan,nan,nan,nan,nan,nan,nan,135,37.84648000000102,-360.6111111111111,-229.01851851851848,nan
519,-341.9914457595253,-184.9558543242722,39.97398435877762,0.056887879967689514,-0.43293718166383705,-0.622524052065648,47.83524133627799,1.0501380438303833,0.01,0.0,0.0,0.5,0.5688787996768951,-0.02027182615445993,5.732075796606461,0.056887879967689514,nan,nan,nan,nan,nan,nan,nan,nan,135,37.841080000001035,-360.6111111111111,-229.01851851851848,nan
520,-342.27753455742044,-185.63454717814898,40.0601931294892,0.05687984079122543,-0.43293718166383705,-0.622524052065648,46.86203810782378,1.1929515318916455,0.01,0.0,0.0,0.5,0.5687984079122543,-0.028660378983032305,4.490240000760263,0.05687984079122543,nan,nan,nan,nan,nan,nan,nan,nan,136,38.13020000000103,-360.55147058823525,-228.78676470588232,nan
521,-342.10464373451805,-186.26589556714094,40.415948584224346,0.07054027169942856,-0.42331431233259587,-0.5458250844299523,46.34986227902938,1.188984139870882,0.01,0.0,0.0,0.5,0.7054027169942856,-0.022451200003801314,5.24392634406091,0.07054027169942856,nan,nan,nan,nan,nan,nan,nan,nan,136,38.11932000000104,-360.55147058823525,-228.78676470588232,nan
522,-342.0708111614529,-186.76706925010785,40.90545395201519,0.07052037864923477,-0.42331431233259587,-0.5458250844299523,45.90413466175734,1.1949972552405024,0.01,0.0,0.0,0.5,0.7052037864923477,-0.02621963172030455,4.02141916063977,0.07052037864923477,nan,nan,nan,nan,nan,nan,nan,nan,136,38.11388000000104,-360.55147058823525,-228.78676470588232,nan
523,-342.2809710328466,-187.15906891594406,41.47013741645457,0.07051043212413788,-0.42331431233259587,-0.5458250844299523,45.46071062778386,1.1923635086284097,0.01,0.0,0.0,0.5,0.7051043212413788,-0.02010709580319885,4.508352580348345,0.07051043212413788,nan,nan,nan,nan,nan,nan,nan,nan,136,38.10300000000104,-360.55147058823525,-228.78676470588232,nan
524,-342.66446163020953,-187.49058402245325,42.06817241165483,0.0704905316233635,-0.42331431233259587,-0.5458250844299523,45.00355128768076,1.1905015464481064,0.01,0.0,0.0,0.5,0.704905316233635,-0.022541762901741726,4.840976797414853,0.0704905316233635,nan,nan,nan,nan,nan,nan,nan,nan,136,38.09212000000105,-360.55147058823525,-228.78676470588232,nan
525,-342.85463150970855,-187.96584939369959,42.65815181898061,0.0704706460237503,-0.42331431233259587,-0.5458250844299523,44.49185588729318,1.188895185202735,0.01,0.0,0.0,0.5,0.704706460237503,-0.024204883987074266,5.142364936992067,0.0704706460237503,nan,nan,nan,nan,nan,nan,nan,nan,136,38.08668000000105,-360.55147058823525,-228.78676470588232,nan
526,-343.18933247569373,-188.46921086646992,42.829937753309345,0.07046070694923401,-0.42331431233259587,-0.5458250844299523,43.89702709105577,1.253769632563208,0.01,0.0,0.0,0.5,0.7046070694923401,-0.025711824684960333,3.9967086344531313,0.07046070694923401,nan,nan,nan,nan,nan,nan,nan,nan,136,38.07580000000105,-360.55147058823525,-228.78676470588232,nan
527,-343.49429055186204,-189.16298342052878,42.683710551526886,0.076375313103199,-0.3985859478568272,-0.5044189129474149,43.1392099387875,1.2463794392708816,0.01,0.0,0.0,0.5,0.76375313103199,-0.019983543172265656,5.4314027952377515,0.076375313103199,nan,nan,nan,nan,nan,nan,nan,nan,136,38.06492000000106,-360.55147058823525,-228.78676470588232,nan
528,-343.93069229730435,-189.75787264561748,42.4894801789558,0.07635364681482315,-0.3985859478568272,-0.5044189129474149,42.32684943986816,1.2652894764504714,0.01,0.0,0.0,0.5,0.7635364681482315,-0.02715701397618876,4.5936263926449845,0.07635364681482315,nan,nan,nan,nan,nan,nan,nan,nan,137,38.35944000000106,-360.41970802919707,-228.7408759124088,nan
529,-344.07440908944824,-190.39876660638402,42.711523707840335,0.07782576233148575,-0.38559139784946234,-0.5161290322580645,41.68076466986788,1.2637463818838037,0.01,0.0,0.0,0.5,0.7782576233148575,-0.022968131963224923,4.858137868844723,0.07782576233148575,nan,nan,nan,nan,nan,nan,nan,nan,137,38.34848000000106,-360.41970802919707,-228.7408759124088,nan
530,-343.75357689909265,-190.70381677472622,43.15215660356813,0.07780370861291885,-0.38559139784946234,-0.5161290322580645,41.528036248893315,1.2691016630074243,0.01,0.0,0.0,0.5,0.7780370861291885,-0.02429068934422362,3.7429742069868093,0.07780370861291885,nan,nan,nan,nan,nan,nan,nan,nan,137,38.33752000000107,-360.41970802919707,-228.7408759124088,nan
531,-343.4798022755128,-190.50775327808483,43.702336151648154,0.07778164744377136,-0.38559139784946234,-0.5161290322580645,41.81784395823105,1.2678308220050138,0.01,0.0,0.0,0.5,0.7778164744377136,-0.018714871034934046,3.975064847044128,0.07778164744377136,nan,nan,nan,nan,nan,nan,nan,nan,137,38.33204000000107,-360.41970802919707,-228.7408759124088,nan
532,-343.3875122745328,-189.97274772569628,44.26435598142169,0.07777061313390732,-0.38559139784946234,-0.5161290322580645,42.34457999941169,1.261307301472606,0.01,0.0,0.0,0.5,0.7777061313390732,-0.01987532423522064,5.2356376745339945,0.07777061313390732,nan,nan,nan,nan,nan,nan,nan,nan,137,38.321080000001075,-360.41970802919707,-228.7408759124088,nan
533,-343.61936496469707,-189.57801617985342,44.334559077237955,0.07774855196475983,-0.38559139784946234,-0.5161290322580645,42.61432986117112,1.2729075404467303,0.01,0.0,0.0,0.5,0.7774855196475983,-0.026178188372669973,2.8714586007174407,0.07774855196475983,nan,nan,nan,nan,nan,nan,nan,nan,137,38.31012000000108,-360.41970802919707,-228.7408759124088,nan
534,-343.9666804286261,-189.18523061206153,44.124825926506496,0.07772649079561234,-0.38559139784946234,-0.5161290322580645,42.840998965384024,1.267971347874894,0.01,0.0,0.0,0.5,0.7772649079561234,-0.014357293003587204,3.836667238375713,0.07772649079561234,nan,nan,nan,nan,nan,nan,nan,nan,137,38.304640000001086,-360.41970802919707,-228.7408759124088,nan
535,-344.2865369765479,-189.2942801812066,43.79582034326958,0.07771546393632889,-0.38698888769015,-0.5166684647750566,41.998653593322935,1.2990926196452819,0.01,0.0,0.0,0.5,0.7771546393632889,-0.019183336191878567,3.622873737874773,0.07771546393632889,nan,nan,nan,nan,nan,nan,nan,nan,139,38.89352000000109,-360.2338129496402,-228.14748201438852,nan
536,-344.73957173493744,-189.64243264749229,43.42679439298905,0.0807207003235817,-0.3709677419354839,-0.48530012249897914,41.40772591639221,1.3110384221482843,0.01,0.0,0.0,0.5,0.807207003235817,-0.018114368689373866,4.277054873932001,0.0807207003235817,nan,nan,nan,nan,nan,nan,nan,nan,140,39.18232000000109,-360.07142857142856,-228.1071428571429,nan
537,-344.6261709243142,-190.1101394347077,43.5759910128599,0.08224236965179443,-0.36106923927243495,-0.492513315244699,41.016195007219984,1.3111520241618446,0.01,0.0,0.0,0.5,0.8224236965179443,-0.021385274369660007,4.231064817899648,0.08224236965179443,nan,nan,nan,nan,nan,nan,nan,nan,140,39.17672000000109,-360.07142857142856,-228.1071428571429,nan
538,-344.05969585660824,-190.34368071376065,43.982736379040304,0.08223073184490204,-0.36106923927243495,-0.492513315244699,40.74558406801572,1.3239530016380405,0.01,0.0,0.0,0.5,0.8223073184490204,-0.021155324089498242,4.631408186796178,0.08223073184490204,nan,nan,nan,nan,nan,nan,nan,nan,141,39.465480000001094,-360.0531914893618,-227.81914893617022,nan
539,-343.51699443669577,-190.0763812864517,44.520477986769244,0.08371100574731827,-0.3615468087205288,-0.4809115122817401,41.206338381676666,1.3218352641790208,0.01,0.0,0.0,0.5,0.8371100574731827,-0.02315704093398089,5.007581906932666,0.08371100574731827,nan,nan,nan,nan,nan,nan,nan,nan,141,39.4542000000011,-360.0531914893618,-227.81914893617022,nan
540,-343.2207602451675,-189.52625724253573,45.117877333242674,0.08368732035160065,-0.3615468087205288,-0.4809115122817401,41.82913214317204,1.263298148702432,0.01,0.0,0.0,0.5,0.8368732035160065,-0.02503790953466333,5.516722760429148,0.08368732035160065,nan,nan,nan,nan,nan,nan,nan,nan,141,39.44856000000111,-360.0531914893618,-227.81914893617022,nan
541,-343.3744251087411,-189.0050510892486,45.73776909165216,0.07808817923069,-0.40438541007800977,-0.4819734345351044,42.343421201864274,1.2131610048827655,0.01,0.0,0.0,0.5,0.7808817923069,-0.02758361380214574,5.065392712411741,0.07808817923069,nan,nan,nan,nan,nan,nan,nan,nan,142,39.73720000000111,-359.894366197183,-227.99295774647885,nan
542,-343.6204626412808,-188.34917874985067,45.97697388167781,0.07284878939390182,-0.4029408412173715,-0.5242220449105209,42.88849808869238,1.225689642787697,0.01,0.0,0.0,0.5,0.7284878939390182,-0.025326963562058706,5.183366227006485,0.07284878939390182,nan,nan,nan,nan,nan,nan,nan,nan,145,40.625640000001106,-359.5,-228.18965517241384,nan
543,-344.032338563239,-187.81247549759547,45.86936021363504,0.07416065037250519,-0.40011318619128466,-0.5234861346915676,43.23846885372825,1.2306322005062904,0.01,0.0,0.0,0.5,0.7416065037250519,-0.025916831135032427,4.173873848326896,0.07416065037250519,nan,nan,nan,nan,nan,nan,nan,nan,145,40.61984000000112,-359.5,-228.18965517241384,nan
544,-344.4616169177404,-187.40741723555823,45.58528997975164,0.07415015995502472,-0.40011318619128466,-0.5234861346915676,43.466583680651695,1.2833310923641759,0.01,0.0,0.0,0.5,0.7415015995502472,-0.020869369241634482,4.161181734684365,0.07415015995502472,nan,nan,nan,nan,nan,nan,nan,nan,145,40.608240000001125,-359.5,-228.18965517241384,nan
545,-344.81464318243644,-187.52849698555255,45.20765973211623,0.07941370457410812,-0.34857500782962725,-0.5250026098757699,43.231811088087866,1.2841550018823327,0.01,0.0,0.0,0.5,0.7941370457410812,-0.020805908673421827,3.951457928892373,0.07941370457410812,nan,nan,nan,nan,nan,nan,nan,nan,145,40.59664000000113,-359.5,-228.18965517241384,nan
546,-344.7775514279374,-187.85809150042294,44.821587597153304,0.0793912261724472,-0.34857500782962725,-0.5250026098757699,42.93466571646836,1.2886477501932483,0.01,0.0,0.0,0.5,0.793912261724472,-0.019757289644461863,3.030425394699964,0.0793912261724472,nan,nan,nan,nan,nan,nan,nan,nan,145,40.59084000000112,-359.5,-228.18965517241384,nan
547,-344.34714937930795,-187.7632600265867,44.77596923397094,0.07937999069690704,-0.34857500782962725,-0.5250026098757699,43.1729348830904,1.2863578085616325,0.01,0.0,0.0,0.5,0.7937999069690704,-0.01515212697349982,3.4434479770045643,0.07937999069690704,nan,nan,nan,nan,nan,nan,nan,nan,145,40.57924000000113,-359.5,-228.18965517241384,nan
548,-343.58283222652824,-187.4573524048375,45.06955765689012,0.07935750484466553,-0.34857500782962725,-0.5250026098757699,43.712085189278966,1.2210310825485482,0.01,0.0,0.0,0.5,0.7935750484466553,-0.01721723988502282,5.905269925226902,0.07935750484466553,nan,nan,nan,nan,nan,nan,nan,nan,146,40.86760000000113,-359.2808219178082,-228.2534246575342,nan
549,-342.96691939289013,-187.06043367441566,45.53013303268666,0.0740557387471199,-0.40011318619128466,-0.5234861346915676,44.30582266167522,1.2256671574818485,0.01,0.0,0.0,0.5,0.740557387471199,-0.02952634962613451,4.957074103605874,0.0740557387471199,nan,nan,nan,nan,nan,nan,nan,nan,146,40.861760000001134,-359.2808219178082,-228.2534246575342,nan
550,-342.66659163316643,-186.53399893468134,46.04577772227587,0.07404524832963943,-0.40011318619128466,-0.5234861346915676,44.90593647387554,1.2253064315741613,0.01,0.0,0.0,0.5,0.7404524832963943,-0.02478537051802937,4.987233773363541,0.07404524832963943,nan,nan,nan,nan,nan,nan,nan,nan,146,40.85008000000115,-359.2808219178082,-228.2534246575342,nan
551,-342.7959388702092,-186.0420974422249,46.17466998216239,0.0740242600440979,-0.40011318619128466,-0.5234861346915676,45.28661736953003,1.2333800727557027,0.01,0.0,0.0,0.5,0.740242600440979,-0.024936168866817706,3.3305438671333807,0.0740242600440979,nan,nan,nan,nan,nan,nan,nan,nan,147,41.13836000000114,-359.47278911564626,-228.14625850340133,nan
552,-342.75672054595276,-185.42257661919135,46.04124941389344,0.07400327920913696,-0.40011318619128466,-0.5234861346915676,45.87744480864063,1.1711424734283624,0.01,0.0,0.0,0.5,0.7400327920913696,-0.016652719335666904,4.639028507686911,0.07400327920913696,nan,nan,nan,nan,nan,nan,nan,nan,147,41.132480000001145,-359.47278911564626,-228.14625850340133,nan
553,-342.94011323556686,-184.82318354064853,45.72065273134232,0.06843375414609909,-0.4230485102191578,-0.5574981531642453,46.341131398912076,1.172474746027582,0.01,0.0,0.0,0.5,0.6843375414609909,-0.023195142538434556,4.333711759449451,0.06843375414609909,nan,nan,nan,nan,nan,nan,nan,nan,148,41.42064000000115,-359.2229729729729,-228.20945945945948,nan
554,-343.28606927279384,-184.465334480486,45.30668489535435,0.06841433793306351,-0.4252873563218391,-0.5562971202570758,46.5567757659917,1.1742101360184618,0.01,0.0,0.0,0.5,0.6841433793306351,-0.021668558797247255,3.94779537473782,0.06841433793306351,nan,nan,nan,nan,nan,nan,nan,nan,148,41.40880000000116,-359.2229729729729,-228.20945945945948,nan
555,-343.39905389846103,-184.54163002563982,44.83988296458119,0.06839491426944733,-0.4252873563218391,-0.5562971202570758,46.446482561523084,1.1774072327021554,0.01,0.0,0.0,0.5,0.6839491426944733,-0.019738976873689102,3.2889687656602375,0.06839491426944733,nan,nan,nan,nan,nan,nan,nan,nan,148,41.40288000000116,-359.2229729729729,-228.20945945945948,nan
556,-343.0661483350114,-184.53388675201637,44.48894835772145,0.06838520616292953,-0.4252873563218391,-0.5562971202570758,46.82662907239037,1.1754986127831706,0.01,0.0,0.0,0.5,0.6838520616292953,-0.01644484382830119,3.6318543629215703,0.06838520616292953,nan,nan,nan,nan,nan,nan,nan,nan,149,41.69096000000117,-359.34563758389254,-228.43959731543623,nan
557,-342.5993661022176,-184.09814831471283,44.600936055308765,0.06836578994989395,-0.4252873563218391,-0.5562971202570758,47.398330223982725,1.171885775474548,0.01,0.0,0.0,0.5,0.6836578994989395,-0.01815927181460785,4.315583438110422,0.06836578994989395,nan,nan,nan,nan,nan,nan,nan,nan,149,41.67904000000117,-359.34563758389254,-228.43959731543623,nan
558,-342.3028978253963,-183.4622264901324,44.96709284860697,0.06834636628627777,-0.4252873563218391,-0.5562971202570758,48.30213037349904,1.1235772577683212,0.01,0.0,0.0,0.5,0.6834636628627777,-0.02157791719055211,5.07571475187774,0.06834636628627777,nan,nan,nan,nan,nan,nan,nan,nan,150,41.97304000000117,-359.23333333333335,-228.70000000000005,nan
559,-342.43902596115976,-182.8800227953639,45.46114641045293,0.0638955757021904,-0.41282486613556224,-0.5893953245396369,48.800810148443425,1.1249418248722816,0.01,0.0,0.0,0.5,0.638955757021904,-0.025378573759388703,4.766466339630586,0.0638955757021904,nan,nan,nan,nan,nan,nan,nan,nan,150,41.96104000000118,-359.23333333333335,-228.70000000000005,nan
560,-342.65065066257347,-182.17861052083427,45.93286161696635,0.0638774111866951,-0.41282486613556224,-0.5893953245396369,48.97719164557223,1.1462802262395724,0.01,0.0,0.0,0.5,0.638774111866951,-0.023832331698152933,5.831017587778903,0.0638774111866951,nan,nan,nan,nan,nan,nan,nan,nan,152,42.548880000001176,-358.88157894736855,-228.38815789473688,nan
561,-342.8789936571953,-181.86226580820576,45.91504326451498,0.06654353439807892,-0.3770856507230256,-0.5916450376962057,49.20103017637749,1.1656674511267124,0.01,0.0,0.0,0.5,0.6654353439807892,-0.029155087938894514,1.9347137007439397,0.06654353439807892,nan,nan,nan,nan,nan,nan,nan,nan,152,42.542800000001186,-358.88157894736855,-228.38815789473688,nan
562,-342.68304049948046,-181.5683391230166,45.631346877088454,0.06653410196304321,-0.3770856507230256,-0.5916450376962057,49.542790370188456,1.1563515022374873,0.01,0.0,0.0,0.5,0.6653410196304321,-0.009673568503719698,3.7601618175171945,0.06653410196304321,nan,nan,nan,nan,nan,nan,nan,nan,152,42.53064000000119,-358.88157894736855,-228.38815789473688,nan
563,-342.6263576179855,-181.28535256589015,45.213286139080715,0.0665152296423912,-0.3770856507230256,-0.5916450376962057,50.04726833184089,1.1603895749173343,0.01,0.0,0.0,0.5,0.665152296423912,-0.01880080908758597,2.9147817786180856,0.0665152296423912,nan,nan,nan,nan,nan,nan,nan,nan,153,42.81844000000119,-358.90522875817,-228.6111111111111,nan
564,-342.85872288937753,-181.14889400528818,44.73369668143674,0.0664963498711586,-0.3770856507230256,-0.5916450376962057,50.10142116943848,1.0973932482589823,0.01,0.0,0.0,0.5,0.664963498711586,-0.014573908893090428,3.4958433749369417,0.0664963498711586,nan,nan,nan,nan,nan,nan,nan,nan,153,42.81232000000121,-358.90522875817,-228.6111111111111,nan
565,-342.6769368802105,-181.2497275357507,44.662422941968224,0.06048724427819252,-0.3678503659528327,-0.6337760910815939,50.06453946106626,1.101905714053835,0.01,0.0,0.0,0.5,0.6048724427819252,-0.01747921687468471,2.5590179405757563,0.06048724427819252,nan,nan,nan,nan,nan,nan,nan,nan,153,42.8000800000012,-358.90522875817,-228.6111111111111,nan
566,-342.1090746336503,-181.35899565561482,44.93143048021094,0.060470081865787506,-0.3678503659528327,-0.6337760910815939,50.148511527204555,1.153309253757043,0.01,0.0,0.0,0.5,0.6047008186578751,-0.012795089702878782,4.236479937067969,0.060470081865787506,nan,nan,nan,nan,nan,nan,nan,nan,153,42.787840000001204,-358.90522875817,-228.6111111111111,nan
567,-341.4737205158418,-181.026885742262,45.36308907745537,0.06644916534423828,-0.3770856507230256,-0.5916450376962057,50.63054251620241,1.1472226936208776,0.01,0.0,0.0,0.5,0.6644916534423828,-0.021182399685339845,5.434933054694109,0.06644916534423828,nan,nan,nan,nan,nan,nan,nan,nan,154,43.0816800000012,-358.7012987012987,-228.63636363636363,nan
568,-340.7830218741218,-180.6039974303812,45.75338565069716,0.06643973290920258,-0.3770856507230256,-0.5916450376962057,51.26570830292844,1.0858578162793617,0.01,0.0,0.0,0.5,0.6643973290920258,-0.027174665273470545,5.682814490709707,0.06643973290920258,nan,nan,nan,nan,nan,nan,nan,nan,154,43.06936000000121,-358.7012987012987,-228.63636363636363,nan
569,-340.52011647574005,-180.09914263305154,46.0456404462106,0.060427188873291016,-0.3678503659528327,-0.6337760910815939,51.83065897558441,1.0949590217440626,0.01,0.0,0.0,0.5,0.6042718887329102,-0.028414072453548538,3.82824112237888,0.060427188873291016,nan,nan,nan,nan,nan,nan,nan,nan,154,43.05704000000122,-358.7012987012987,-228.63636363636363,nan
570,-340.4845922460234,-179.39406930469642,45.98292207785665,0.060410026460886,-0.3678503659528327,-0.6337760910815939,52.50382790925071,1.0380904781299247,0.01,0.0,0.0,0.5,0.60410026460886,-0.0191412056118944,4.873370896231832,0.060410026460886,nan,nan,nan,nan,nan,nan,nan,nan,154,43.05088000000122,-358.7012987012987,-228.63636363636363,nan
571,-340.7677492846603,-178.78235484822417,45.676790307544266,0.05524573475122452,-0.4077597740448937,-0.6533372974580051,52.98145323532469,1.0511111703702982,0.01,0.0,0.0,0.5,0.5524573475122452,-0.02436685448115916,4.56253307681925,0.05524573475122452,nan,nan,nan,nan,nan,nan,nan,nan,154,43.038560000001226,-358.7012987012987,-228.63636363636363,nan
572,-341.19968019264064,-178.50076717731696,45.24625754981649,0.056392379105091095,-0.3692396313364056,-0.657258064516129,53.10258640336622,1.0535269714397935,0.01,0.0,0.0,0.5,0.563923791050911,-0.02281266538409625,4.0472817221731265,0.056392379105091095,nan,nan,nan,nan,nan,nan,nan,nan,154,43.02624000000123,-358.7012987012987,-228.63636363636363,nan
573,-341.5689912162398,-178.76945144541466,44.7522914011226,0.056376345455646515,-0.3692396313364056,-0.657258064516129,52.72783791530257,1.0896735235340467,0.01,0.0,0.0,0.5,0.5637634545564651,-0.020236408610865633,4.782391621926035,0.056376345455646515,nan,nan,nan,nan,nan,nan,nan,nan,154,43.02008000000123,-358.7012987012987,-228.63636363636363,nan
574,-342.03271930702704,-179.153234064295,44.238317781677495,0.060358546674251556,-0.3695385871784401,-0.6346808221042602,52.24643422756496,1.0890587798822529,0.01,0.0,0.0,0.5,0.6035854667425156,-0.023911958109630174,4.871031918752067,0.060358546674251556,nan,nan,nan,nan,nan,nan,nan,nan,155,43.30772000000124,-358.4354838709678,-228.75806451612902,nan
575,-342.2708488916628,-179.4128522185996,43.76489106086298,0.06034139543771744,-0.3695385871784401,-0.6346808221042602,51.92538300968439,1.0957593306721791,0.01,0.0,0.0,0.5,0.6034139543771744,-0.024355159593760334,3.496613327234092,0.06034139543771744,nan,nan,nan,nan,nan,nan,nan,nan,155,43.29532000000124,-358.4354838709678,-228.75806451612902,nan
576,-342.0258244116916,-179.55348822589698,43.82552499566858,0.060324233025312424,-0.3695385871784401,-0.6346808221042602,51.86875024010776,1.0890921316470326,0.01,0.0,0.0,0.5,0.6032423302531242,-0.01748306663617046,2.365711014953829,0.060324233025312424,nan,nan,nan,nan,nan,nan,nan,nan,155,43.28912000000124,-358.4354838709678,-228.75806451612902,nan
577,-341.47778425987616,-179.42334097100803,44.15321608072863,0.059092070907354355,-0.41077114772255297,-0.624255849370068,51.97465915821683,1.094780427906128,0.01,0.0,0.0,0.5,0.5909207090735435,-0.011828555074769145,4.326968770581031,0.059092070907354355,nan,nan,nan,nan,nan,nan,nan,nan,156,43.57668000000125,-358.23717948717956,-228.62179487179492,nan
578,-341.1691604355992,-179.46357152359784,44.599072914088836,0.06064152717590332,-0.39101093264948034,-0.6290997435551356,52.300718736388475,1.100884821292175,0.01,0.0,0.0,0.5,0.6064152717590332,-0.021634843852905154,3.071757817981031,0.06064152717590332,nan,nan,nan,nan,nan,nan,nan,nan,157,43.86416000000125,-358.328025477707,-228.8694267515923,nan
579,-341.0572109654772,-179.85773069708267,44.76423412775594,0.06062436103820801,-0.39101093264948034,-0.6290997435551356,51.96563656932802,1.0994805919970163,0.01,0.0,0.0,0.5,0.6062436103820801,-0.015358789089905156,3.335437539317432,0.06062436103820801,nan,nan,nan,nan,nan,nan,nan,nan,157,43.85788000000126,-358.328025477707,-228.8694267515923,nan
580,-341.0140199194276,-180.31362935524203,44.97306577033873,0.06061577796936035,-0.39101093264948034,-0.6290997435551356,51.550366140964954,1.1017237172023049,0.01,0.0,0.0,0.5,0.6061577796936035,-0.01667718769658716,2.8524802228690964,0.06061577796936035,nan,nan,nan,nan,nan,nan,nan,nan,157,43.845320000001266,-358.328025477707,-228.8694267515923,nan
581,-341.159859295927,-180.52059703026544,45.15940948192836,0.06059861183166504,-0.39101093264948034,-0.6290997435551356,51.306483659154374,1.1174752764822091,0.01,0.0,0.0,0.5,0.6059861183166504,-0.014262401114345482,1.9183644270689235,0.06059861183166504,nan,nan,nan,nan,nan,nan,nan,nan,157,43.83276000000126,-358.328025477707,-228.8694267515923,nan
582,-341.5280587989177,-180.67961853510542,45.1857409736979,0.06170671433210373,-0.35005973715651134,-0.6391875746714457,51.03426786337017,1.1128158388949494,0.01,0.0,0.0,0.5,0.6170671433210373,-0.009591822135344617,2.8327281789569043,0.06170671433210373,nan,nan,nan,nan,nan,nan,nan,nan,157,43.82648000000127,-358.328025477707,-228.8694267515923,nan
583,-341.87276934531394,-181.1866312293046,45.09059486626228,0.06169794499874115,-0.35005973715651134,-0.6391875746714457,50.29117032664396,1.175199194873942,0.01,0.0,0.0,0.5,0.6169794499874115,-0.014163640894784522,4.636614615604652,0.06169794499874115,nan,nan,nan,nan,nan,nan,nan,nan,158,44.113840000001275,-358.16455696202524,-228.7658227848101,nan
584,-342.2980804208458,-181.71424583422169,45.27137144293654,0.0688382238149643,-0.339177185600748,-0.6014492753623188,49.65476786139414,1.1768803863579198,0.01,0.0,0.0,0.5,0.6883822381496429,-0.023183073078023263,4.26120414626273,0.0688382238149643,nan,nan,nan,nan,nan,nan,nan,nan,158,44.10120000000128,-358.16455696202524,-228.7658227848101,nan
585,-342.4529276538937,-182.16369331380724,45.6243148037656,0.06881864368915558,-0.339177185600748,-0.6014492753623188,48.94450086239401,1.192595761589996,0.01,0.0,0.0,0.5,0.6881864368915558,-0.02130602073131365,3.744071330072074,0.06881864368915558,nan,nan,nan,nan,nan,nan,nan,nan,160,44.69480000000128,-358.125,-228.53125,nan
586,-342.28779544484416,-182.65005952579918,46.10856123641211,0.07013161480426788,-0.3463133640552995,-0.5965437788018433,48.537621361699884,1.1898208546694837,0.01,0.0,0.0,0.5,0.7013161480426788,-0.01872035665036037,4.259189127748756,0.07013161480426788,nan,nan,nan,nan,nan,nan,nan,nan,160,44.68200000000129,-358.125,-228.53125,nan
587,-341.7792839416668,-182.89868451914515,46.65571740295274,0.07011167705059052,-0.3463133640552995,-0.5965437788018433,48.48976264225342,1.1851964941065074,0.01,0.0,0.0,0.5,0.7011167705059052,-0.02129594563874378,5.144173812060346,0.07011167705059052,nan,nan,nan,nan,nan,nan,nan,nan,161,44.96912000000129,-357.9347826086956,-228.61801242236027,nan
588,-341.4027441537264,-183.07929768089193,47.01589727883067,0.07009173929691315,-0.3463133640552995,-0.5965437788018433,48.349723668056384,1.209026349616998,0.01,0.0,0.0,0.5,0.7009173929691315,-0.025720869060301733,3.0037873123181766,0.07009173929691315,nan,nan,nan,nan,nan,nan,nan,nan,162,45.26264000000129,-357.8395061728395,-228.54938271604942,nan
589,-341.3878534485707,-183.21634063224838,47.00112457996262,0.07140453159809113,-0.3438572409059712,-0.5994051704415465,48.225943038281976,1.2189519223947956,0.01,0.0,0.0,0.5,0.7140453159809113,-0.015018936561590883,0.9780939145955855,0.07140453159809113,nan,nan,nan,nan,nan,nan,nan,nan,162,45.24968000000129,-357.8395061728395,-228.54938271604942,nan
590,-341.6363011958676,-183.20080170712814,46.78970748205864,0.0713842436671257,-0.3438572409059712,-0.5994051704415465,48.15638743768539,1.2115780466632842,0.01,0.0,0.0,0.5,0.713842436671257,-0.004890469572977928,2.412290218734783,0.0713842436671257,nan,nan,nan,nan,nan,nan,nan,nan,162,45.2367200000013,-357.8395061728395,-228.54938271604942,nan
591,-341.94171426188143,-183.52594642094652,46.43161710299473,0.07136395573616028,-0.3438572409059712,-0.5994051704415465,47.74777066485212,1.2021588679565431,0.01,0.0,0.0,0.5,0.7136395573616028,-0.012061451093673917,4.27583653900142,0.07136395573616028,nan,nan,nan,nan,nan,nan,nan,nan,162,45.23024000000131,-357.8395061728395,-228.54938271604942,nan
592,-342.4146595867506,-183.96886184679124,46.05698577417087,0.07135380804538727,-0.3438572409059712,-0.5994051704415465,47.17360207975158,1.199719734247339,0.01,0.0,0.0,0.5,0.7135380804538727,-0.0213791826950071,4.7231082805370965,0.07135380804538727,nan,nan,nan,nan,nan,nan,nan,nan,162,45.21728000000131,-357.8395061728395,-228.54938271604942,nan
593,-342.6459635258766,-184.54934730227006,45.76140739311667,0.07133352756500244,-0.3438572409059712,-0.5994051704415465,46.28967257405014,1.2638965015660466,0.01,0.0,0.0,0.5,0.7133352756500244,-0.023615541402685482,4.757351298118792,0.07133352756500244,nan,nan,nan,nan,nan,nan,nan,nan,163,45.504280000001316,-357.68404907975446,-228.32822085889575,nan
594,-342.75630631091,-185.07663751351114,45.50562038107838,0.07776831835508347,-0.3274556581267503,-0.5597967015869724,45.755185127540884,1.2714256604552603,0.01,0.0,0.0,0.5,0.7776831835508347,-0.02378675649059396,3.2293942761354493,0.07776831835508347,nan,nan,nan,nan,nan,nan,nan,nan,163,45.49776000000132,-357.68404907975446,-228.32822085889575,nan
595,-342.4947740412344,-185.3099873227101,45.56536146603022,0.07775726169347763,-0.3274556581267503,-0.5597967015869724,45.62107509440803,1.2733076852058944,0.01,0.0,0.0,0.5,0.7775726169347763,-0.016146971380677246,2.8087865214431718,0.07775726169347763,nan,nan,nan,nan,nan,nan,nan,nan,163,45.48472000000132,-357.68404907975446,-228.32822085889575,nan
596,-342.0297223266244,-185.68076302237873,45.670801789462935,0.07773516327142715,-0.3274556581267503,-0.5597967015869724,45.42976563896474,1.2675506044762135,0.01,0.0,0.0,0.5,0.7773516327142715,-0.01404393260721586,3.916023704671865,0.07773516327142715,nan,nan,nan,nan,nan,nan,nan,nan,163,45.47168000000133,-357.68404907975446,-228.32822085889575,nan
597,-341.33700382773765,-186.1035259286631,45.655163329213266,0.07771307229995728,-0.3274556581267503,-0.5597967015869724,45.72519817890862,1.3076807746225614,0.01,0.0,0.0,0.5,0.7771307229995728,-0.019580118523359325,5.490509809374432,0.07771307229995728,nan,nan,nan,nan,nan,nan,nan,nan,165,46.06508000000133,-357.77272727272725,-228.77272727272725,nan
598,-341.0394299862179,-186.62313347981447,45.43679241636866,0.08251333236694336,-0.32871561448644365,-0.5171185434395408,45.25875208806313,1.32999334230816,0.01,0.0,0.0,0.5,0.8251333236694336,-0.02745254904687216,3.704817027259614,0.08251333236694336,nan,nan,nan,nan,nan,nan,nan,nan,167,46.65176000000133,-357.4101796407185,-228.8173652694611,nan
599,-340.8903416494128,-186.87968927196854,45.15178409802876,0.08385173976421356,-0.315466328817854,-0.5154468375402007,45.07409139771596,1.332339257996058,0.01,0.0,0.0,0.5,0.8385173976421356,-0.01852408513629807,2.2919254698801854,0.08385173976421356,nan,nan,nan,nan,nan,nan,nan,nan,167,46.63840000000134,-357.4101796407185,-228.8173652694611,nan
600,-340.8786544667296,-186.74757866369012,44.925538918445675,0.08337989449501038,-0.3573957513768686,-0.5112116443745083,45.20130827347078,1.3327504175518448,0.01,0.0,0.0,0.5,0.8337989449501038,-0.011459627349400927,2.1860662775338713,0.08337989449501038,nan,nan,nan,nan,nan,nan,nan,nan,167,46.63172000000134,-357.4101796407185,-228.8173652694611,nan
601,-341.1098564463803,-186.75139600101872,45.10410416250344,0.08336807787418365,-0.3573957513768686,-0.5112116443745083,45.11370420097888,1.3315434961946329,0.01,0.0,0.0,0.5,0.8336807787418365,-0.010930331387669356,2.3802198284562506,0.08336807787418365,nan,nan,nan,nan,nan,nan,nan,nan,167,46.618360000001346,-357.4101796407185,-228.8173652694611,nan
602,-341.46286097204523,-186.82743395307236,45.44494964912448,0.0833444595336914,-0.3573957513768686,-0.5112116443745083,44.91626993279006,1.3320547448911264,0.01,0.0,0.0,0.5,0.8334445953369141,-0.011901099142281253,3.1256673471531546,0.0833444595336914,nan,nan,nan,nan,nan,nan,nan,nan,167,46.605000000001354,-357.4101796407185,-228.8173652694611,nan
603,-341.86440740421386,-186.90336277295165,45.4615132074669,0.08376830816268921,-0.315466328817854,-0.5154468375402007,44.70407855785286,1.333973670109826,0.01,0.0,0.0,0.5,0.8376830816268921,-0.015628336735765774,2.7180166036451623,0.08376830816268921,nan,nan,nan,nan,nan,nan,nan,nan,167,46.59832000000136,-357.4101796407185,-228.8173652694611,nan
604,-342.282264742362,-186.80288295493273,45.24161033168436,0.08375637978315353,-0.315466328817854,-0.5154468375402007,44.655016888696125,1.3309006053740795,0.01,0.0,0.0,0.5,0.8375637978315353,-0.013590083018225813,3.2849696768320475,0.08375637978315353,nan,nan,nan,nan,nan,nan,nan,nan,167,46.58496000000135,-357.4101796407185,-228.8173652694611,nan
605,-342.65501641385896,-187.00374674972252,44.90906786874004,0.08373254537582397,-0.315466328817854,-0.5154468375402007,44.34065330557833,1.3275459663133136,0.01,0.0,0.0,0.5,0.8373254537582397,-0.016424848384160237,3.9081899313070094,0.08373254537582397,nan,nan,nan,nan,nan,nan,nan,nan,167,46.57160000000137,-357.4101796407185,-228.8173652694611,nan
606,-342.81032696333926,-187.4488569679995,44.91214869558057,0.08370869606733322,-0.315466328817854,-0.5154468375402007,43.869228136465736,1.3334156151776,0.01,0.0,0.0,0.5,0.8370869606733322,-0.019540949656535047,2.7104659842554018,0.08370869606733322,nan,nan,nan,nan,nan,nan,nan,nan,167,46.56492000000137,-357.4101796407185,-228.8173652694611,nan
607,-342.52345737985155,-187.61984138189584,45.246159084180256,0.08369679003953934,-0.315466328817854,-0.5154468375402007,43.85736944217522,1.3298460345876808,0.01,0.0,0.0,0.5,0.8369679003953934,-0.01355232992127701,3.3766745445610296,0.08369679003953934,nan,nan,nan,nan,nan,nan,nan,nan,168,46.85152000000137,-357.17261904761904,-228.95833333333326,nan
608,-341.85599521025694,-187.51415366584195,45.729689887444124,0.08367294073104858,-0.315466328817854,-0.5154468375402007,44.330091465696064,1.3189219842893136,0.01,0.0,0.0,0.5,0.8367294073104858,-0.01688337272280515,5.513800888414139,0.08367294073104858,nan,nan,nan,nan,nan,nan,nan,nan,169,47.138000000001384,-357.0562130177516,-229.15680473372788,nan
609,-341.46387596678545,-187.10695202160724,46.29112099697561,0.08364909887313843,-0.315466328817854,-0.5154468375402007,44.78847894729789,1.3226125088169225,0.01,0.0,0.0,0.5,0.8364909887313843,-0.027569004442070697,4.751877966840123,0.08364909887313843,nan,nan,nan,nan,nan,nan,nan,nan,170,47.43120000000138,-356.9117647058823,-229.1470588235295,nan
610,-341.34969003456075,-186.46020673664373,46.879212592102945,0.08363718539476395,-0.315466328817854,-0.5154468375402007,45.43506915548223,1.3173754942197058,0.01,0.0,0.0,0.5,0.8363718539476395,-0.023759389834200617,5.751597170463162,0.08363718539476395,nan,nan,nan,nan,nan,nan,nan,nan,170,47.417600000001386,-356.9117647058823,-229.1470588235295,nan
611,-341.6190101035321,-185.89121696821667,47.30616208996316,0.08361334353685379,-0.315466328817854,-0.5154468375402007,45.87958367225598,1.3221981780068124,0.01,0.0,0.0,0.5,0.8361334353685379,-0.02875798585231581,4.739376697221523,0.08361334353685379,nan,nan,nan,nan,nan,nan,nan,nan,170,47.404000000001396,-356.9117647058823,-229.1470588235295,nan
612,-341.926837263178,-185.17602489261427,47.292468384631384,0.08358950167894363,-0.315466328817854,-0.5154468375402007,46.45427725642507,1.2658692761163721,0.01,0.0,0.0,0.5,0.8358950167894363,-0.023696883486107618,5.455134950065428,0.08358950167894363,nan,nan,nan,nan,nan,nan,nan,nan,170,47.39720000000139,-356.9117647058823,-229.1470588235295,nan
613,-342.3744704848863,-184.64510482753104,47.03354649846381,0.07831449806690216,-0.3270988756961227,-0.5483870967741935,46.8162026731106,1.2244043679125822,0.01,0.0,0.0,0.5,0.7831449806690216,-0.02727567475032714,4.464287855471826,0.07831449806690216,nan,nan,nan,nan,nan,nan,nan,nan,170,47.38360000000141,-356.9117647058823,-229.1470588235295,nan
614,-342.8992292027456,-184.46261083405878,46.65279649548653,0.0736725777387619,-0.3140223831468071,-0.5909589642308536,46.83002288436749,1.2259518341265743,0.01,0.0,0.0,0.5,0.736725777387619,-0.02232143927735913,4.112761417177827,0.0736725777387619,nan,nan,nan,nan,nan,nan,nan,nan,170,47.37000000000141,-356.9117647058823,-229.1470588235295,nan
615,-342.85160220113676,-184.6441783994654,46.19718294268691,0.07365156710147858,-0.3140223831468071,-0.5909589642308536,46.671131716494735,1.2273794987795217,0.01,0.0,0.0,0.5,0.7365156710147858,-0.020563807085889136,3.8062238097694845,0.07365156710147858,nan,nan,nan,nan,nan,nan,nan,nan,170,47.363200000001406,-356.9117647058823,-229.1470588235295,nan
616,-342.394168106923,-184.96744135100678,45.751879245137054,0.07364106178283691,-0.3140223831468071,-0.5909589642308536,46.50375480569875,1.2751579832191944,0.01,0.0,0.0,0.5,0.7364106178283691,-0.019031119048847422,4.516830937948249,0.07364106178283691,nan,nan,nan,nan,nan,nan,nan,nan,170,47.349600000001416,-356.9117647058823,-229.1470588235295,nan
617,-341.76815404142593,-184.81521678460572,45.64007827914198,0.07877422124147415,-0.30569319445848925,-0.5580948528668217,46.6169504405991,1.2894429097367872,0.01,0.0,0.0,0.5,0.7877422124147415,-0.02258415468974125,4.532360359161106,0.07877422124147415,nan,nan,nan,nan,nan,nan,nan,nan,171,47.63592000000142,-356.82748538011697,-228.93274853801177,nan
618,-341.083020325699,-184.41172894003208,45.870217935965776,0.08021047711372375,-0.30274494089360854,-0.5547986375475856,47.222974979277616,1.2855008285378353,0.01,0.0,0.0,0.5,0.8021047711372375,-0.02266180179580553,5.297888415357728,0.08021047711372375,nan,nan,nan,nan,nan,nan,nan,nan,171,47.62908000000142,-356.82748538011697,-228.93274853801177,nan
619,-340.80013051093476,-184.20769465951696,46.306316618562796,0.08019903302192688,-0.30274494089360854,-0.5547986375475856,47.510067865000586,1.2446382931258602,0.01,0.0,0.0,0.5,0.8019903302192688,-0.02648944207678864,2.851518086864098,0.08019903302192688,nan,nan,nan,nan,nan,nan,nan,nan,171,47.61540000000143,-356.82748538011697,-228.93274853801177,nan
620,-340.5306708373742,-184.123613322823,46.842776161208526,0.07488958537578583,-0.3093743234466334,-0.5867070794544273,47.66948150266273,1.2397106472262656,0.01,0.0,0.0,0.5,0.7488958537578583,-0.014257590434320492,3.794322657408017,0.07488958537578583,nan,nan,nan,nan,nan,nan,nan,nan,172,47.901680000001434,-356.9767441860465,-228.86627906976742,nan
621,-340.0996276676476,-183.93705993071825,47.11606729585203,0.07486822456121445,-0.3093743234466334,-0.5867070794544273,48.17760354620476,1.194105939007861,0.01,0.0,0.0,0.5,0.7486822456121445,-0.018971613287040084,3.5240995214258617,0.07486822456121445,nan,nan,nan,nan,nan,nan,nan,nan,173,48.19476000000144,-356.97976878612724,-229.0606936416185,nan
622,-339.44012465760807,-183.6153624396023,47.028617005397045,0.07017263770103455,-0.3611500701262272,-0.5864890135577373,48.64983401761723,1.1736442133393343,0.01,0.0,0.0,0.5,0.7017263770103455,-0.017620497607129307,5.065055914591622,0.07017263770103455,nan,nan,nan,nan,nan,nan,nan,nan,174,48.480880000001434,-356.7528735632185,-229.080459770115,nan
623,-339.234659349226,-183.14857008615297,46.71901212134576,0.06889694929122925,-0.39483394833948343,-0.5802880609451256,49.31537179908331,1.180720981216133,0.01,0.0,0.0,0.5,0.6889694929122925,-0.02532527957295811,3.6105301666855203,0.06889694929122925,nan,nan,nan,nan,nan,nan,nan,nan,175,48.76692000000144,-356.61428571428576,-229.30000000000007,nan
624,-339.30442544265344,-182.51649784171596,46.30474602307512,0.06887736916542053,-0.39483394833948343,-0.5802880609451256,49.8769083062365,1.173380791378485,0.01,0.0,0.0,0.5,0.6887736916542053,-0.0180526508334276,5.058993968870849,0.06887736916542053,nan,nan,nan,nan,nan,nan,nan,nan,176,49.059880000001456,-356.3920454545455,-229.375,nan
625,-339.6183055931585,-182.09757934353956,45.86029306577377,0.06886757910251617,-0.39483394833948343,-0.5802880609451256,50.40315805085316,1.226543805413077,0.01,0.0,0.0,0.5,0.6886757910251617,-0.025294969844354247,4.14979223159359,0.06886757910251617,nan,nan,nan,nan,nan,nan,nan,nan,178,49.645720000001454,-356.29213483146077,-229.66292134831463,nan
626,-339.9554778667042,-181.52551939023462,45.380138646755725,0.0737292692065239,-0.3371241115363587,-0.5811919081465282,50.868132194347325,1.2190561528164645,0.01,0.0,0.0,0.5,0.737292692065239,-0.02074896115796795,5.605361080994226,0.0737292692065239,nan,nan,nan,nan,nan,nan,nan,nan,179,49.93144000000146,-356.1033519553073,-229.76256983240216,nan
627,-340.4439550906987,-181.0021323514773,44.89026914951687,0.07370830327272415,-0.3371241115363587,-0.5811919081465282,51.21324997980989,1.1581489880261477,0.01,0.0,0.0,0.5,0.7370830327272415,-0.028026805404971128,5.363779398249441,0.07370830327272415,nan,nan,nan,nan,nan,nan,nan,nan,179,49.92428000000146,-356.1033519553073,-229.76256983240216,nan
628,-340.8386666428753,-180.37445171214816,44.41648642291904,0.06749679148197174,-0.33965844402277046,-0.6231024667931689,51.69329578531184,1.155559918921893,0.01,0.0,0.0,0.5,0.6749679148197174,-0.026818896991247204,5.843207827865064,0.06749679148197174,nan,nan,nan,nan,nan,nan,nan,nan,179,49.90996000000147,-356.1033519553073,-229.76256983240216,nan
629,-341.14077077633493,-180.05506713436935,43.92340286244783,0.06747759878635406,-0.33965844402277046,-0.6231024667931689,51.91064110577211,1.1659670076147353,0.01,0.0,0.0,0.5,0.6747759878635406,-0.02921603913932532,3.7233808562033395,0.06747759878635406,nan,nan,nan,nan,nan,nan,nan,nan,179,49.89564000000148,-356.1033519553073,-229.76256983240216,nan
630,-340.98955475049297,-179.75674476767986,43.43470096172986,0.06745839864015579,-0.33965844402277046,-0.6231024667931689,52.25402752450491,1.163028818658789,0.01,0.0,0.0,0.5,0.6745839864015579,-0.018616904281016696,4.291825951774949,0.06745839864015579,nan,nan,nan,nan,nan,nan,nan,nan,180,50.188440000001485,-355.91666666666674,-229.83333333333337,nan
631,-340.7437892365937,-179.52399291174794,42.98853226802728,0.06744879484176636,-0.33965844402277046,-0.6231024667931689,52.649127718917924,1.1686767591008407,0.01,0.0,0.0,0.5,0.6744879484176636,-0.021459129758874745,3.1238524721292404,0.06744879484176636,nan,nan,nan,nan,nan,nan,nan,nan,182,50.77396000000148,-355.9890109890109,-229.91758241758248,nan
632,-340.2267752600426,-179.23066007354095,43.05363543480197,0.06742960214614868,-0.33965844402277046,-0.6231024667931689,53.08118472572426,1.1618416483024707,0.01,0.0,0.0,0.5,0.6742960214614868,-0.015619262360646202,4.452489240567875,0.06742960214614868,nan,nan,nan,nan,nan,nan,nan,nan,182,50.75940000000149,-355.9890109890109,-229.91758241758248,nan
633,-339.58770519646794,-178.81849506991523,43.35240050822584,0.067410409450531,-0.33965844402277046,-0.6231024667931689,53.666745377980874,1.1588889284479689,0.01,0.0,0.0,0.5,0.6741040945053101,-0.022262446202839375,5.023816673992653,0.067410409450531,nan,nan,nan,nan,nan,nan,nan,nan,182,50.75212000000148,-355.9890109890109,-229.91758241758248,nan
634,-338.81727646021454,-178.444345465235,43.72107484017996,0.06740079820156097,-0.33965844402277046,-0.6231024667931689,54.32129583771396,1.1538584184603626,0.01,0.0,0.0,0.5,0.6740079820156097,-0.025119083369963265,5.9915332802785555,0.06740079820156097,nan,nan,nan,nan,nan,nan,nan,nan,183,51.037480000001494,-355.88797814207646,-230.01366120218574,nan
635,-338.11159514888953,-177.86951506540152,43.99855705274173,0.0673816055059433,-0.33965844402277046,-0.6231024667931689,55.156912687785834,1.108969819403146,0.01,0.0,0.0,0.5,0.673816055059433,-0.029957666401392778,5.970310716538746,0.0673816055059433,nan,nan,nan,nan,nan,nan,nan,nan,184,51.3227600000015,-355.6521739130435,-230.163043478261,nan
636,-337.2891079198444,-177.2987832117139,43.95550811954331,0.06288214027881622,-0.33563748079877115,-0.6523297491039426,55.96277518315022,1.0651374600209749,0.01,0.0,0.0,0.5,0.6288214027881622,-0.02985155358269373,6.365429443558915,0.06288214027881622,nan,nan,nan,nan,nan,nan,nan,nan,184,51.3154000000015,-355.6521739130435,-230.163043478261,nan
637,-336.6216648332959,-176.54789560538254,43.67779778730916,0.058696456253528595,-0.37842233667660613,-0.6513960422878828,56.828093980632666,0.9829222774113209,0.01,0.0,0.0,0.5,0.586964562535286,-0.031827147217794574,6.600627907018043,0.058696456253528595,nan,nan,nan,nan,nan,nan,nan,nan,185,51.600600000001506,-355.5,-230.14864864864865,nan
638,-335.8922785515922,-175.8695896942712,43.25278147031228,0.05059254914522171,-0.4167997444905781,-0.6984988821462791,57.824823609497145,0.9820091661191688,0.01,0.0,0.0,0.5,0.5059254914522171,-0.033003139535090216,6.754639935956277,0.05059254914522171,nan,nan,nan,nan,nan,nan,nan,nan,186,51.88576000000152,-355.3494623655913,-230.32258064516122,nan
639,-335.61040260047656,-175.2802217713529,42.76740639322509,0.05057823657989502,-0.4167997444905781,-0.6984988821462791,58.68378435852814,0.9915269594687705,0.01,0.0,0.0,0.5,0.5057823657989502,-0.03377319967978139,4.836776151289855,0.05057823657989502,nan,nan,nan,nan,nan,nan,nan,nan,187,52.178280000001514,-355.4144385026739,-230.52139037433153,nan
640,-335.7124679989166,-174.5447913182063,42.23241907936891,0.05057108402252197,-0.4167997444905781,-0.6984988821462791,59.07887869620301,1.0024556523597277,0.01,0.0,0.0,0.5,0.5057108402252197,-0.024183880756449276,5.840219854592536,0.05057108402252197,nan,nan,nan,nan,nan,nan,nan,nan,188,52.46324000000152,-355.3457446808511,-230.26595744680844,nan
641,-336.22883983602304,-173.90361745175622,41.6899336529338,0.052165672183036804,-0.4100941503318413,-0.6826670782528167,59.51612739891663,0.9996350501425992,0.01,0.0,0.0,0.5,0.521656721830368,-0.029201099272962678,6.374871761641297,0.052165672183036804,nan,nan,nan,nan,nan,nan,nan,nan,188,52.44820000000153,-355.3457446808511,-230.26595744680844,nan
642,-336.7934624295905,-173.14107139286116,41.19877210830226,0.05215093493461609,-0.4100941503318413,-0.6826670782528167,60.06196619664478,0.9499645183346368,0.01,0.0,0.0,0.5,0.5215093493461609,-0.031874358808206486,6.787446064517964,0.05215093493461609,nan,nan,nan,nan,nan,nan,nan,nan,188,52.44068000000152,-355.3457446808511,-230.26595744680844,nan
643,-337.5190661389661,-172.52443965815175,40.682017390086926,0.047390177845954895,-0.36616334934797523,-0.7357584076870282,60.43073178750578,0.9497095177909904,0.01,0.0,0.0,0.5,0.47390177845954895,-0.03393723032258982,6.8118028970326145,0.047390177845954895,nan,nan,nan,nan,nan,nan,nan,nan,188,52.42564000000154,-355.3457446808511,-230.26595744680844,nan
644,-338.2990769595082,-172.17335583832536,40.13311421520802,0.0473768524825573,-0.36616334934797523,-0.7357584076870282,60.54204524166494,0.9532328467849054,0.01,0.0,0.0,0.5,0.47376852482557297,-0.034059014485163075,6.080481901106085,0.0473768524825573,nan,nan,nan,nan,nan,nan,nan,nan,188,52.41060000000154,-355.3457446808511,-230.26595744680844,nan
645,-338.9871561220283,-172.37671304421443,39.56298369198938,0.0473635271191597,-0.36616334934797523,-0.7357584076870282,60.156196996985365,0.9538110938509633,0.01,0.0,0.0,0.5,0.473635271191597,-0.030402409505530425,5.951516810251683,0.0473635271191597,nan,nan,nan,nan,nan,nan,nan,nan,188,52.403080000001545,-355.3457446808511,-230.26595744680844,nan
646,-339.49276941670377,-172.8910351992136,39.39734047761946,0.04735687002539635,-0.36616334934797523,-0.7357584076870282,59.524772386320144,0.9609466341601318,0.01,0.0,0.0,0.5,0.47356870025396347,-0.029757584051258418,4.497777393132326,0.04735687002539635,nan,nan,nan,nan,nan,nan,nan,nan,188,52.38804000000155,-355.3457446808511,-230.26595744680844,nan
647,-339.4844328592234,-173.49988265969347,39.59466511295966,0.047343552112579346,-0.36616334934797523,-0.7357584076870282,58.94038055051255,0.961637727249114,0.01,0.0,0.0,0.5,0.47343552112579346,-0.02248888696566163,4.332903578192341,0.047343552112579346,nan,nan,nan,nan,nan,nan,nan,nan,188,52.373000000001554,-355.3457446808511,-230.26595744680844,nan
648,-339.2200268781657,-174.2704424221953,39.98634097205238,0.04733022674918175,-0.36616334934797523,-0.7357584076870282,58.27123198906578,0.9541680161535118,0.01,0.0,0.0,0.5,0.4733022674918175,-0.021664517890961705,5.813518198741015,0.04733022674918175,nan,nan,nan,nan,nan,nan,nan,nan,188,52.36548000000157,-355.3457446808511,-230.26595744680844,nan
649,-338.6675177926356,-174.9331086361789,40.47120993260346,0.0473235622048378,-0.36616334934797523,-0.7357584076870282,57.69284346997825,1.0393830994050033,0.01,0.0,0.0,0.5,0.473235622048378,-0.029067590993705074,6.28730528989779,0.0473235622048378,nan,nan,nan,nan,nan,nan,nan,nan,189,52.650400000001575,-355.4894179894179,-230.1190476190476,nan
650,-338.4059367536133,-175.6286193731076,40.9962033020343,0.05608195438981056,-0.3537166900420757,-0.6816269284712483,57.2011791715903,1.0423965806053033,0.01,0.0,0.0,0.5,0.5608195438981056,-0.03143652644948895,5.652851695101459,0.05608195438981056,nan,nan,nan,nan,nan,nan,nan,nan,190,52.93520000000157,-355.2631578947369,-230.28947368421063,nan
651,-337.94725531407414,-176.15898041671517,41.55052774092949,0.056066080927848816,-0.3537166900420757,-0.6816269284712483,56.83265596085911,1.041752830193504,0.01,0.0,0.0,0.5,0.5606608092784882,-0.028264258475507297,5.7657231000931475,0.056066080927848816,nan,nan,nan,nan,nan,nan,nan,nan,190,52.927600000001576,-355.2631578947369,-230.28947368421063,nan
652,-337.6406711617498,-176.6868696861425,41.665441304548835,0.05605814605951309,-0.3537166900420757,-0.6816269284712483,56.42509365546516,1.0954633638304254,0.01,0.0,0.0,0.5,0.5605814605951309,-0.028828615500465737,3.683646737699119,0.05605814605951309,nan,nan,nan,nan,nan,nan,nan,nan,190,52.91240000000158,-355.2631578947369,-230.28947368421063,nan
653,-337.4388621381254,-176.85085439962214,41.596850747606375,0.06038816273212433,-0.35824809861001833,-0.6548649357461317,56.33286385638806,1.1065784015091134,0.01,0.0,0.0,0.5,0.6038816273212433,-0.018418233688495596,1.4264261358604438,0.06038816273212433,nan,nan,nan,nan,nan,nan,nan,nan,190,52.89720000000158,-355.2631578947369,-230.28947368421063,nan
654,-337.42369617053527,-176.67582678787284,41.27600938411786,0.06037105619907379,-0.35824809861001833,-0.6548649357461317,56.50371251638644,1.1007083468006205,0.01,0.0,0.0,0.5,0.6037105619907379,-0.007132130679302219,2.583342465437428,0.06037105619907379,nan,nan,nan,nan,nan,nan,nan,nan,190,52.88960000000159,-355.2631578947369,-230.28947368421063,nan
655,-337.61020009709307,-176.87703042102405,40.83502096479666,0.06036250293254852,-0.35824809861001833,-0.6548649357461317,56.25403109421155,1.0939268571407124,0.01,0.0,0.0,0.5,0.6036250293254852,-0.01291671232718714,3.905427331317986,0.06036250293254852,nan,nan,nan,nan,nan,nan,nan,nan,190,52.87440000000161,-355.2631578947369,-230.28947368421063,nan
656,-338.0445776097492,-177.26863321978988,40.36667937602379,0.060345396399497986,-0.35824809861001833,-0.6548649357461317,55.77698152592884,1.0892905696259658,0.01,0.0,0.0,0.5,0.6034539639949799,-0.01952713665658993,4.798471768166229,0.060345396399497986,nan,nan,nan,nan,nan,nan,nan,nan,191,53.159160000001606,-355.40575916230364,-230.27486910994764,nan
657,-338.4314315160825,-177.83299028460837,39.922645344321424,0.06032828986644745,-0.35824809861001833,-0.6548649357461317,55.21102936055103,1.0861041605633077,0.01,0.0,0.0,0.5,0.6032828986644745,-0.023992358840831143,5.4186351267183515,0.06032828986644745,nan,nan,nan,nan,nan,nan,nan,nan,192,53.45148000000161,-355.26041666666674,-230.41666666666674,nan
658,-338.9148175022987,-178.22559437043668,39.635803507149,0.06031974032521248,-0.35824809861001833,-0.6548649357461317,54.690827745358746,1.0918807342878727,0.01,0.0,0.0,0.5,0.6031974032521248,-0.02709317563359176,4.229107315704284,0.06031974032521248,nan,nan,nan,nan,nan,nan,nan,nan,192,53.436120000001615,-355.26041666666674,-230.41666666666674,nan
659,-339.3820905673013,-178.69612037252708,39.77091799974443,0.06030263006687164,-0.35824809861001833,-0.6548649357461317,54.26962117113856,1.0897810219397486,0.01,0.0,0.0,0.5,0.6030263006687164,-0.02114553657852142,4.614836719228005,0.06030263006687164,nan,nan,nan,nan,nan,nan,nan,nan,193,53.72068000000162,-355.11658031088086,-230.63471502590676,nan
660,-339.5818093211101,-179.2809089636358,40.147232799717244,0.060285523533821106,-0.35824809861001833,-0.6548649357461317,53.55996323648627,1.0917034447263154,0.01,0.0,0.0,0.5,0.6028552353382111,-0.023074183596140024,4.2132575497930835,0.060285523533821106,nan,nan,nan,nan,nan,nan,nan,nan,195,54.31288000000162,-354.73076923076917,-230.6538461538462,nan
661,-339.6563186410622,-179.9471878320028,40.63346384822403,0.060276973992586136,-0.35824809861001833,-0.6548649357461317,53.09143988453656,1.182023811037588,0.01,0.0,0.0,0.5,0.6027697399258614,-0.021066287748965417,5.411331237306604,0.060276973992586136,nan,nan,nan,nan,nan,nan,nan,nan,196,54.597240000001634,-354.7704081632653,-230.84183673469386,nan
662,-339.98940348528913,-180.54562958019835,41.18374467422051,0.06990805268287659,-0.3110760207534401,-0.6212497180239116,52.423149022338194,1.181598348281368,0.01,0.0,0.0,0.5,0.6990805268287659,-0.027056656186533024,5.456512518409032,0.06990805268287659,nan,nan,nan,nan,nan,nan,nan,nan,196,54.58156000000163,-354.7704081632653,-230.84183673469386,nan
663,-340.06980530091477,-181.20808810622205,41.76281217181093,0.06988808512687683,-0.3110760207534401,-0.6212497180239116,51.765014512031925,1.1796009017762792,0.01,0.0,0.0,0.5,0.6988808512687683,-0.027282562592045163,5.835974658782268,0.06988808512687683,nan,nan,nan,nan,nan,nan,nan,nan,196,54.57372000000163,-354.7704081632653,-230.84183673469386,nan
664,-340.2942911766063,-181.85526373908792,42.32688705372688,0.06987807899713516,-0.3110760207534401,-0.6212497180239116,51.01827903220562,1.2339446980721478,0.01,0.0,0.0,0.5,0.6987807899713516,-0.02917987329391134,5.440180640087038,0.06987807899713516,nan,nan,nan,nan,nan,nan,nan,nan,197,54.858000000001645,-354.6065989847716,-230.8248730964467,nan
665,-340.54506262655406,-182.60808300460084,42.388235462168325,0.07511456310749054,-0.305098855359001,-0.59105098855359,50.2253486948035,1.2336420993789552,0.01,0.0,0.0,0.5,0.7511456310749054,-0.02720090320043519,5.457737350771474,0.07511456310749054,nan,nan,nan,nan,nan,nan,nan,nan,197,54.842240000001645,-354.6065989847716,-230.8248730964467,nan
666,-340.9819080091166,-183.26106229763516,42.36070929085713,0.07509307563304901,-0.305098855359001,-0.59105098855359,49.47674506156642,1.2978960685085126,0.01,0.0,0.0,0.5,0.7509307563304901,-0.027288686753857372,4.847258008502552,0.07509307563304901,nan,nan,nan,nan,nan,nan,nan,nan,197,54.83436000000165,-354.6065989847716,-230.8248730964467,nan
667,-341.32920304305065,-184.02176052508338,42.3691158285442,0.08121324330568314,-0.32317435187017607,-0.5410647140312685,48.64998036341778,1.293174355950484,0.01,0.0,0.0,0.5,0.8121324330568314,-0.024236290042512758,5.745085055325547,0.08121324330568314,nan,nan,nan,nan,nan,nan,nan,nan,197,54.81860000000165,-354.6065989847716,-230.8248730964467,nan
668,-341.3392461200682,-184.80008453152075,42.69429864494766,0.08118997514247894,-0.32317435187017607,-0.5410647140312685,47.89889157885277,1.297357256231916,0.01,0.0,0.0,0.5,0.8118997514247894,-0.028725425276627737,4.861989534256471,0.08118997514247894,nan,nan,nan,nan,nan,nan,nan,nan,197,54.802840000001666,-354.6065989847716,-230.8248730964467,nan
669,-340.9662646966341,-185.053985391676,43.18768915513441,0.08116672188043594,-0.32317435187017607,-0.5410647140312685,47.91510556619662,1.299774421440661,0.01,0.0,0.0,0.5,0.8116672188043594,-0.024309947671282358,4.355310681045045,0.08116672188043594,nan,nan,nan,nan,nan,nan,nan,nan,198,55.094920000001665,-354.69696969696975,-230.95959595959596,nan
670,-340.71824502408566,-184.89235473230565,43.683315264539935,0.08115509897470474,-0.32317435187017607,-0.5410647140312685,47.907341605096136,1.3182541603889975,0.01,0.0,0.0,0.5,0.8115509897470474,-0.021776553405225222,3.5783692390339956,0.08115509897470474,nan,nan,nan,nan,nan,nan,nan,nan,199,55.37900000000167,-354.6105527638191,-230.7412060301508,nan
671,-340.8562418654338,-184.74846725424072,44.010942629404006,0.08261460065841675,-0.313695190264632,-0.5300367007919645,48.00534437329394,1.3230579162780347,0.01,0.0,0.0,0.5,0.8261460065841675,-0.017891846195169977,2.5702919732748866,0.08261460065841675,nan,nan,nan,nan,nan,nan,nan,nan,199,55.36308000000167,-354.6105527638191,-230.7412060301508,nan
672,-341.22795676279685,-184.70232344518612,43.99459065801151,0.08259093761444092,-0.313695190264632,-0.5300367007919645,47.94447398187555,1.3226469690114644,0.01,0.0,0.0,0.5,0.8259093761444092,-0.012851459866374433,2.628830303542086,0.08259093761444092,nan,nan,nan,nan,nan,nan,nan,nan,199,55.35512000000168,-354.6105527638191,-230.7412060301508,nan
673,-341.56299410252655,-185.0781069997738,43.757835778512636,0.082579106092453,-0.313695190264632,-0.5300367007919645,47.49060328189027,1.314057319136743,0.01,0.0,0.0,0.5,0.82579106092453,-0.01314415151771043,4.2994580323926055,0.082579106092453,nan,nan,nan,nan,nan,nan,nan,nan,199,55.33920000000168,-354.6105527638191,-230.7412060301508,nan
674,-342.02934241491954,-185.55352921384255,43.55122323415473,0.08255546540021896,-0.313695190264632,-0.5300367007919645,46.90642802322918,1.3134563515162432,0.01,0.0,0.0,0.5,0.8255546540021896,-0.02149729016196303,4.372349310398829,0.08255546540021896,nan,nan,nan,nan,nan,nan,nan,nan,199,55.3232800000017,-354.6105527638191,-230.7412060301508,nan
675,-341.945271000394,-186.08884562675232,43.79323229062811,0.08253180980682373,-0.313695190264632,-0.5300367007919645,46.41381962025899,1.3121482816109933,0.01,0.0,0.0,0.5,0.8253180980682373,-0.021861746551994146,4.61031216840195,0.08253180980682373,nan,nan,nan,nan,nan,nan,nan,nan,199,55.3153200000017,-354.6105527638191,-230.7412060301508,nan
676,-341.4171074709164,-186.3865873092745,44.24827246027354,0.08251997828483582,-0.313695190264632,-0.5300367007919645,46.275254732644406,1.3119043502813699,0.01,0.0,0.0,0.5,0.8251997828483582,-0.02305156084200975,4.611772346374959,0.08251997828483582,nan,nan,nan,nan,nan,nan,nan,nan,199,55.2994000000017,-354.6105527638191,-230.7412060301508,nan
677,-340.984454404091,-186.1923401327499,44.813304615954955,0.08249632269144058,-0.313695190264632,-0.5300367007919645,46.58617830702142,1.312217173718411,0.01,0.0,0.0,0.5,0.8249632269144058,-0.023058861731874797,4.5018815710150895,0.08249632269144058,nan,nan,nan,nan,nan,nan,nan,nan,199,55.28348000000171,-354.6105527638191,-230.7412060301508,nan
678,-340.79816715583087,-185.66411865510082,45.417744152456216,0.08247265964746475,-0.313695190264632,-0.5300367007919645,47.14579305093564,1.3077451736077172,0.01,0.0,0.0,0.5,0.8247265964746475,-0.022509407855075447,5.372654311964852,0.08247265964746475,nan,nan,nan,nan,nan,nan,nan,nan,199,55.27552000000172,-354.6105527638191,-230.7412060301508,nan
679,-340.9883691187211,-185.26214432241687,45.802992227383974,0.08246084302663803,-0.313695190264632,-0.5300367007919645,47.28444838135908,1.339219083954118,0.01,0.0,0.0,0.5,0.8246084302663803,-0.02686327155982426,3.602985348458626,0.08246084302663803,nan,nan,nan,nan,nan,nan,nan,nan,200,55.55956000000172,-354.5,-230.57500000000005,nan
680,-341.28676906889757,-184.75069570535396,45.801400021402934,0.08472340553998947,-0.2674418604651163,-0.5386346586646661,47.533638163840905,1.3495906941565223,0.01,0.0,0.0,0.5,0.8472340553998947,-0.01801492674229313,4.280633599115454,0.08472340553998947,nan,nan,nan,nan,nan,nan,nan,nan,201,55.843480000001726,-354.4154228855722,-230.43532338308455,nan
681,-341.61747857750953,-184.70227007182183,45.566154215909314,0.08609939366579056,-0.2661991584852735,-0.5386629266012155,47.48999414279888,1.3559276117331573,0.01,0.0,0.0,0.5,0.8609939366579056,-0.02140316799557727,2.9885022352777226,0.08609939366579056,nan,nan,nan,nan,nan,nan,nan,nan,201,55.83544000000174,-354.4154228855722,-230.43532338308455,nan
682,-342.0997120501412,-184.93889335011707,45.23283406440446,0.08608701825141907,-0.2661991584852735,-0.5386629266012155,47.133871887705745,1.3502544747445178,0.01,0.0,0.0,0.5,0.8608701825141907,-0.014942511176388614,4.073610094126229,0.08608701825141907,nan,nan,nan,nan,nan,nan,nan,nan,201,55.81936000000174,-354.4154228855722,-230.43532338308455,nan
683,-342.00334810162593,-185.35914075391125,45.191066211257834,0.08606225252151489,-0.2661991584852735,-0.5386629266012155,46.75384305980482,1.3507047279161395,0.01,0.0,0.0,0.5,0.8606225252151489,-0.020368050470631144,3.934039920922516,0.08606225252151489,nan,nan,nan,nan,nan,nan,nan,nan,201,55.80328000000175,-354.4154228855722,-230.43532338308455,nan
684,-341.45545499493437,-185.61570697467488,45.497108039943036,0.08603749424219131,-0.2661991584852735,-0.5386629266012155,46.65574758508697,1.3490814866861471,0.01,0.0,0.0,0.5,0.8603749424219131,-0.019670199604612578,4.233940318410232,0.08603749424219131,nan,nan,nan,nan,nan,nan,nan,nan,201,55.795240000001755,-354.4154228855722,-230.43532338308455,nan
685,-340.8209677715317,-185.34567874382776,45.9773326737842,0.08602511137723923,-0.2661991584852735,-0.5386629266012155,47.09442921983576,1.3429394878143757,0.01,0.0,0.0,0.5,0.8602511137723923,-0.02116970159205116,5.41279671202721,0.08602511137723923,nan,nan,nan,nan,nan,nan,nan,nan,201,55.77916000000175,-354.4154228855722,-230.43532338308455,nan
686,-340.41517067339663,-184.82097463226444,46.54003934384183,0.08600034564733505,-0.2661991584852735,-0.5386629266012155,47.71452476936107,1.2865174161305575,0.01,0.0,0.0,0.5,0.8600034564733505,-0.02706398356013605,5.385417721459288,0.08600034564733505,nan,nan,nan,nan,nan,nan,nan,nan,201,55.76308000000176,-354.4154228855722,-230.43532338308455,nan
687,-340.4943653835894,-184.31586490503875,46.95238488597048,0.08034445345401764,-0.2647558174373315,-0.5721561969439728,48.172385162605764,1.2929386091950663,0.01,0.0,0.0,0.5,0.8034445345401764,-0.02692708860729644,4.078028664526799,0.08034445345401764,nan,nan,nan,nan,nan,nan,nan,nan,202,56.05500000000176,-354.2079207920792,-230.49504950495043,nan
688,-340.7051823616456,-183.62691041438134,47.00015457867157,0.08033288270235062,-0.2647558174373315,-0.5721561969439728,48.815554400961254,1.287343465482512,0.01,0.0,0.0,0.5,0.8033288270235062,-0.020390143322633995,5.150780360834027,0.08033288270235062,nan,nan,nan,nan,nan,nan,nan,nan,203,56.33880000000177,-353.97783251231533,-230.6034482758621,nan
689,-341.1022861698425,-183.1058586752916,46.783148797264644,0.08030973374843597,-0.2647558174373315,-0.5721561969439728,49.21179443468188,1.2921269462250495,0.01,0.0,0.0,0.5,0.8030973374843597,-0.025753901804170136,4.147807166122901,0.08030973374843597,nan,nan,nan,nan,nan,nan,nan,nan,203,56.32256000000178,-353.97783251231533,-230.6034482758621,nan
690,-341.5958244570989,-182.9007627931526,46.43511780687391,0.08028659224510193,-0.2647558174373315,-0.5721561969439728,49.095748431168005,1.3063488851800382,0.01,0.0,0.0,0.5,0.8028659224510193,-0.020739035830614504,3.9257853266632776,0.08028659224510193,nan,nan,nan,nan,nan,nan,nan,nan,204,56.61440000000177,-354.0441176470588,-230.3921568627452,nan
691,-341.9760591392674,-183.2014252570183,46.022530932588325,0.08159778267145157,-0.27019828351583314,-0.5667357206274046,48.604855278730824,1.3158854201515615,0.01,0.0,0.0,0.5,0.8159778267145157,-0.019628926633316387,4.61700242598651,0.08159778267145157,nan,nan,nan,nan,nan,nan,nan,nan,205,56.89804000000178,-353.96341463414626,-230.30487804878044,nan
692,-341.95016603438165,-183.5390960394057,45.62543263269793,0.08289704471826553,-0.26888276947285605,-0.5674665617623919,48.46279811304724,1.3240923400609264,0.01,0.0,0.0,0.5,0.8289704471826553,-0.023085012129932553,2.927934728293246,0.08289704471826553,nan,nan,nan,nan,nan,nan,nan,nan,206,57.181560000001795,-353.88349514563106,-230.50970873786412,nan
693,-341.5860843298708,-183.40030919912644,45.691889187976,0.08287319540977478,-0.26888276947285605,-0.5674665617623919,48.688005069749934,1.3227591584722174,0.01,0.0,0.0,0.5,0.8287319540977478,-0.014639673641466231,3.1707053462669856,0.08287319540977478,nan,nan,nan,nan,nan,nan,nan,nan,206,57.17332000000179,-353.88349514563106,-230.50970873786412,nan
694,-340.90432566900984,-183.04546963896735,46.041017857878046,0.0828612670302391,-0.26888276947285605,-0.5674665617623919,49.206837264145484,1.3099585330099537,0.01,0.0,0.0,0.5,0.828612670302391,-0.01585352673133493,5.683122881041477,0.0828612670302391,nan,nan,nan,nan,nan,nan,nan,nan,206,57.15684000000179,-353.88349514563106,-230.50970873786412,nan
695,-340.54006663668986,-182.7464473042551,46.5373384573939,0.08283741772174835,-0.26888276947285605,-0.5674665617623919,49.592098434614634,1.319812613383782,0.01,0.0,0.0,0.5,0.8283741772174835,-0.028415614405207387,3.664623090455541,0.08283741772174835,nan,nan,nan,nan,nan,nan,nan,nan,206,57.140360000001806,-353.88349514563106,-230.50970873786412,nan
696,-340.5251235979826,-182.36593137645875,47.087108478644176,0.0828135758638382,-0.26888276947285605,-0.5674665617623919,49.956042932646895,1.316482794737127,0.01,0.0,0.0,0.5,0.828135758638382,-0.018323115452277706,4.306744961876377,0.0828135758638382,nan,nan,nan,nan,nan,nan,nan,nan,207,57.432080000001804,-353.9975845410628,-230.47101449275362,nan
697,-340.77677766516877,-182.15271926185466,47.41554558217176,0.08280164748430252,-0.26888276947285605,-0.5674665617623919,50.094384799795684,1.3230378789012078,0.01,0.0,0.0,0.5,0.8280164748430252,-0.021533724809381885,2.9479967295240663,0.08280164748430252,nan,nan,nan,nan,nan,nan,nan,nan,207,57.41552000000181,-353.9975845410628,-230.47101449275362,nan
698,-340.82330994758325,-181.75152549607802,47.37459985764449,0.08277779072523117,-0.26888276947285605,-0.5674665617623919,50.33576116200492,1.333732892582899,0.01,0.0,0.0,0.5,0.8277779072523117,-0.014739983647620332,3.4064690450656787,0.08277779072523117,nan,nan,nan,nan,nan,nan,nan,nan,208,57.69888000000182,-353.89423076923083,-230.3605769230769,nan
699,-341.04331046294016,-181.31140806216982,47.097462147162815,0.08407653123140335,-0.267183057162467,-0.5678007647808608,50.70515067228388,1.3329855303844074,0.01,0.0,0.0,0.5,0.8407653123140335,-0.017032345225328396,3.531741998985215,0.08407653123140335,nan,nan,nan,nan,nan,nan,nan,nan,209,57.990520000001816,-353.67224880382776,-230.41866028708125,nan
700,-341.44090755084187,-181.1200141899195,46.70722802459507,0.08406442403793335,-0.267183057162467,-0.5678007647808608,50.79332845817645,1.3320200920016891,0.01,0.0,0.0,0.5,0.8406442403793335,-0.017658709994926074,3.676406862113329,0.08406442403793335,nan,nan,nan,nan,nan,nan,nan,nan,209,57.97380000000183,-353.67224880382776,-230.41866028708125,nan
701,-341.34002398814755,-181.22434933731074,46.3277835162224,0.08404021710157394,-0.267183057162467,-0.5678007647808608,50.85758480866874,1.333920688358362,0.01,0.0,0.0,0.5,0.8404021710157394,-0.018382034310566644,3.2479124610790584,0.08404021710157394,nan,nan,nan,nan,nan,nan,nan,nan,210,58.25704000000184,-353.6428571428571,-230.57142857142867,nan
702,-340.78112155393944,-181.23151626150263,46.437580345323035,0.08401602506637573,-0.267183057162467,-0.5678007647808608,50.98873590422126,1.329755185584991,0.01,0.0,0.0,0.5,0.8401602506637573,-0.01623956230539529,4.056813529974454,0.08401602506637573,nan,nan,nan,nan,nan,nan,nan,nan,210,58.248640000001835,-353.6428571428571,-230.57142857142867,nan
703,-340.17543533050167,-180.79445381282525,46.800854131767245,0.08400392532348633,-0.267183057162467,-0.5678007647808608,51.566642962195516,1.3230175948459644,0.01,0.0,0.0,0.5,0.8400392532348633,-0.02028406764987227,5.355908864364258,0.08400392532348633,nan,nan,nan,nan,nan,nan,nan,nan,210,58.23184000000185,-353.6428571428571,-230.57142857142867,nan
704,-339.80944946392594,-180.15955413928506,47.29015940029237,0.08397971093654633,-0.267183057162467,-0.5678007647808608,52.27542684449096,1.2197929008799526,0.01,0.0,0.0,0.5,0.8397971093654633,-0.02677954432182129,5.484237511997776,0.08397971093654633,nan,nan,nan,nan,nan,nan,nan,nan,210,58.21504000000185,-353.6428571428571,-230.57142857142867,nan
705,-339.933249304255,-179.5709716615352,47.84447213867038,0.07372140884399414,-0.3198924731182796,-0.5945340501792116,52.81098325259776,1.221774050621895,0.01,0.0,0.0,0.5,0.7372140884399414,-0.02742118755998888,5.066740626353399,0.07372140884399414,nan,nan,nan,nan,nan,nan,nan,nan,210,58.206640000001855,-353.6428571428571,-230.57142857142867,nan
706,-340.1637028565776,-178.88070916174343,48.39302977053461,0.07371077686548233,-0.3198924731182796,-0.5945340501792116,53.66043984468732,1.2170001746756214,0.01,0.0,0.0,0.5,0.7371077686548233,-0.025333703131766996,5.979029624812242,0.07371077686548233,nan,nan,nan,nan,nan,nan,nan,nan,212,58.78968000000186,-353.2547169811321,-230.91981132075477,nan
707,-340.45611730461223,-178.4665785717592,48.419781851120085,0.0736895278096199,-0.3198924731182796,-0.5945340501792116,53.9920899715886,1.1799646563824329,0.01,0.0,0.0,0.5,0.736895278096199,-0.02989514812406121,2.7642041147487677,0.0736895278096199,nan,nan,nan,nan,nan,nan,nan,nan,212,58.77272000000186,-353.2547169811321,-230.91981132075477,nan
708,-340.4557801881851,-177.9980053015129,48.15955945790153,0.06837856769561768,-0.3051176327916566,-0.645888915837982,54.44750072655418,1.1737834328153152,0.01,0.0,0.0,0.5,0.6837856769561768,-0.013821020573743839,3.980755453538514,0.06837856769561768,nan,nan,nan,nan,nan,nan,nan,nan,212,58.76424000000188,-353.2547169811321,-230.91981132075477,nan
709,-340.5603665317649,-177.75666774146325,47.751261946511136,0.06836871802806854,-0.3051176327916566,-0.645888915837982,54.657720118604615,1.1792598151049671,0.01,0.0,0.0,0.5,0.6836871802806854,-0.01990377726769257,2.846116088198477,0.06836871802806854,nan,nan,nan,nan,nan,nan,nan,nan,212,58.74728000000188,-353.2547169811321,-230.91981132075477,nan
710,-340.9354136655893,-177.81050740470013,47.279589942540476,0.06834904104471207,-0.3051176327916566,-0.645888915837982,54.519385512202916,1.2190609688513885,0.01,0.0,0.0,0.5,0.6834904104471207,-0.014230580440992385,3.9614792872784648,0.06834904104471207,nan,nan,nan,nan,nan,nan,nan,nan,212,58.73032000000188,-353.2547169811321,-230.91981132075477,nan
711,-340.8029610858594,-178.1241537056089,46.945809442317824,0.07288683950901031,-0.2524641577060932,-0.6426971326164874,54.053055276035714,1.2325131379778231,0.01,0.0,0.0,0.5,0.7288683950901031,-0.019807396436392323,3.9539458907634875,0.07288683950901031,nan,nan,nan,nan,nan,nan,nan,nan,213,59.02180000000189,-353.08685446009395,-230.7629107981221,nan
712,-340.28643185359266,-178.4616081061378,47.048840270186226,0.07422828674316406,-0.23370638578011854,-0.6409918806232171,53.84493552957042,1.18603331076431,0.01,0.0,0.0,0.5,0.7422828674316406,-0.019769729453817438,3.9371385826116367,0.07422828674316406,nan,nan,nan,nan,nan,nan,nan,nan,213,59.0047600000019,-353.08685446009395,-230.7629107981221,nan
713,-339.6561894391277,-178.3010504478883,47.39840036992625,0.06957190483808517,-0.282760250502186,-0.6436251920122887,54.15375845047915,1.1809016765662073,0.01,0.0,0.0,0.5,0.6957190483808517,-0.019685692913058186,4.923434942801018,0.06957190483808517,nan,nan,nan,nan,nan,nan,nan,nan,213,58.9877200000019,-353.08685446009395,-230.7629107981221,nan
714,-338.9260340628774,-178.19479622398126,47.76937921200331,0.06955188512802124,-0.282760250502186,-0.6436251920122887,54.442038023959235,1.1792196671998754,0.01,0.0,0.0,0.5,0.6955188512802124,-0.02461717471400509,5.197967194790542,0.06955188512802124,nan,nan,nan,nan,nan,nan,nan,nan,213,58.9792000000019,-353.08685446009395,-230.7629107981221,nan
715,-338.3692934889584,-177.91550757070073,48.1524550491288,0.06952095031738281,-0.31422603852401954,-0.6312369459271292,54.858496414144994,1.1829590141985042,0.01,0.0,0.0,0.5,0.6952095031738281,-0.025989835973952713,4.410234208638991,0.06952095031738281,nan,nan,nan,nan,nan,nan,nan,nan,213,58.962160000001916,-353.08685446009395,-230.7629107981221,nan
716,-337.93563061081244,-177.42483378180577,48.22802196186977,0.06950102001428604,-0.31422603852401954,-0.6312369459271292,55.448264570945135,1.183448434297223,0.01,0.0,0.0,0.5,0.6950102001428604,-0.022051171043194956,4.272486602469494,0.06950102001428604,nan,nan,nan,nan,nan,nan,nan,nan,213,58.94512000000192,-353.08685446009395,-230.7629107981221,nan
717,-337.5204164577757,-176.74807659838422,48.14240745876695,0.06948108971118927,-0.31422603852401954,-0.6312369459271292,56.213132857946924,1.1794925932400526,0.01,0.0,0.0,0.5,0.6948108971118927,-0.021362433012347467,5.043723020690648,0.06948108971118927,nan,nan,nan,nan,nan,nan,nan,nan,213,58.936600000001924,-353.08685446009395,-230.7629107981221,nan
718,-337.1367346061033,-176.03302001738842,47.82640844827861,0.06947112828493118,-0.31422603852401954,-0.6312369459271292,57.006730025740865,1.1770284864275775,0.01,0.0,0.0,0.5,0.6947112828493118,-0.025218615103453242,5.4967046386178176,0.06947112828493118,nan,nan,nan,nan,nan,nan,nan,nan,213,58.91956000000193,-353.08685446009395,-230.7629107981221,nan
719,-337.1183260729697,-175.62349113185323,47.38735987670724,0.06945119798183441,-0.31422603852401954,-0.6312369459271292,57.40513478760687,1.1877540396629884,0.01,0.0,0.0,0.5,0.6945119798183441,-0.02748352319308909,3.3117304051098464,0.06945119798183441,nan,nan,nan,nan,nan,nan,nan,nan,213,58.902520000001935,-353.08685446009395,-230.7629107981221,nan
720,-337.37385996529684,-175.27013603571328,46.89074016491154,0.06943126767873764,-0.31422603852401954,-0.6312369459271292,57.67448523242286,1.1827069613953103,0.01,0.0,0.0,0.5,0.6943126767873764,-0.016558652025549233,4.301214265432563,0.06943126767873764,nan,nan,nan,nan,nan,nan,nan,nan,213,58.894000000001945,-353.08685446009395,-230.7629107981221,nan
721,-337.83354226680365,-174.9303731722535,46.37284135510594,0.06942130625247955,-0.31422603852401954,-0.6312369459271292,57.878629826646836,1.0965545466033315,0.01,0.0,0.0,0.5,0.6942130625247955,-0.021506071327162816,4.864664982007032,0.06942130625247955,nan,nan,nan,nan,nan,nan,nan,nan,213,58.876960000001944,-353.08685446009395,-230.7629107981221,nan
722,-338.2470481783114,-174.35311066166065,45.85768103073211,0.06108778715133667,-0.31830547998445397,-0.6704236300038865,58.464930685533425,1.0510632337737587,0.01,0.0,0.0,0.5,0.6108778715133667,-0.02432332491003516,5.923619953622284,0.06108778715133667,nan,nan,nan,nan,nan,nan,nan,nan,214,59.15984000000195,-352.96728971962625,-230.93457943925227,nan
723,-338.6973679353955,-174.1333647097925,45.407162189362666,0.057068128138780594,-0.32356669953514583,-0.6979856317791238,58.61791241288433,1.0997834783125353,0.01,0.0,0.0,0.5,0.5706812813878059,-0.02961809976811142,4.166307343474385,0.057068128138780594,nan,nan,nan,nan,nan,nan,nan,nan,215,59.45124000000196,-352.87209302325573,-231.01162790697674,nan
724,-338.98152864495574,-174.22462668914054,44.93216235640175,0.06106150895357132,-0.31830547998445397,-0.6704236300038865,58.424802531629744,1.1626805392542878,0.01,0.0,0.0,0.5,0.6106150895357132,-0.020831536717371923,3.2245351545135286,0.06106150895357132,nan,nan,nan,nan,nan,nan,nan,nan,217,60.033920000001956,-352.6612903225806,-231.02534562211986,nan
725,-339.0617317023974,-174.59317260238856,44.4437838684007,0.06688032299280167,-0.274984783931832,-0.6691418137553256,58.04772300782079,1.157354145299364,0.01,0.0,0.0,0.5,0.6688032299280167,-0.016122675772567645,4.251476237978738,0.06688032299280167,nan,nan,nan,nan,nan,nan,nan,nan,217,60.01656000000197,-352.6612903225806,-231.02534562211986,nan
726,-338.8559285569882,-175.0782866639998,44.39546068384718,0.06686116009950638,-0.274984783931832,-0.6691418137553256,57.62518042958515,1.1619453171806302,0.01,0.0,0.0,0.5,0.6686116009950638,-0.021257381189893693,3.314096849823671,0.06686116009950638,nan,nan,nan,nan,nan,nan,nan,nan,217,60.00788000000197,-352.6612903225806,-231.02534562211986,nan
727,-338.27455664033823,-175.47074705677585,44.56088156812465,0.06685157865285873,-0.274984783931832,-0.6691418137553256,57.54900921423285,1.109045517935641,0.01,0.0,0.0,0.5,0.6685157865285873,-0.016570484249118354,4.990553280852752,0.06685157865285873,nan,nan,nan,nan,nan,nan,nan,nan,218,60.29044000000198,-352.66055045871553,-231.19266055045864,nan
728,-337.6112636124453,-175.94853148796946,44.9339921962114,0.06239982694387436,-0.31830547998445397,-0.6704236300038865,57.25726880016443,1.106252487676772,0.01,0.0,0.0,0.5,0.6239982694387436,-0.02495276640426376,5.513372703903409,0.06239982694387436,nan,nan,nan,nan,nan,nan,nan,nan,218,60.273000000001986,-352.66055045871553,-231.19266055045864,nan
729,-336.8674775161986,-176.40205606677395,45.379283327278785,0.06238193437457085,-0.31830547998445397,-0.6704236300038865,56.82286204847823,1.1983688910572683,0.01,0.0,0.0,0.5,0.6238193437457085,-0.027566863519517044,6.235890710970638,0.06238193437457085,nan,nan,nan,nan,nan,nan,nan,nan,219,60.564240000002,-352.4771689497718,-231.03881278538802,nan
730,-336.2053768085623,-176.87470179489117,45.55226748948687,0.07195483148097992,-0.29145048499887205,-0.6280171441461764,56.37033809471291,1.2182383415470632,0.01,0.0,0.0,0.5,0.7195483148097992,-0.03117945355485319,4.9444718883412495,0.07195483148097992,nan,nan,nan,nan,nan,nan,nan,nan,220,60.846680000001996,-352.3409090909091,-230.88636363636374,nan
731,-335.5352759035244,-176.84401916250027,45.83808148820343,0.07329607009887695,-0.2816462736373748,-0.6264738598442714,56.59509080353744,1.2087600867562136,0.01,0.0,0.0,0.5,0.7329607009887695,-0.024722359441706247,4.853571561721132,0.07329607009887695,nan,nan,nan,nan,nan,nan,nan,nan,220,60.82908000000201,-352.3409090909091,-230.88636363636374,nan
732,-335.1212302147745,-176.45893458121307,45.7111330988196,0.07230278849601746,-0.3073005093378608,-0.62354272778721,57.086446501342635,1.2154766360574532,0.01,0.0,0.0,0.5,0.7230278849601746,-0.024267857808605662,3.4896623362388595,0.07230278849601746,nan,nan,nan,nan,nan,nan,nan,nan,220,60.82028000000201,-352.3409090909091,-230.88636363636374,nan
733,-335.0542611641155,-176.41960939954356,45.51881566425345,0.07229249179363251,-0.3073005093378608,-0.62354272778721,57.1441643008198,1.225554023192292,0.01,0.0,0.0,0.5,0.7229249179363251,-0.017448311681194296,1.4329861788023848,0.07229249179363251,nan,nan,nan,nan,nan,nan,nan,nan,220,60.80268000000201,-352.3409090909091,-230.88636363636374,nan
734,-335.2947412150096,-176.4426478088199,45.160163917448074,0.07227189838886261,-0.3073005093378608,-0.62354272778721,57.049890730514946,1.217749658518638,0.01,0.0,0.0,0.5,0.7227189838886261,-0.007164930894011924,2.952660383064392,0.07227189838886261,nan,nan,nan,nan,nan,nan,nan,nan,220,60.785080000002026,-352.3409090909091,-230.88636363636374,nan
735,-335.74925894755114,-176.31724707399238,44.71273953301413,0.07225129753351212,-0.3073005093378608,-0.62354272778721,57.3301968954392,1.133747602981916,0.01,0.0,0.0,0.5,0.7225129753351212,-0.01476330191532196,4.196831408621662,0.07225129753351212,nan,nan,nan,nan,nan,nan,nan,nan,222,61.37620000000203,-352.1171171171171,-231.2612612612612,nan
736,-336.17894420383874,-175.90210562725633,44.230081438327424,0.06447318196296692,-0.32270814739257936,-0.6674741807981639,57.66597802405553,1.1286498693520632,0.01,0.0,0.0,0.5,0.6447318196296692,-0.020984157043108312,5.179661673410583,0.06447318196296692,nan,nan,nan,nan,nan,nan,nan,nan,223,61.65836000000203,-351.9170403587443,-231.37892376681623,nan
737,-336.607668702647,-175.88455207110115,43.84492387765384,0.0644548237323761,-0.32270814739257936,-0.6674741807981639,57.41881055864103,1.150549520146373,0.01,0.0,0.0,0.5,0.644548237323761,-0.025898308367052914,3.8950245595925863,0.0644548237323761,nan,nan,nan,nan,nan,nan,nan,nan,225,62.24040000000204,-351.47777777777776,-231.34444444444443,nan
738,-337.09377279061556,-176.07165332146306,43.43905315628914,0.06600246578454971,-0.2923076923076923,-0.6674937965260547,57.11375524333377,1.149374799471674,0.01,0.0,0.0,0.5,0.6600246578454971,-0.019475122797962933,4.111181310499186,0.06600246578454971,nan,nan,nan,nan,nan,nan,nan,nan,225,62.23140000000204,-351.47777777777776,-231.34444444444443,nan
739,-337.5031245956993,-176.47547408870525,43.05194908177773,0.06599307805299759,-0.2923076923076923,-0.6674937965260547,56.55203672396954,1.215337883982868,0.01,0.0,0.0,0.5,0.6599307805299759,-0.02055590655249593,4.678773491817547,0.06599307805299759,nan,nan,nan,nan,nan,nan,nan,nan,227,62.81328000000205,-351.1563876651983,-231.35462555066078,nan
740,-337.98124789565566,-176.91673776668873,42.782986530539816,0.07287317514419556,-0.21588089330024818,-0.6688472817505076,56.00953431628688,1.2159399276045992,0.01,0.0,0.0,0.5,0.7287317514419556,-0.023393867459087735,4.40205754701228,0.07287317514419556,nan,nan,nan,nan,nan,nan,nan,nan,227,62.79512000000206,-351.1563876651983,-231.35462555066078,nan
741,-338.21557548989773,-177.47780337695377,42.8437868261168,0.07279501855373383,-0.18673959147226254,-0.6720616140194219,55.453921004863844,1.2714531873702992,0.01,0.0,0.0,0.5,0.7279501855373383,-0.0220102877350614,4.262988586425979,0.07279501855373383,nan,nan,nan,nan,nan,nan,nan,nan,228,63.08600000000206,-351.0526315789474,-231.42543859649118,nan
742,-338.3553979138773,-178.10565608859608,43.14395744732326,0.07827681303024292,-0.18355147892404408,-0.6425847675976503,54.840336686128076,1.3568885346429465,0.01,0.0,0.0,0.5,0.7827681303024292,-0.021314942932129894,4.203344897887774,0.07827681303024292,nan,nan,nan,nan,nan,nan,nan,nan,229,63.36768000000207,-350.88427947598245,-231.4956331877729,nan
743,-338.41834380473426,-178.79096588142392,43.54980885366153,0.0867905244231224,-0.1770034199094186,-0.5960809686662354,54.15885438257193,1.3513189508798247,0.01,0.0,0.0,0.5,0.8679052442312241,-0.021016724489438872,5.267503693053642,0.0867905244231224,nan,nan,nan,nan,nan,nan,nan,nan,229,63.34936000000208,-350.88427947598245,-231.4956331877729,nan
744,-338.70653398577707,-179.39327285405773,44.057666167968065,0.08676563948392868,-0.1770034199094186,-0.5960809686662354,53.506573779008825,1.351713972451277,0.01,0.0,0.0,0.5,0.8676563948392868,-0.02633751846526821,5.163584637247032,0.08676563948392868,nan,nan,nan,nan,nan,nan,nan,nan,229,63.34020000000207,-350.88427947598245,-231.4956331877729,nan
745,-338.6034625934434,-179.93878036067503,44.62351918414983,0.08675318956375122,-0.1770034199094186,-0.5960809686662354,52.999316379907086,1.3505977190195197,0.01,0.0,0.0,0.5,0.8675318956375122,-0.025817923186235162,5.337077366139981,0.08675318956375122,nan,nan,nan,nan,nan,nan,nan,nan,229,63.32188000000208,-350.88427947598245,-231.4956331877729,nan
746,-338.45404985426853,-180.40878424783193,45.19153545536707,0.0867283046245575,-0.1770034199094186,-0.5960809686662354,52.577340585663734,1.297646883851653,0.01,0.0,0.0,0.5,0.867283046245575,-0.026685386830699907,4.295898650811952,0.0867283046245575,nan,nan,nan,nan,nan,nan,nan,nan,229,63.30356000000209,-350.88427947598245,-231.4956331877729,nan
747,-338.36165265315225,-180.72685464619934,45.581879456442,0.08091264218091965,-0.23231725362533298,-0.5975140574134359,52.29039163314047,1.3035393635911978,0.01,0.0,0.0,0.5,0.8091264218091965,-0.02147949325405976,3.0941807332985447,0.08091264218091965,nan,nan,nan,nan,nan,nan,nan,nan,229,63.294400000002085,-350.88427947598245,-231.4956331877729,nan
748,-338.47877657180743,-180.96935017608638,45.65239966515845,0.08090103417634964,-0.23231725362533298,-0.5975140574134359,52.026933191209125,1.3537081328606033,0.01,0.0,0.0,0.5,0.8090103417634964,-0.015470903666492723,1.8775989298934908,0.08090103417634964,nan,nan,nan,nan,nan,nan,nan,nan,229,63.2760800000021,-350.88427947598245,-231.4956331877729,nan
749,-338.66845122001337,-181.47273446808026,45.44135918715853,0.08530960977077484,-0.2685604236880116,-0.5439576311988444,51.49288160804327,1.3412913913761089,0.01,0.0,0.0,0.5,0.8530960977077484,-0.009387994649467454,4.311856841355393,0.08530960977077484,nan,nan,nan,nan,nan,nan,nan,nan,229,63.25776000000211,-350.88427947598245,-231.4956331877729,nan
750,-339.0571094904081,-181.9837642972713,45.102902391854784,0.08528506010770798,-0.2685604236880116,-0.5439576311988444,51.10216496190995,1.4008906015068885,0.01,0.0,0.0,0.5,0.8528506010770798,-0.021559284206776965,4.531335188734598,0.08528506010770798,nan,nan,nan,nan,nan,nan,nan,nan,230,63.548560000002105,-350.8043478260869,-231.71739130434787,nan
751,-339.3258880787646,-182.62279097243518,44.84597119931997,0.09135472774505615,-0.2153248396132647,-0.5465799222914972,50.499589913163156,1.397712121809782,0.01,0.0,0.0,0.5,0.9135472774505615,-0.02265667594367299,5.114412147748168,0.09135472774505615,nan,nan,nan,nan,nan,nan,nan,nan,231,63.830120000002125,-350.68181818181813,-231.82900432900442,nan
752,-339.1673644543092,-183.0086523616187,45.04705239488248,0.09132841974496841,-0.2153248396132647,-0.5465799222914972,50.159838624764014,1.411107004338573,0.01,0.0,0.0,0.5,0.9132841974496841,-0.02557206073874084,2.3828166615822712,0.09132841974496841,nan,nan,nan,nan,nan,nan,nan,nan,231,63.81164000000213,-350.68181818181813,-231.82900432900442,nan
753,-338.73994567096463,-182.80503846706858,45.473222709424064,0.09130211174488068,-0.2153248396132647,-0.5465799222914972,50.45748257590472,1.3398468256562848,0.01,0.0,0.0,0.5,0.9130211174488068,-0.011914083307911357,4.453403461577511,0.09130211174488068,nan,nan,nan,nan,nan,nan,nan,nan,231,63.80240000000212,-350.68181818181813,-231.82900432900442,nan
754,-338.4247395950565,-182.27685826958222,46.00147382075663,0.085211381316185,-0.2685604236880116,-0.5439576311988444,50.909564507291186,1.3495191716967485,0.01,0.0,0.0,0.5,0.85211381316185,-0.022267017307887556,5.1737012899227555,0.085211381316185,nan,nan,nan,nan,nan,nan,nan,nan,232,64.08388000000213,-350.53879310344826,-231.72413793103442,nan
755,-338.5748266856604,-181.73432100466434,46.581492390845504,0.08653876930475235,-0.24969434778519703,-0.5468823474090097,51.40153975104201,1.3500233513667779,0.01,0.0,0.0,0.5,0.8653876930475235,-0.025868506449613776,5.0230358728846625,0.08653876930475235,nan,nan,nan,nan,nan,nan,nan,nan,232,64.06532000000213,-350.53879310344826,-231.72413793103442,nan
756,-338.9167989100314,-181.29642542621352,47.164238249785186,0.08651384711265564,-0.24969434778519703,-0.5468823474090097,51.802186537182706,1.349928176540346,0.01,0.0,0.0,0.5,0.8651384711265564,-0.025115179364423312,5.017132254797037,0.08651384711265564,nan,nan,nan,nan,nan,nan,nan,nan,233,64.35600000000214,-350.2896995708154,-231.83476394849788,nan
757,-339.26867053100824,-181.38051131379166,47.338260651389966,0.08650138974189758,-0.24969434778519703,-0.5468823474090097,51.435413158953615,1.3720667799906239,0.01,0.0,0.0,0.5,0.8650138974189758,-0.025085661273985184,3.184764691267337,0.08650138974189758,nan,nan,nan,nan,nan,nan,nan,nan,234,64.63728000000215,-350.2777777777777,-231.62393162393164,nan
758,-339.7582323140294,-181.59313369148663,47.193837425266196,0.0877990573644638,-0.25027808676307,-0.5393029291805711,51.12476482607047,1.3684364952622048,0.01,0.0,0.0,0.5,0.8779905736446381,-0.015923823456336687,3.6420046890141258,0.0877990573644638,nan,nan,nan,nan,nan,nan,nan,nan,234,64.61856000000215,-350.2777777777777,-231.62393162393164,nan
759,-340.16413207348734,-182.0355067176705,46.89056560884547,0.0876646563410759,-0.2256210604375232,-0.5457916203188728,50.60926510151882,1.3631221744272073,0.01,0.0,0.0,0.5,0.876646563410759,-0.01821002344507063,4.679524961055145,0.0876646563410759,nan,nan,nan,nan,nan,nan,nan,nan,234,64.60920000000216,-350.2777777777777,-231.62393162393164,nan
760,-340.6505207274504,-182.5061092833872,46.96938757901259,0.08765198290348053,-0.2256210604375232,-0.5457916203188728,50.052418021413956,1.422860783877121,0.01,0.0,0.0,0.5,0.8765198290348053,-0.023397624805275723,4.328101288845842,0.08765198290348053,nan,nan,nan,nan,nan,nan,nan,nan,234,64.59048000000216,-350.2777777777777,-231.62393162393164,nan
761,-340.5958962678379,-182.92566192658333,47.343207049930186,0.09345012903213501,-0.16008602150537637,-0.5501075268817205,49.79883350145032,1.4235102883351296,0.01,0.0,0.0,0.5,0.9345012903213501,-0.02164050644422921,4.144103221645944,0.09345012903213501,nan,nan,nan,nan,nan,nan,nan,nan,235,64.87168000000217,-350.26595744680844,-231.77659574468078,nan
762,-340.0842908863192,-183.13781869478663,47.82334245421018,0.09342307597398758,-0.16008602150537637,-0.5501075268817205,49.69302734648287,1.3631485030208657,0.01,0.0,0.0,0.5,0.9342307597398758,-0.020720516108229718,4.547420558241403,0.09342307597398758,nan,nan,nan,nan,nan,nan,nan,nan,235,64.86228000000216,-350.26595744680844,-231.77659574468078,nan
763,-339.82730710010725,-183.1424930410017,47.86574883892407,0.08758856356143951,-0.2256210604375232,-0.5457916203188728,50.03379376192548,1.380720083414613,0.01,0.0,0.0,0.5,0.8758856356143951,-0.022737102791207015,0.9823928477170681,0.08758856356143951,nan,nan,nan,nan,nan,nan,nan,nan,237,65.44336000000217,-350.0527426160338,-232.12025316455697,nan
764,-339.75997484415086,-182.81884233081672,47.674516825366766,0.08756320923566818,-0.2256210604375232,-0.5457916203188728,50.171061799915876,1.38247476751159,0.01,0.0,0.0,0.5,0.8756320923566818,-0.004911964238585341,3.0702873576673504,0.08756320923566818,nan,nan,nan,nan,nan,nan,nan,nan,238,65.72432000000218,-350.1050420168067,-231.91176470588232,nan
765,-339.92494075884406,-182.65163924267767,47.34161805664587,0.08878262341022491,-0.231638418079096,-0.5367231638418078,50.30103798405193,1.3851316557530144,0.01,0.0,0.0,0.5,0.8878262341022491,-0.015351436788336753,2.5132081865553286,0.08878262341022491,nan,nan,nan,nan,nan,nan,nan,nan,238,65.71480000000219,-350.1050420168067,-231.91176470588232,nan
766,-340.31197707491583,-182.71436611587714,46.95792576706571,0.08876977115869522,-0.231638418079096,-0.5367231638418078,50.16261704676038,1.4384160154246026,0.01,0.0,0.0,0.5,0.8876977115869522,-0.012566040932776643,3.648996011759179,0.08876977115869522,nan,nan,nan,nan,nan,nan,nan,nan,238,65.6957600000022,-350.1050420168067,-231.91176470588232,nan
767,-340.3725105968345,-183.06575272679214,46.58451800602562,0.09466609358787537,-0.16620099906866484,-0.5414444162221658,49.81111855979226,1.436993351341565,0.01,0.0,0.0,0.5,0.9466609358787537,-0.018244980058795896,3.8786925551733438,0.09466609358787537,nan,nan,nan,nan,nan,nan,nan,nan,239,65.97668000000219,-349.9058577405857,-231.9560669456066,nan
768,-340.00379411516366,-183.30376111162644,46.70448942574314,0.09463867545127869,-0.16620099906866484,-0.5414444162221658,49.64975052308971,1.3825239014373678,0.01,0.0,0.0,0.5,0.9463867545127869,-0.01939346277586672,2.9062991192646996,0.09463867545127869,nan,nan,nan,nan,nan,nan,nan,nan,239,65.96712000000218,-349.9058577405857,-231.9560669456066,nan
769,-339.4650572771446,-183.0258705750257,47.08937049612715,0.08870553970336914,-0.231638418079096,-0.5367231638418078,50.03173424118938,1.3745605974683237,0.01,0.0,0.0,0.5,0.8870553970336914,-0.014531495596323498,4.822923078356746,0.08870553970336914,nan,nan,nan,nan,nan,nan,nan,nan,239,65.9480000000022,-349.9058577405857,-231.9560669456066,nan
770,-339.07680990339327,-182.49393758450475,47.60127621560297,0.08886752277612686,-0.25906406179009545,-0.528759654702408,50.61160541075735,1.3724062731393714,0.01,0.0,0.0,0.5,0.8886752277612686,-0.024114615391783733,5.20252794964036,0.08886752277612686,nan,nan,nan,nan,nan,nan,nan,nan,240,66.22880000000221,-349.79166666666674,-231.95833333333337,nan
771,-339.1500357920392,-181.97733784676402,48.179677494488615,0.08884188532829285,-0.25906406179009545,-0.528759654702408,51.10131326590631,1.372688805195256,0.01,0.0,0.0,0.5,0.8884188532829285,-0.0260126397482018,4.7448107535513495,0.08884188532829285,nan,nan,nan,nan,nan,nan,nan,nan,240,66.21920000000222,-349.79166666666674,-231.95833333333337,nan
772,-339.3896934254782,-181.3900015013204,48.575656124464565,0.08864129334688187,-0.231638418079096,-0.5367231638418078,51.62709784195679,1.3149178584009662,0.01,0.0,0.0,0.5,0.8864129334688187,-0.02372405376775675,4.990163175458606,0.08864129334688187,nan,nan,nan,nan,nan,nan,nan,nan,240,66.20000000000222,-349.79166666666674,-231.95833333333337,nan
773,-339.7454058874093,-181.028778201403,48.53265540766403,0.08298686891794205,-0.22657679345209442,-0.5701492537313433,51.91095203886347,1.3249428855359326,0.01,0.0,0.0,0.5,0.8298686891794205,-0.02495081587729303,2.9370687210605615,0.08298686891794205,nan,nan,nan,nan,nan,nan,nan,nan,240,66.18080000000222,-349.79166666666674,-231.95833333333337,nan
774,-340.04058726133496,-180.56991727917034,48.2613596138225,0.08296281844377518,-0.22657679345209442,-0.5701492537313433,52.30538073778688,1.3181125948590247,0.01,0.0,0.0,0.5,0.8296281844377518,-0.014685343605302808,4.2790465799529045,0.08296281844377518,nan,nan,nan,nan,nan,nan,nan,nan,240,66.17120000000222,-349.79166666666674,-231.95833333333337,nan
775,-340.3871970450595,-180.35373210508268,47.873199872238956,0.08295078575611115,-0.22657679345209442,-0.5701492537313433,52.454541431514826,1.3222820190216238,0.01,0.0,0.0,0.5,0.8295078575611115,-0.021395232899764523,3.3970250363124346,0.08295078575611115,nan,nan,nan,nan,nan,nan,nan,nan,240,66.15200000000223,-349.79166666666674,-231.95833333333337,nan
776,-340.5192909925376,-180.41034419078147,47.43010086993219,0.08292671293020248,-0.22657679345209442,-0.5701492537313433,52.26770502870682,1.33707727076985,0.01,0.0,0.0,0.5,0.8292671293020248,-0.016985125181562172,2.7329919290988616,0.08292671293020248,nan,nan,nan,nan,nan,nan,nan,nan,242,66.73264000000223,-349.3801652892562,-231.92148760330588,nan
777,-340.20714077493153,-180.28794585857307,47.499195977509864,0.0840742215514183,-0.21702615002863138,-0.5703378507348731,52.442034779797275,1.335956377761031,0.01,0.0,0.0,0.5,0.840742215514183,-0.013664959645494308,2.932780310220554,0.0840742215514183,nan,nan,nan,nan,nan,nan,nan,nan,242,66.72296000000223,-349.3801652892562,-231.92148760330588,nan
778,-339.51860221289576,-180.0043047757697,47.84170918121773,0.08406203240156174,-0.21702615002863138,-0.5703378507348731,52.84547567253845,1.322863162958968,0.01,0.0,0.0,0.5,0.8406203240156174,-0.01466390155110277,5.502690513064822,0.08406203240156174,nan,nan,nan,nan,nan,nan,nan,nan,242,66.70360000000224,-349.3801652892562,-231.92148760330588,nan
779,-339.0498832133382,-179.47352829109877,48.31876202488529,0.0840376615524292,-0.21702615002863138,-0.5703378507348731,53.455618636238455,1.3242964747754453,0.01,0.0,0.0,0.5,0.840376615524292,-0.02751345256532411,5.167271550343044,0.0840376615524292,nan,nan,nan,nan,nan,nan,nan,nan,242,66.68424000000226,-349.3801652892562,-231.92148760330588,nan
780,-338.83883768695745,-178.77641431564555,48.86134647363287,0.08401328325271606,-0.21702615002863138,-0.5703378507348731,54.180424531095845,1.3211835776001688,0.01,0.0,0.0,0.5,0.8401328325271606,-0.025836357751715222,5.765460764756268,0.08401328325271606,nan,nan,nan,nan,nan,nan,nan,nan,242,66.67456000000224,-349.3801652892562,-231.92148760330588,nan
781,-338.91611176186785,-178.19685878811168,49.382373883210484,0.0840010941028595,-0.21702615002863138,-0.5703378507348731,54.73419550477053,1.3269251841438952,0.01,0.0,0.0,0.5,0.840010941028595,-0.02882730382378134,4.568406698442662,0.0840010941028595,nan,nan,nan,nan,nan,nan,nan,nan,242,66.65520000000225,-349.3801652892562,-231.92148760330588,nan
782,-338.67778008245887,-177.6082436076734,49.42705598931042,0.08397671580314636,-0.21702615002863138,-0.5703378507348731,55.235151320642665,1.282705191536001,0.01,0.0,0.0,0.5,0.8397671580314636,-0.022842033492213313,4.666734901417944,0.08397671580314636,nan,nan,nan,nan,nan,nan,nan,nan,244,67.23572000000226,-349.2418032786885,-231.82377049180332,nan
783,-338.6546020515857,-177.08770238752513,49.17385366324724,0.0796038806438446,-0.18778440691677623,-0.6248356760036404,55.75056933645922,1.2891916499910363,0.01,0.0,0.0,0.5,0.796038806438446,-0.02333367450708972,3.346388133811778,0.0796038806438446,nan,nan,nan,nan,nan,nan,nan,nan,244,67.22596000000226,-349.2418032786885,-231.82377049180332,nan
784,-338.8188939609751,-176.5204450745557,48.778302692742,0.07959236204624176,-0.18778440691677623,-0.6248356760036404,56.27694768598651,1.231281585691185,0.01,0.0,0.0,0.5,0.7959236204624176,-0.01673194066905889,4.699314117866543,0.07959236204624176,nan,nan,nan,nan,nan,nan,nan,nan,244,67.20644000000226,-349.2418032786885,-231.82377049180332,nan
785,-338.7166590235602,-176.17779835386318,48.31920376887181,0.07447781413793564,-0.19022612796056151,-0.6506269424498982,56.632613190348806,1.2449436255243291,0.01,0.0,0.0,0.5,0.7447781413793564,-0.023496570589332716,3.28159388011953,0.07447781413793564,nan,nan,nan,nan,nan,nan,nan,nan,244,67.18692000000227,-349.2418032786885,-231.82377049180332,nan
786,-338.23649078192756,-175.99256977294567,47.98795458779842,0.07513515651226044,-0.23035289023598185,-0.6445117990907122,56.90553467687245,1.2914553321464224,0.01,0.0,0.0,0.5,0.7513515651226044,-0.01640796940059765,4.224528053137418,0.07513515651226044,nan,nan,nan,nan,nan,nan,nan,nan,244,67.17716000000227,-349.2418032786885,-231.82377049180332,nan
787,-337.6651510848315,-175.5030116102733,47.90944518537453,0.08025779575109482,-0.20765512479037188,-0.6176383545427641,57.29616886956733,1.2483586970897205,0.01,0.0,0.0,0.5,0.8025779575109482,-0.021122640265687092,5.02348725136745,0.08025779575109482,nan,nan,nan,nan,nan,nan,nan,nan,245,67.45760000000229,-349.3163265306123,-231.6020408163265,nan
788,-337.336175732702,-174.81919847056116,48.161412768524336,0.07634761184453964,-0.2400723943362078,-0.6350473757053124,58.14090432285964,1.248141304432224,0.01,0.0,0.0,0.5,0.7634761184453964,-0.02511743625683725,5.022977555022499,0.07634761184453964,nan,nan,nan,nan,nan,nan,nan,nan,246,67.73792000000229,-349.14634146341473,-231.7479674796748,nan
789,-337.34372403465835,-174.36159989125028,48.592910786283575,0.07632561773061752,-0.2400723943362078,-0.6350473757053124,58.587515420636876,1.2558105610226797,0.01,0.0,0.0,0.5,0.7632561773061752,-0.025114887775112497,3.467120202080285,0.07632561773061752,nan,nan,nan,nan,nan,nan,nan,nan,246,67.72808000000228,-349.14634146341473,-231.7479674796748,nan
790,-337.1683824787006,-173.97378425727928,49.06392582471607,0.07631461322307587,-0.2400723943362078,-0.6350473757053124,59.03126275446153,1.2519103456586655,0.01,0.0,0.0,0.5,0.7631461322307587,-0.017335601010401425,4.203198888896762,0.07631461322307587,nan,nan,nan,nan,nan,nan,nan,nan,247,68.0083200000023,-348.97773279352225,-231.81174089068827,nan
791,-336.9738444252532,-173.7465921828918,49.025377326984575,0.07629262655973434,-0.2400723943362078,-0.6350473757053124,59.2929576797817,1.266000721970236,0.01,0.0,0.0,0.5,0.7629262655973434,-0.02101599444448381,1.3411115568805247,0.07629262655973434,nan,nan,nan,nan,nan,nan,nan,nan,247,67.98856000000231,-348.97773279352225,-231.81174089068827,nan
792,-336.5171886161265,-173.43084880107486,48.724072059217924,0.07627062499523163,-0.2400723943362078,-0.6350473757053124,59.695843426288214,1.1370283227793556,0.01,0.0,0.0,0.5,0.7627062499523163,-0.006705557784402624,4.5468138529423445,0.07627062499523163,nan,nan,nan,nan,nan,nan,nan,nan,247,67.97868000000231,-348.97773279352225,-231.81174089068827,nan
793,-336.4122737429381,-172.94376829894068,48.29072894400122,0.06497624516487122,-0.26382926530111617,-0.6815895989206427,60.135164348252616,1.1820423051276947,0.01,0.0,0.0,0.5,0.6497624516487122,-0.022734069264711724,4.13028103989076,0.06497624516487122,nan,nan,nan,nan,nan,nan,nan,nan,248,68.2588800000023,-348.8709677419355,-231.77419354838707,nan
794,-336.6304527197659,-172.66698861602774,47.79468038913039,0.06926936656236649,-0.2189430336307481,-0.6787920384351407,60.36134427697815,1.1840436649461272,0.01,0.0,0.0,0.5,0.6926936656236649,-0.020651405199453802,3.6901693316363797,0.06926936656236649,nan,nan,nan,nan,nan,nan,nan,nan,248,68.23904000000232,-348.8709677419355,-231.77419354838707,nan
795,-336.57715796747704,-172.7089775009821,47.29761977542748,0.06924945116043091,-0.2189430336307481,-0.6787920384351407,60.331065840884975,1.1857315943911297,0.01,0.0,0.0,0.5,0.6924945116043091,-0.018450846658181898,3.332675491280907,0.06924945116043091,nan,nan,nan,nan,nan,nan,nan,nan,248,68.22912000000233,-348.8709677419355,-231.77419354838707,nan
796,-336.2413957011068,-172.6544073065883,46.87372788180319,0.06923949718475342,-0.2189430336307481,-0.6787920384351407,60.45374442671407,1.1842921169977192,0.01,0.0,0.0,0.5,0.6923949718475342,-0.016663377456404536,3.5807312253951187,0.06923949718475342,nan,nan,nan,nan,nan,nan,nan,nan,248,68.20928000000232,-348.8709677419355,-231.77419354838707,nan
797,-335.78958545149777,-172.18765914927585,46.942654831797185,0.06921957433223724,-0.2189430336307481,-0.6787920384351407,61.0055542088181,1.1792594149292168,0.01,0.0,0.0,0.5,0.6921957433223724,-0.017903656126975594,4.547455736385635,0.06921957433223724,nan,nan,nan,nan,nan,nan,nan,nan,248,68.18944000000232,-348.8709677419355,-231.77419354838707,nan
798,-335.35121241748914,-171.64263169937865,47.25527088378244,0.06919966638088226,-0.2189430336307481,-0.6787920384351407,61.68631486101385,1.1353123429411482,0.01,0.0,0.0,0.5,0.6919966638088226,-0.022737278681928177,4.703280389431472,0.06919966638088226,nan,nan,nan,nan,nan,nan,nan,nan,250,68.77944000000234,-348.46000000000004,-231.91999999999996,nan
799,-335.18960737032455,-171.52678210267922,47.59878531107759,0.06488288193941116,-0.26382926530111617,-0.6815895989206427,61.779471150219464,1.1479699132891665,0.01,0.0,0.0,0.5,0.6488288193941116,-0.023516401947157362,2.134429970340533,0.06488288193941116,nan,nan,nan,nan,nan,nan,nan,nan,251,69.05940000000234,-348.37649402390434,-231.88247011952183,nan
800,-335.2105448221792,-171.76060231883645,47.67515952681808,0.06486420333385468,-0.26382926530111617,-0.6815895989206427,61.286212266567965,1.1614238788923261,0.01,0.0,0.0,0.5,0.6486420333385468,-0.010672149851702666,1.896177247352644,0.06486420333385468,nan,nan,nan,nan,nan,nan,nan,nan,253,69.63924000000235,-348.3102766798419,-231.63043478260875,nan
801,-334.91298679313,-171.87703125247077,47.53556039261674,0.06609047949314117,-0.26857557085900685,-0.6752446538600942,61.236889288598725,1.1565095446120401,0.01,0.0,0.0,0.5,0.6609047949314117,-0.00948088623676322,2.8600421426554337,0.06609047949314117,nan,nan,nan,nan,nan,nan,nan,nan,253,69.62912000000236,-348.3102766798419,-231.63043478260875,nan
802,-334.7238705320106,-171.66283904847162,47.19675969804115,0.0660809800028801,-0.26857557085900685,-0.6752446538600942,61.487421235133354,1.1558807164205358,0.01,0.0,0.0,0.5,0.660809800028801,-0.014300210713277169,2.9478038594475087,0.0660809800028801,nan,nan,nan,nan,nan,nan,nan,nan,253,69.60888000000234,-348.3102766798419,-231.63043478260875,nan
803,-334.8128746068018,-171.7485403805694,46.8436820879858,0.06606197357177734,-0.26857557085900685,-0.6752446538600942,61.252071549624375,1.1677458960891265,0.01,0.0,0.0,0.5,0.6606197357177734,-0.014739019297237544,2.8495195889373783,0.06606197357177734,nan,nan,nan,nan,nan,nan,nan,nan,254,69.88856000000236,-348.1299212598425,-231.53543307086602,nan
804,-334.9563760580139,-171.97066854651513,46.896953651848605,0.06719934195280075,-0.2785495643983989,-0.6753002119142925,61.00412663112218,1.1750027613835532,0.01,0.0,0.0,0.5,0.6719934195280075,-0.014247597944686892,1.5555981596907464,0.06719934195280075,nan,nan,nan,nan,nan,nan,nan,nan,254,69.87840000000236,-348.1299212598425,-231.53543307086602,nan
805,-335.23315173687644,-172.0964207793627,46.78803345536982,0.06727807968854904,-0.24471227697034154,-0.6812005199101974,60.822058879307846,1.2163415187456146,0.01,0.0,0.0,0.5,0.6727807968854904,-0.007777990798453732,2.2172423629376334,0.06727807968854904,nan,nan,nan,nan,nan,nan,nan,nan,254,69.85808000000236,-348.1299212598425,-231.53543307086602,nan
806,-335.6053307116083,-171.92257707734518,46.95093169905987,0.07174277305603027,-0.1995139195757843,-0.6785240830755633,60.914349443338644,1.210608420956227,0.01,0.0,0.0,0.5,0.7174277305603027,-0.011086211814688168,3.3226155066305894,0.07174277305603027,nan,nan,nan,nan,nan,nan,nan,nan,254,69.83776000000236,-348.1299212598425,-231.53543307086602,nan
807,-335.9906355055951,-172.07301566826703,47.08232168233232,0.07172214984893799,-0.1995139195757843,-0.6785240830755633,60.84971849678552,1.2104911537499237,0.01,0.0,0.0,0.5,0.7172214984893799,-0.016613077533152946,3.3254457407989477,0.07172214984893799,nan,nan,nan,nan,nan,nan,nan,nan,255,70.12756000000238,-348.1470588235294,-231.6960784313726,nan
808,-336.3935247831008,-172.44747024674933,47.36909425554932,0.07171183824539185,-0.1995139195757843,-0.6785240830755633,60.40317155791176,1.2075254736907253,0.01,0.0,0.0,0.5,0.7171183824539185,-0.01662722870399474,3.8773114965961466,0.07171183824539185,nan,nan,nan,nan,nan,nan,nan,nan,255,70.10716000000238,-348.1470588235294,-231.6960784313726,nan
809,-336.70461927239546,-173.05062359848463,47.24457983127005,0.07169120013713837,-0.1995139195757843,-0.6785240830755633,59.75130789729758,1.2024507521126646,0.01,0.0,0.0,0.5,0.7169120013713837,-0.019386557482980734,4.851009398023738,0.07169120013713837,nan,nan,nan,nan,nan,nan,nan,nan,255,70.08676000000239,-348.1470588235294,-231.6960784313726,nan
810,-337.16352572320596,-173.61980190625982,47.30388177268077,0.07167057693004608,-0.1995139195757843,-0.6785240830755633,59.10576870650838,1.203297891066936,0.01,0.0,0.0,0.5,0.7167057693004608,-0.02425504699011869,4.660958400077139,0.07167057693004608,nan,nan,nan,nan,nan,nan,nan,nan,255,70.07656000000239,-348.1470588235294,-231.6960784313726,nan
811,-337.5491876577617,-174.3146606833989,47.258356576312195,0.07166026532649994,-0.1995139195757843,-0.6785240830755633,58.188335479056015,1.2125282746618034,0.01,0.0,0.0,0.5,0.7166026532649994,-0.023304792000385696,5.418770192761388,0.07166026532649994,nan,nan,nan,nan,nan,nan,nan,nan,256,70.35608000000241,-347.96875,-231.5625,nan
812,-337.83903083679195,-174.9878308843133,47.53673101934044,0.0729622170329094,-0.1725105189340814,-0.6782824468658971,57.26631419501247,1.2958919045859203,0.01,0.0,0.0,0.5,0.7296221703290939,-0.02709385096380694,4.59415631426124,0.0729622170329094,nan,nan,nan,nan,nan,nan,nan,nan,258,70.9354400000024,-347.8294573643411,-231.3759689922481,nan
813,-337.6063173083593,-175.5860814224252,47.98207697371136,0.08088627457618713,-0.21270471464019852,-0.6176674937965261,56.71881652201234,1.2912235229227724,0.01,0.0,0.0,0.5,0.8088627457618713,-0.0229707815713062,5.504515309854716,0.08088627457618713,nan,nan,nan,nan,nan,nan,nan,nan,258,70.92512000000241,-347.8294573643411,-231.3759689922481,nan
814,-337.3688488495947,-176.11508023472322,48.509462674771456,0.08087461441755295,-0.21270471464019852,-0.6176674937965261,56.03044184005878,1.308514440098532,0.01,0.0,0.0,0.5,0.8087461441755295,-0.027522576549273578,4.4895739477618415,0.08087461441755295,nan,nan,nan,nan,nan,nan,nan,nan,259,71.20444000000242,-347.7895752895754,-231.16795366795373,nan
815,-337.3244852961405,-176.5983808798796,49.06349209981556,0.08209623396396637,-0.20923886560764057,-0.6080304063931391,55.56398458393359,1.3078114701830608,0.01,0.0,0.0,0.5,0.8209623396396637,-0.022447869738809207,4.582841842904466,0.08209623396396637,nan,nan,nan,nan,nan,nan,nan,nan,259,71.18372000000241,-347.7895752895754,-231.16795366795373,nan
816,-337.59542765159534,-177.01843571318102,49.493721576178864,0.08207257091999054,-0.20923886560764057,-0.6080304063931391,55.1007344851154,1.3092619206251404,0.01,0.0,0.0,0.5,0.8207257091999054,-0.022914209214522332,4.269100631441668,0.08207257091999054,nan,nan,nan,nan,nan,nan,nan,nan,259,71.17336000000242,-347.7895752895754,-231.16795366795373,nan
817,-337.8882975242011,-177.51323319886586,49.46591704734644,0.08206073939800262,-0.20923886560764057,-0.6080304063931391,54.560648181661584,1.3667769055066161,0.01,0.0,0.0,0.5,0.8206073939800262,-0.02134550315720834,3.901586443232427,0.08206073939800262,nan,nan,nan,nan,nan,nan,nan,nan,259,71.15264000000242,-347.7895752895754,-231.16795366795373,nan
818,-338.33382226458104,-177.96538091224264,49.200501928899975,0.08762847632169724,-0.18883853194703631,-0.5787789922687283,53.81422942440503,1.3766521479651541,0.01,0.0,0.0,0.5,0.8762847632169724,-0.019507932216162135,4.422804316576101,0.08762847632169724,nan,nan,nan,nan,nan,nan,nan,nan,261,71.73180000000242,-347.5383141762452,-230.98659003831415,nan
819,-338.69985923788477,-178.57993469122368,48.82551667867512,0.0888766199350357,-0.15083798882681568,-0.5914579203460083,53.146738473458115,1.4315532059357288,0.01,0.0,0.0,0.5,0.8887661993503571,-0.022114021582880502,5.466542345569078,0.0888766199350357,nan,nan,nan,nan,nan,nan,nan,nan,261,71.72136000000243,-347.5383141762452,-230.98659003831415,nan
820,-338.7261927974079,-179.26766071396233,48.95302067185777,0.0948885977268219,-0.1727150537634409,-0.5456989247311828,52.46428436234177,1.438105528316066,0.01,0.0,0.0,0.5,0.948885977268219,-0.02733271172784539,4.10107470330294,0.0948885977268219,nan,nan,nan,nan,nan,nan,nan,nan,261,71.70048000000244,-347.5383141762452,-230.98659003831415,nan
821,-338.37042169889673,-179.38739204263416,49.345718370533056,0.09486109018325806,-0.1727150537634409,-0.5456989247311828,52.29530721706766,1.4505843503637357,0.01,0.0,0.0,0.5,0.9486109018325806,-0.0205053735165147,3.8934610811225085,0.09486109018325806,nan,nan,nan,nan,nan,nan,nan,nan,263,72.27948000000244,-347.3669201520913,-230.903041825095,nan
822,-338.09092513955255,-179.03387289979483,49.86146007023956,0.0960051640868187,-0.17026937146657795,-0.538077818423678,52.692075006341966,1.4477634406715592,0.01,0.0,0.0,0.5,0.960051640868187,-0.019467305405612544,4.429819571376665,0.0960051640868187,nan,nan,nan,nan,nan,nan,nan,nan,263,72.26896000000244,-347.3669201520913,-230.903041825095,nan
823,-338.2773118962126,-178.56757154458836,50.431587567699225,0.09599124640226364,-0.17026937146657795,-0.538077818423678,52.95146228181733,1.4773547301203704,0.01,0.0,0.0,0.5,0.9599124640226364,-0.022149097856883328,4.799354841099249,0.09599124640226364,nan,nan,nan,nan,nan,nan,nan,nan,264,72.54788000000245,-347.44318181818187,-230.719696969697,nan
824,-338.6338290977432,-178.09345494392377,50.97369652133207,0.09713514894247055,-0.1732009925558312,-0.5356492969396195,53.452127850272696,1.4197379477169865,0.01,0.0,0.02,0.5,0.9713514894247055,-0.023996774205496247,5.143097254698403,0.09713514894247055,nan,nan,nan,nan,nan,nan,nan,nan,265,72.82672000000245,-347.2924528301887,-230.83962264150944,nan
825,-339.01092741730895,-178.11283208786008,51.110437534508115,0.09154534339904785,-0.16710735060814383,-0.562665256478054,53.37319650585469,1.4303282062243845,0.01,0.0,0.02,0.5,0.9154534339904785,-0.025715486273492016,2.9985334072227054,0.09154534339904785,nan,nan,nan,nan,nan,nan,nan,nan,265,72.81612000000246,-347.2924528301887,-230.83962264150944,nan
826,-339.54227908312674,-178.30965230708915,51.05314412274646,0.09153208881616592,-0.16710735060814383,-0.562665256478054,53.192104733206605,1.4813011785293009,0.01,0.0,0.02,0.5,0.9153208881616592,-0.014992667036113528,3.8694697232169846,0.09153208881616592,nan,nan,nan,nan,nan,nan,nan,nan,266,73.09488000000246,-347.12406015037595,-230.95864661654127,nan
827,-340.00322253968943,-178.69502719631703,50.93583968665179,0.09706484526395798,-0.1732009925558312,-0.5356492969396195,52.74649033992507,1.4796261442427805,0.01,0.0,0.02,0.5,0.9706484526395798,-0.019347348616084923,4.14820979585308,0.09706484526395798,nan,nan,nan,nan,nan,nan,nan,nan,266,73.07360000000247,-347.12406015037595,-230.95864661654127,nan
828,-340.4421330044461,-179.078879016298,51.20503972712292,0.09703671187162399,-0.1732009925558312,-0.5356492969396195,52.30830179463644,1.480491136644926,0.01,0.0,0.02,0.5,0.9703671187162399,-0.0207410489792654,3.9470779230900055,0.09703671187162399,nan,nan,nan,nan,nan,nan,nan,nan,266,73.06296000000248,-347.12406015037595,-230.95864661654127,nan
829,-340.4110349005761,-179.22196109413173,51.67088910150004,0.0970226526260376,-0.1732009925558312,-0.5356492969396195,52.17345107706573,1.4837419813639556,0.01,0.0,0.02,0.5,0.970226526260376,-0.019735389615450027,3.240666036473995,0.0970226526260376,nan,nan,nan,nan,nan,nan,nan,nan,267,73.34164000000249,-346.9569288389514,-230.98314606741565,nan
830,-340.17752319216567,-179.04230073619303,52.20663625344078,0.09699453413486481,-0.1732009925558312,-0.5356492969396195,52.38140657376108,1.4243279020545137,0.01,0.0,0.02,0.5,0.9699453413486481,-0.016203330182369975,3.959961085374122,0.09699453413486481,nan,nan,nan,nan,nan,nan,nan,nan,267,73.32028000000248,-346.9569288389514,-230.98314606741565,nan
831,-340.2676167059102,-178.77849692884934,52.27107383006408,0.09141276776790619,-0.16710735060814383,-0.562665256478054,52.631476214277555,1.4342291954677355,0.01,0.0,0.02,0.5,0.9141276776790619,-0.01979980542687061,1.95321409859156,0.09141276776790619,nan,nan,nan,nan,nan,nan,nan,nan,267,73.30960000000249,-346.9569288389514,-230.98314606741565,nan
832,-340.5403583919534,-178.33400186058435,52.05757404913928,0.09139952063560486,-0.16710735060814383,-0.562665256478054,53.0387100334558,1.4232895338951133,0.01,0.0,0.02,0.5,0.9139952063560486,-0.0097660704929578,4.088098279265941,0.09139952063560486,nan,nan,nan,nan,nan,nan,nan,nan,267,73.28824000000249,-346.9569288389514,-230.98314606741565,nan
833,-340.87693133756596,-178.28148337477177,51.70290165358238,0.0913730040192604,-0.16710735060814383,-0.562665256478054,52.89027172714089,1.4383954230110436,0.01,0.0,0.02,0.5,0.9137300401926041,-0.020440491396329703,3.210565742639917,0.0913730040192604,nan,nan,nan,nan,nan,nan,nan,nan,268,73.5668000000025,-346.9589552238806,-230.82089552238813,nan
834,-341.34691319784525,-178.46348580124925,51.30665498907369,0.09244482964277267,-0.16726729366265278,-0.5617473850751515,52.65732017876712,1.4333243491889889,0.01,0.0,0.02,0.5,0.9244482964277267,-0.016052828713199584,4.197982258759856,0.09244482964277267,nan,nan,nan,nan,nan,nan,nan,nan,268,73.5560800000025,-346.9589552238806,-230.82089552238813,nan
835,-341.2814052965063,-178.75038126969324,50.96404776082898,0.09243142604827881,-0.16726729366265278,-0.5617473850751515,52.248179876625485,1.5037893720127173,0.01,0.0,0.02,0.5,0.9243142604827881,-0.02098991129379928,3.635232058027832,0.09243142604827881,nan,nan,nan,nan,nan,nan,nan,nan,269,73.83456000000251,-346.88661710037184,-230.69702602230473,nan
836,-340.74029235729296,-178.82380557278893,51.11012336183684,0.09919656068086624,-0.16949848149060162,-0.5345973898054667,52.236082430169354,1.5026276848296294,0.01,0.0,0.02,0.5,0.9919656068086624,-0.01817616029013916,3.8101106170819263,0.09919656068086624,nan,nan,nan,nan,nan,nan,nan,nan,269,73.8130400000025,-346.88661710037184,-230.69702602230473,nan
837,-340.1294237721517,-178.4010991193432,51.496868801044016,0.09916781634092331,-0.16949848149060162,-0.5345973898054667,52.7306706985113,1.437373495822929,0.01,0.0,0.02,0.5,0.9916781634092331,-0.019050553085409632,5.504809235377584,0.09916781634092331,nan,nan,nan,nan,nan,nan,nan,nan,269,73.80228000000251,-346.88661710037184,-230.69702602230473,nan
838,-339.70747189514117,-177.78790466919446,52.000014272463005,0.09348975121974945,-0.1604231703087062,-0.5601803676725633,53.39396265717628,1.4370670962771095,0.01,0.0,0.02,0.5,0.9348975121974945,-0.02752404617688792,5.511896601511705,0.09348975121974945,nan,nan,nan,nan,nan,nan,nan,nan,269,73.78076000000252,-346.88661710037184,-230.69702602230473,nan
839,-339.7741334666232,-177.22019921198606,52.54420106217978,0.09346265345811844,-0.1604231703087062,-0.5601803676725633,53.9477379427642,1.4402107139401472,0.01,0.0,0.02,0.5,0.9346265345811844,-0.027559483007558522,4.828932842158566,0.09346265345811844,nan,nan,nan,nan,nan,nan,nan,nan,269,73.75924000000253,-346.88661710037184,-230.69702602230473,nan
840,-340.03006362518306,-176.58518851091236,52.77022950502324,0.09343554079532623,-0.1604231703087062,-0.5601803676725633,54.54450737166349,1.4399300742290644,0.01,0.0,0.02,0.5,0.9343554079532623,-0.02414466421079283,4.857952591931289,0.09343554079532623,nan,nan,nan,nan,nan,nan,nan,nan,269,73.74848000000253,-346.88661710037184,-230.69702602230473,nan
841,-340.4371370137292,-176.00226752671142,52.633966865407835,0.09342198818922043,-0.1604231703087062,-0.5601803676725633,55.061944125335856,1.4531003972062366,0.01,0.0,0.02,0.5,0.9342198818922043,-0.024289762959656444,4.366365032019263,0.09342198818922043,nan,nan,nan,nan,nan,nan,nan,nan,271,74.32684000000253,-346.66974169741695,-230.71033210332098,nan
842,-340.8054362595446,-175.2689465814208,52.31281550034947,0.09449322521686554,-0.15715025012937725,-0.559082283939969,55.58338994827284,1.37621339576312,0.01,0.0,0.02,0.5,0.9449322521686554,-0.021831825160096314,5.991686310632855,0.09449322521686554,nan,nan,nan,nan,nan,nan,nan,nan,272,74.60512000000253,-346.5808823529412,-230.55147058823536,nan
843,-341.25296530570404,-174.81384133057384,51.89457892766498,0.0876171812415123,-0.10527775210278209,-0.5999630280062853,55.99169594972782,1.3839067207525768,0.01,0.0,0.02,0.5,0.876171812415123,-0.029958431553164275,4.427701259640878,0.0876171812415123,nan,nan,nan,nan,nan,nan,nan,nan,272,74.59424000000254,-346.5808823529412,-230.55147058823536,nan
844,-341.316202322873,-174.5840766349036,51.42247002617588,0.08760453015565872,-0.10527775210278209,-0.5999630280062853,56.21446470212481,1.41061742124461,0.01,0.0,0.02,0.5,0.8760453015565872,-0.022138506298204387,3.2958902170203492,0.08760453015565872,nan,nan,nan,nan,nan,nan,nan,nan,272,74.57248000000254,-346.5808823529412,-230.55147058823536,nan
845,-341.01106180794164,-174.11855924208342,51.094273466191375,0.08970968425273895,-0.1374356194090539,-0.6007951567723864,56.707110523338635,1.4047826870104414,0.01,0.0,0.02,0.5,0.8970968425273895,-0.016479451085101748,4.410957181041605,0.08970968425273895,nan,nan,nan,nan,nan,nan,nan,nan,272,74.55072000000254,-346.5808823529412,-230.55147058823536,nan
846,-340.35258835921536,-173.59147683495019,51.2302054590566,0.08968374878168106,-0.1374356194090539,-0.6007951567723864,57.29949855318603,1.3979964099678985,0.01,0.0,0.02,0.5,0.8968374878168106,-0.022054785905208023,5.7422726481439375,0.08968374878168106,nan,nan,nan,nan,nan,nan,nan,nan,272,74.53984000000256,-346.5808823529412,-230.55147058823536,nan
847,-339.74740693665643,-172.88326464908135,51.59392789929087,0.08967077732086182,-0.1374356194090539,-0.6007951567723864,58.071665745918175,1.343206992936944,0.01,0.0,0.02,0.5,0.8967077732086182,-0.028711363240719687,6.226284823255771,0.08967077732086182,nan,nan,nan,nan,nan,nan,nan,nan,272,74.51808000000256,-346.5808823529412,-230.55147058823536,nan
848,-339.2914762025834,-172.14089628074103,52.072839160674185,0.08443383872509003,-0.13458727219569247,-0.6290809862586493,58.863661396112555,1.343666078017806,0.01,0.0,0.02,0.5,0.8443383872509003,-0.031131424116278856,6.08559199836751,0.08443383872509003,nan,nan,nan,nan,nan,nan,nan,nan,272,74.49632000000256,-346.5808823529412,-230.55147058823536,nan
849,-339.2248573095002,-171.49073502465822,52.56573525499106,0.08440940827131271,-0.13458727219569247,-0.6290809862586493,59.51706973424109,1.2998041996185419,0.01,0.0,0.02,0.5,0.8440940827131271,-0.030427959991837554,4.86574966064223,0.08440940827131271,nan,nan,nan,nan,nan,nan,nan,nan,272,74.48544000000257,-346.5808823529412,-230.55147058823536,nan
850,-338.8990962111298,-170.83835414124385,52.809427388707086,0.07941330224275589,-0.18573432177920252,-0.6205169304748547,60.31010328167536,1.2973034579886145,0.01,0.0,0.02,0.5,0.7941330224275589,-0.02432874830321115,5.319930884576914,0.07941330224275589,nan,nan,nan,nan,nan,nan,nan,nan,273,74.76360000000257,-346.492673992674,-230.6684981684981,nan
851,-338.6973723744599,-170.13509063716398,52.65368453270192,0.07939030975103378,-0.18573432177920252,-0.6205169304748547,61.02300804637684,1.2317693822926679,0.01,0.0,0.02,0.5,0.7939030975103378,-0.02659965442288457,4.520696295372676,0.07939030975103378,nan,nan,nan,nan,nan,nan,nan,nan,274,75.04172000000258,-346.64233576642334,-230.63868613138675,nan
852,-338.5800184033553,-169.34925137720182,52.29974615465451,0.07243728637695312,-0.18629311307065524,-0.6635785243888827,61.817439074668236,1.2262112764184234,0.01,0.0,0.02,0.5,0.7243728637695312,-0.02260348147686338,5.611432002692256,0.07243728637695312,nan,nan,nan,nan,nan,nan,nan,nan,274,75.03076000000259,-346.64233576642334,-230.63868613138675,nan
853,-338.62253963073516,-168.64174806444805,51.847501001472466,0.07242684811353683,-0.18629311307065524,-0.6635785243888827,62.139738979832586,1.207883716857996,0.01,0.0,0.02,0.5,0.7242684811353683,-0.028057160013461282,4.924946539289497,0.07242684811353683,nan,nan,nan,nan,nan,nan,nan,nan,278,76.20852000000258,-346.15107913669067,-230.32374100719426,nan
854,-338.430964040899,-168.21969719964605,51.33982655075178,0.07025083899497986,-0.15429731558763818,-0.6756147078727723,62.68660312406995,1.2110998331057325,0.01,0.0,0.02,0.5,0.7025083899497986,-0.024624732696447486,4.241287498726535,0.07025083899497986,nan,nan,nan,nan,nan,nan,nan,nan,279,76.4862400000026,-345.9229390681004,-230.45698924731187,nan
855,-338.1000606551539,-167.71996287994196,50.81516022620434,0.0702306255698204,-0.15429731558763818,-0.6756147078727723,63.222874848300044,1.20724845993872,0.01,0.0,0.02,0.5,0.702306255698204,-0.021206437493632678,4.991344236621229,0.0702306255698204,nan,nan,nan,nan,nan,nan,nan,nan,279,76.4750800000026,-345.9229390681004,-230.45698924731187,nan
856,-337.5809612362236,-167.1440200369537,50.665911665118436,0.07022052258253098,-0.15429731558763818,-0.6756147078727723,63.86016492602636,1.2064157583010024,0.01,0.0,0.02,0.5,0.7022052258253098,-0.024956721183106146,5.1174726150070295,0.07022052258253098,nan,nan,nan,nan,nan,nan,nan,nan,279,76.4527600000026,-345.9229390681004,-230.45698924731187,nan
857,-337.1842894147047,-166.4190716597111,50.87561593040383,0.07020030915737152,-0.15429731558763818,-0.6756147078727723,64.63140789678916,1.1207037329596239,0.01,0.0,0.02,0.5,0.7020030915737152,-0.025587363075035147,5.415175916314968,0.07020030915737152,nan,nan,nan,nan,nan,nan,nan,nan,279,76.4304400000026,-345.9229390681004,-230.45698924731187,nan
858,-336.70346318882537,-165.82801127324262,51.27245378645047,0.06177796050906181,-0.1576335379391407,-0.7189499804100824,65.33702363458393,1.1213729043308547,0.01,0.0,0.02,0.5,0.6177796050906181,-0.02707587958157484,5.26367482535738,0.06177796050906181,nan,nan,nan,nan,nan,nan,nan,nan,280,76.7192400000026,-345.75,-230.53571428571433,nan
859,-336.30557130548016,-165.6601659756417,51.47444191165876,0.06176913529634476,-0.1576335379391407,-0.7189499804100824,65.55939293418174,1.1538176055145712,0.01,0.0,0.02,0.5,0.6176913529634476,-0.0263183741267869,2.3883496246248135,0.06176913529634476,nan,nan,nan,nan,nan,nan,nan,nan,280,76.69684000000261,-345.75,-230.53571428571433,nan
860,-335.8476884652245,-165.6414531347251,51.35012496378896,0.06357593834400177,-0.1969032258064516,-0.7179354838709677,65.7727026250254,1.1495171475995039,0.01,0.0,0.02,0.5,0.6357593834400177,-0.011941748123124069,3.212201583614879,0.06357593834400177,nan,nan,nan,nan,nan,nan,nan,nan,281,76.97440000000263,-345.6138790035586,-230.68505338078296,nan
861,-335.7546712103019,-165.49684215275755,50.9884801067476,0.06355781108140945,-0.1969032258064516,-0.7179354838709677,65.9295598454917,1.15241884326279,0.01,0.0,0.02,0.5,0.6355781108140945,-0.016061007918074396,2.613742638945896,0.06355781108140945,nan,nan,nan,nan,nan,nan,nan,nan,281,76.96316000000263,-345.6138790035586,-230.68505338078296,nan
862,-336.0736270944985,-165.26519211467496,50.50735917363374,0.0635487511754036,-0.1969032258064516,-0.7179354838709677,65.93390663546252,1.1565317510140878,0.01,0.0,0.02,0.5,0.635487511754036,-0.01306871319472948,4.09833767865216,0.0635487511754036,nan,nan,nan,nan,nan,nan,nan,nan,282,77.24064000000263,-345.67375886524826,-230.49645390070918,nan
863,-336.53618466974774,-165.4547910240948,50.07450427864306,0.0647023469209671,-0.2023460410557185,-0.713374984062221,65.83112395226567,1.1541785459549423,0.01,0.0,0.02,0.5,0.647023469209671,-0.0204916883932608,4.532119178152188,0.0647023469209671,nan,nan,nan,nan,nan,nan,nan,nan,283,77.51800000000264,-345.57420494699636,-230.66254416961124,nan
864,-337.09127466619094,-165.63930718586286,49.59255995105489,0.06468390673398972,-0.2023460410557185,-0.713374984062221,65.57424383089528,1.1333249024887035,0.01,0.0,0.02,0.5,0.6468390673398972,-0.02266059589076094,4.684394273377473,0.06468390673398972,nan,nan,nan,nan,nan,nan,nan,nan,283,77.50668000000263,-345.57420494699636,-230.66254416961124,nan
865,-337.75260875475675,-165.66416371799997,49.108604336408824,0.06467468291521072,-0.2023460410557185,-0.713374984062221,65.46326942399513,1.1862179889841564,0.01,0.0,0.0,0.5,0.6467468291521072,-0.023421971366887364,5.133399197187286,0.06467468291521072,nan,nan,nan,nan,nan,nan,nan,nan,286,78.38388000000265,-345.22727272727263,-230.6993006993007,nan
866,-338.4800776345246,-165.72982420458092,48.59120709356585,0.0701884925365448,-0.14633006077606364,-0.702664796633941,65.16175948415088,1.1983741408392259,0.01,0.0,0.0,0.5,0.701884925365448,-0.02566699598593643,5.151728991578673,0.0701884925365448,nan,nan,nan,nan,nan,nan,nan,nan,287,78.66092000000265,-345.32229965156785,-230.53135888501743,nan
867,-338.9463372424112,-166.10349430234837,48.07557567735993,0.07141328603029251,-0.16357812857469683,-0.6973232669869595,64.63627359388893,1.2324607170203152,0.01,0.0,0.0,0.5,0.7141328603029251,-0.025758644957893366,5.158883321706018,0.07141328603029251,nan,nan,nan,nan,nan,nan,nan,nan,288,78.94940000000265,-345.22569444444446,-230.43402777777771,nan
868,-339.44966929849244,-166.54253769817842,47.64620236606861,0.07482551038265228,-0.09655549480590485,-0.6859486057955166,64.15204572792831,1.23293940730241,0.01,0.0,0.0,0.5,0.7482551038265228,-0.025794416608530088,5.020492181485778,0.07482551038265228,nan,nan,nan,nan,nan,nan,nan,nan,288,78.92636000000266,-345.22569444444446,-230.43402777777771,nan
869,-339.51719394843883,-167.07498415927145,47.71855858827499,0.07480417937040329,-0.09655549480590485,-0.6859486057955166,63.72223513024146,1.237513186134661,0.01,0.0,0.0,0.5,0.7480417937040329,-0.025102460907428892,4.063059489376392,0.07480417937040329,nan,nan,nan,nan,nan,nan,nan,nan,289,79.20328000000266,-345.3719723183392,-230.5276816608996,nan
870,-339.41997141409547,-167.7309589901734,48.046339780426734,0.0747828483581543,-0.09655549480590485,-0.6859486057955166,63.07816336061327,1.2353049616001919,0.01,0.0,0.0,0.5,0.747828483581543,-0.020315297446881958,4.483389775298542,0.0747828483581543,nan,nan,nan,nan,nan,nan,nan,nan,289,79.19172000000266,-345.3719723183392,-230.5276816608996,nan
871,-339.04155299825067,-168.2894558985866,48.512114583830645,0.0747721940279007,-0.09655549480590485,-0.6859486057955166,62.61994891762716,1.2303211966412224,0.01,0.0,0.0,0.5,0.747721940279007,-0.022416948876492707,5.437513525149072,0.0747721940279007,nan,nan,nan,nan,nan,nan,nan,nan,290,79.46856000000267,-345.22413793103453,-230.6034482758621,nan
872,-338.8203231676214,-168.86367441215253,49.046850797818045,0.0747508704662323,-0.09655549480590485,-0.6859486057955166,62.07099580533651,1.3216479926827875,0.01,0.0,0.0,0.5,0.747508704662323,-0.02718756762574536,4.86071480267591,0.0747508704662323,nan,nan,nan,nan,nan,nan,nan,nan,290,79.44536000000268,-345.22413793103453,-230.6034482758621,nan
873,-338.4247578010208,-169.19290273796406,49.621942155687286,0.0835951566696167,-0.10768930903420716,-0.6442841828281843,61.78581288139433,1.3208278058830654,0.01,0.0,0.0,0.5,0.835951566696167,-0.024303574013379552,5.000671886131059,0.0835951566696167,nan,nan,nan,nan,nan,nan,nan,nan,290,79.43376000000269,-345.22413793103453,-230.6034482758621,nan
874,-338.17843672537714,-169.35088020978242,50.163574880113785,0.08358312398195267,-0.10768930903420716,-0.6442841828281843,61.65645951698107,1.3483770525923506,0.01,0.0,0.0,0.5,0.8358312398195267,-0.025003359430655295,3.442709675011316,0.08358312398195267,nan,nan,nan,nan,nan,nan,nan,nan,290,79.41056000000269,-345.22413793103453,-230.6034482758621,nan
875,-338.24149052085886,-169.48193714958342,50.542772069337566,0.0835590660572052,-0.10768930903420716,-0.6442841828281843,61.42559655418535,1.3641626218737193,0.01,0.0,0.02,0.5,0.835590660572052,-0.01721354837505658,2.5805892193113165,0.0835590660572052,nan,nan,nan,nan,nan,nan,nan,nan,291,79.68728000000269,-345.094501718213,-230.52405498281792,nan
876,-338.5748709865131,-169.62042934468323,50.53557377186161,0.08470655977725983,-0.0967741935483871,-0.6481463649494463,61.32103631427618,1.363314777666623,0.01,0.0,0.02,0.5,0.8470655977725983,-0.012902946096556582,2.7258155238042945,0.08470655977725983,nan,nan,nan,nan,nan,nan,nan,nan,292,79.9756000000027,-344.8801369863014,-230.6164383561644,nan
877,-338.91578797511266,-170.05568001544424,50.262054069401046,0.08469437807798386,-0.0967741935483871,-0.6481463649494463,60.853750171459225,1.3547895805847656,0.01,0.0,0.02,0.5,0.8469437807798386,-0.013629077619021473,4.382074498891611,0.08469437807798386,nan,nan,nan,nan,nan,nan,nan,nan,292,79.9522400000027,-344.8801369863014,-230.6164383561644,nan
878,-339.41167596391745,-170.50309232625847,49.86866424667467,0.08466999977827072,-0.0967741935483871,-0.6481463649494463,60.19584792681812,1.3433238463019832,0.01,0.0,0.02,0.5,0.8466999977827072,-0.021910372494458055,4.969904811868993,0.08466999977827072,nan,nan,nan,nan,nan,nan,nan,nan,294,80.5288000000027,-344.7789115646259,-230.4591836734694,nan
879,-339.5122338745262,-171.02167008666194,49.59837524009894,0.08581734448671341,-0.09811429118407203,-0.6460227816598066,59.67039395942778,1.3468674407365762,0.01,0.0,0.0,0.5,0.8581734448671341,-0.024849524059344964,4.236509602013399,0.08581734448671341,nan,nan,nan,nan,nan,nan,nan,nan,294,80.51704000000272,-344.7789115646259,-230.4591836734694,nan
880,-339.1602213295868,-171.31948836258252,49.77085717049423,0.0858049988746643,-0.09811429118407203,-0.6460227816598066,59.468328759874204,1.3647595868099132,0.01,0.0,0.0,0.5,0.8580499887466431,-0.021182548010066995,2.951834011308366,0.0858049988746643,nan,nan,nan,nan,nan,nan,nan,nan,296,81.09336000000272,-344.5777027027027,-230.54054054054052,nan
881,-338.64302929539843,-171.04268147091744,50.164217394395365,0.08695187419652939,-0.09487106289846797,-0.6481111428299553,59.793106478256284,1.3748277603563173,0.01,0.0,0.0,0.5,0.8695187419652939,-0.01475917005654183,4.88820292598999,0.08695187419652939,nan,nan,nan,nan,nan,nan,nan,nan,296,81.06968000000273,-344.5777027027027,-230.54054054054052,nan
882,-338.2874416022603,-170.48419617390277,50.66113396996019,0.08692687749862671,-0.09487106289846797,-0.6481111428299553,60.38486468806501,1.3734016987647302,0.01,0.0,0.02,0.5,0.8692687749862671,-0.02444101462994995,5.1484051353596145,0.08692687749862671,nan,nan,nan,nan,nan,nan,nan,nan,296,81.05784000000273,-344.5777027027027,-230.54054054054052,nan
883,-338.35369543510524,-170.11514292204768,51.04148900901372,0.08691437542438507,-0.09487106289846797,-0.6481111428299553,60.74509810527979,1.3832829572849348,0.01,0.0,0.02,0.5,0.8691437542438507,-0.025742025676798074,3.1221808971390375,0.08691437542438507,nan,nan,nan,nan,nan,nan,nan,nan,296,81.03416000000273,-344.5777027027027,-230.54054054054052,nan
884,-338.74625961961345,-169.9842077730146,51.184554419344224,0.08688937872648239,-0.09487106289846797,-0.6481111428299553,60.68671591016784,1.3949657958760435,0.01,0.0,0.02,0.5,0.8688937872648239,-0.015610904485695187,3.0790091750110276,0.08688937872648239,nan,nan,nan,nan,nan,nan,nan,nan,297,81.31044000000276,-344.5202020202021,-230.39562289562286,nan
885,-339.12949682267805,-170.30388735492568,51.0091494920421,0.08803608268499374,-0.08670520231213874,-0.644788364721238,60.33304552912692,1.3905000530385911,0.01,0.0,0.02,0.5,0.8803608268499374,-0.015395045875055137,3.9468615312588096,0.08803608268499374,nan,nan,nan,nan,nan,nan,nan,nan,297,81.29856000000274,-344.5202020202021,-230.39562289562286,nan
886,-339.65277467297255,-170.7046275257688,50.707040013731024,0.08802343904972076,-0.08670520231213874,-0.644788364721238,59.88912069169571,1.3864271348042632,0.01,0.0,0.02,0.5,0.8802343904972076,-0.01973430765629405,4.710828913781159,0.08802343904972076,nan,nan,nan,nan,nan,nan,nan,nan,297,81.27480000000276,-344.5202020202021,-230.39562289562286,nan
887,-340.0730683102193,-171.29497712777453,50.42257395301256,0.08799812942743301,-0.08670520231213874,-0.644788364721238,59.267725858270914,1.3832587985275016,0.01,0.0,0.02,0.5,0.8799812942743301,-0.023554144568905797,5.293856062932292,0.08799812942743301,nan,nan,nan,nan,nan,nan,nan,nan,297,81.25104000000276,-344.5202020202021,-230.39562289562286,nan
888,-340.1404800328963,-171.96660800914373,50.58923165960533,0.08797281235456467,-0.08670520231213874,-0.644788364721238,58.592932554110064,1.3892793158053716,0.01,0.0,0.02,0.5,0.8797281235456467,-0.02646928031466146,4.064432554257731,0.08797281235456467,nan,nan,nan,nan,nan,nan,nan,nan,297,81.23916000000276,-344.5202020202021,-230.39562289562286,nan
889,-339.7522150561957,-172.28909219226057,50.97694757760735,0.0879601538181305,-0.08670520231213874,-0.644788364721238,58.301823385462995,1.4534400555212137,0.01,0.0,0.02,0.5,0.8796015381813049,-0.020322162771288656,4.391321247441847,0.0879601538181305,nan,nan,nan,nan,nan,nan,nan,nan,297,81.21540000000276,-344.5202020202021,-230.39562289562286,nan
890,-339.4829179855419,-172.46536197804508,51.381129207648016,0.09453967213630676,-0.1027511646303947,-0.6011250769095544,57.98524754543873,1.4722643302255334,0.01,0.0,0.02,0.5,0.9453967213630676,-0.021956606237209235,2.76870492352126,0.09453967213630676,nan,nan,nan,nan,nan,nan,nan,nan,298,81.49160000000278,-344.4798657718121,-230.23489932885911,nan
891,-339.45215498567205,-172.87515427616066,51.351242504086905,0.09561078250408173,-0.09746420562359835,-0.5947904088321545,57.3012187725504,1.49199736319479,0.01,0.0,0.02,0.5,0.9561078250408173,-0.0138435246176063,3.2433086186713895,0.09561078250408173,nan,nan,nan,nan,nan,nan,nan,nan,300,82.07960000000277,-344.35,-229.9666666666667,nan
892,-339.66125123444886,-173.29137009900518,51.18302538138059,0.09782139211893082,-0.08879456706281837,-0.5920203735144312,56.73622147558185,1.503710817470989,0.01,0.0,0.02,0.5,0.9782139211893082,-0.016216543093356947,3.095713779361782,0.09782139211893082,nan,nan,nan,nan,nan,nan,nan,nan,301,82.35552000000278,-344.2441860465117,-229.84219269102994,nan
893,-339.91296645895335,-173.80828675061122,50.894761689515285,0.09891893714666367,-0.08047715053763445,-0.5905577956989246,56.20105050668841,1.5578941021204247,0.01,0.0,0.02,0.5,0.9891893714666367,-0.015478568896808912,4.385550303454112,0.09891893714666367,nan,nan,nan,nan,nan,nan,nan,nan,301,82.3314400000028,-344.2441860465117,-229.84219269102994,nan
894,-340.3549138840863,-174.26794071969454,50.833881854631045,0.10498218983411789,-0.08287120206201673,-0.5611965945481528,55.6795994741419,1.5585770588632877,0.01,0.0,0.02,0.5,1.049821898341179,-0.02192775151727056,4.218632111619832,0.10498218983411789,nan,nan,nan,nan,nan,nan,nan,nan,302,82.61936000000279,-344.38741721854296,-229.8013245033112,nan
895,-340.52877142248155,-174.81519520085087,51.12955079221288,0.10496702790260315,-0.08287120206201673,-0.5611965945481528,55.12135305892219,1.5569899811542927,0.01,0.0,0.02,0.5,1.0496702790260315,-0.02109316055809916,4.475441650611204,0.10496702790260315,nan,nan,nan,nan,nan,nan,nan,nan,302,82.59520000000279,-344.38741721854296,-229.8013245033112,nan
896,-340.3213466554513,-175.28128620206303,51.60394718990444,0.10493671894073486,-0.08287120206201673,-0.5611965945481528,54.67145055871125,1.5590708438631795,0.01,0.0,0.02,0.5,1.0493671894073486,-0.02237720825305602,3.9986631060262323,0.10493671894073486,nan,nan,nan,nan,nan,nan,nan,nan,302,82.5710400000028,-344.38741721854296,-229.8013245033112,nan
897,-340.0277527748503,-175.30054288739407,52.171199304735275,0.10490640997886658,-0.08287120206201673,-0.5611965945481528,54.67487421848805,1.559092735799137,0.01,0.0,0.02,0.5,1.0490640997886658,-0.019993315530131162,3.963957875572964,0.10490640997886658,nan,nan,nan,nan,nan,nan,nan,nan,302,82.55896000000281,-344.38741721854296,-229.8013245033112,nan
898,-339.9393348188647,-174.99344148087386,52.6963053890916,0.10489124804735184,-0.08287120206201673,-0.5611965945481528,55.03530678608036,1.558549046790568,0.01,0.0,0.02,0.5,1.0489124804735184,-0.01981978937786482,4.01206583262126,0.10489124804735184,nan,nan,nan,nan,nan,nan,nan,nan,303,82.8347600000028,-344.2491749174917,-229.85973597359725,nan
899,-340.13030284082157,-174.89746964289816,52.76054008564117,0.10486093908548355,-0.08287120206201673,-0.5611965945481528,55.11638438242001,1.5698149682556564,0.01,0.0,0.02,0.5,1.0486093908548355,-0.020060329163106298,1.6982516949380695,0.10486093908548355,nan,nan,nan,nan,nan,nan,nan,nan,303,82.81052000000282,-344.2491749174917,-229.85973597359725,nan
900,-340.5464213671136,-174.9011134721353,52.54783140932902,0.10483062267303467,-0.08287120206201673,-0.5611965945481528,55.08321496711169,1.5616870989118603,0.01,0.0,0.02,0.5,1.0483062267303467,-0.008491258474690348,3.293522562293464,0.10483062267303467,nan,nan,nan,nan,nan,nan,nan,nan,303,82.79840000000283,-344.2491749174917,-229.85973597359725,nan
901,-340.926340356284,-175.21162212949415,52.20390743903063,0.10481546819210052,-0.08287120206201673,-0.5611965945481528,54.74904178375371,1.5266086471611886,0.01,0.0,0.02,0.5,1.0481546819210052,-0.01646761281146732,4.172008742200777,0.10481546819210052,nan,nan,nan,nan,nan,nan,nan,nan,303,82.77416000000284,-344.2491749174917,-229.85973597359725,nan
902,-341.32271148384433,-175.60603808189347,52.31608353226559,0.10174686461687088,-0.04908125765618617,-0.5704369130257247,54.33256779458098,1.5291968226987094,0.01,0.0,0.02,0.5,1.0174686461687088,-0.020860043711003886,3.595484245658508,0.10174686461687088,nan,nan,nan,nan,nan,nan,nan,nan,303,82.74992000000283,-344.2491749174917,-229.85973597359725,nan
903,-341.24417204273425,-175.81023657482268,52.706597843020155,0.10171742737293243,-0.04908125765618617,-0.5704369130257247,54.13296987544128,1.583377349481106,0.01,0.0,0.02,0.5,1.0171742737293243,-0.01797742122829254,3.193171957111308,0.10171742737293243,nan,nan,nan,nan,nan,nan,nan,nan,303,82.73780000000285,-344.2491749174917,-229.85973597359725,nan
904,-340.6990930963707,-175.76293726083085,53.22273708355399,0.1069343164563179,-0.05855373796055646,-0.533404678183764,54.00701641004713,1.5845742643154372,0.01,0.0,0.02,0.5,1.069343164563179,-0.01596585978555654,4.951045269236764,0.1069343164563179,nan,nan,nan,nan,nan,nan,nan,nan,304,83.01348000000284,-344.2269736842105,-229.65460526315792,nan
905,-340.5242497416047,-175.4577619634681,53.68749756886918,0.10793295502662659,-0.056792367105861025,-0.5259730425564136,54.32318094742133,1.5913265213658112,0.01,0.0,0.02,0.5,1.0793295502662659,-0.024755226346183823,3.5379374565740846,0.10793295502662659,nan,nan,nan,nan,nan,nan,nan,nan,304,82.98916000000285,-344.2269736842105,-229.65460526315792,nan
906,-340.6244214385226,-174.88886981333079,54.00193421765082,0.10790162533521652,-0.056792367105861025,-0.5259730425564136,54.88409753328703,1.5249955346027388,0.01,0.0,0.02,0.5,1.0790162533521652,-0.017689687282870424,4.635655843429298,0.10790162533521652,nan,nan,nan,nan,nan,nan,nan,nan,304,82.97700000000286,-344.2269736842105,-229.65460526315792,nan
907,-340.9982362583304,-174.36919442472282,53.996581620118626,0.10181738436222076,-0.05841325196163905,-0.5482285804866449,55.379611744213555,1.4774808980769791,0.01,0.0,0.02,0.5,1.0181738436222076,-0.023178279217146488,3.943017924887384,0.10181738436222076,nan,nan,nan,nan,nan,nan,nan,nan,304,82.95268000000286,-344.2269736842105,-229.65460526315792,nan
908,-341.381313139941,-173.71420939369233,53.75195922518445,0.09671960026025772,-0.03683007366014731,-0.5885191770383541,55.9701667268391,1.4694681755226042,0.01,0.0,0.02,0.5,0.9671960026025772,-0.01971508962443692,5.489581753389302,0.09671960026025772,nan,nan,nan,nan,nan,nan,nan,nan,305,83.22832000000287,-344.172131147541,-229.61475409836066,nan
909,-341.8114763506817,-173.384263652985,53.380201780324114,0.09669160842895508,-0.03683007366014731,-0.5885191770383541,56.28002084929801,1.4777230215963695,0.01,0.0,0.02,0.5,0.9669160842895508,-0.027447908766946513,3.810622197449746,0.09669160842895508,nan,nan,nan,nan,nan,nan,nan,nan,305,83.21612000000287,-344.172131147541,-229.61475409836066,nan
910,-342.09523474059824,-173.3801846552772,52.951218144421304,0.09667760878801346,-0.03683007366014731,-0.5885191770383541,56.261170561330204,1.4815527660786334,0.01,0.0,0.02,0.5,0.9667760878801346,-0.01905311098724873,2.98869261862392,0.09667760878801346,nan,nan,nan,nan,nan,nan,nan,nan,307,83.79156000000287,-344.2263843648209,-229.60097719869714,nan
911,-341.8928456888819,-173.2752449845623,52.68620529312282,0.09664961695671082,-0.03683007366014731,-0.5885191770383541,56.37404998942802,1.481971797918179,0.01,0.0,0.02,0.5,0.9664961695671082,-0.0149434630931196,2.848881726483823,0.09664961695671082,nan,nan,nan,nan,nan,nan,nan,nan,307,83.76700000000288,-344.2263843648209,-229.60097719869714,nan
912,-341.25356989953286,-173.0110792813632,52.8636292463648,0.09662161767482758,-0.03683007366014731,-0.5885191770383541,56.66792895579739,1.4712976487526297,0.01,0.0,0.02,0.5,0.9662161767482758,-0.014244408632419115,4.955697376549275,0.09662161767482758,nan,nan,nan,nan,nan,nan,nan,nan,307,83.75472000000289,-344.2263843648209,-229.60097719869714,nan
913,-340.62693500347075,-172.4562355736798,53.256764170838366,0.09660761058330536,-0.03683007366014731,-0.5885191770383541,57.25799098025456,1.4667912004097101,0.01,0.0,0.02,0.5,0.9660761058330536,-0.024778486882746375,5.800958679044312,0.09660761058330536,nan,nan,nan,nan,nan,nan,nan,nan,307,83.7301600000029,-344.2263843648209,-229.60097719869714,nan
914,-340.13155306334863,-171.8363161453977,53.759074148683865,0.09657960385084152,-0.03683007366014731,-0.5885191770383541,57.92913026630084,1.4117675555513722,0.01,0.0,0.02,0.5,0.9657960385084152,-0.02900479339522156,5.729046567948225,0.09657960385084152,nan,nan,nan,nan,nan,nan,nan,nan,308,84.0055600000029,-344.1396103896103,-229.62662337662334,nan
915,-340.0207955547749,-171.24129120827524,54.27227519229438,0.09104127436876297,-0.08884188260179803,-0.5869910100475938,58.530433520109895,1.4166443020178638,0.01,0.0,0.02,0.5,0.9104127436876297,-0.028645232839741123,4.727304337943342,0.09104127436876297,nan,nan,nan,nan,nan,nan,nan,nan,308,83.9932400000029,-344.1396103896103,-229.62662337662334,nan
916,-339.7699281292187,-170.56707869523495,54.597362699449945,0.09102807939052582,-0.08884188260179803,-0.5869910100475938,59.22097551568779,1.36338513797814,0.01,0.0,0.02,0.5,0.9102807939052582,-0.02363652168971671,5.353325950514562,0.09102807939052582,nan,nan,nan,nan,nan,nan,nan,nan,308,83.96860000000291,-344.1396103896103,-229.62662337662334,nan
917,-339.7115543041754,-169.8440208951305,54.499691091353284,0.08601517975330353,-0.09171042760690173,-0.6102775693923481,59.94636969955687,1.367616152428109,0.01,0.0,0.02,0.5,0.8601517975330353,-0.02676662975257281,4.457222051914833,0.08601517975330353,nan,nan,nan,nan,nan,nan,nan,nan,308,83.94396000000292,-344.1396103896103,-229.62662337662334,nan
918,-339.64946965943125,-169.04266231355876,54.18586910615124,0.08599022775888443,-0.09171042760690173,-0.6102775693923481,60.750125118124146,1.298535290442344,0.01,0.0,0.02,0.5,0.8599022775888443,-0.022286110259574166,5.668204171968238,0.08599022775888443,nan,nan,nan,nan,nan,nan,nan,nan,308,83.93164000000291,-344.1396103896103,-229.62662337662334,nan
919,-339.82178296455726,-168.33292644240993,53.76283736021061,0.07968763262033463,-0.060360182070057375,-0.6538689887195726,61.44559314984064,1.3014328919660865,0.01,0.0,0.02,0.5,0.7968763262033463,-0.028341020859841193,5.042692923311014,0.07968763262033463,nan,nan,nan,nan,nan,nan,nan,nan,308,83.90700000000292,-344.1396103896103,-229.62662337662334,nan
920,-339.93664876783856,-167.8208651971397,53.27934995177318,0.07966464012861252,-0.060360182070057375,-0.6538689887195726,61.94849982473259,1.333798616745135,0.01,0.0,0.02,0.5,0.7966464012861252,-0.025213464616555072,4.288256005831401,0.07966464012861252,nan,nan,nan,nan,nan,nan,nan,nan,308,83.88236000000293,-344.1396103896103,-229.62662337662334,nan
921,-339.93694361750914,-167.3816543281839,52.76295699526859,0.08252399414777756,-0.11782061369000786,-0.6465381589299765,62.38668591805872,1.3867482053285647,0.01,0.0,0.02,0.5,0.8252399414777756,-0.021441280029157003,3.9300239275732087,0.08252399414777756,nan,nan,nan,nan,nan,nan,nan,nan,308,83.87004000000293,-344.1396103896103,-229.62662337662334,nan
922,-339.55135227640926,-166.87561179061353,52.576495430070956,0.08763983100652695,-0.061804581580177695,-0.6508648901355774,62.715266714301244,1.392965842520767,0.01,0.0,0.02,0.5,0.8763983100652695,-0.019650119637866045,4.832573645199623,0.08763983100652695,nan,nan,nan,nan,nan,nan,nan,nan,309,84.14532000000293,-344.1019417475728,-229.42556634304208,nan
923,-339.0616719493461,-166.14589338575954,52.78038443948545,0.08871287107467651,-0.058248847926267236,-0.6418433179723502,63.61946752419287,1.3363054319285959,0.01,0.0,0.02,0.5,0.8871287107467651,-0.024162868225998113,5.7266188449937285,0.08871287107467651,nan,nan,nan,nan,nan,nan,nan,nan,310,84.42052000000294,-344.11290322580635,-229.5645161290322,nan
924,-338.47077906107603,-165.45643077784175,53.178349902424806,0.08349385857582092,-0.1142109851787271,-0.6371209919597016,64.35588685183161,1.333677507847383,0.01,0.0,0.02,0.5,0.8349385857582092,-0.028633094224968642,6.228123384747039,0.08349385857582092,nan,nan,nan,nan,nan,nan,nan,nan,310,84.40812000000295,-344.11290322580635,-229.5645161290322,nan
925,-338.19496185902125,-164.96074282396458,53.671255300649,0.0834818109869957,-0.1142109851787271,-0.6371209919597016,64.86013815852955,1.306926211189597,0.01,0.0,0.02,0.5,0.834818109869957,-0.031140616923735195,4.145349726802315,0.0834818109869957,nan,nan,nan,nan,nan,nan,nan,nan,312,84.98320000000295,-344.1025641025641,-229.551282051282,nan
926,-338.0507112739023,-164.5996494830134,53.9061199527422,0.07976529002189636,-0.11698652511229075,-0.6594528378930176,65.2329632620131,1.3139082321576245,0.01,0.0,0.02,0.5,0.7976529002189636,-0.020726748634011576,2.7029307474301802,0.07976529002189636,nan,nan,nan,nan,nan,nan,nan,nan,312,84.95824000000296,-344.1025641025641,-229.551282051282,nan
927,-337.78159904318187,-164.10346345527927,53.8013439078716,0.07974228262901306,-0.11698652511229075,-0.6594528378930176,65.7523502109028,1.2171375394611161,0.01,0.0,0.02,0.5,0.7974228262901306,-0.0135146537371509,3.830970272449647,0.07974228262901306,nan,nan,nan,nan,nan,nan,nan,nan,312,84.94576000000296,-344.1025641025641,-229.551282051282,nan
928,-337.42407498467827,-163.50865473180923,53.47085319742449,0.07062923908233643,-0.12308396247998167,-0.6916037520018302,66.37944591631124,1.2114200206104493,0.01,0.0,0.02,0.5,0.7062923908233643,-0.019154851362248235,4.9340144097094765,0.07062923908233643,nan,nan,nan,nan,nan,nan,nan,nan,312,84.92080000000297,-344.1025641025641,-229.551282051282,nan
929,-337.1559716582313,-162.94774759686126,53.04981808533787,0.07060901075601578,-0.12308396247998167,-0.6916037520018302,67.10075899437568,1.2141754183824132,0.01,0.0,0.02,0.5,0.7060901075601578,-0.024670072048547383,4.342475222443136,0.07060901075601578,nan,nan,nan,nan,nan,nan,nan,nan,313,85.19580000000298,-344.09744408945687,-229.68849840255587,nan
930,-336.6921176340038,-162.66608070408486,52.754398980937275,0.07058878242969513,-0.12308396247998167,-0.6916037520018302,67.43028499168717,1.215586493382458,0.01,0.0,0.02,0.5,0.7058878242969513,-0.021712376112215683,4.040042326926365,0.07058878242969513,nan,nan,nan,nan,nan,nan,nan,nan,313,85.18328000000298,-344.09744408945687,-229.68849840255587,nan
931,-336.20336434531333,-162.2088494950221,52.49967004421519,0.0705786719918251,-0.12308396247998167,-0.6916037520018302,67.93982272342872,1.2124027277151035,0.01,0.0,0.02,0.5,0.705786719918251,-0.020200211634631825,4.636335827523755,0.0705786719918251,nan,nan,nan,nan,nan,nan,nan,nan,313,85.15824000000299,-344.09744408945687,-229.68849840255587,nan
932,-335.8553993760905,-161.55417773402195,52.62437347703825,0.07055844366550446,-0.12308396247998167,-0.6916037520018302,68.63102034808851,1.211282816403763,0.01,0.0,0.02,0.5,0.7055844366550446,-0.023181679137618778,4.819858456918302,0.07055844366550446,nan,nan,nan,nan,nan,nan,nan,nan,313,85.133200000003,-344.09744408945687,-229.68849840255587,nan
933,-335.96032388810653,-160.92698624662697,52.98072411115411,0.07053821533918381,-0.12308396247998167,-0.6916037520018302,69.24130471865172,1.2126243777954782,0.01,0.0,0.02,0.5,0.7053821533918381,-0.02409929228459151,4.531328283067469,0.07053821533918381,nan,nan,nan,nan,nan,nan,nan,nan,313,85.120680000003,-344.09744408945687,-229.68849840255587,nan
934,-335.9172798083113,-160.27006119009764,53.44679491821752,0.07052810490131378,-0.12308396247998167,-0.6916037520018302,69.65934897649419,1.2293147105153608,0.01,0.0,0.02,0.5,0.7052810490131378,-0.022656641415337346,5.271864529923468,0.07052810490131378,nan,nan,nan,nan,nan,nan,nan,nan,315,85.695520000003,-344.05555555555554,-229.45238095238096,nan
935,-335.8695232477129,-160.0161429794621,53.419182911358575,0.0725674033164978,-0.10941137346192213,-0.69271699368141,69.91710998587443,1.2124613298649465,0.01,0.0,0.02,0.5,0.725674033164978,-0.02635932264961734,0.5328519011562327,0.0725674033164978,nan,nan,nan,nan,nan,nan,nan,nan,315,85.67032000000302,-344.05555555555554,-229.45238095238096,nan
936,-335.62309634127683,-159.74158949146954,53.14107203674085,0.06851256638765335,-0.10352858972865958,-0.7090951438220566,70.21894911280825,1.0900674956782976,0.01,0.0,0.02,0.5,0.6851256638765335,-0.0026642595057811635,3.451903467489904,0.06851256638765335,nan,nan,nan,nan,nan,nan,nan,nan,315,85.657720000003,-344.05555555555554,-229.45238095238096,nan
937,-335.6150694983305,-159.4703784026806,52.72155539929883,0.05773269757628441,-0.13097886540600664,-0.746384872080089,70.48916573310026,1.092339130311216,0.01,0.0,0.02,0.5,0.5773269757628441,-0.017259517337449518,2.9649131955693124,0.05773269757628441,nan,nan,nan,nan,nan,nan,nan,nan,315,85.63252000000303,-344.05555555555554,-229.45238095238096,nan
938,-335.93510113470705,-159.41145410745025,52.23934346942961,0.05771637707948685,-0.13097886540600664,-0.746384872080089,70.6461409565169,1.1243750630147582,0.01,0.0,0.02,0.5,0.5771637707948685,-0.014824565977846562,3.8242004250024775,0.05771637707948685,nan,nan,nan,nan,nan,nan,nan,nan,316,85.90728000000303,-343.9240506329113,-229.60443037974687,nan
939,-335.82562601340675,-159.6151178072224,51.82194406003974,0.06134960055351257,-0.11934156378600823,-0.7299880525686977,70.60045384525972,1.1408472938151462,0.01,0.0,0.02,0.5,0.6134960055351257,-0.019121002125012387,3.6986709671953832,0.06134960055351257,nan,nan,nan,nan,nan,nan,nan,nan,317,86.19460000000302,-343.872239747634,-229.75552050473186,nan
940,-335.45531305465,-159.98052750671332,51.49797254157881,0.06293406337499619,-0.1600102406554019,-0.7275985663082438,70.41138662975554,1.140304396641748,0.01,0.0,0.02,0.5,0.6293406337499619,-0.018493354835976916,3.771630666157227,0.06293406337499619,nan,nan,nan,nan,nan,nan,nan,nan,318,86.46920000000303,-343.97798742138366,-229.87421383647802,nan
941,-334.89607123150176,-159.94288267495494,51.621764924760846,0.06291624903678894,-0.1600102406554019,-0.7275985663082438,70.4539346986367,1.138360706505924,0.01,0.0,0.02,0.5,0.6291624903678894,-0.018858153330786137,4.124725115746353,0.06291624903678894,nan,nan,nan,nan,nan,nan,nan,nan,319,86.74372000000304,-343.89498432601886,-229.81974921630103,nan
942,-334.236297911142,-160.08966489841464,51.68030052951454,0.0628984346985817,-0.1600102406554019,-0.7275985663082438,70.39584421143391,1.136899628043483,0.01,0.0,0.02,0.5,0.628984346985817,-0.020623625578731763,4.399130940375656,0.0628984346985817,nan,nan,nan,nan,nan,nan,nan,nan,319,86.73096000000305,-343.89498432601886,-229.81974921630103,nan
943,-333.46532593025864,-160.34955305048356,51.76481338618955,0.06288953125476837,-0.1600102406554019,-0.7275985663082438,70.24874325971541,1.094617513373459,0.01,0.0,0.02,0.5,0.6288953125476837,-0.02199565470187828,5.354261645681721,0.06288953125476837,nan,nan,nan,nan,nan,nan,nan,nan,319,86.70544000000305,-343.89498432601886,-229.81974921630103,nan
944,-333.14279935618356,-160.75341992510425,51.62561193402337,0.05913887917995453,-0.21001769429699196,-0.7261467265550565,69.89826409422182,1.1057002513577667,0.01,0.0,0.02,0.5,0.5913887917995453,-0.026771308228408605,3.104216238456439,0.05913887917995453,nan,nan,nan,nan,nan,nan,nan,nan,319,86.67992000000305,-343.89498432601886,-229.81974921630103,nan
945,-332.76854187961726,-160.77669091871985,51.645663188839364,0.059122126549482346,-0.21001769429699196,-0.7261467265550565,69.93383745080976,1.1059075867480401,0.01,0.0,0.02,0.5,0.5912212654948235,-0.015521081192282196,3.0459644924330105,0.059122126549482346,nan,nan,nan,nan,nan,nan,nan,nan,319,86.66716000000305,-343.89498432601886,-229.81974921630103,nan
946,-332.60217663064674,-160.621804095306,51.42012660011901,0.059113748371601105,-0.21001769429699196,-0.7261467265550565,70.11335903102129,1.1122040247922504,0.01,0.0,0.02,0.5,0.591137483716011,-0.015229822462165053,1.7531790732271484,0.059113748371601105,nan,nan,nan,nan,nan,nan,nan,nan,319,86.64164000000306,-343.89498432601886,-229.81974921630103,nan
947,-332.6922182099236,-160.8577882654477,51.269186107350414,0.05909699201583862,-0.21001769429699196,-0.7261467265550565,69.86597188072997,1.1066176863521815,0.01,0.0,0.02,0.5,0.5909699201583862,-0.008765895366135742,2.8369489508771837,0.05909699201583862,nan,nan,nan,nan,nan,nan,nan,nan,319,86.61612000000306,-343.89498432601886,-229.81974921630103,nan
948,-332.9988887682711,-161.26226998531828,51.44788798218362,0.05908023938536644,-0.21001769429699196,-0.7261467265550565,69.41795774084831,1.1030052475302943,0.01,0.0,0.02,0.5,0.5908023938536644,-0.01418474475438592,3.5426520472858583,0.05908023938536644,nan,nan,nan,nan,nan,nan,nan,nan,319,86.60336000000308,-343.89498432601886,-229.81974921630103,nan
949,-333.27086737646505,-161.8460017247773,51.62411728454602,0.0590718537569046,-0.21001769429699196,-0.7261467265550565,68.79899860462524,1.2017780075485986,0.01,0.0,0.02,0.5,0.590718537569046,-0.01771326023642929,4.624596396774419,0.0590718537569046,nan,nan,nan,nan,nan,nan,nan,nan,319,86.57784000000308,-343.89498432601886,-229.81974921630103,nan
950,-333.71348327878667,-162.35467056741967,51.98136254915676,0.06949010491371155,-0.18983522859132052,-0.6904154096077976,68.2290246205714,1.2004927086130464,0.01,0.0,0.02,0.5,0.6949010491371155,-0.023122981983872096,4.841792597459082,0.06949010491371155,nan,nan,nan,nan,nan,nan,nan,nan,319,86.55232000000308,-343.89498432601886,-229.81974921630103,nan
951,-334.1010893889568,-162.9939332369197,52.33604742183138,0.06947016716003418,-0.18983522859132052,-0.6904154096077976,67.53969247300692,1.196793358277064,0.01,0.0,0.02,0.5,0.6947016716003418,-0.024208962987295413,5.561730871442685,0.06947016716003418,nan,nan,nan,nan,nan,nan,nan,nan,319,86.53956000000309,-343.89498432601886,-229.81974921630103,nan
952,-334.60080766773785,-163.5560279698497,52.81199136551089,0.0694601982831955,-0.18983522859132052,-0.6904154096077976,66.91234918296279,1.196587714915424,0.01,0.0,0.02,0.5,0.694601982831955,-0.027808654357213424,5.5629721154869705,0.0694601982831955,nan,nan,nan,nan,nan,nan,nan,nan,319,86.5140400000031,-343.89498432601886,-229.81974921630103,nan
953,-334.9588968861982,-164.21170994544218,53.329025634203404,0.06944026052951813,-0.18983522859132052,-0.6904154096077976,66.21380879921256,1.194381696160091,0.01,0.0,0.02,0.5,0.6944026052951813,-0.027814860577434854,5.964312280127806,0.06944026052951813,nan,nan,nan,nan,nan,nan,nan,nan,319,86.4885200000031,-343.89498432601886,-229.81974921630103,nan
954,-335.4252101960707,-164.76653342195073,53.888789072703126,0.06942032277584076,-0.18983522859132052,-0.6904154096077976,65.56499620195684,1.3127417329813222,0.01,0.0,0.02,0.5,0.6942032277584076,-0.02982156140063903,5.705247802234096,0.06942032277584076,nan,nan,nan,nan,nan,nan,nan,nan,320,86.7757200000031,-343.78125,-229.796875,nan
955,-335.75364969490016,-165.40267074077437,54.36836509021819,0.08112679421901703,-0.10879583249849734,-0.6589861751152074,64.89264911249433,1.2678763093209817,0.01,0.0,0.02,0.5,0.8112679421901703,-0.02852623901117048,5.684969153870063,0.08112679421901703,nan,nan,nan,nan,nan,nan,nan,nan,320,86.75012000000311,-343.78125,-229.796875,nan
956,-336.20936752762026,-165.94486461283384,54.83156661308416,0.0766301229596138,-0.14830192696689024,-0.6631534121154051,64.29939840043845,1.3141600859524742,0.01,0.0,0.02,0.5,0.766301229596138,-0.028424845769350317,5.327473394832305,0.0766301229596138,nan,nan,nan,nan,nan,nan,nan,nan,320,86.72452000000312,-343.78125,-229.796875,nan
957,-336.595642487212,-166.60538141209292,54.8215863594965,0.08107975125312805,-0.10879583249849734,-0.6589861751152074,63.598724965193576,1.362791475695943,0.01,0.0,0.02,0.5,0.8107975125312805,-0.026637366974161525,5.257290950899297,0.08107975125312805,nan,nan,nan,nan,nan,nan,nan,nan,320,86.71172000000311,-343.78125,-229.796875,nan
958,-337.10858717840614,-167.17481383374258,54.77114748548423,0.08590778708457947,-0.1021816147678538,-0.6334141338802909,62.976558923469035,1.364362128244357,0.01,0.0,0.02,0.5,0.8590778708457947,-0.026286454754496487,4.893307116326346,0.08590778708457947,nan,nan,nan,nan,nan,nan,nan,nan,320,86.68612000000313,-343.78125,-229.796875,nan
959,-337.47537370383253,-167.83912310290216,54.809723888188834,0.08588286489248276,-0.1021816147678538,-0.6334141338802909,62.12925567622201,1.3729820904504462,0.01,0.0,0.02,0.5,0.8588286489248276,-0.02446653558163173,5.178849510923964,0.08588286489248276,nan,nan,nan,nan,nan,nan,nan,nan,321,86.96044000000313,-343.7616822429907,-229.64953271028037,nan
960,-337.47705297837274,-168.50551408622613,55.141127543532086,0.08688763529062271,-0.10159436410826847,-0.6318131256952169,61.466149859027155,1.3774406010653055,0.01,0.0,0.02,0.5,0.8688763529062271,-0.02589424755461982,4.261946544141051,0.08688763529062271,nan,nan,nan,nan,nan,nan,nan,nan,321,86.94760000000313,-343.7616822429907,-229.64953271028037,nan
961,-337.10102451158076,-168.64823467824382,55.625501113339155,0.08687502890825272,-0.10159436410826847,-0.6318131256952169,61.36385518371818,1.4419476351678233,0.01,0.0,0.02,0.5,0.8687502890825272,-0.021309732720705257,4.302281666996849,0.08687502890825272,nan,nan,nan,nan,nan,nan,nan,nan,321,86.92192000000314,-343.7616822429907,-229.64953271028037,nan
962,-336.82055650246815,-168.3663531075368,56.17387580382083,0.09334590286016464,-0.11199515696618526,-0.5935310905474358,61.63865621591527,1.3902389320819877,0.01,0.0,0.02,0.5,0.9334590286016464,-0.021511408334984244,4.25750762046771,0.09334590286016464,nan,nan,nan,nan,nan,nan,nan,nan,322,87.19616000000315,-343.63354037267084,-229.62732919254665,nan
963,-336.9721710879984,-168.0240126183414,56.45167415286731,0.08815264701843262,-0.16695604496024855,-0.5895092753358312,61.96242775818689,1.396152218876428,0.01,0.0,0.02,0.5,0.8815264701843262,-0.02128753810233855,3.04912489689461,0.08815264701843262,nan,nan,nan,nan,nan,nan,nan,nan,322,87.18328000000315,-343.63354037267084,-229.62732919254665,nan
964,-337.34456653506413,-167.70421169173412,56.33943502626083,0.08813978731632233,-0.16695604496024855,-0.5895092753358312,62.08388539512695,1.390975200004387,0.01,0.0,0.02,0.5,0.8813978731632233,-0.015245624484473051,3.4382951126480163,0.08813978731632233,nan,nan,nan,nan,nan,nan,nan,nan,323,87.45748000000316,-343.6609907120743,-229.46594427244577,nan
965,-337.709005848775,-167.84800707039568,56.01977905475648,0.08781667053699493,-0.10375884569432958,-0.6283429831816928,61.90473575461519,1.3896022180126186,0.01,0.0,0.02,0.5,0.8781667053699493,-0.01719147556324008,3.6619653025055707,0.08781667053699493,nan,nan,nan,nan,nan,nan,nan,nan,323,87.43164000000316,-343.6609907120743,-229.46594427244577,nan
966,-338.22226129265584,-168.1592319965487,55.68159640462669,0.08779120445251465,-0.10375884569432958,-0.6283429831816928,61.54748368355344,1.3850526301347441,0.01,0.0,0.02,0.5,0.8779120445251465,-0.018309826512527855,4.546395931974522,0.08779120445251465,nan,nan,nan,nan,nan,nan,nan,nan,323,87.41872000000316,-343.6609907120743,-229.46594427244577,nan
967,-338.1877722026458,-168.56689680952175,55.82542473857695,0.08777846395969391,-0.10375884569432958,-0.6283429831816928,61.14450181940665,1.4257817794524212,0.01,0.0,0.02,0.5,0.8777846395969391,-0.02273197965987261,3.7201356561466308,0.08777846395969391,nan,nan,nan,nan,nan,nan,nan,nan,323,87.39288000000317,-343.6609907120743,-229.46594427244577,nan
968,-337.7125814952212,-168.84655480956695,56.20824308087686,0.09143824130296707,-0.08730229648824947,-0.5955678670360111,60.91054055796358,1.4512068728523817,0.01,0.0,0.02,0.5,0.9143824130296707,-0.018600678280733154,4.078546923053925,0.09143824130296707,nan,nan,nan,nan,nan,nan,nan,nan,323,87.36704000000319,-343.6609907120743,-229.46594427244577,nan
969,-337.21671036790724,-168.63306373877043,56.70949051458761,0.09415995329618454,-0.11638709677419357,-0.5891612903225806,61.17326297639054,1.3954384227636012,0.01,0.0,0.02,0.5,0.9415995329618454,-0.020392734615269626,4.758961756178683,0.09415995329618454,nan,nan,nan,nan,nan,nan,nan,nan,323,87.35412000000318,-343.6609907120743,-229.46594427244577,nan
970,-336.9915199464266,-168.10614079513385,57.24190806541641,0.08892332017421722,-0.1681962744207179,-0.5870967741935483,61.606234738483955,1.403038088721136,0.01,0.0,0.02,0.5,0.8892332017421722,-0.023794808780893413,4.981272331456415,0.08892332017421722,nan,nan,nan,nan,nan,nan,nan,nan,324,87.62824000000319,-343.503086419753,-229.36728395061732,nan
971,-337.2021803121365,-167.62181798073834,57.635618779064416,0.08979444950819016,-0.1525089605734767,-0.5876344086021505,62.20410634420563,1.3344165583188035,0.01,0.0,0.02,0.5,0.8979444950819016,-0.024906361657282074,4.106565083370644,0.08979444950819016,nan,nan,nan,nan,nan,nan,nan,nan,325,87.90228000000319,-343.5615384615385,-229.5,nan
972,-337.51744545567226,-166.93514266864855,57.63067261256277,0.08249493688344955,-0.10937201756060314,-0.6180568810841763,62.85612486588656,1.3279484445839775,0.01,0.0,0.02,0.5,0.8249493688344955,-0.020532825416853223,5.376083711988685,0.08249493688344955,nan,nan,nan,nan,nan,nan,nan,nan,325,87.8892800000032,-343.5615384615385,-229.5,nan
973,-337.99245863871766,-166.3902664469843,57.362215790427925,0.08248288929462433,-0.10937201756060314,-0.6180568810841763,63.27944074488033,1.2797580632300063,0.01,0.0,0.02,0.5,0.8248288929462433,-0.026880418559943428,4.586589639765338,0.08248288929462433,nan,nan,nan,nan,nan,nan,nan,nan,326,88.1632400000032,-343.4662576687117,-229.4325153374233,nan
974,-338.5528835321889,-166.15863521144223,56.96354267095987,0.07726910710334778,-0.10138248847926265,-0.6621281943862589,63.464361271523664,1.3138472208800107,0.01,0.0,0.02,0.5,0.7726910710334778,-0.02293294819882669,4.523061088280106,0.07726910710334778,nan,nan,nan,nan,nan,nan,nan,nan,326,88.1371600000032,-343.4662576687117,-229.4325153374233,nan
975,-338.73742672637917,-166.33187094202825,56.48908033365606,0.08064624667167664,-0.0568356374807988,-0.6618535586277522,63.27758817460778,1.3181851350224072,0.01,0.0,0.02,0.5,0.8064624667167664,-0.02261530544140053,3.6320178716172,0.08064624667167664,nan,nan,nan,nan,nan,nan,nan,nan,326,88.12412000000322,-343.4662576687117,-229.4325153374233,nan
976,-338.51643470280044,-166.64682293778438,55.98976292405088,0.08063452690839767,-0.0568356374807988,-0.6618535586277522,62.93793163854863,1.316675337860025,0.01,0.0,0.02,0.5,0.8063452690839767,-0.018160089358086,3.8871280533001737,0.08063452690839767,nan,nan,nan,nan,nan,nan,nan,nan,327,88.39796000000322,-343.38685015290525,-229.39602446483173,nan
977,-338.06354023438246,-166.48263292731718,55.69923779037894,0.08061109483242035,-0.0568356374807988,-0.6618535586277522,63.13820129874821,1.345495354791301,0.01,0.0,0.02,0.5,0.8061109483242035,-0.01943564026650087,4.107454844352149,0.08061109483242035,nan,nan,nan,nan,nan,nan,nan,nan,327,88.37180000000322,-343.38685015290525,-229.39602446483173,nan
978,-337.40012573576394,-166.06399020785426,55.846200306630166,0.08360325545072556,-0.10959850054256678,-0.6553220874025846,63.61436498444171,1.3396283010160082,0.01,0.0,0.02,0.5,0.8360325545072556,-0.020537274221760743,5.256546904342297,0.08360325545072556,nan,nan,nan,nan,nan,nan,nan,nan,327,88.35872000000322,-343.38685015290525,-229.39602446483173,nan
979,-336.90133663924314,-165.75964481086152,56.22694150904211,0.08359110355377197,-0.10959850054256678,-0.6553220874025846,63.96601207672812,1.309439194009647,0.01,0.0,0.02,0.5,0.8359110355377197,-0.026282734521711485,3.831747570446081,0.08359110355377197,nan,nan,nan,nan,nan,nan,nan,nan,327,88.33256000000324,-343.38685015290525,-229.39602446483173,nan
980,-336.5152737885565,-165.56057984880454,56.725673724843844,0.07985979318618774,-0.1307842935174688,-0.6619602184891271,64.20422533647572,1.308823454906618,0.01,0.0,0.02,0.5,0.7985979318618774,-0.019158737852230406,3.908475293700825,0.07985979318618774,nan,nan,nan,nan,nan,nan,nan,nan,327,88.30640000000324,-343.38685015290525,-229.39602446483173,nan
981,-336.19377051838273,-165.37506244609656,57.040340653414304,0.07983657717704773,-0.1307842935174688,-0.6619602184891271,64.42378421385159,1.31385041116174,0.01,0.0,0.02,0.5,0.7983657717704773,-0.019542376468504125,2.8798859149298495,0.07983657717704773,nan,nan,nan,nan,nan,nan,nan,nan,327,88.29332000000325,-343.38685015290525,-229.39602446483173,nan
982,-335.6443301146872,-165.0369118635097,57.10786230102709,0.07982498407363892,-0.1307842935174688,-0.6619602184891271,64.82685485690081,1.3145417270129915,0.01,0.0,0.02,0.5,0.7982498407363892,-0.014399429574649248,4.58550435173517,0.07982498407363892,nan,nan,nan,nan,nan,nan,nan,nan,329,88.86704000000326,-343.2598784194529,-229.41489361702122,nan
983,-335.4479414723794,-164.49521373600112,56.86719711765754,0.08074692636728287,-0.12699060841159662,-0.6592486729277256,65.38800497583007,1.317623196137952,0.01,0.0,0.02,0.5,0.8074692636728287,-0.02292752175867585,3.9222897503759038,0.08074692636728287,nan,nan,nan,nan,nan,nan,nan,nan,329,88.84072000000326,-343.2598784194529,-229.41489361702122,nan
984,-335.50366315300926,-163.76427711664303,56.476617758671466,0.08072346448898315,-0.12699060841159662,-0.6592486729277256,66.10720325455573,1.3096121729641046,0.01,0.0,0.02,0.5,0.8072346448898315,-0.01961144875187952,5.501033996961804,0.08072346448898315,nan,nan,nan,nan,nan,nan,nan,nan,329,88.82756000000326,-343.2598784194529,-229.41489361702122,nan
985,-335.7639368509855,-163.44313770931058,56.00692282299944,0.0807117372751236,-0.12699060841159662,-0.6592486729277256,66.31234736488857,1.3278029672254286,0.01,0.0,0.02,0.5,0.807117372751236,-0.027505169984809022,3.6101733853586286,0.0807117372751236,nan,nan,nan,nan,nan,nan,nan,nan,331,89.40116000000327,-343.0135951661632,-229.3580060422961,nan
986,-336.14197847714456,-163.13589831879693,55.49867813755812,0.08158537745475769,-0.1221343071616961,-0.6589571921282207,66.41440505820688,1.2420615909597321,0.01,0.0,0.02,0.5,0.8158537745475769,-0.018050866926793144,4.670010604440281,0.08158537745475769,nan,nan,nan,nan,nan,nan,nan,nan,332,89.67464000000328,-342.9367469879519,-229.20180722891575,nan
987,-336.59824694342035,-162.79960538786665,54.97931627604724,0.07354115694761276,-0.11769239238137175,-0.6879885500385334,66.70404029857525,1.275441868768478,0.01,0.0,0.02,0.5,0.7354115694761276,-0.023350053022201406,4.6439022091339845,0.07354115694761276,nan,nan,nan,nan,nan,nan,nan,nan,332,89.66136000000327,-342.9367469879519,-229.20180722891575,nan
988,-336.5672245300524,-162.31043835272698,54.599892722177906,0.07686613500118256,-0.08588186007540848,-0.6793045664013406,67.17892041859999,1.275864991721354,0.01,0.0,0.02,0.5,0.7686613500118256,-0.023219511045669924,4.514931762845905,0.07686613500118256,nan,nan,nan,nan,nan,nan,nan,nan,334,90.23464000000328,-342.7245508982036,-229.20658682634735,nan
989,-336.21271270862496,-161.76336695709062,54.38478055447613,0.07684396207332611,-0.08588186007540848,-0.6793045664013406,67.80904637184287,1.2771547531626102,0.01,0.0,0.02,0.5,0.7684396207332611,-0.02257465881422953,4.212633618881793,0.07684396207332611,nan,nan,nan,nan,nan,nan,nan,nan,335,90.5078800000033,-342.54477611940297,-229.27611940298505,nan
990,-335.56368759453744,-161.27566071314817,54.55822079998787,0.07682178914546967,-0.08588186007540848,-0.6793045664013406,68.35786698705732,1.237273194027921,0.01,0.0,0.02,0.5,0.7682178914546967,-0.021063168094408967,5.5005652044256,0.07682178914546967,nan,nan,nan,nan,nan,nan,nan,nan,335,90.49448000000329,-342.54477611940297,-229.27611940298505,nan
991,-334.83540154095743,-161.03021160984065,54.825886387489504,0.0734775960445404,-0.11769239238137175,-0.6879885500385334,68.6799707840732,1.1987025271215002,0.01,0.0,0.02,0.5,0.734775960445404,-0.027502826022128002,4.908171447953387,0.0734775960445404,nan,nan,nan,nan,nan,nan,nan,nan,335,90.4676800000033,-342.54477611940297,-229.27611940298505,nan
992,-334.0612400582936,-160.9485307239286,55.10770211516578,0.06932433694601059,-0.11072981011210252,-0.7018988789750629,68.8522313276372,1.1974400886435241,0.01,0.0,0.02,0.5,0.6932433694601059,-0.024540857239766935,5.120676347833255,0.06932433694601059,nan,nan,nan,nan,nan,nan,nan,nan,335,90.44088000000332,-342.54477611940297,-229.27611940298505,nan
993,-333.32676586575354,-160.5420523573863,55.29624180745289,0.06930433958768845,-0.11072981011210252,-0.7018988789750629,69.34943176166081,1.209213980773177,0.01,0.0,0.02,0.5,0.6930433958768845,-0.025603381739166275,5.651692561490082,0.06930433958768845,nan,nan,nan,nan,nan,nan,nan,nan,335,90.42748000000331,-342.54477611940297,-229.27611940298505,nan
994,-332.4900125931009,-160.02924220687103,55.13392923713794,0.0707472413778305,-0.14690345060132629,-0.6978756884343037,70.0033943552572,1.2054765010612079,0.01,0.0,0.02,0.5,0.707472413778305,-0.02825846280745041,6.358418926857568,0.0707472413778305,nan,nan,nan,nan,nan,nan,nan,nan,336,90.70064000000332,-342.3809523809524,-229.3303571428571,nan
995,-331.9764908402418,-159.36148169720911,54.836962674981244,0.07072685658931732,-0.14690345060132629,-0.6978756884343037,70.71770098667571,1.2097823899003524,0.01,0.0,0.02,0.5,0.7072685658931732,-0.03179209463428784,5.456471582002291,0.07072685658931732,nan,nan,nan,nan,nan,nan,nan,nan,337,90.97372000000331,-342.27744807121667,-229.32492581602378,nan
996,-331.7550692694928,-158.5802046049967,54.415667866317705,0.07070647180080414,-0.14690345060132629,-0.6978756884343037,71.52297557339817,1.1132785112200223,0.01,0.0,0.02,0.5,0.7070647180080414,-0.02728235791001146,5.716400493422322,0.07070647180080414,nan,nan,nan,nan,nan,nan,nan,nan,337,90.96024000000332,-342.27744807121667,-229.32492581602378,nan
997,-331.9584929963444,-157.89895311293446,53.93552837411106,0.0611860491335392,-0.1659919028340081,-0.7369727047146403,72.16751631045433,1.1152606806235819,0.01,0.0,0.02,0.5,0.611860491335392,-0.02858200246711161,5.285085974587851,0.0611860491335392,nan,nan,nan,nan,nan,nan,nan,nan,337,90.93328000000332,-342.27744807121667,-229.32492581602378,nan
998,-332.2586176797642,-157.0919165616299,53.42259822640518,0.0611686110496521,-0.1659919028340081,-0.7369727047146403,72.92451294563472,1.1083956634402097,0.01,0.0,0.02,0.5,0.611686110496521,-0.026425429872939256,6.623208773139722,0.0611686110496521,nan,nan,nan,nan,nan,nan,nan,nan,337,90.90632000000333,-342.27744807121667,-229.32492581602378,nan
999,-332.75984505020375,-156.39731519157428,52.89312190027035,0.0611511766910553,-0.1659919028340081,-0.7369727047146403,73.54604787924987,1.1106913703312538,0.01,0.0,0.02,0.5,0.611511766910553,-0.03311604386569861,6.146662838656465,0.0611511766910553,nan,nan,nan,nan,nan,nan,nan,nan,337,90.89284000000335,-342.27744807121667,-229.32492581602378,nan
1000,-333.35642912503215,-155.6571647628184,52.334186577758416,0.061142463237047195,-0.1659919028340081,-0.7369727047146403,74.19005345021385,0.9850230566561249,0.01,0.0,0.02,0.5,0.611424632370472,-0.030733314193282325,7.005809468030407,0.061142463237047195,nan,nan,nan,nan,nan,nan,nan,nan,338,91.16580000000336,-342.18934911242604,-229.31952662721892,nan
1001,-334.0226175251929,-155.41145393651163,51.80986782843353,0.049005210399627686,-0.22781213438074546,-0.7636637138559251,74.25023405620163,1.0232410116598225,0.01,0.0,0.02,0.5,0.49005210399627686,-0.03502904734015203,5.517733184392893,0.049005210399627686,nan,nan,nan,nan,nan,nan,nan,nan,339,91.43872000000336,-342.0575221238938,-229.2256637168141,nan
1002,-334.3492739018276,-155.44207734593175,51.6173789053114,0.05208297073841095,-0.17773561037318159,-0.7681846932321316,74.05559847167245,1.0544792576119413,0.01,0.0,0.02,0.5,0.5208297073841095,-0.027588665921964465,1.5988374653436643,0.05208297073841095,nan,nan,nan,nan,nan,nan,nan,nan,340,91.72512000000336,-341.9852941176471,-229.1029411764705,nan
1003,-334.26660412495085,-155.45195417538156,51.7213534490599,0.05324734374880791,-0.16783543712014956,-0.7693626305127006,74.05434532448396,1.055415757062518,0.01,0.0,0.02,0.5,0.5324734374880791,-0.007994187326718322,1.3815445179773698,0.05324734374880791,nan,nan,nan,nan,nan,nan,nan,nan,340,91.69792000000336,-341.9852941176471,-229.1029411764705,nan
1004,-333.8527849698839,-155.57100185350382,52.07715789610428,0.0532323457300663,-0.16783543712014956,-0.7693626305127006,73.98029336002193,1.0112299629327004,0.01,0.0,0.02,0.5,0.532323457300663,-0.006907722589886849,3.863513066841259,0.0532323457300663,nan,nan,nan,nan,nan,nan,nan,nan,340,91.67072000000337,-341.9852941176471,-229.1029411764705,nan
1005,-333.1909720229939,-155.73084884655137,52.54858518872432,0.05005475506186485,-0.21527320605661618,-0.7659644502962476,73.78636714321371,1.1343746860469712,0.01,0.0,0.02,0.5,0.5005475506186485,-0.019317565334206296,5.351964798662379,0.05005475506186485,nan,nan,nan,nan,nan,nan,nan,nan,341,91.95708000000337,-341.825513196481,-229.01026392961876,nan
1006,-332.58469251565003,-156.1954200496262,53.0577404202065,0.06311344355344772,-0.15277419354838712,-0.7396129032258065,73.39887094583243,1.131483646763288,0.01,0.0,0.02,0.5,0.6311344355344772,-0.026759823993311893,5.894195291812619,0.06311344355344772,nan,nan,nan,nan,nan,nan,nan,nan,341,91.92980000000337,-341.825513196481,-229.01026392961876,nan
1007,-331.9489055876843,-156.33458280923526,53.58518558114341,0.06309546530246735,-0.15277419354838712,-0.7396129032258065,73.34372504972602,1.1343802970311003,0.01,0.0,0.02,0.5,0.6309546530246735,-0.029470976459063096,5.278887874663731,0.06309546530246735,nan,nan,nan,nan,nan,nan,nan,nan,341,91.90252000000339,-341.825513196481,-229.01026392961876,nan
1008,-331.23565581445496,-156.16305074525462,53.72380389131663,0.06307747960090637,-0.15277419354838712,-0.7396129032258065,73.61291699219538,1.1369690047437582,0.01,0.0,0.02,0.5,0.6307747960090637,-0.026394439373318656,4.743169571267917,0.06307747960090637,nan,nan,nan,nan,nan,nan,nan,nan,341,91.88888000000338,-341.825513196481,-229.01026392961876,nan
1009,-330.87549596517505,-155.69610304681046,53.50361706970099,0.06306847929954529,-0.15277419354838712,-0.7396129032258065,74.1273840312485,1.1401390619562592,0.01,0.0,0.02,0.5,0.6306847929954529,-0.023715847856339588,4.07318076518128,0.06306847929954529,nan,nan,nan,nan,nan,nan,nan,nan,341,91.86160000000339,-341.825513196481,-229.01026392961876,nan
1010,-330.75998636322157,-155.04123030570585,53.09598038109879,0.06305049359798431,-0.15277419354838712,-0.7396129032258065,74.79213741666393,1.0055270155579172,0.01,0.0,0.02,0.5,0.6305049359798431,-0.0203659038259064,4.863018347614548,0.06305049359798431,nan,nan,nan,nan,nan,nan,nan,nan,341,91.8343200000034,-341.825513196481,-229.01026392961876,nan
1011,-330.9482805866251,-154.90768585122774,52.58490113170122,0.04998420923948288,-0.21527320605661618,-0.7659644502962476,74.89663722166001,1.0113985858528716,0.01,0.0,0.02,0.5,0.4998420923948288,-0.024315091738072742,3.6746018296698177,0.04998420923948288,nan,nan,nan,nan,nan,nan,nan,nan,341,91.8206800000034,-341.825513196481,-229.01026392961876,nan
1012,-331.513215666889,-155.131941766716,52.03486195254158,0.04997715726494789,-0.21527320605661618,-0.7659644502962476,74.59457061974736,1.0022690565566028,0.01,0.0,0.02,0.5,0.4997715726494789,-0.01837300914834909,5.472290850086896,0.04997715726494789,nan,nan,nan,nan,nan,nan,nan,nan,341,91.79340000000342,-341.825513196481,-229.01026392961876,nan
1013,-332.0709484585529,-155.71724606921214,51.472943276528056,0.049963049590587616,-0.21527320605661618,-0.7659644502962476,74.01180811350882,0.9976157158623588,0.01,0.0,0.02,0.5,0.49963049590587616,-0.027361454250434483,6.374730229170109,0.049963049590587616,nan,nan,nan,nan,nan,nan,nan,nan,342,92.06604000000343,-341.63742690058484,-229.10818713450294,nan
1014,-332.78338654712684,-156.2922814720295,50.910897130644585,0.04994893819093704,-0.21527320605661618,-0.7659644502962476,73.3483661693144,0.9954448218426828,0.01,0.0,0.02,0.5,0.4994893819093704,-0.03187365114585054,6.794806574151445,0.04994893819093704,nan,nan,nan,nan,nan,nan,nan,nan,343,92.35232000000343,-341.5233236151603,-229.11807580174923,nan
1015,-333.42705873760633,-157.0330778361474,50.86243716684324,0.049941886216402054,-0.21527320605661618,-0.7659644502962476,72.5382412019228,1.156633396638541,0.01,0.0,0.02,0.5,0.49941886216402054,-0.033974032870757225,6.353237054127753,0.049941886216402054,nan,nan,nan,nan,nan,nan,nan,nan,343,92.32488000000343,-341.5233236151603,-229.11807580174923,nan
1016,-333.6093281191554,-157.77440224876233,51.137993174806574,0.06583996117115021,-0.11643145161290322,-0.7404233870967742,71.78127249322031,1.1656422695466198,0.01,0.0,0.02,0.5,0.6583996117115021,-0.031766185270638764,4.513840020729784,0.06583996117115021,nan,nan,nan,nan,nan,nan,nan,nan,343,92.29744000000343,-341.5233236151603,-229.11807580174923,nan
1017,-333.21057892115505,-158.36036164823554,51.57466750884609,0.06582114100456238,-0.11643145161290322,-0.7404233870967742,71.24433897916425,1.1306058912147123,0.01,0.0,0.02,0.5,0.6582114100456238,-0.02256920010364892,5.746045496681553,0.06582114100456238,nan,nan,nan,nan,nan,nan,nan,nan,343,92.28372000000344,-341.5233236151603,-229.11807580174923,nan
1018,-332.96339124870417,-158.94032994743228,52.088866643114514,0.06293360888957977,-0.15277419354838712,-0.7396129032258065,70.67079713008,1.1457460839867535,0.01,0.0,0.02,0.5,0.6293360888957977,-0.028730227483407766,4.792916152478402,0.06293360888957977,nan,nan,nan,nan,nan,nan,nan,nan,345,92.85616000000344,-341.25362318840587,-229.12318840579712,nan
1019,-332.8590436755693,-159.5758095901277,52.64309751911046,0.06397106498479843,-0.14497003697564706,-0.7393854392451867,70.13122036077911,1.1823482519320185,0.01,0.0,0.02,0.5,0.6397106498479843,-0.023964580762392013,5.430560947824811,0.06397106498479843,nan,nan,nan,nan,nan,nan,nan,nan,346,93.12852000000345,-341.1127167630058,-229.2196531791908,nan
1020,-333.0697987840576,-160.13550644425257,53.19700526242286,0.06795009970664978,-0.14582578228826865,-0.719946840642745,69.54572714002524,1.2808424304755894,0.01,0.0,0.02,0.5,0.6795009970664978,-0.027152804739124056,5.109028362584751,0.06795009970664978,nan,nan,nan,nan,nan,nan,nan,nan,347,93.41464000000344,-340.98703170028807,-229.2291066282421,nan
1021,-333.3062207296882,-160.78775439361425,53.378902163921516,0.07763876020908356,-0.13069719042663888,-0.6770031217481789,68.87099210023395,1.2818106847040651,0.01,0.0,0.02,0.5,0.7763876020908356,-0.025545141812923756,4.870483298444781,0.07763876020908356,nan,nan,nan,nan,nan,nan,nan,nan,347,93.38688000000346,-340.98703170028807,-229.2291066282421,nan
1022,-333.7491110517855,-161.3510165791624,53.29323281107889,0.07761630415916443,-0.13069719042663888,-0.6770031217481789,68.26289331712356,1.2825056990142065,0.01,0.0,0.02,0.5,0.7761630415916443,-0.024352416492223906,4.686586217971673,0.07761630415916443,nan,nan,nan,nan,nan,nan,nan,nan,347,93.35912000000347,-340.98703170028807,-229.2291066282421,nan
1023,-334.1412840298121,-162.02037174692094,53.01245694332089,0.0775938630104065,-0.13069719042663888,-0.6770031217481789,67.55648233526922,1.2783036152507932,0.01,0.0,0.02,0.5,0.7759386301040649,-0.023432931089858364,5.504567782360905,0.0775938630104065,nan,nan,nan,nan,nan,nan,nan,nan,347,93.34524000000349,-340.98703170028807,-229.2291066282421,nan
1024,-334.5225343805108,-162.6401603509618,53.086188385154685,0.07758264243602753,-0.13069719042663888,-0.6770031217481789,66.90199916232646,1.28336307051147,0.01,0.0,0.02,0.5,0.7758264243602753,-0.027522838911804525,4.447782511780698,0.07758264243602753,nan,nan,nan,nan,nan,nan,nan,nan,347,93.31748000000348,-340.98703170028807,-229.2291066282421,nan
1025,-334.41923095742493,-163.04320278550338,53.423048772086275,0.07756020128726959,-0.13069719042663888,-0.6770031217481789,66.5109755910873,1.2864800235544385,0.01,0.0,0.02,0.5,0.7756020128726959,-0.02223891255890349,3.7794976847422075,0.07756020128726959,nan,nan,nan,nan,nan,nan,nan,nan,347,93.28972000000348,-340.98703170028807,-229.2291066282421,nan
1026,-334.2912523228038,-163.24644375944928,53.85467914427775,0.07753775268793106,-0.13069719042663888,-0.6770031217481789,66.32152939075452,1.29166028571141,0.01,0.0,0.02,0.5,0.7753775268793106,-0.01889748842371104,2.721010065054466,0.07753775268793106,nan,nan,nan,nan,nan,nan,nan,nan,347,93.27584000000348,-340.98703170028807,-229.2291066282421,nan
1027,-334.40550071826624,-163.47183400720806,54.07024792038197,0.0775265321135521,-0.13069719042663888,-0.6770031217481789,66.10136834604138,1.2931395790333613,0.01,0.0,0.02,0.5,0.7752653211355209,-0.01360505032527233,2.3802571822193546,0.0775265321135521,nan,nan,nan,nan,nan,nan,nan,nan,348,93.54804000000348,-340.90517241379314,-229.2528735632185,nan
1028,-334.72693750289227,-163.72063983247753,54.22724011849149,0.07750409096479416,-0.13069719042663888,-0.6770031217481789,65.82282464582279,1.2721329985696705,0.01,0.0,0.02,0.5,0.7750409096479416,-0.011901285911096774,2.9781148704164937,0.07750409096479416,nan,nan,nan,nan,nan,nan,nan,nan,348,93.5202000000035,-340.90517241379314,-229.2528735632185,nan
1029,-335.03879053725166,-164.21643787829552,54.04077499359201,0.07570236176252365,-0.10411047577948002,-0.686913367137771,65.30047781540756,1.2650252881267074,0.01,0.0,0.02,0.5,0.7570236176252365,-0.01489057435208247,4.377722449731778,0.07570236176252365,nan,nan,nan,nan,nan,nan,nan,nan,348,93.5062800000035,-340.90517241379314,-229.2528735632185,nan
1030,-335.52460546174296,-164.69158326600075,53.718945639157965,0.07569138705730438,-0.10411047577948002,-0.686913367137771,64.78511175854462,1.2975988183168294,0.01,0.0,0.02,0.5,0.7569138705730438,-0.021888612248658894,4.866419121668309,0.07569138705730438,nan,nan,nan,nan,nan,nan,nan,nan,348,93.47844000000352,-340.90517241379314,-229.2528735632185,nan
1031,-335.8338538024116,-165.2941960137642,53.74514811124733,0.07919308543205261,-0.06339676401750277,-0.6796580848682202,64.15941634969268,1.3904757108960535,0.01,0.0,0.02,0.5,0.7919308543205261,-0.024332095608341545,4.68455714635085,0.07919308543205261,nan,nan,nan,nan,nan,nan,nan,nan,348,93.45060000000353,-340.90517241379314,-229.2528735632185,nan
1032,-335.78546884363453,-165.94077520035324,54.067782998986054,0.08838984370231628,-0.0681416751882495,-0.6461838802640142,63.51876229709942,1.4452613056439971,0.01,0.0,0.02,0.5,0.8838984370231628,-0.023422785731754252,4.251305803878793,0.08838984370231628,nan,nan,nan,nan,nan,nan,nan,nan,348,93.43668000000352,-340.90517241379314,-229.2528735632185,nan
1033,-335.38544650179045,-166.0527658391447,54.543638800169305,0.09365178644657135,-0.05658099016732793,-0.6218733827841987,63.440688761063775,1.4013050012563708,0.01,0.0,0.02,0.5,0.9365178644657135,-0.021256529019393965,4.352424049873307,0.09365178644657135,nan,nan,nan,nan,nan,nan,nan,nan,348,93.40884000000354,-340.90517241379314,-229.2528735632185,nan
1034,-335.09832686169983,-165.7564947617379,55.0840157787429,0.08930671960115433,-0.09389882289513887,-0.626381525743553,63.76134860687137,1.3517452258175326,0.01,0.0,0.02,0.5,0.8930671960115433,-0.021762120249366537,4.2271476923284395,0.08930671960115433,nan,nan,nan,nan,nan,nan,nan,nan,348,93.38100000000354,-340.90517241379314,-229.2528735632185,nan
1035,-335.1945612005265,-165.59328214115413,55.484279497434144,0.0842880979180336,-0.09327633113097553,-0.6529343179168285,63.91521462416641,1.3590494898941936,0.01,0.0,0.02,0.5,0.842880979180336,-0.021135738461642198,2.7415947122013273,0.0842880979180336,nan,nan,nan,nan,nan,nan,nan,nan,348,93.36708000000354,-340.90517241379314,-229.2528735632185,nan
1036,-335.593103916091,-165.54823664019676,55.56091081337207,0.0842757523059845,-0.09327633113097553,-0.6529343179168285,63.95218607538241,1.3572619159237203,0.01,0.0,0.02,0.5,0.842757523059845,-0.013707973561006637,3.0497568604219527,0.0842757523059845,nan,nan,nan,nan,nan,nan,nan,nan,349,93.63920000000354,-340.7664756446991,-229.2908309455588,nan
1037,-335.98125623167715,-165.8791773826618,55.33490447386907,0.08425106853246689,-0.09327633113097553,-0.6529343179168285,63.428374489751086,1.3612008172259829,0.01,0.0,0.02,0.5,0.8425106853246689,-0.015248784302109764,4.038814902581778,0.08425106853246689,nan,nan,nan,nan,nan,nan,nan,nan,350,93.91124000000356,-340.742857142857,-229.1285714285715,nan
1038,-336.50267905079716,-166.2698591914154,55.02345402706112,0.08513949066400528,-0.09176697159364473,-0.6487241213288397,63.002045723211666,1.451842977961091,0.01,0.0,0.02,0.5,0.8513949066400528,-0.02019407451290889,4.720035084051304,0.08513949066400528,nan,nan,nan,nan,nan,nan,nan,nan,351,94.19720000000355,-340.60541310541316,-229.13817663817667,nan
1039,-336.55199769684435,-166.7517179024739,55.13663796256073,0.09454432129859924,-0.055422100205902554,-0.6192518874399451,62.41172744149828,1.4660367751244483,0.01,0.0,0.02,0.5,0.9454432129859924,-0.02360017542025652,3.9024214719975645,0.09454432129859924,nan,nan,nan,nan,nan,nan,nan,nan,352,94.46904000000356,-340.56818181818187,-229.034090909091,nan
1040,-336.23612383360626,-167.3289660311745,55.501308782720535,0.0955548882484436,-0.05467613587747075,-0.6192350474886626,61.85700576798875,1.4181608977171671,0.01,0.0,0.02,0.5,0.955548882484436,-0.01951210735998782,4.560765936913249,0.0955548882484436,nan,nan,nan,nan,nan,nan,nan,nan,352,94.44088000000357,-340.56818181818187,-229.034090909091,nan
1041,-335.68974167537294,-167.38090348395963,55.99353686203826,0.09109647572040558,-0.09214043842452328,-0.623596506861522,61.84589475385853,1.415944727885039,0.01,0.0,0.02,0.5,0.9109647572040558,-0.022803829684566245,4.97734470619531,0.09109647572040558,nan,nan,nan,nan,nan,nan,nan,nan,352,94.42680000000357,-340.56818181818187,-229.034090909091,nan
1042,-335.42258579536974,-167.32807726034224,56.03903616537296,0.09108313918113708,-0.09214043842452328,-0.623596506861522,61.92018474495653,1.4363488519963672,0.01,0.0,0.02,0.5,0.9108313918113708,-0.02488672353097655,0.8431618059267478,0.09108313918113708,nan,nan,nan,nan,nan,nan,nan,nan,352,94.39864000000357,-340.56818181818187,-229.034090909091,nan
1043,-335.55482077949847,-167.17841378927162,55.82569065901913,0.0910564735531807,-0.09214043842452328,-0.623596506861522,62.0585093347845,1.429238961599875,0.01,0.0,0.02,0.5,0.910564735531807,-0.004215809029633739,2.2118294909380567,0.0910564735531807,nan,nan,nan,nan,nan,nan,nan,nan,352,94.37048000000358,-340.56818181818187,-229.034090909091,nan
1044,-335.9058494724134,-166.96438326348445,55.46277140984596,0.0910298079252243,-0.09214043842452328,-0.623596506861522,62.24456562715709,1.4216857800721125,0.01,0.0,0.02,0.5,0.910298079252243,-0.011059147454690284,3.6958105993470185,0.0910298079252243,nan,nan,nan,nan,nan,nan,nan,nan,352,94.35640000000359,-340.56818181818187,-229.034090909091,nan
1045,-336.25313001471113,-167.16265482769626,55.03265541679401,0.09101647883653641,-0.09214043842452328,-0.623596506861522,61.937402855257226,1.4290638215101485,0.01,0.0,0.02,0.5,0.9101647883653641,-0.018479052996735093,4.089189395174886,0.09101647883653641,nan,nan,nan,nan,nan,nan,nan,nan,353,94.62820000000357,-340.43201133144476,-228.9589235127478,nan
1046,-336.7173999048143,-167.49764856468633,54.64945803843532,0.09195097535848618,-0.08631690889755404,-0.6249556894718185,61.57342491929502,1.4614877188473328,0.01,0.0,0.02,0.5,0.9195097535848618,-0.02044594697587443,4.476444000614012,0.09195097535848618,nan,nan,nan,nan,nan,nan,nan,nan,353,94.59996000000362,-340.43201133144476,-228.9589235127478,nan
1047,-336.9432607566153,-167.69523626806563,54.48328955172142,0.09538699686527252,-0.05467613587747075,-0.6192350474886626,61.20648028744117,1.4852257555184498,0.01,0.0,0.02,0.5,0.9538699686527252,-0.02238222000307006,1.8120428431484215,0.09538699686527252,nan,nan,nan,nan,nan,nan,nan,nan,354,94.8858000000036,-340.48022598870057,-228.79943502824858,nan
1048,-337.1215736825085,-167.47815978160966,54.35462256272471,0.09642859548330307,-0.0588434510202354,-0.6140885615104563,61.413185418018664,1.4790228205252383,0.01,0.0,0.02,0.5,0.9642859548330307,-0.009060214215742107,2.9961007966857363,0.09642859548330307,nan,nan,nan,nan,nan,nan,nan,nan,354,94.8574800000036,-340.48022598870057,-228.79943502824858,nan
1049,-337.44769449383875,-167.09679124017174,54.567237987093144,0.09640032798051834,-0.0588434510202354,-0.6140885615104563,61.777119532280125,1.4771142234763657,0.01,0.0,0.02,0.5,0.9640032798051834,-0.014980503983428681,3.3212673194974003,0.09640032798051834,nan,nan,nan,nan,nan,nan,nan,nan,354,94.82916000000361,-340.48022598870057,-228.79943502824858,nan
1050,-337.5352320479895,-166.8101201155548,54.91946255263081,0.09637206047773361,-0.0588434510202354,-0.6140885615104563,62.05923100277624,1.4796441137346945,0.01,0.0,0.02,0.5,0.9637206047773361,-0.016606336597487,2.787060508065974,0.09637206047773361,nan,nan,nan,nan,nan,nan,nan,nan,354,94.81500000000361,-340.48022598870057,-228.79943502824858,nan
1051,-337.35002900115614,-166.8206380883371,54.85280858816326,0.09635793417692184,-0.0588434510202354,-0.6140885615104563,61.88349812637689,1.4941122828992153,0.01,0.0,0.02,0.5,0.9635793417692184,-0.013935302540329871,1.8962857907624244,0.09635793417692184,nan,nan,nan,nan,nan,nan,nan,nan,355,95.08660000000361,-340.4436619718309,-228.62676056338034,nan
1052,-336.9202475247124,-167.02618726290785,54.576221589645044,0.09735936671495438,-0.055550900712191036,-0.6077084206116464,61.70125671583236,1.4855374468193199,0.01,0.0,0.02,0.5,0.9735936671495438,-0.009481428953812123,3.5541755989045836,0.09735936671495438,nan,nan,nan,nan,nan,nan,nan,nan,355,95.05820000000364,-340.4436619718309,-228.62676056338034,nan
1053,-336.3565604660672,-166.8298147747426,54.23337857526263,0.09733083099126816,-0.055550900712191036,-0.6077084206116464,62.08057109549989,1.4796284796909422,0.01,0.0,0.02,0.5,0.9733083099126816,-0.01777087799452292,4.707406478803746,0.09733083099126816,nan,nan,nan,nan,nan,nan,nan,nan,356,95.34396000000365,-340.4073033707866,-228.77808988764048,nan
1054,-335.6839698782654,-166.41570693837295,54.28475371782441,0.09731654822826385,-0.055550900712191036,-0.6077084206116464,62.541000043113044,1.4415422809118241,0.01,0.0,0.02,0.5,0.9731654822826385,-0.02353703239401873,5.064085245247478,0.09731654822826385,nan,nan,nan,nan,nan,nan,nan,nan,356,95.31548000000365,-340.4073033707866,-228.77808988764048,nan
1055,-334.995337282578,-166.17663017773035,54.61608880041717,0.09368626773357391,-0.09109677419354843,-0.6096344086021506,62.834959495104485,1.4424574139418074,0.01,0.0,0.02,0.5,0.9368626773357391,-0.02532042622623739,4.826174682341635,0.09368626773357391,nan,nan,nan,nan,nan,nan,nan,nan,356,95.28700000000366,-340.4073033707866,-228.77808988764048,nan
1056,-334.2802736794998,-166.18587446086164,55.086859804006956,0.09365883469581604,-0.09109677419354843,-0.6096344086021506,62.891381960251124,1.3878386505985767,0.01,0.0,0.02,0.5,0.9365883469581604,-0.024130873411708175,5.226035902013168,0.09365883469581604,nan,nan,nan,nan,nan,nan,nan,nan,356,95.27276000000366,-340.4073033707866,-228.77808988764048,nan
1057,-333.62419889046134,-165.90099052266737,55.168682352410826,0.08839688450098038,-0.08472376714868377,-0.6371894697812384,63.24191751476002,1.389907394425262,0.01,0.0,0.02,0.5,0.8839688450098038,-0.02613017951006584,4.760502621295259,0.08839688450098038,nan,nan,nan,nan,nan,nan,nan,nan,356,95.24428000000367,-340.4073033707866,-228.77808988764048,nan
1058,-333.00467712278424,-165.37930953869457,54.96631933306706,0.08837098628282547,-0.08472376714868377,-0.6371894697812384,63.68178562532792,1.4164763888475305,0.01,0.0,0.02,0.5,0.8837098628282547,-0.023802513106476294,5.260016267359137,0.08837098628282547,nan,nan,nan,nan,nan,nan,nan,nan,357,95.51576000000367,-340.4831932773109,-228.62044817927176,nan
1059,-332.8761002749213,-164.76453437505612,54.60723463786199,0.09127765148878098,-0.12329749103942654,-0.6267025089605734,64.30743029944847,1.4203806175067033,0.01,0.0,0.02,0.5,0.9127765148878098,-0.026300081336795685,4.452515338381003,0.09127765148878098,nan,nan,nan,nan,nan,nan,nan,nan,357,95.50148000000368,-340.4831932773109,-228.62044817927176,nan
1060,-332.9928020664969,-164.01601393718812,54.17020595332117,0.09126432240009308,-0.12329749103942654,-0.6267025089605734,65.03721153486478,1.3317627388142896,0.01,0.0,0.02,0.5,0.9126432240009308,-0.022262576691905015,5.757800938619118,0.09126432240009308,nan,nan,nan,nan,nan,nan,nan,nan,357,95.47292000000367,-340.4831932773109,-228.62044817927176,nan
1061,-333.33158008202736,-163.53806839978006,53.68728398268361,0.08305517584085464,-0.1214824982841455,-0.6633003235611336,65.47413022757114,1.3381397759043696,0.01,0.0,0.02,0.5,0.8305517584085464,-0.02878900469309559,4.4342091257666905,0.08305517584085464,nan,nan,nan,nan,nan,nan,nan,nan,357,95.44436000000368,-340.4831932773109,-228.62044817927176,nan
1062,-333.72805522286603,-162.9681922544113,53.18475073843085,0.0830310806632042,-0.1214824982841455,-0.6633003235611336,65.99886815815849,1.3312935533763068,0.01,0.0,0.02,0.5,0.8303108066320419,-0.022171045628833454,5.779349513032096,0.0830310806632042,nan,nan,nan,nan,nan,nan,nan,nan,357,95.43008000000367,-340.4831932773109,-228.62044817927176,nan
1063,-334.1994487540245,-162.6394818508842,52.673896841353354,0.08301903307437897,-0.1214824982841455,-0.6633003235611336,66.38628154840382,1.3372004900580612,0.01,0.0,0.02,0.5,0.8301903307437897,-0.028896747565160478,4.549777781844808,0.08301903307437897,nan,nan,nan,nan,nan,nan,nan,nan,358,95.7014800000037,-340.6145251396649,-228.7150837988827,nan
1064,-334.1864351247943,-162.20989958773905,52.49599489849428,0.08299494534730911,-0.1214824982841455,-0.6633003235611336,66.81511706341185,1.34073748747853,0.01,0.0,0.02,0.5,0.8299494534730911,-0.02274888890922404,3.7941939029145892,0.08299494534730911,nan,nan,nan,nan,nan,nan,nan,nan,358,95.6728400000037,-340.6145251396649,-228.7150837988827,nan
1065,-334.0198166992428,-161.53563699612116,52.60976524904829,0.08297084271907806,-0.1214824982841455,-0.6633003235611336,67.50235738208882,1.3374717241002008,0.01,0.0,0.02,0.5,0.8297084271907806,-0.018970969514572947,4.423266302091206,0.08297084271907806,nan,nan,nan,nan,nan,nan,nan,nan,358,95.6585200000037,-340.6145251396649,-228.7150837988827,nan
1066,-333.75297157059674,-160.80496705766583,52.96487308097164,0.08295880258083344,-0.1214824982841455,-0.6633003235611336,68.23916707372983,1.3319266802662006,0.01,0.0,0.02,0.5,0.8295880258083344,-0.02211633151045603,5.4840906740547934,0.08295880258083344,nan,nan,nan,nan,nan,nan,nan,nan,359,95.92980000000371,-340.4805013927578,-228.71169916434542,nan
1067,-333.7508549035299,-160.22471195542562,53.43873422972833,0.08293470740318298,-0.1214824982841455,-0.6633003235611336,68.81682613158443,1.3375001277626717,0.01,0.0,0.02,0.5,0.8293470740318298,-0.02742045337027397,4.321192938066241,0.08293470740318298,nan,nan,nan,nan,nan,nan,nan,nan,359,95.9010800000037,-340.4805013927578,-228.71169916434542,nan
1068,-333.92436492206207,-159.608006064321,53.85837047296281,0.08291061222553253,-0.1214824982841455,-0.6633003235611336,69.41399949206752,1.2881457907072835,0.01,0.0,0.02,0.5,0.8291061222553253,-0.021605964690331204,5.026248810447612,0.08291061222553253,nan,nan,nan,nan,nan,nan,nan,nan,359,95.88672000000372,-340.4805013927578,-228.71169916434542,nan
1069,-334.09726176922436,-158.9575390168757,53.96347325429464,0.07832770049571991,-0.1315136476426799,-0.6796939619520265,70.04561803546528,1.1931340248659634,0.01,0.0,0.02,0.5,0.7832770049571991,-0.02513124405223806,4.025998447827819,0.07832770049571991,nan,nan,nan,nan,nan,nan,nan,nan,359,95.85800000000371,-340.4805013927578,-228.71169916434542,nan
1070,-333.799455465672,-158.29301590233462,53.765848931683834,0.06832639873027802,-0.15819545292227122,-0.7140816569456017,70.73490882891721,1.1865049488870796,0.01,0.0,0.02,0.5,0.6832639873027802,-0.020129992239139093,5.312522261768678,0.06832639873027802,nan,nan,nan,nan,nan,nan,nan,nan,359,95.82928000000373,-340.4805013927578,-228.71169916434542,nan
1071,-333.61200657248105,-157.5693326302858,53.38716575757444,0.06830675899982452,-0.15819545292227122,-0.7140816569456017,71.47315955771548,1.187647733306493,0.01,0.0,0.02,0.5,0.6830675899982452,-0.02656261130884339,5.064319686968021,0.06830675899982452,nan,nan,nan,nan,nan,nan,nan,nan,359,95.81492000000374,-340.4805013927578,-228.71169916434542,nan
1072,-333.50705746848075,-157.10484665344188,52.91418344910463,0.06829693913459778,-0.15819545292227122,-0.7140816569456017,71.94560616662652,1.1936876356552522,0.01,0.0,0.02,0.5,0.6829693913459778,-0.02532159843484011,3.817047835380223,0.06829693913459778,nan,nan,nan,nan,nan,nan,nan,nan,359,95.78620000000373,-340.4805013927578,-228.71169916434542,nan
1073,-333.1138827226187,-156.7809441790965,52.78522370534404,0.06827729195356369,-0.15819545292227122,-0.7140816569456017,72.30698848229784,1.1948551908874574,0.01,0.0,0.02,0.5,0.6827729195356369,-0.019085239176901116,3.544269248961149,0.06827729195356369,nan,nan,nan,nan,nan,nan,nan,nan,359,95.75748000000374,-340.4805013927578,-228.71169916434542,nan
1074,-332.43177069933915,-156.46877821919526,52.87377962626173,0.0682576522231102,-0.15819545292227122,-0.7140816569456017,72.68990089732132,1.1874727005684167,0.01,0.0,0.02,0.5,0.682576522231102,-0.017721346244805744,5.001145463709258,0.0682576522231102,nan,nan,nan,nan,nan,nan,nan,nan,359,95.74312000000376,-340.4805013927578,-228.71169916434542,nan
1075,-331.783989480599,-155.88289178553947,53.20464379902484,0.06824783980846405,-0.15819545292227122,-0.7140816569456017,73.34619624532372,1.1824443440540067,0.01,0.0,0.02,0.5,0.6824783980846405,-0.02500572731854629,5.9675253847553105,0.06824783980846405,nan,nan,nan,nan,nan,nan,nan,nan,359,95.71440000000375,-340.4805013927578,-228.71169916434542,nan
1076,-331.0212790062682,-155.3056405440243,53.648231162214664,0.06822820007801056,-0.15819545292227122,-0.7140816569456017,74.01301460099492,1.1787668266274338,0.01,0.0,0.02,0.5,0.6822820007801056,-0.029837626923776554,6.663737488233948,0.06822820007801056,nan,nan,nan,nan,nan,nan,nan,nan,359,95.68568000000377,-340.4805013927578,-228.71169916434542,nan
1077,-330.46121202587625,-154.62029559368224,54.06901798129647,0.06820855289697647,-0.15819545292227122,-0.7140816569456017,74.76578256454074,1.1179709648782046,0.01,0.0,0.02,0.5,0.6820855289697647,-0.03331868744116974,6.012965685247762,0.06820855289697647,nan,nan,nan,nan,nan,nan,nan,nan,359,95.67132000000376,-340.4805013927578,-228.71169916434542,nan
1078,-329.7890766301039,-153.93908441714876,54.23410934598979,0.061803583055734634,-0.1899063475546306,-0.7302289281997919,75.53310849944003,0.9948163335045371,0.01,0.0,0.02,0.5,0.6180358305573463,-0.03006482842623881,6.293391853169728,0.061803583055734634,nan,nan,nan,nan,nan,nan,nan,nan,359,95.64260000000377,-340.4805013927578,-228.71169916434542,nan
1079,-329.46463872058064,-153.21519983287504,54.03977723023498,0.049628328531980515,-0.25521821631878555,-0.7495256166982922,76.29594118771308,1.010121181621007,0.01,0.0,0.02,0.5,0.49628328531980515,-0.031466959265848644,4.952898380388451,0.049628328531980515,nan,nan,nan,nan,nan,nan,nan,nan,359,95.61388000000377,-340.4805013927578,-228.71169916434542,nan
1080,-329.34641533560574,-152.48544716786506,53.657557134512444,0.05048856884241104,-0.2903225806451613,-0.7499201533056531,76.85965579460664,1.0193877063808356,0.01,0.0,0.02,0.5,0.5048856884241104,-0.024764491901942253,5.144891051103358,0.05048856884241104,nan,nan,nan,nan,nan,nan,nan,nan,360,95.89948000000378,-340.43055555555554,-228.54166666666674,nan
1081,-329.45130968842415,-152.2220307124794,53.172537677869705,0.051511213183403015,-0.27884615384615385,-0.7385235732009926,77.10532194336916,1.0289331873534757,0.01,0.0,0.02,0.5,0.5151121318340302,-0.025724455255516792,3.206517055061682,0.051511213183403015,nan,nan,nan,nan,nan,nan,nan,nan,360,95.87068000000377,-340.43055555555554,-228.54166666666674,nan
1082,-329.817961814451,-152.1608425585765,52.642677258019,0.05149657279253006,-0.27884615384615385,-0.7385235732009926,77.18585279319797,1.0566009070527462,0.01,0.0,0.02,0.5,0.5149657279253006,-0.01603258527530841,4.2187552044409955,0.05149657279253006,nan,nan,nan,nan,nan,nan,nan,nan,361,96.1418400000038,-340.270083102493,-228.63573407202216,nan
1083,-330.2280208184296,-152.2478245226112,52.09510182856894,0.054769471287727356,-0.23591496952579163,-0.7407462464694515,77.04515390500558,1.0563214271659054,0.01,0.0,0.02,0.5,0.5476947128772736,-0.02109377602220498,4.259082448593835,0.054769471287727356,nan,nan,nan,nan,nan,nan,nan,nan,361,96.12740000000379,-340.270083102493,-228.63573407202216,nan
1084,-330.3456797442908,-152.1195927920029,51.63444413117965,0.05476168170571327,-0.23591496952579163,-0.7407462464694515,77.15707134411053,1.061201628946093,0.01,0.0,0.02,0.5,0.5476168170571327,-0.021295412242969176,3.2518807842677115,0.05476168170571327,nan,nan,nan,nan,nan,nan,nan,nan,361,96.09852000000379,-340.270083102493,-228.63573407202216,nan
1085,-330.30171144542453,-152.00883418157153,51.50077193193455,0.054746102541685104,-0.23591496952579163,-0.7407462464694515,77.27257094412343,1.0727223118697893,0.01,0.0,0.02,0.5,0.547461025416851,-0.01625940392133856,0.9165828912398926,0.054746102541685104,nan,nan,nan,nan,nan,nan,nan,nan,361,96.06964000000382,-340.270083102493,-228.63573407202216,nan
1086,-329.99252480579503,-152.14122218612877,51.736469779929266,0.05473052337765694,-0.23591496952579163,-0.7407462464694515,77.18185378185153,1.0623280958748182,0.01,0.0,0.02,0.5,0.5473052337765694,-0.004582914456199463,2.979857357018786,0.05473052337765694,nan,nan,nan,nan,nan,nan,nan,nan,361,96.0552000000038,-340.270083102493,-228.63573407202216,nan
1087,-329.3452398886657,-152.37639011636497,52.1401218714686,0.05472273379564285,-0.23591496952579163,-0.7407462464694515,77.03791105549226,1.0497682358020124,0.01,0.0,0.02,0.5,0.5472273379564285,-0.01489928678509393,5.460668063291367,0.05472273379564285,nan,nan,nan,nan,nan,nan,nan,nan,361,96.02632000000382,-340.270083102493,-228.63573407202216,nan
1088,-328.7519179395864,-152.86787063339574,52.46739707279487,0.054707154631614685,-0.23591496952579163,-0.7407462464694515,76.63835370605463,1.018165996945517,0.01,0.0,0.02,0.5,0.5470715463161469,-0.027303340316456835,5.184192960139764,0.054707154631614685,nan,nan,nan,nan,nan,nan,nan,nan,361,95.9974400000038,-340.270083102493,-228.63573407202216,nan
1089,-328.0038334538425,-153.24705641316643,52.89485109617106,0.05140870437026024,-0.27884615384615385,-0.7385235732009926,76.42187354346873,1.0131288586424774,0.01,0.0,0.02,0.5,0.5140870437026024,-0.025920964800698817,6.1769817199908434,0.05140870437026024,nan,nan,nan,nan,nan,nan,nan,nan,362,96.28296000000384,-340.1243093922652,-228.70165745856355,nan
1090,-327.53076591376765,-153.63191402541048,52.85934055053793,0.05140138417482376,-0.27884615384615385,-0.7385235732009926,76.2206910161748,1.0272449306000913,0.01,0.0,0.02,0.5,0.5140138417482376,-0.030884908599954217,3.3244895269544017,0.05140138417482376,nan,nan,nan,nan,nan,nan,nan,nan,363,96.55396000000383,-340.02066115702473,-228.8223140495868,nan
1091,-327.1173242689926,-153.60653942086597,52.94344761231246,0.051386743783950806,-0.27884615384615385,-0.7385235732009926,76.31453895454374,1.0283052782602122,0.01,0.0,0.02,0.5,0.5138674378395081,-0.016622447634772008,3.0831421934165317,0.051386743783950806,nan,nan,nan,nan,nan,nan,nan,nan,363,96.52492000000385,-340.02066115702473,-228.8223140495868,nan
1092,-326.9096785696237,-153.15978962708795,52.69783316874907,0.05137209966778755,-0.27884615384615385,-0.7385235732009926,76.79007400955132,1.024766673845912,0.01,0.0,0.02,0.5,0.5137209966778755,-0.01541571096708266,3.7762241755197477,0.05137209966778755,nan,nan,nan,nan,nan,nan,nan,nan,363,96.51040000000384,-340.02066115702473,-228.8223140495868,nan
1093,-327.0102290756825,-153.10600817260772,52.29497430969205,0.05136477202177048,-0.27884615384615385,-0.7385235732009926,76.95395817966757,1.029330672065007,0.01,0.0,0.02,0.5,0.5136477202177048,-0.018881120877598738,2.8341467301870593,0.05136477202177048,nan,nan,nan,nan,nan,nan,nan,nan,364,96.78128000000385,-339.9175824175825,-228.96978021978032,nan
1094,-327.43167361740734,-153.30266796952174,51.82120713683773,0.05135013535618782,-0.27884615384615385,-0.7385235732009926,76.64714665369996,1.0209917501696189,0.01,0.0,0.02,0.5,0.5135013535618782,-0.014170733650935297,4.472629465893119,0.05135013535618782,nan,nan,nan,nan,nan,nan,nan,nan,365,97.05208000000385,-339.8424657534247,-228.93835616438355,nan
1095,-327.8182337901023,-153.77723655981347,51.3121803387553,0.05133548751473427,-0.27884615384615385,-0.7385235732009926,76.11685788654358,1.0491604596619533,0.01,0.0,0.02,0.5,0.5133548751473427,-0.022363147329465597,5.297170038129387,0.05133548751473427,nan,nan,nan,nan,nan,nan,nan,nan,365,97.03748000000385,-339.8424657534247,-228.93835616438355,nan
1096,-328.3390321579003,-154.21656415477037,50.851096460526726,0.05456463247537613,-0.27926267281105993,-0.7357910906298003,75.65351012478462,1.083956188970385,0.01,0.0,0.02,0.5,0.5456463247537613,-0.026485850190646937,5.272833861196429,0.05456463247537613,nan,nan,nan,nan,nan,nan,nan,nan,366,97.30824000000388,-339.672131147541,-229.01639344262298,nan
1097,-328.7791662809499,-154.80076463000003,50.85343165788717,0.05803203210234642,-0.24020737327188946,-0.7364631336405529,75.01077418369856,1.085170652500715,0.01,0.0,0.02,0.5,0.5803203210234642,-0.026364169305982146,4.996800972635339,0.05803203210234642,nan,nan,nan,nan,nan,nan,nan,nan,366,97.27896000000388,-339.672131147541,-229.01639344262298,nan
1098,-328.9108008278283,-155.4502231813593,51.147921235936124,0.05801546573638916,-0.24020737327188946,-0.7364631336405529,74.34909304866608,1.0889283496079263,0.01,0.0,0.02,0.5,0.5801546573638916,-0.024984004863176694,4.2287153018034065,0.05801546573638916,nan,nan,nan,nan,nan,nan,nan,nan,366,97.26432000000386,-339.672131147541,-229.01639344262298,nan
1099,-328.7420430669993,-156.05506368246907,51.59357326936485,0.05800718814134598,-0.24020737327188946,-0.7364631336405529,73.48341715638244,1.1079717859113831,0.01,0.0,0.02,0.5,0.5800718814134598,-0.021143576509017034,5.073148082005594,0.05800718814134598,nan,nan,nan,nan,nan,nan,nan,nan,368,97.83488000000388,-339.6603260869565,-228.7228260869565,nan
1100,-328.82202080930267,-156.6148027704583,52.11390338595892,0.060333747416734695,-0.23632839540357187,-0.728090820988509,72.91800798091145,1.1985499103756327,0.01,0.0,0.02,0.5,0.603337474167347,-0.02536574041002797,4.757687411872959,0.060333747416734695,nan,nan,nan,nan,nan,nan,nan,nan,368,97.80544000000388,-339.6603260869565,-228.7228260869565,nan
1101,-328.56993823791464,-157.1580113972632,52.66443550687,0.06923383474349976,-0.22106261859582538,-0.6982922201138521,72.41905415159961,1.1940892803120302,0.01,0.0,0.02,0.5,0.6923383474349976,-0.023788437059364793,5.629905473238492,0.06923383474349976,nan,nan,nan,nan,nan,nan,nan,nan,368,97.79072000000389,-339.6603260869565,-228.7228260869565,nan
1102,-328.5429145856337,-157.73076993641138,52.8894370183474,0.06922388076782227,-0.22106261859582538,-0.6982922201138521,71.67907414983861,1.212909364972085,0.01,0.0,0.02,0.5,0.6922388076782227,-0.02814952736619246,3.885436957365228,0.06922388076782227,nan,nan,nan,nan,nan,nan,nan,nan,369,98.0612000000039,-339.65447154471553,-228.54336043360433,nan
1103,-328.64679480158253,-158.36548439488385,52.87702899372864,0.07023365795612335,-0.22138115756375923,-0.6881332246419005,70.90741177179862,1.2209190576944022,0.01,0.0,0.02,0.5,0.7023365795612335,-0.01942718478682614,4.302808410460395,0.07023365795612335,nan,nan,nan,nan,nan,nan,nan,nan,371,98.6315600000039,-339.3733153638814,-228.45687331536385,nan
1104,-329.01505578050933,-158.89221773322686,52.73328109172264,0.07124330848455429,-0.2044541384456434,-0.6902766616921134,70.40565485475503,1.2207257792543789,0.01,0.0,0.02,0.5,0.7124330848455429,-0.021514042052301976,4.320983942520246,0.07124330848455429,nan,nan,nan,nan,nan,nan,nan,nan,372,98.91668000000391,-339.26075268817203,-228.54838709677426,nan
1105,-329.37162695254193,-159.53757246449942,52.61885280548043,0.07123307138681412,-0.2044541384456434,-0.6902766616921134,69.7157610876142,1.2613735137889186,0.01,0.0,0.02,0.5,0.7123307138681412,-0.021604919712601228,5.085618287138183,0.07123307138681412,nan,nan,nan,nan,nan,nan,nan,nan,372,98.8869200000039,-339.26075268817203,-228.54838709677426,nan
1106,-329.45011256928103,-160.2152264553936,52.869062390064826,0.07568015903234482,-0.19387867444676865,-0.6738962897721017,69.03105382581258,1.2653861381255158,0.01,0.0,0.02,0.5,0.7568015903234482,-0.025428091435690914,4.23960587099061,0.07568015903234482,nan,nan,nan,nan,nan,nan,nan,nan,374,99.45700000000393,-338.99732620320856,-228.5828877005348,nan
1107,-329.0673170100644,-160.59292994190778,53.308098849235186,0.0756584107875824,-0.19387867444676865,-0.6738962897721017,68.71127592030156,1.353761118016651,0.01,0.0,0.02,0.5,0.756584107875824,-0.021198029354953053,4.791567213930537,0.0756584107875824,nan,nan,nan,nan,nan,nan,nan,nan,374,99.44204000000393,-338.99732620320856,-228.5828877005348,nan
1108,-328.8433137670288,-160.61327441067934,53.84208541002,0.08477189391851425,-0.1701492537313433,-0.6406355320173326,68.57324330477826,1.3815761490828224,0.01,0.0,0.02,0.5,0.8477189391851425,-0.023957836069652686,3.3154845999394045,0.08477189391851425,nan,nan,nan,nan,nan,nan,nan,nan,377,100.31196000000392,-339.01193633952266,-228.42838196286482,nan
1109,-329.0309655841399,-160.51020087813131,54.40564401029787,0.08681535720825195,-0.17426989883565563,-0.6373353693452949,68.64764452680411,1.331906706468205,0.01,0.0,0.02,0.5,0.8681535720825195,-0.01657742299969702,3.8243529049673772,0.08681535720825195,nan,nan,nan,nan,nan,nan,nan,nan,377,100.28180000000393,-339.01193633952266,-228.42838196286482,nan
1110,-329.4688705426714,-160.44805890555128,54.65708079470349,0.08210285007953644,-0.1722717913520933,-0.6493773899401902,68.646882141724,1.3188341350805646,0.01,0.0,0.02,0.5,0.8210285007953644,-0.019121764524836885,3.5442748973392573,0.08210285007953644,nan,nan,nan,nan,nan,nan,nan,nan,377,100.26672000000393,-339.01193633952266,-228.42838196286482,nan
1111,-329.8772224493052,-160.7587842162523,54.519958465101105,0.0806555449962616,-0.14791502753737215,-0.6526357199055862,68.20076591999438,1.326515641116847,0.01,0.0,0.02,0.5,0.806555449962616,-0.017721374486696286,3.85128309254855,0.0806555449962616,nan,nan,nan,nan,nan,nan,nan,nan,378,100.53652000000395,-338.90211640211646,-228.35978835978835,nan
1112,-330.41505079326,-161.13138784355422,54.199813512938825,0.08157720416784286,-0.1452103147367389,-0.6536915383861163,67.76199612334501,1.3684190295799874,0.01,0.0,0.02,0.5,0.8157720416784286,-0.019256415462742753,4.782710578753505,0.08157720416784286,nan,nan,nan,nan,nan,nan,nan,nan,378,100.50628000000395,-338.90211640211646,-228.35978835978835,nan
1113,-330.8390493836291,-161.68474511923026,53.84033726481608,0.08623325824737549,-0.1393434868981175,-0.6393907861129505,67.0077204563291,1.4062723833165445,0.01,0.0,0.02,0.5,0.8623325824737549,-0.023913552893767526,5.24243057088299,0.08623325824737549,nan,nan,nan,nan,nan,nan,nan,nan,379,100.79112000000396,-338.8456464379948,-228.21240105540892,nan
1114,-330.89724945417225,-162.31806389143827,53.977396602345834,0.09024845063686371,-0.10927872417542586,-0.6301196085538238,66.37198720010937,1.413156181974049,0.01,0.0,0.02,0.5,0.9024845063686371,-0.02621215285441495,3.8130518589743962,0.09024845063686371,nan,nan,nan,nan,nan,nan,nan,nan,379,100.76080000000395,-338.8456464379948,-228.21240105540892,nan
1115,-330.5497362283843,-162.43533470080376,54.36755467138498,0.09022214263677597,-0.10927872417542586,-0.6301196085538238,66.29814917796762,1.382402584549078,0.01,0.0,0.02,0.5,0.9022214263677597,-0.019065259294871982,3.884693623326515,0.09022214263677597,nan,nan,nan,nan,nan,nan,nan,nan,379,100.73048000000396,-338.8456464379948,-228.21240105540892,nan
1116,-330.31188143790604,-162.0920474107586,54.86943359096727,0.08718260377645493,-0.13313443967928404,-0.6337870594816335,66.66878063359464,1.3805056271307754,0.01,0.0,0.02,0.5,0.8718260377645493,-0.019423468116632574,4.23869352831272,0.08718260377645493,nan,nan,nan,nan,nan,nan,nan,nan,379,100.71532000000397,-338.8456464379948,-228.21240105540892,nan
1117,-330.4724866613952,-161.8364509157109,55.316485641983746,0.08716990798711777,-0.13313443967928404,-0.6337870594816335,66.90199220944127,1.3849514629933048,0.01,0.0,0.02,0.5,0.8716990798711777,-0.0211934676415636,3.2987670403161,0.08716990798711777,nan,nan,nan,nan,nan,nan,nan,nan,379,100.68500000000398,-338.8456464379948,-228.21240105540892,nan
1118,-330.9071970791792,-161.7275029089927,55.60059923779024,0.08714453130960464,-0.13313443967928404,-0.6337870594816335,66.95715540374918,1.3828651747880893,0.01,0.0,0.02,0.5,0.8714453130960464,-0.0164938352015805,3.6652653658684424,0.08714453130960464,nan,nan,nan,nan,nan,nan,nan,nan,379,100.65468000000399,-338.8456464379948,-228.21240105540892,nan
1119,-331.315126956243,-162.01695957149468,55.5343182484602,0.08711914718151093,-0.13313443967928404,-0.6337870594816335,66.62240761872359,1.3825158129085844,0.01,0.0,0.02,0.5,0.8711914718151093,-0.018326326829342213,3.7097700049530675,0.08711914718151093,nan,nan,nan,nan,nan,nan,nan,nan,379,100.639520000004,-338.8456464379948,-228.21240105540892,nan
1120,-331.85622565054814,-162.3665513805576,55.47446280619125,0.08710645884275436,-0.13313443967928404,-0.6337870594816335,66.21425840638526,1.4090786415518406,0.01,0.0,0.02,0.5,0.8710645884275436,-0.018548850024765338,4.365536566951213,0.08710645884275436,nan,nan,nan,nan,nan,nan,nan,nan,381,101.20908000000401,-338.61548556430444,-228.2349081364829,nan
1121,-332.23842852211675,-162.85149680251095,55.63964737767148,0.09009063988924026,-0.10927872417542586,-0.6301196085538238,65.45209772964778,1.430433593995884,0.01,0.0,0.02,0.5,0.9009063988924026,-0.021827682834756064,4.28243994563521,0.09009063988924026,nan,nan,nan,nan,nan,nan,nan,nan,383,101.77848000000401,-338.43994778067884,-228.00913838120107,nan
1122,-332.271800302773,-163.42839301527908,56.042125180077385,0.09218458086252213,-0.09446369856927037,-0.6281880387452234,64.87463846008893,1.5058666944342265,0.01,0.0,0.02,0.5,0.9218458086252213,-0.02141219972817605,4.167052272212341,0.09218458086252213,nan,nan,nan,nan,nan,nan,nan,nan,383,101.763160000004,-338.43994778067884,-228.00913838120107,nan
1123,-331.8676984942202,-163.66305302069273,56.563135615779,0.09967020153999329,-0.09077646295996109,-0.5921543199870319,64.7193139004387,1.4659248718188076,0.01,0.0,0.02,0.5,0.9967020153999329,-0.020835261361061702,4.7941001143878985,0.09967020153999329,nan,nan,nan,nan,nan,nan,nan,nan,384,102.03248000000401,-338.3203125,-228.05989583333326,nan
1124,-331.34468191368757,-163.5882197201396,57.064738457404275,0.09598953276872635,-0.12430332714068565,-0.5928052693801722,64.84794864081087,1.4678834322150345,0.01,0.0,0.02,0.5,0.9598953276872635,-0.023970500571939495,4.346025883042893,0.09598953276872635,nan,nan,nan,nan,nan,nan,nan,nan,384,102.00176000000403,-338.3203125,-228.05989583333326,nan
1125,-331.204066007075,-163.44900686210968,57.069845408092014,0.09596136212348938,-0.12430332714068565,-0.5928052693801722,65.00159950185724,1.4853201601780768,0.01,0.0,0.02,0.5,0.9596136212348938,-0.021730129415214464,0.8304992143846294,0.09596136212348938,nan,nan,nan,nan,nan,nan,nan,nan,384,101.98640000000402,-338.3203125,-228.05989583333326,nan
1126,-331.33024126800456,-162.96742717362588,56.8214878932016,0.095947265625,-0.12430332714068565,-0.5928052693801722,65.46671346603064,1.467616475329004,0.01,0.0,0.02,0.5,0.95947265625,-0.004152496071923147,4.314921715815419,0.095947265625,nan,nan,nan,nan,nan,nan,nan,nan,384,101.95568000000404,-338.3203125,-228.05989583333326,nan
1127,-331.7097081874739,-162.5594453759963,56.44145373262934,0.09591910243034363,-0.12430332714068565,-0.5928052693801722,65.8331914727734,1.3991702620214082,0.01,0.0,0.02,0.5,0.9591910243034363,-0.021574608579077097,4.030499139907846,0.09591910243034363,nan,nan,nan,nan,nan,nan,nan,nan,384,101.92496000000403,-338.3203125,-228.05989583333326,nan
1128,-332.23393471355826,-162.40017748932638,56.001809792320145,0.08893228322267532,-0.11742666544823177,-0.6324591062779858,65.9412056878975,1.4277620610491009,0.01,0.0,0.02,0.5,0.8893228322267532,-0.02015249569953923,4.521202864337534,0.08893228322267532,nan,nan,nan,nan,nan,nan,nan,nan,384,101.90960000000405,-338.3203125,-228.05989583333326,nan
1129,-332.5408236720431,-162.63491078658754,55.52758783233459,0.09203680604696274,-0.09446369856927037,-0.6281880387452234,65.5464761778102,1.440222058571299,0.01,0.0,0.02,0.5,0.9203680604696274,-0.02260601432168767,4.035138075168893,0.09203680604696274,nan,nan,nan,nan,nan,nan,nan,nan,385,102.17884000000404,-338.2922077922078,-227.92857142857144,nan
1130,-332.4575766389833,-162.871405328741,55.063750176542534,0.09303977340459824,-0.09323906319045513,-0.6266902342023861,65.31828060838028,1.4446286691896744,0.01,0.0,0.02,0.5,0.9303977340459824,-0.020175690375844466,3.099528041032423,0.09303977340459824,nan,nan,nan,nan,nan,nan,nan,nan,385,102.14804000000404,-338.2922077922078,-227.92857142857144,nan
1131,-332.0721020047794,-162.60212482360313,55.091728575982195,0.09301263093948364,-0.09323906319045513,-0.6266902342023861,65.62190443776053,1.440779762508821,0.01,0.0,0.02,0.5,0.9301263093948364,-0.015497640205162116,3.8421535010434043,0.09301263093948364,nan,nan,nan,nan,nan,nan,nan,nan,385,102.13264000000407,-338.2922077922078,-227.92857142857144,nan
1132,-331.3944429102887,-162.14464294887694,55.41136719135928,0.09299905598163605,-0.09323906319045513,-0.6266902342023861,66.01037942965424,1.409130819678243,0.01,0.0,0.02,0.5,0.9299905598163605,-0.01921076750521702,5.708555531514473,0.09299905598163605,nan,nan,nan,nan,nan,nan,nan,nan,386,102.40176000000406,-338.2512953367876,-227.7979274611398,nan
1133,-330.9571523013408,-161.73594922193612,55.882760492971045,0.09076736122369766,-0.11484593837535019,-0.6291677961507183,66.48555832829342,1.366401181184135,0.01,0.0,0.02,0.5,0.9076736122369766,-0.028542777657572366,4.27051449559486,0.09076736122369766,nan,nan,nan,nan,nan,nan,nan,nan,387,102.67080000000408,-338.10723514211884,-227.83591731266154,nan
1134,-330.8403870175795,-161.47994298671662,56.34041455101846,0.08577536791563034,-0.11927117225992374,-0.6415357441665892,66.75269590369052,1.3722933848817827,0.01,0.0,0.02,0.5,0.8577536791563034,-0.0213525724779743,3.067063647117597,0.08577536791563034,nan,nan,nan,nan,nan,nan,nan,nan,387,102.65532000000408,-338.10723514211884,-227.83591731266154,nan
1135,-330.67823123513926,-161.26509449818886,56.47038505348644,0.0857628732919693,-0.11927117225992374,-0.6415357441665892,66.98406190464888,1.3776400128191668,0.01,0.0,0.02,0.5,0.857628732919693,-0.015335318235587985,1.9477893673189997,0.0857628732919693,nan,nan,nan,nan,nan,nan,nan,nan,387,102.62436000000409,-338.10723514211884,-227.83591731266154,nan
1136,-330.19067247459856,-160.90025837654875,56.274307569500905,0.08573789149522781,-0.11927117225992374,-0.6415357441665892,67.40218395334377,1.3644516991597846,0.01,0.0,0.02,0.5,0.8573789149522781,-0.009738946836594998,4.5354795650157484,0.08573789149522781,nan,nan,nan,nan,nan,nan,nan,nan,387,102.5934000000041,-338.10723514211884,-227.83591731266154,nan
1137,-330.0462162175984,-160.33713902860654,55.90718162033157,0.08571290224790573,-0.11927117225992374,-0.6415357441665892,67.97841639771767,1.36539175054614,0.01,0.0,0.02,0.5,0.8571290224790573,-0.022677397825078743,4.322459178796932,0.08571290224790573,nan,nan,nan,nan,nan,nan,nan,nan,387,102.57792000000408,-338.10723514211884,-227.83591731266154,nan
1138,-330.06462451611435,-159.76336944254584,55.469765877456375,0.08570040762424469,-0.11927117225992374,-0.6415357441665892,68.63683980289323,1.3644313366680672,0.01,0.0,0.02,0.5,0.8570040762424469,-0.02161229589398466,4.4645694202318085,0.08570040762424469,nan,nan,nan,nan,nan,nan,nan,nan,388,102.8469200000041,-338.01546391752584,-227.9381443298969,nan
1139,-329.9433707353549,-159.3294473369212,55.017554795867724,0.08567541837692261,-0.11927117225992374,-0.6415357441665892,68.91169495242909,1.3772263517760301,0.01,0.0,0.02,0.5,0.8567541837692261,-0.022322847101159043,3.6495506210513082,0.08567541837692261,nan,nan,nan,nan,nan,nan,nan,nan,389,103.1158000000041,-337.9884318766067,-227.76992287917733,nan
1140,-329.6810580870091,-158.8030046332402,54.552592502619014,0.08654741197824478,-0.11797235023041479,-0.6364976958525346,69.4654466020472,1.2768980164830852,0.01,0.0,0.02,0.5,0.8654741197824478,-0.01824775310525654,4.920800298353672,0.08654741197824478,nan,nan,nan,nan,nan,nan,nan,nan,389,103.1002400000041,-337.9884318766067,-227.76992287917733,nan
1141,-329.48265425945715,-158.0927233537202,54.48186672511041,0.07715020328760147,-0.136235515189477,-0.6676062219438355,70.19444697825296,1.277928226443122,0.01,0.0,0.02,0.5,0.7715020328760147,-0.024604001491768362,4.67026939948594,0.07715020328760147,nan,nan,nan,nan,nan,nan,nan,nan,389,103.0691200000041,-337.9884318766067,-227.76992287917733,nan
1142,-329.143400356593,-157.3370649789497,54.722386463046966,0.07712796330451965,-0.136235515189477,-0.6676062219438355,70.85699588493864,1.2830572665731905,0.01,0.0,0.02,0.5,0.7712796330451965,-0.0233513469974297,5.556673745298438,0.07712796330451965,nan,nan,nan,nan,nan,nan,nan,nan,392,103.93784000000412,-337.8826530612246,-227.65306122448976,nan
1143,-329.0211004842381,-156.64797577779996,55.05694659734608,0.0780840665102005,-0.12019724676392023,-0.6685843435381138,71.55591710939366,1.2880179924355712,0.01,0.0,0.02,0.5,0.780840665102005,-0.027783368726492192,4.542021858955101,0.0780840665102005,nan,nan,nan,nan,nan,nan,nan,nan,392,103.92216000000413,-337.8826530612246,-227.65306122448976,nan
1144,-328.6660714270182,-156.02794839007657,55.038218590591995,0.07807281613349915,-0.12019724676392023,-0.6685843435381138,72.21566426726552,1.2596129992485119,0.01,0.0,0.02,0.5,0.7807281613349915,-0.022710109294775505,4.816235485075482,0.07807281613349915,nan,nan,nan,nan,nan,nan,nan,nan,392,103.89080000000413,-337.8826530612246,-227.65306122448976,nan
1145,-328.2830356868473,-155.39790807450782,54.74987192130492,0.07536941766738892,-0.1451066156369601,-0.6927282668124659,72.89005289106183,1.2596515452749777,0.01,0.0,0.02,0.5,0.7536941766738892,-0.02408117742537741,4.765181782101628,0.07536941766738892,nan,nan,nan,nan,nan,nan,nan,nan,392,103.85944000000416,-337.8826530612246,-227.65306122448976,nan
1146,-327.71308145639244,-154.80432395186577,54.32959829699604,0.07534774392843246,-0.1451066156369601,-0.6927282668124659,73.40871464382192,1.2639178575606584,0.01,0.0,0.02,0.5,0.7534774392843246,-0.02382590891050814,5.932469099135387,0.07534774392843246,nan,nan,nan,nan,nan,nan,nan,nan,393,104.14372000000415,-337.91984732824426,-227.5,nan
1147,-327.0896526877752,-154.15814237154547,54.11592127645694,0.07635802030563354,-0.15268817204301077,-0.6860215053763441,74.09007823965814,1.1528543514811305,0.01,0.0,0.02,0.5,0.7635802030563354,-0.029662345495676937,5.771017177833983,0.07635802030563354,nan,nan,nan,nan,nan,nan,nan,nan,395,104.71212000000415,-337.8544303797469,-227.46202531645565,nan
1148,-326.31179237402966,-153.58405719785353,53.99785389118884,0.06517094373703003,-0.2005501375343836,-0.7121780445111278,74.77423797982979,1.1505221911455286,0.01,0.0,0.02,0.5,0.6517094373703003,-0.028855085889169914,6.200375155904071,0.06517094373703003,nan,nan,nan,nan,nan,nan,nan,nan,395,104.68052000000415,-337.8544303797469,-227.46202531645565,nan
1149,-325.6326856302044,-152.84380953647803,54.15466358493495,0.06515241414308548,-0.2005501375343836,-0.7121780445111278,75.6124934842799,1.1492250964478408,0.01,0.0,0.02,0.5,0.6515241414308548,-0.031001875779520356,6.441292813703318,0.06515241414308548,nan,nan,nan,nan,nan,nan,nan,nan,395,104.66472000000417,-337.8544303797469,-227.46202531645565,nan
1150,-325.00122511162044,-152.10097602499883,54.29414766381876,0.0651431530714035,-0.2005501375343836,-0.7121780445111278,76.44928146146292,1.1163514996317618,0.01,0.0,0.02,0.5,0.651431530714035,-0.03220646406851659,6.067350372719915,0.0651431530714035,nan,nan,nan,nan,nan,nan,nan,nan,395,104.63312000000417,-337.8544303797469,-227.46202531645565,nan
1151,-324.6219833888734,-151.30798165079656,54.56772316319518,0.061668820679187775,-0.2425911355887752,-0.7096774193548387,77.29512287329251,1.1182926273638136,0.01,0.0,0.02,0.5,0.6166882067918777,-0.030336751863599576,5.644029611465785,0.061668820679187775,nan,nan,nan,nan,nan,nan,nan,nan,395,104.60152000000417,-337.8544303797469,-227.46202531645565,nan
1152,-324.14908650640524,-150.52917077572033,54.54757239809123,0.06165127456188202,-0.2425911355887752,-0.7096774193548387,78.14410123913693,1.082149877263304,0.01,0.0,0.02,0.5,0.6165127456188202,-0.028220148057328927,5.851867732764016,0.06165127456188202,nan,nan,nan,nan,nan,nan,nan,nan,395,104.58572000000419,-337.8544303797469,-227.46202531645565,nan
1153,-323.94616870573884,-149.74602350537785,54.26456430930261,0.05814092606306076,-0.22635319846910884,-0.72744669218152,78.83569058448393,1.0832167761387146,0.01,0.0,0.02,0.5,0.5814092606306076,-0.02925933866382008,5.194266461099878,0.05814092606306076,nan,nan,nan,nan,nan,nan,nan,nan,396,104.85408000000419,-337.7651515151515,-227.3611111111111,nan
1154,-323.85270016745324,-149.0010973443605,53.823344946525786,0.05791880562901497,-0.24137931034482757,-0.7291434927697442,79.58547643903009,0.9756736699590389,0.01,0.0,0.02,0.5,0.5791880562901497,-0.02597133230549939,5.291993303114088,0.05791880562901497,nan,nan,nan,nan,nan,nan,nan,nan,396,104.8224000000042,-337.7651515151515,-227.3611111111111,nan
1155,-324.01421563063224,-148.6720101813438,53.29875423602147,0.047213364392519,-0.3080124869927159,-0.7554630593132153,79.88155508523391,0.982922369420921,0.01,0.0,0.02,0.5,0.47213364392518997,-0.026459966515570442,3.8289973377396147,0.047213364392519,nan,nan,nan,nan,nan,nan,nan,nan,396,104.8065600000042,-337.7651515151515,-227.3611111111111,nan
1156,-324.3718299899213,-148.54269084126875,52.734969879830246,0.047206733375787735,-0.3080124869927159,-0.7554630593132153,79.94826098991577,0.9811351335000652,0.01,0.0,0.02,0.5,0.47206733375787735,-0.019144986688698074,4.159908534056791,0.047206733375787735,nan,nan,nan,nan,nan,nan,nan,nan,396,104.7748800000042,-337.7651515151515,-227.3611111111111,nan
1157,-324.8720216145243,-148.44982596773164,52.15782509997515,0.04719346761703491,-0.3080124869927159,-0.7554630593132153,79.95763704371325,1.007876918447195,0.01,0.0,0.02,0.5,0.4719346761703491,-0.020799542670283958,4.855033371413062,0.04719346761703491,nan,nan,nan,nan,nan,nan,nan,nan,396,104.74320000000421,-337.7651515151515,-227.3611111111111,nan
1158,-325.37952946744446,-148.08521568793103,51.59020751067852,0.050215207040309906,-0.266893039049236,-0.7602716468590832,80.23759236577096,1.0049376227079811,0.01,0.0,0.02,0.5,0.5021520704030991,-0.02427516685706531,5.4287542975150895,0.050215207040309906,nan,nan,nan,nan,nan,nan,nan,nan,396,104.72736000000421,-337.7651515151515,-227.3611111111111,nan
1159,-325.7228134761758,-147.9518045427419,51.1309817010595,0.05020814761519432,-0.266893039049236,-0.7602716468590832,80.31722029001129,1.0151912332059168,0.01,0.0,0.02,0.5,0.5020814761519432,-0.02714377148757545,3.3498034381623656,0.05020814761519432,nan,nan,nan,nan,nan,nan,nan,nan,396,104.69568000000422,-337.7651515151515,-227.3611111111111,nan
1160,-325.73214085287043,-148.18409825656872,50.764862732280285,0.05019402876496315,-0.266893039049236,-0.7602716468590832,79.94839819866945,1.048151508364301,0.01,0.0,0.02,0.5,0.5019402876496315,-0.01674901719081183,3.0043867045201873,0.05019402876496315,nan,nan,nan,nan,nan,nan,nan,nan,397,104.96396000000422,-337.8400503778337,-227.21032745591947,nan
1161,-325.2658516275199,-148.50429484684636,50.50604348421808,0.053317345678806305,-0.26136900078678205,-0.7400472069236821,79.70414069088802,1.0407335204712989,0.01,0.0,0.02,0.5,0.533173456788063,-0.015021933522600938,4.472987754495104,0.053317345678806305,nan,nan,nan,nan,nan,nan,nan,nan,397,104.94808000000421,-337.8400503778337,-227.21032745591947,nan
1162,-324.64472850378064,-148.93593829437472,50.6432104970444,0.0533098429441452,-0.26136900078678205,-0.7400472069236821,79.46394162923268,1.0383097082288208,0.01,0.0,0.02,0.5,0.533098429441452,-0.022364938772475522,4.927757145739759,0.0533098429441452,nan,nan,nan,nan,nan,nan,nan,nan,398,105.21628000000423,-337.6758793969849,-227.3241206030151,nan
1163,-323.86797376565886,-149.35254851922775,50.804947380801295,0.053294841200113297,-0.26136900078678205,-0.7400472069236821,79.18474797043211,1.0339019601750101,0.01,0.0,0.02,0.5,0.532948412001133,-0.024638785728698792,5.779289857392997,0.053294841200113297,nan,nan,nan,nan,nan,nan,nan,nan,398,105.18444000000424,-337.6758793969849,-227.3241206030151,nan
1164,-323.1716953870826,-149.96578782290342,50.89494371869576,0.05327984318137169,-0.26136900078678205,-0.7400472069236821,78.70630854201973,1.0329305156448472,0.01,0.0,0.02,0.5,0.5327984318137169,-0.028896449286964984,5.958582234800117,0.05327984318137169,nan,nan,nan,nan,nan,nan,nan,nan,398,105.16852000000424,-337.6758793969849,-227.3241206030151,nan
1165,-322.4840934146443,-150.11055098352534,51.18370224433217,0.05327234044671059,-0.26136900078678205,-0.7400472069236821,78.69387329847879,1.0060317912096783,0.01,0.0,0.02,0.5,0.5327234044671059,-0.029792911174000587,4.871437740425165,0.05327234044671059,nan,nan,nan,nan,nan,nan,nan,nan,398,105.13668000000425,-337.6758793969849,-227.3241206030151,nan
1166,-321.9339178703627,-149.8766127556345,51.206922246105734,0.0500388965010643,-0.2948614037931594,-0.7386934673366835,79.03116995512424,1.0129575724001487,0.01,0.0,0.02,0.5,0.500388965010643,-0.024357188702125825,3.458100426281283,0.0500388965010643,nan,nan,nan,nan,nan,nan,nan,nan,398,105.10484000000426,-337.6758793969849,-227.3241206030151,nan
1167,-321.6491506022697,-149.4796556042237,51.50216446469531,0.05002480745315552,-0.2948614037931594,-0.7386934673366835,79.47714619189226,1.0125152240106339,0.01,0.0,0.02,0.5,0.5002480745315552,-0.017290502131406416,3.532479566159366,0.05002480745315552,nan,nan,nan,nan,nan,nan,nan,nan,398,105.08892000000426,-337.6758793969849,-227.3241206030151,nan
1168,-321.7468115315503,-149.19211897287943,51.36135526840689,0.050017762929201126,-0.2948614037931594,-0.7386934673366835,79.56517171660651,1.030527669285567,0.01,0.0,0.02,0.5,0.5001776292920113,-0.01766239783079683,2.0984551718172977,0.050017762929201126,nan,nan,nan,nan,nan,nan,nan,nan,399,105.35700000000426,-337.66290726817044,-227.14912280701753,nan
1169,-322.23945511027654,-149.01992023466,51.00212142074958,0.05110200121998787,-0.2934697088906373,-0.7233674272226592,79.72768307520013,1.0191157566659839,0.01,0.0,0.02,0.5,0.5110200121998787,-0.010492275859086488,4.3520844150942155,0.05110200121998787,nan,nan,nan,nan,nan,nan,nan,nan,401,105.92496000000428,-337.425187032419,-227.28802992518706,nan
1170,-322.8852307780783,-148.83847361558014,50.53601436214504,0.05108761787414551,-0.2934697088906373,-0.7233674272226592,79.78560780649808,1.0163661962980075,0.01,0.0,0.02,0.5,0.5108761787414551,-0.02176042207547108,4.887596006511755,0.05108761787414551,nan,nan,nan,nan,nan,nan,nan,nan,401,105.90892000000429,-337.425187032419,-227.28802992518706,nan
1171,-323.39100039124617,-148.93441005905572,50.02968277323729,0.05108042433857918,-0.2934697088906373,-0.7233674272226592,79.49137239536209,1.0511733615739172,0.01,0.0,0.02,0.5,0.5108042433857918,-0.024437980032558777,4.47156357083668,0.05108042433857918,nan,nan,nan,nan,nan,nan,nan,nan,402,106.1767600000043,-337.2885572139303,-227.20149253731347,nan
1172,-323.9890738767464,-149.15138346376534,49.50574975217898,0.054353125393390656,-0.25882174769044375,-0.7207330001514464,79.27018380846482,1.0265359685631406,0.01,0.0,0.02,0.5,0.5435312539339066,-0.0223578178541834,5.368429227435379,0.054353125393390656,nan,nan,nan,nan,nan,nan,nan,nan,404,106.74452000000429,-337.2648514851485,-227.3019801980197,nan
1173,-324.4343263801088,-149.60219115650145,49.06104845256384,0.05433781445026398,-0.25882174769044375,-0.7207330001514464,78.75201325405905,1.0280557547899927,0.01,0.0,0.0,0.5,0.5433781445026398,-0.026842146137176896,5.049165509286643,0.05433781445026398,nan,nan,nan,nan,nan,nan,nan,nan,404,106.7283600000043,-337.2648514851485,-227.3019801980197,nan
1174,-324.74265493488696,-150.10170151168867,48.61112873602502,0.05433015525341034,-0.25882174769044375,-0.7207330001514464,78.05372447568907,1.042711039219068,0.01,0.0,0.0,0.5,0.5433015525341034,-0.025245827546433217,4.430911891904201,0.05433015525341034,nan,nan,nan,nan,nan,nan,nan,nan,405,106.9960000000043,-337.2037037037037,-227.15432098765427,nan
1175,-324.5846758821248,-150.36181340136108,48.29794945090234,0.055486567318439484,-0.24348210340256293,-0.7139490352040064,77.87051640622609,1.0483969200573058,0.01,0.0,0.0,0.5,0.5548656731843948,-0.022154559459521005,3.262502890394306,0.055486567318439484,nan,nan,nan,nan,nan,nan,nan,nan,406,107.26356000000432,-337.04433497536934,-227.22906403940885,nan
1176,-324.11160830218,-150.6768204369553,48.232361573783706,0.05547093600034714,-0.24348210340256293,-0.7139490352040064,77.63698487043926,1.046174591366065,0.01,0.0,0.0,0.5,0.5547093600034714,-0.01631251445197153,3.691328369853421,0.05547093600034714,nan,nan,nan,nan,nan,nan,nan,nan,406,107.2473200000043,-337.04433497536934,-227.22906403940885,nan
1177,-323.3897678186791,-150.96824405738272,48.34181113911259,0.05546312779188156,-0.24348210340256293,-0.7139490352040064,77.47360756133382,1.0287277722290682,0.01,0.0,0.0,0.5,0.5546312779188156,-0.018456641849267107,5.41067266600279,0.05546312779188156,nan,nan,nan,nan,nan,nan,nan,nan,406,107.21484000000432,-337.04433497536934,-227.22906403940885,nan
1178,-322.7989875087804,-151.4458601277202,48.4979585333455,0.054578106850385666,-0.2646329003065246,-0.7130345934900014,77.13291628910714,1.0685817227424226,0.01,0.0,0.0,0.5,0.5457810685038567,-0.02705336333001395,4.6825621592791675,0.054578106850385666,nan,nan,nan,nan,nan,nan,nan,nan,408,107.78228000000433,-336.7647058823529,-227.30392156862752,nan
1179,-322.1205249616948,-151.65222421053224,48.70717287616211,0.05819946154952049,-0.26511249661154784,-0.6896177825969098,76.90352297865637,1.0803457578440312,0.01,0.0,0.0,0.5,0.5819946154952049,-0.023412810796395837,4.978418659770428,0.05819946154952049,nan,nan,nan,nan,nan,nan,nan,nan,409,108.06592000000433,-336.7176039119805,-227.15770171149143,nan
1180,-321.7668154049784,-151.53539558596867,48.557625189833146,0.05952378734946251,-0.25859770727805914,-0.6846174353505732,77.08605101264031,1.0957131845291221,0.01,0.0,0.0,0.5,0.5952378734946251,-0.02489209329885214,1.8715785635359246,0.05952378734946251,nan,nan,nan,nan,nan,nan,nan,nan,409,108.03320000000433,-336.7176039119805,-227.15770171149143,nan
1181,-321.8935630498872,-151.20369399453605,48.675663283708246,0.0595071017742157,-0.25859770727805914,-0.6846174353505732,77.45386419949612,1.0534383209325582,0.01,0.0,0.0,0.5,0.595071017742157,-0.009357892817679623,2.8499592189448903,0.0595071017742157,nan,nan,nan,nan,nan,nan,nan,nan,410,108.30040000000433,-336.56097560975604,-227.2560975609756,nan
1182,-322.1834115353719,-150.55322666000782,48.58543979355326,0.05576881021261215,-0.2592165898617511,-0.709389400921659,78.06265498202755,1.0419556314963296,0.01,0.0,0.0,0.5,0.5576881021261215,-0.014249796094724453,5.130833005543628,0.05576881021261215,nan,nan,nan,nan,nan,nan,nan,nan,412,108.88392000000435,-336.3592233009708,-227.31796116504847,nan
1183,-322.66152028466894,-150.09993291480973,48.42863204514132,0.05576098710298538,-0.2592165898617511,-0.709389400921659,78.42353571968988,1.0473197930339226,0.01,0.0,0.0,0.5,0.5576098710298538,-0.02565416502771814,4.02672018044692,0.05576098710298538,nan,nan,nan,nan,nan,nan,nan,nan,412,108.85096000000435,-336.3592233009708,-227.31796116504847,nan
1184,-323.26912482899314,-149.91056199283037,48.073037594120876,0.05574534088373184,-0.2592165898617511,-0.709389400921659,78.45940558148699,1.0439777969719102,0.01,0.0,0.0,0.5,0.5574534088373184,-0.020133600902234598,4.663838875271266,0.05574534088373184,nan,nan,nan,nan,nan,nan,nan,nan,413,109.11792000000436,-336.2893462469733,-227.28208232445525,nan
1185,-323.76776381224636,-150.15675568576336,47.61789640094207,0.0557297021150589,-0.25806451612903225,-0.7117117117117117,78.13517796610294,1.0437365096886242,0.01,0.0,0.0,0.5,0.557297021150589,-0.023319194376356333,4.696456073139403,0.0557297021150589,nan,nan,nan,nan,nan,nan,nan,nan,413,109.10140000000436,-336.2893462469733,-227.28208232445525,nan
1186,-324.3479555729362,-150.4950233832257,47.13503997753544,0.05572188273072243,-0.25806451612903225,-0.7117117117117117,77.71003302067139,1.0774251103007142,0.01,0.0,0.0,0.5,0.5572188273072243,-0.02348228036569702,5.362348087562253,0.05572188273072243,nan,nan,nan,nan,nan,nan,nan,nan,413,109.06836000000436,-336.2893462469733,-227.28208232445525,nan
1187,-324.37277113813906,-150.89475498444912,47.020074721696744,0.05942367762327194,-0.25859770727805914,-0.6846174353505732,77.31124459270937,1.0868231419694987,0.01,0.0,0.0,0.5,0.5942367762327194,-0.026811740437811267,3.4493631527311392,0.05942367762327194,nan,nan,nan,nan,nan,nan,nan,nan,413,109.03532000000438,-336.2893462469733,-227.28208232445525,nan
1188,-324.0107272116892,-151.38667910346769,47.24675762301653,0.05940699577331543,-0.25859770727805914,-0.6846174353505732,76.88222626517738,1.0837895704985134,0.01,0.0,0.0,0.5,0.5940699577331543,-0.017246815763655696,4.039388146391072,0.05940699577331543,nan,nan,nan,nan,nan,nan,nan,nan,413,109.01880000000438,-336.2893462469733,-227.28208232445525,nan
1189,-323.39008198629443,-151.5690135377486,47.65872432855514,0.059398651123046875,-0.25859770727805914,-0.6846174353505732,76.80403507347386,1.0780216218636582,0.01,0.0,0.0,0.5,0.5939865112304688,-0.02019694073195536,5.159599272287888,0.059398651123046875,nan,nan,nan,nan,nan,nan,nan,nan,413,108.98576000000439,-336.2893462469733,-227.28208232445525,nan
1190,-322.72652410617883,-151.86319731812821,48.13391448166936,0.059381965547800064,-0.25859770727805914,-0.6846174353505732,76.62870454353515,1.0770845515338783,0.01,0.0,0.0,0.5,0.5938196554780006,-0.02579799636143944,5.313658579027568,0.059381965547800064,nan,nan,nan,nan,nan,nan,nan,nan,413,108.9527200000044,-336.2893462469733,-227.28208232445525,nan
1191,-322.09319265476415,-151.7894874488722,48.58328101505807,0.05936528369784355,-0.25859770727805914,-0.6846174353505732,76.81577089284792,1.0781282362593556,0.01,0.0,0.0,0.5,0.5936528369784355,-0.026568292895137843,5.088232333395004,0.05936528369784355,nan,nan,nan,nan,nan,nan,nan,nan,413,108.93620000000438,-336.2893462469733,-227.28208232445525,nan
1192,-321.5362450390841,-151.40514043240697,48.67334385516142,0.059356939047575,-0.25859770727805914,-0.6846174353505732,77.29789328396663,1.045294265076003,0.01,0.0,0.0,0.5,0.59356939047575,-0.02544116166697502,4.197221890194871,0.059356939047575,nan,nan,nan,nan,nan,nan,nan,nan,413,108.9031600000044,-336.2893462469733,-227.28208232445525,nan
1193,-321.1057067411689,-150.75490261346778,48.50925093510916,0.055628031492233276,-0.25806451612903225,-0.7117117117117117,78.01892169954668,1.0063913894518677,0.01,0.0,0.0,0.5,0.5562803149223328,-0.020986109450974354,5.167036516975097,0.055628031492233276,nan,nan,nan,nan,nan,nan,nan,nan,413,108.87012000000442,-336.2893462469733,-227.28208232445525,nan
1194,-320.66923239212247,-150.0678056283975,48.144781299162084,0.05222265422344208,-0.31172305271439815,-0.706372934697089,78.75323316424533,1.004606088817226,0.01,0.0,0.0,0.5,0.5222265422344208,-0.025835182584875487,5.509410059430789,0.05222265422344208,nan,nan,nan,nan,nan,nan,nan,nan,414,109.1535600000044,-336.159420289855,-227.28260869565224,nan
1195,-320.53676426533696,-149.8460571479473,47.668893397645,0.05221531540155411,-0.31172305271439815,-0.706372934697089,78.9458284790288,1.0174636308709921,0.01,0.0,0.0,0.5,0.5221531540155411,-0.027547050297153947,2.908528479732223,0.05221531540155411,nan,nan,nan,nan,nan,nan,nan,nan,415,109.4204000000044,-336.0783132530121,-227.24698795180734,nan
1196,-320.8310049285899,-149.90531862447483,47.1451508908848,0.052200622856616974,-0.31172305271439815,-0.706372934697089,78.8302874882392,1.0451558448459524,0.01,0.0,0.0,0.5,0.5220062285661697,-0.014542642398661114,4.115400282823711,0.052200622856616974,nan,nan,nan,nan,nan,nan,nan,nan,415,109.38720000000443,-336.0783132530121,-227.24698795180734,nan
1197,-321.1909547022729,-150.21201873349875,46.60774590932519,0.05557328462600708,-0.25806451612903225,-0.7117117117117117,78.46030797214614,1.079816596381196,0.01,0.0,0.0,0.5,0.5557328462600708,-0.020577001414118556,4.583714987371636,0.05557328462600708,nan,nan,nan,nan,nan,nan,nan,nan,415,109.37060000000443,-336.0783132530121,-227.24698795180734,nan
1198,-321.6398852945584,-150.22641248084508,46.06958635717875,0.05927351489663124,-0.25859770727805914,-0.6846174353505732,78.36221824189033,0.9489572368111947,0.01,0.0,0.0,0.5,0.5927351489663124,-0.02291857493685818,4.70965651578229,0.05927351489663124,nan,nan,nan,nan,nan,nan,nan,nan,415,109.33740000000442,-336.0783132530121,-227.24698795180734,nan
1199,-322.1366828271644,-150.3415422991018,45.963300020390285,0.04625055193901062,-0.3139341536415032,-0.7026937146657799,78.07749781134757,0.9553255851252598,0.01,0.0,0.0,0.5,0.4625055193901062,-0.02354828257891145,3.410178041781539,0.04625055193901062,nan,nan,nan,nan,nan,nan,nan,nan,416,109.60412000000443,-335.94951923076917,-227.1875,nan
1200,-322.302340864121,-150.6946431249212,46.20310448881186,0.04623764753341675,-0.3139341536415032,-0.7026937146657799,77.70072477321172,1.0882932080258498,0.01,0.0,0.0,0.5,0.4623764753341675,-0.017050890208907696,2.8049699976132376,0.04623764753341675,nan,nan,nan,nan,nan,nan,nan,nan,416,109.58748000000443,-335.94951923076917,-227.1875,nan
1201,-322.13829163624035,-151.1605827991996,46.50107743076437,0.05923180654644966,-0.25859770727805914,-0.6846174353505732,77.2712245711509,1.0819220018046496,0.01,0.0,0.0,0.5,0.5923180654644966,-0.014024849988066189,4.0458326407790555,0.05923180654644966,nan,nan,nan,nan,nan,nan,nan,nan,416,109.55420000000444,-335.94951923076917,-227.1875,nan
1202,-322.0815976180669,-151.6968695858859,46.80020169323022,0.05921512097120285,-0.25859770727805914,-0.6846174353505732,76.75385677720972,1.0830012604150334,0.01,0.0,0.0,0.5,0.5921512097120285,-0.020229163203895277,3.7966023176280848,0.05921512097120285,nan,nan,nan,nan,nan,nan,nan,nan,416,109.52092000000445,-335.94951923076917,-227.1875,nan
1203,-321.68168098385684,-152.20813216840432,47.05710743384928,0.05919843539595604,-0.25859770727805914,-0.6846174353505732,76.32481122587713,1.0763276848944006,0.01,0.0,0.0,0.5,0.5919843539595604,-0.018983011588140423,5.114651963075475,0.05919843539595604,nan,nan,nan,nan,nan,nan,nan,nan,416,109.50428000000447,-335.94951923076917,-227.1875,nan
1204,-321.2265015095781,-152.82309256720865,47.26125525819526,0.05919009447097778,-0.25859770727805914,-0.6846174353505732,75.80786465564573,1.077639336617798,0.01,0.0,0.0,0.5,0.5919009447097778,-0.025573259815377374,4.818943017321737,0.05919009447097778,nan,nan,nan,nan,nan,nan,nan,nan,416,109.47100000000445,-335.94951923076917,-227.1875,nan
1205,-320.91121185570574,-153.3702851997193,47.55322156280746,0.059173405170440674,-0.25859770727805914,-0.6846174353505732,75.33347124338337,1.0803530062471658,0.01,0.0,0.0,0.5,0.5917340517044067,-0.024094715086608685,4.242854332231861,0.059173405170440674,nan,nan,nan,nan,nan,nan,nan,nan,416,109.43772000000448,-335.94951923076917,-227.1875,nan
1206,-321.025227165985,-153.82721003502485,47.92441155039983,0.05915672332048416,-0.25859770727805914,-0.6846174353505732,74.8155781584624,1.081707507177453,0.01,0.0,0.0,0.5,0.5915672332048416,-0.021214271661159304,3.9552648456373607,0.05915672332048416,nan,nan,nan,nan,nan,nan,nan,nan,417,109.72104000000449,-336.0611510791366,-227.11630695443648,nan
1207,-321.06879769957806,-154.37349629249775,48.413888906379476,0.059148386120796204,-0.25859770727805914,-0.6846174353505732,74.27171172698411,1.166048372873364,0.01,0.0,0.0,0.5,0.591483861207962,-0.019776324228186804,4.870971940219787,0.059148386120796204,nan,nan,nan,nan,nan,nan,nan,nan,417,109.68768000000449,-336.0611510791366,-227.11630695443648,nan
1208,-320.9438680857631,-154.96714822044757,48.96041528916174,0.06804031878709793,-0.2365591397849462,-0.6700119474313023,73.8028898374366,1.1656887788611034,0.01,0.0,0.0,0.5,0.6804031878709793,-0.024354859701098935,4.904123881709982,0.06804031878709793,nan,nan,nan,nan,nan,nan,nan,nan,418,109.95428000000449,-335.909090909091,-227.23684210526312,nan
1209,-320.75216777950595,-155.14452223508962,49.54820260177938,0.06802093982696533,-0.2365591397849462,-0.6700119474313023,73.66841183994373,1.1706884303007938,0.01,0.0,0.0,0.5,0.6802093982696533,-0.02452061940854991,3.884810163290947,0.06802093982696533,nan,nan,nan,nan,nan,nan,nan,nan,418,109.93756000000448,-335.909090909091,-227.23684210526312,nan
1210,-320.75933766451584,-154.9520013420892,49.99894654138917,0.06801124662160873,-0.2365591397849462,-0.6700119474313023,73.71967628347295,1.1849340399577528,0.01,0.0,0.0,0.5,0.6801124662160873,-0.019424050816454735,3.3403614267844053,0.06801124662160873,nan,nan,nan,nan,nan,nan,nan,nan,420,110.50404000000451,-335.80952380952385,-227.1190476190476,nan
1211,-320.9978408359687,-155.04678987057505,49.979329473518845,0.06916359066963196,-0.24022214344794984,-0.6684390877939266,73.70610038258619,1.1896918658878775,0.01,0.0,0.0,0.5,0.6916359066963196,-0.016701807133922025,2.349433333349807,0.06916359066963196,nan,nan,nan,nan,nan,nan,nan,nan,421,110.7704000000045,-335.8610451306413,-227.23871733966746,nan
1212,-321.5021766116127,-155.28262959585908,49.700904897572336,0.06914390623569489,-0.24022214344794984,-0.6684390877939266,73.37476179546617,1.1796775976812777,0.01,0.0,0.0,0.5,0.6914390623569489,-0.011747166666749036,4.332593600035961,0.06914390623569489,nan,nan,nan,nan,nan,nan,nan,nan,421,110.75356000000451,-335.8610451306413,-227.23871733966746,nan
1213,-321.93644861938,-155.76054094780696,49.30091451006946,0.06913405656814575,-0.24022214344794984,-0.6684390877939266,72.82186545473382,1.1760678459387561,0.01,0.0,0.0,0.5,0.6913405656814575,-0.021662968000179802,5.01518104113063,0.06913405656814575,nan,nan,nan,nan,nan,nan,nan,nan,421,110.71988000000451,-335.8610451306413,-227.23871733966746,nan
1214,-322.4568250211548,-156.21614864665975,49.000119870198134,0.06911437958478928,-0.24022214344794984,-0.6684390877939266,72.2764026532627,1.2094256699696755,0.01,0.0,0.0,0.5,0.6911437958478928,-0.02507590520565315,4.912453400779248,0.06911437958478928,nan,nan,nan,nan,nan,nan,nan,nan,421,110.68620000000453,-335.8610451306413,-227.23871733966746,nan
1215,-322.4231884135284,-156.67650290582253,49.14410652199254,0.07239879667758942,-0.20743727598566314,-0.6662186379928315,71.83037031059752,1.2142418381394173,0.01,0.0,0.0,0.5,0.7239879667758942,-0.024562267003896243,3.928596559738621,0.07239879667758942,nan,nan,nan,nan,nan,nan,nan,nan,421,110.66936000000453,-335.8610451306413,-227.23871733966746,nan
1216,-322.00199787140303,-157.1203995507079,49.47146337079902,0.07238847762346268,-0.20743727598566314,-0.6662186379928315,71.2672824786615,1.2509026455600067,0.01,0.0,0.0,0.5,0.7238847762346268,-0.019642982798693105,4.141858583311133,0.07238847762346268,nan,nan,nan,nan,nan,nan,nan,nan,424,111.53544000000454,-335.5542452830189,-227.08726415094338,nan
1217,-321.37886312022164,-157.17281531748975,49.75710099015746,0.07616119831800461,-0.21933326140899775,-0.6385802136152767,71.14723196413331,1.2118872785780264,0.01,0.0,0.0,0.5,0.7616119831800461,-0.020709292916555665,4.741925235322467,0.07616119831800461,nan,nan,nan,nan,nan,nan,nan,nan,426,112.10140000000453,-335.45774647887333,-226.91314553990605,nan
1218,-320.95346413559497,-157.16527516723545,49.65330023232323,0.07255968451499939,-0.22065412186379932,-0.6478494623655915,71.24001423228661,1.2254465778687633,0.01,0.0,0.0,0.5,0.7255968451499939,-0.023709626176612333,2.009418328224868,0.07255968451499939,nan,nan,nan,nan,nan,nan,nan,nan,426,112.08436000000454,-335.45774647887333,-226.91314553990605,nan
1219,-320.83214695523685,-156.92613701624848,49.34528914575479,0.07254936546087265,-0.22065412186379932,-0.6478494623655915,71.45202495634203,1.2215379674791784,0.01,0.0,0.0,0.5,0.7254936546087265,-0.01004709164112434,2.7498939919573067,0.07254936546087265,nan,nan,nan,nan,nan,nan,nan,nan,427,112.35024000000453,-335.33372365339574,-226.89110070257607,nan
1220,-320.9368433363238,-156.41713688266938,48.93436384188009,0.07252874970436096,-0.22065412186379932,-0.6478494623655915,71.92947754122513,1.2124700725546402,0.01,0.0,0.0,0.5,0.7252874970436096,-0.013749469959786534,4.522226562680374,0.07252874970436096,nan,nan,nan,nan,nan,nan,nan,nan,427,112.31608000000455,-335.33372365339574,-226.89110070257607,nan
1221,-321.19393533291066,-156.34229819591624,48.48556538487033,0.07250812649726868,-0.22065412186379932,-0.6478494623655915,71.95183909304764,1.2183342641420507,0.01,0.0,0.0,0.5,0.7250812649726868,-0.022611132813401873,3.3287888799639047,0.07250812649726868,nan,nan,nan,nan,nan,nan,nan,nan,427,112.29900000000458,-335.33372365339574,-226.89110070257607,nan
1222,-321.45479263610844,-156.56215553536543,48.01397290705286,0.07249781489372253,-0.22065412186379932,-0.6478494623655915,71.68532105330308,1.30244049536446,0.01,0.0,0.0,0.5,0.7249781489372253,-0.016643944399819526,3.6170797601158147,0.07249781489372253,nan,nan,nan,nan,nan,nan,nan,nan,427,112.26484000000457,-335.33372365339574,-226.89110070257607,nan
1223,-321.71271835019235,-156.7181920682687,47.52570339269553,0.08105258643627167,-0.17859952793076314,-0.6215578284815105,71.48798463244486,1.3031220595558424,0.01,0.0,0.0,0.5,0.8105258643627167,-0.018085398800579074,3.434609084925295,0.08105258643627167,nan,nan,nan,nan,nan,nan,nan,nan,428,112.53060000000457,-335.233644859813,-226.91588785046736,nan
1224,-322.0256166161304,-156.4090397020594,47.052462127611435,0.0810295045375824,-0.17859952793076314,-0.6215578284815105,71.73330917996587,1.2962435050453205,0.01,0.0,0.0,0.5,0.810295045375824,-0.017173045424626474,4.787241068572616,0.0810295045375824,nan,nan,nan,nan,nan,nan,nan,nan,428,112.51348000000458,-335.233644859813,-226.91588785046736,nan
1225,-322.22345864927706,-155.98184205994178,47.097242797308326,0.08101797103881836,-0.17859952793076314,-0.6215578284815105,72.1172919447562,1.307636786598444,0.01,0.0,0.0,0.5,0.8101797103881836,-0.02393620534286308,2.4624030791759566,0.08101797103881836,nan,nan,nan,nan,nan,nan,nan,nan,428,112.47924000000458,-335.233644859813,-226.91588785046736,nan
1226,-321.99017097211214,-155.60980154102754,47.4176163917325,0.08099488168954849,-0.17859952793076314,-0.6215578284815105,72.42847941402707,1.3142052404872941,0.01,0.0,0.0,0.5,0.8099488168954849,-0.012312015395879783,3.747737074049944,0.08099488168954849,nan,nan,nan,nan,nan,nan,nan,nan,429,112.74492000000458,-335.13403263403256,-226.83566433566443,nan
1227,-321.72401567542124,-155.42552651077662,47.39359714287454,0.08229438960552216,-0.16947665919501023,-0.6247929051749342,72.65835353900965,1.2735729851772992,0.01,0.0,0.0,0.5,0.8229438960552216,-0.01873868537024972,1.590384196229632,0.08229438960552216,nan,nan,nan,nan,nan,nan,nan,nan,429,112.7277600000046,-335.13403263403256,-226.83566433566443,nan
1228,-321.40787309944153,-155.247980703883,47.1291303102259,0.07715248316526413,-0.17948175568482286,-0.649074563722898,72.73269280987141,1.2795095160921341,0.01,0.0,0.0,0.5,0.7715248316526413,-0.00795192098114816,2.8673247631405543,0.07715248316526413,nan,nan,nan,nan,nan,nan,nan,nan,430,112.9934000000046,-335.06976744186045,-226.68604651162798,nan
1229,-320.96707209483,-155.01777335609566,46.76380745086406,0.07838461548089981,-0.1662531017369727,-0.6391645988420182,72.89417497056802,1.2738306036710074,0.01,0.0,0.0,0.5,0.7838461548089981,-0.014336623815702772,3.9584752893581068,0.07838461548089981,nan,nan,nan,nan,nan,nan,nan,nan,432,113.55888000000462,-335.0462962962963,-226.53935185185196,nan
1230,-320.32023586243247,-154.81271708648964,46.765196497406514,0.07836230099201202,-0.1662531017369727,-0.6391645988420182,73.22272181956563,1.1425089599252232,0.01,0.0,0.0,0.5,0.7836230099201202,-0.019792376446790536,4.3956823038958115,0.07836230099201202,nan,nan,nan,nan,nan,nan,nan,nan,432,113.54160000000462,-335.0462962962963,-226.53935185185196,nan
1231,-319.6175560188053,-154.4225083676148,47.00885628806055,0.06544873863458633,-0.2097968936678614,-0.654958183990442,73.74879755413123,1.0891078024416327,0.01,0.0,0.0,0.5,0.6544873863458633,-0.021978411519479057,5.410281552689063,0.06544873863458633,nan,nan,nan,nan,nan,nan,nan,nan,432,113.50704000000461,-335.0462962962963,-226.53935185185196,nan
1232,-318.85338055766545,-153.97793152989627,47.081992966189176,0.06061592698097229,-0.2892692560895326,-0.6476629361421989,74.34628598160047,1.088263527560645,0.01,0.0,0.0,0.5,0.6061592698097229,-0.027051407763445313,5.545042672075125,0.06061592698097229,nan,nan,nan,nan,nan,nan,nan,nan,432,113.47248000000462,-335.0462962962963,-226.53935185185196,nan
1233,-318.28760351142745,-153.318687293011,47.20605341637109,0.06059886887669563,-0.2892692560895326,-0.6476629361421989,75.11404330946327,1.0881684185505331,0.01,0.0,0.0,0.5,0.6059886887669563,-0.027725213360375624,5.546993703833807,0.06059886887669563,nan,nan,nan,nan,nan,nan,nan,nan,432,113.45520000000462,-335.0462962962963,-226.53935185185196,nan
1234,-317.74556910690916,-152.59006199197927,47.03217511240011,0.06059033423662186,-0.2892692560895326,-0.6476629361421989,75.81799517603139,1.1002412753445092,0.01,0.0,0.0,0.5,0.6059033423662186,-0.027734968519169036,5.801804440375515,0.06059033423662186,nan,nan,nan,nan,nan,nan,nan,nan,433,113.72056000000462,-335.0173210161663,-226.41454965357968,nan
1235,-317.2861305422255,-151.75909375631755,47.01306622789078,0.06192503124475479,-0.2879717905184799,-0.6468590831918506,76.61912228629605,1.1125680081672782,0.01,0.0,0.0,0.5,0.6192503124475479,-0.029009022201877576,5.947141316983827,0.06192503124475479,nan,nan,nan,nan,nan,nan,nan,nan,434,113.98588000000461,-334.9539170506912,-226.31336405529953,nan
1236,-316.8028336589151,-150.96762332483735,46.749966595775994,0.06323036551475525,-0.2703352308665401,-0.6516129032258065,77.50124176113076,1.112318289130855,0.01,0.0,0.0,0.5,0.6323036551475525,-0.029735706584919135,5.979299098267479,0.06323036551475525,nan,nan,nan,nan,nan,nan,nan,nan,434,113.96852000000464,-334.9539170506912,-226.31336405529953,nan
1237,-316.78649613278196,-150.24252240131761,46.39323151010096,0.06322147697210312,-0.2703352308665401,-0.6516129032258065,78.21015364230962,1.116914866260589,0.01,0.0,0.0,0.5,0.6322147697210312,-0.029896495491337393,5.024411620318715,0.06322147697210312,nan,nan,nan,nan,nan,nan,nan,nan,434,113.93380000000464,-334.9539170506912,-226.31336405529953,nan
1238,-316.99153812550185,-149.38410324740576,45.95416688117057,0.06320369988679886,-0.2703352308665401,-0.6516129032258065,78.99846976430003,0.9625379562135233,0.01,0.0,0.0,0.5,0.6320369988679886,-0.025122058101593576,6.464540486421302,0.06320369988679886,nan,nan,nan,nan,nan,nan,nan,nan,434,113.89908000000466,-334.9539170506912,-226.31336405529953,nan
1239,-317.47367809697573,-148.64589617434075,45.51048861763407,0.04848606511950493,-0.3127057274522712,-0.6961816984858459,79.61026517302122,0.9635000528886892,0.01,0.0,0.0,0.5,0.4848606511950493,-0.03232270243210651,6.258614738882033,0.04848606511950493,nan,nan,nan,nan,nan,nan,nan,nan,434,113.88172000000465,-334.9539170506912,-226.31336405529953,nan
1240,-317.9764010744304,-147.86189902130133,45.081968010382276,0.04847931116819382,-0.3127057274522712,-0.6961816984858459,80.26748043077491,0.9622775729720837,0.01,0.0,0.0,0.5,0.48479311168193817,-0.031293073694410166,6.47605021347511,0.04847931116819382,nan,nan,nan,nan,nan,nan,nan,nan,434,113.84700000000467,-334.9539170506912,-226.31336405529953,nan
1241,-318.64864272238475,-147.19179227854224,44.58860341890716,0.0484657809138298,-0.3127057274522712,-0.6961816984858459,80.78418837461874,0.9952148916462985,0.01,0.0,0.0,0.5,0.48465780913829803,-0.032380251067375555,6.7548389009649075,0.0484657809138298,nan,nan,nan,nan,nan,nan,nan,nan,434,113.81228000000468,-334.9539170506912,-226.31336405529953,nan
1242,-319.2917964815967,-146.47889397839418,44.05752153253593,0.051898907870054245,-0.27365334156505633,-0.693162525081031,81.35628207570174,0.8730377654454792,0.01,0.0,0.0,0.5,0.5189890787005424,-0.03377419450482454,6.822991287277467,0.051898907870054245,nan,nan,nan,nan,nan,nan,nan,nan,434,113.79492000000468,-334.9539170506912,-226.31336405529953,nan
1243,-319.93097876851454,-146.3348386274787,43.49859316000428,0.039715271443128586,-0.302592519295468,-0.7177914110429449,81.37722779892833,0.8797104843266388,0.01,0.0,0.0,0.5,0.39715271443128586,-0.03411495643638734,5.466465318052377,0.039715271443128586,nan,nan,nan,nan,nan,nan,nan,nan,434,113.76020000000469,-334.9539170506912,-226.31336405529953,nan
1244,-320.25254609630633,-146.64733815001523,43.036077126427976,0.03970428183674812,-0.302592519295468,-0.7177914110429449,80.982706351478,0.887800781527442,0.01,0.0,0.0,0.5,0.39704281836748123,-0.027332326590261885,3.826435605827505,0.03970428183674812,nan,nan,nan,nan,nan,nan,nan,nan,436,114.32540000000469,-334.95412844036696,-226.28440366972484,nan
1245,-320.0227992820966,-146.9158093144614,42.87582672103234,0.03969329595565796,-0.302592519295468,-0.7177914110429449,80.76087146857053,0.8917877366607552,0.01,0.0,0.0,0.5,0.3969329595565796,-0.019132178029137525,3.018053482668314,0.03969329595565796,nan,nan,nan,nan,nan,nan,nan,nan,436,114.3079600000047,-334.95412844036696,-226.28440366972484,nan
1246,-319.4217500896302,-146.99586320705984,43.09566844026538,0.03968780115246773,-0.302592519295468,-0.7177914110429449,80.79559038666714,0.8850704209924489,0.01,0.0,0.0,0.5,0.3968780115246773,-0.01509026741334157,4.339534423336382,0.03968780115246773,nan,nan,nan,nan,nan,nan,nan,nan,436,114.27308000000468,-334.95412844036696,-226.28440366972484,nan
1247,-318.7287135646901,-146.86885366097212,43.501969602159946,0.039676811546087265,-0.302592519295468,-0.7177914110429449,81.05611433495032,0.8811368209556633,0.01,0.0,0.0,0.5,0.39676811546087265,-0.021697672116681912,5.104284158629314,0.039676811546087265,nan,nan,nan,nan,nan,nan,nan,nan,436,114.23820000000472,-334.95412844036696,-226.28440366972484,nan
1248,-318.24706451979483,-147.03717170911983,43.98060370716715,0.0396658256649971,-0.302592519295468,-0.7177914110429449,80.98919531804239,1.0066375536546561,0.01,0.0,0.0,0.5,0.396658256649971,-0.02552142079314657,4.310995204737733,0.0396658256649971,nan,nan,nan,nan,nan,nan,nan,nan,436,114.2207600000047,-334.95412844036696,-226.28440366972484,nan
1249,-317.7306717417829,-147.0651124050009,44.49929758050193,0.05181925743818283,-0.27365334156505633,-0.693162525081031,81.06999179186568,0.9701519530883911,0.01,0.0,0.0,0.5,0.5181925743818283,-0.021554976023688662,4.698339584042976,0.05181925743818283,nan,nan,nan,nan,nan,nan,nan,nan,436,114.18588000000472,-334.95412844036696,-226.28440366972484,nan
1250,-317.034342368223,-146.89338410734413,44.666632129029615,0.048364363610744476,-0.3127057274522712,-0.6961816984858459,81.38828367784714,0.9692274643485616,0.01,0.0,0.0,0.5,0.48364363610744476,-0.02349169792021488,4.85618874420982,0.048364363610744476,nan,nan,nan,nan,nan,nan,nan,nan,436,114.15100000000471,-334.95412844036696,-226.28440366972484,nan
1251,-316.3983401066205,-146.3549295955056,44.585352908708266,0.04835084080696106,-0.3127057274522712,-0.6961816984858459,82.05509189848054,0.8349409099728448,0.01,0.0,0.0,0.5,0.4835084080696106,-0.0242809437210491,5.572774006712783,0.04835084080696106,nan,nan,nan,nan,nan,nan,nan,nan,436,114.1335600000047,-334.95412844036696,-226.28440366972484,nan
1252,-315.9701168974867,-145.6715334372496,44.25135578077883,0.03528048098087311,-0.38861225373457464,-0.6977700801039186,82.81803874385159,0.8365613812853351,0.01,0.0,0.0,0.5,0.3528048098087311,-0.027863870033563914,5.22912942072839,0.03528048098087311,nan,nan,nan,nan,nan,nan,nan,nan,436,114.09868000000472,-334.95412844036696,-226.28440366972484,nan
1253,-315.9750212884008,-145.43952650888573,43.77580446632398,0.035270702093839645,-0.38861225373457464,-0.6977700801039186,82.92234431159673,0.8618078697963726,0.01,0.0,0.0,0.5,0.35270702093839645,-0.02614564710364195,3.1261846772000985,0.035270702093839645,nan,nan,nan,nan,nan,nan,nan,nan,437,114.36376000000473,-334.9027459954233,-226.17276887871856,nan
1254,-316.46624631341655,-145.55560543305452,43.238731199481734,0.036743879318237305,-0.3642901171152661,-0.7102938154920896,82.69843748553865,0.8521120780016087,0.01,0.0,0.0,0.5,0.36743879318237305,-0.015630923386000493,5.055162562825236,0.036743879318237305,nan,nan,nan,nan,nan,nan,nan,nan,437,114.34628000000474,-334.9027459954233,-226.17276887871856,nan
1255,-317.00739904485175,-146.09016493146473,42.682504475919416,0.036738790571689606,-0.3642901171152661,-0.7102938154920896,81.926962461226,0.861863833483689,0.01,0.0,0.0,0.5,0.36738790571689606,-0.02527581281412618,6.17354468174121,0.036738790571689606,nan,nan,nan,nan,nan,nan,nan,nan,438,114.61124000000473,-334.851598173516,-226.05022831050235,nan
1256,-317.71981075428033,-146.64930464054015,42.13271026076413,0.0382731556892395,-0.34926324173636003,-0.7132616487455197,80.87322868650251,0.9559709151061928,0.01,0.0,0.0,0.5,0.382731556892395,-0.03086772340870605,6.730027527162328,0.0382731556892395,nan,nan,nan,nan,nan,nan,nan,nan,441,115.47604000000474,-334.69954648526084,-225.71995464852603,nan
1257,-318.25567373891136,-147.1116629630774,42.01275507391651,0.04796210676431656,-0.2746029146880628,-0.6564598002292451,80.30980309154485,0.9681571659524423,0.01,0.0,0.0,0.5,0.4796210676431656,-0.03365013763581164,4.279545126772287,0.04796210676431656,nan,nan,nan,nan,nan,nan,nan,nan,441,115.45840000000476,-334.69954648526084,-225.71995464852603,nan
1258,-318.6087401273972,-147.5333756527564,42.25418179656527,0.04795548692345619,-0.2746029146880628,-0.6564598002292451,79.72911432749112,0.9843989817617581,0.01,0.0,0.0,0.5,0.4795548692345619,-0.021397725633861435,3.5332538223615155,0.04795548692345619,nan,nan,nan,nan,nan,nan,nan,nan,444,116.32296000000477,-334.38063063063066,-225.68693693693695,nan
1259,-318.5538101294759,-147.99276185106459,42.68482411680039,0.04920652508735657,-0.25616698292220114,-0.6691967109424414,79.16107879742923,1.1174512531649574,0.01,0.0,0.0,0.5,0.4920652508735657,-0.01766626911180758,4.380620910892791,0.04920652508735657,nan,nan,nan,nan,nan,nan,nan,nan,445,116.58740000000476,-334.4325842696629,-225.54494382022472,nan
1260,-318.39967926061763,-148.55435418200992,43.20370033386838,0.06293543428182602,-0.20823396510606246,-0.6533199447721854,78.64225922409057,1.1156035593899627,0.01,0.0,0.0,0.5,0.6293543428182602,-0.021903104554463954,4.732588216611951,0.06293543428182602,nan,nan,nan,nan,nan,nan,nan,nan,445,116.56960000000477,-334.4325842696629,-225.54494382022472,nan
1261,-317.96646533709287,-149.04073492146463,43.76712722552248,0.06292665749788284,-0.20823396510606246,-0.6533199447721854,78.13109841382624,1.1264802413864339,0.01,0.0,0.0,0.5,0.6292665749788284,-0.023662941083059757,5.739996797176114,0.06292665749788284,nan,nan,nan,nan,nan,nan,nan,nan,446,116.83392000000478,-334.33856502242156,-225.4372197309417,nan
1262,-317.7924691015675,-149.55239455943337,44.33182481625951,0.0645180195569992,-0.18508524469520424,-0.6570587513798601,77.6677538076935,1.0878915571048022,0.01,0.0,0.0,0.5,0.6451801955699921,-0.02869998398588057,4.719740413146008,0.0645180195569992,nan,nan,nan,nan,nan,nan,nan,nan,446,116.7982400000048,-334.33856502242156,-225.4372197309417,nan
1263,-317.81595792443545,-150.14644190831868,44.60599898409739,0.06014902889728546,-0.23178980228928195,-0.6618106139438085,76.97306414154792,1.1040335903138359,0.01,0.0,0.0,0.5,0.6014902889728546,-0.02359870206573004,4.31463890134414,0.06014902889728546,nan,nan,nan,nan,nan,nan,nan,nan,447,117.08036000000479,-334.3680089485458,-225.3187919463087,nan
1264,-318.1643819035142,-150.6502903365671,44.75788949376487,0.061560675501823425,-0.24340175953079182,-0.6610990692337115,76.35663353285182,1.1184721404998568,0.01,0.0,0.0,0.5,0.6156067550182343,-0.0215731945067207,4.255598412174656,0.061560675501823425,nan,nan,nan,nan,nan,nan,nan,nan,450,117.94444000000479,-334.01111111111106,-225.34444444444443,nan
1265,-318.527325002231,-151.28013134910975,44.66268506307161,0.06297501176595688,-0.2313292330864817,-0.6651186142839213,75.6722573527959,1.1604732212686195,0.01,0.0,0.0,0.5,0.6297501176595688,-0.02127799206087328,4.952696139342504,0.06297501176595688,nan,nan,nan,nan,nan,nan,nan,nan,452,118.5083200000048,-334.1039823008849,-225.3318584070796,nan
1266,-319.0377669862055,-151.82045189207685,44.90841956186938,0.06752367317676544,-0.17570601441569178,-0.6625310173697271,75.15819516157498,1.2722122882154074,0.01,0.0,0.0,0.5,0.6752367317676544,-0.024763480696712522,5.075404676864781,0.06752367317676544,nan,nan,nan,nan,nan,nan,nan,nan,453,118.7902000000048,-334.1335540838852,-225.44701986754967,nan
1267,-319.01588205307127,-152.32512084103163,45.336720426185074,0.07875893265008926,-0.1546732837055418,-0.6383374689826303,74.58284948274498,1.273725154790088,0.01,0.0,0.0,0.5,0.7875893265008926,-0.025377023384323905,4.728604715505332,0.07875893265008926,nan,nan,nan,nan,nan,nan,nan,nan,454,119.0538800000048,-334.00881057268725,-225.38546255506606,nan
1268,-319.0384843641419,-152.5753962328828,45.832119877704145,0.0787368193268776,-0.1546732837055418,-0.6383374689826303,74.3056378580431,1.2276160623496384,0.01,0.0,0.0,0.5,0.7873681932687759,-0.02364302357752666,3.2705106364565903,0.0787368193268776,nan,nan,nan,nan,nan,nan,nan,nan,456,119.61744000000482,-333.7719298245613,-225.40570175438597,nan
1269,-319.3603574189122,-152.62108379210244,46.2290331301173,0.07339686155319214,-0.21537960247637672,-0.6354947322689257,74.1976686366818,1.2274150732474207,0.01,0.0,0.0,0.5,0.7339686155319214,-0.01635255318228295,3.2900852498078406,0.07339686155319214,nan,nan,nan,nan,nan,nan,nan,nan,456,119.59920000000481,-333.7719298245613,-225.40570175438597,nan
1270,-319.8211977034614,-152.54872582606993,46.6210757310334,0.073386549949646,-0.21537960247637672,-0.6354947322689257,73.97192396910744,1.2364514517357066,0.01,0.0,0.0,0.5,0.73386549949646,-0.016450426249039203,4.08705569167703,0.073386549949646,nan,nan,nan,nan,nan,nan,nan,nan,459,120.46256000000483,-333.7854030501089,-225.1906318082788,nan
1271,-320.23422977424644,-152.80358586773744,46.577400010261,0.07468868046998978,-0.21362956633198035,-0.6250801110873745,73.64454302357028,1.3131751805880054,0.01,0.0,0.0,0.5,0.7468868046998978,-0.02043527845838515,3.5353006057265333,0.07468868046998978,nan,nan,nan,nan,nan,nan,nan,nan,459,120.42584000000483,-333.7854030501089,-225.1906318082788,nan
1272,-320.77981921797135,-153.1387112212766,46.31878936488326,0.08208516985177994,-0.1550151975683891,-0.6232964016080008,73.21628555922808,1.3076889612836375,0.01,0.0,0.0,0.5,0.8208516985177994,-0.017676503028632665,4.60946554814309,0.08208516985177994,nan,nan,nan,nan,nan,nan,nan,nan,459,120.40748000000485,-333.7854030501089,-225.1906318082788,nan
1273,-321.21034278421433,-153.66368131433896,45.96184714184722,0.0820736289024353,-0.1550151975683891,-0.6232964016080008,72.6239408711301,1.3049753853679122,0.01,0.0,0.0,0.5,0.820736289024353,-0.02304732774071545,5.1060228943740755,0.0820736289024353,nan,nan,nan,nan,nan,nan,nan,nan,459,120.37076000000484,-333.7854030501089,-225.1906318082788,nan
1274,-321.27698600940647,-154.27562817075597,46.1156683140692,0.08205054700374603,-0.1550151975683891,-0.6232964016080008,71.88259240336865,1.3248649385706106,0.01,0.0,0.0,0.5,0.8205054700374603,-0.02553011447187038,3.7271131846205625,0.08205054700374603,nan,nan,nan,nan,nan,nan,nan,nan,460,120.63396000000485,-333.82608695652175,-225.054347826087,nan
1275,-320.9351948437287,-154.37507966235097,46.52731625487128,0.0833500474691391,-0.1645740776511493,-0.6181186015066642,71.73644480573658,1.3374200730379036,0.01,0.0,0.0,0.5,0.833500474691391,-0.018635565923102813,3.9561833370604194,0.0833500474691391,nan,nan,nan,nan,nan,nan,nan,nan,461,120.91552000000485,-333.84490238611716,-224.94034707158346,nan
1276,-320.48768939706144,-154.07135434573294,47.05126249497088,0.08472009748220444,-0.16818225327845318,-0.6171149612328898,72.11677522471213,1.333421989895149,0.01,0.0,0.0,0.5,0.8472009748220444,-0.0197809166853021,4.70818777536474,0.08472009748220444,nan,nan,nan,nan,nan,nan,nan,nan,461,120.87864000000485,-333.84490238611716,-224.94034707158346,nan
1277,-320.5197330376611,-153.60129865274317,47.635654661521116,0.08469628542661667,-0.16818225327845318,-0.6171149612328898,72.57285971677479,1.281021756772847,0.01,0.0,0.0,0.5,0.8469628542661667,-0.0235409388768237,4.7310286274252356,0.08469628542661667,nan,nan,nan,nan,nan,nan,nan,nan,461,120.84176000000487,-333.84490238611716,-224.94034707158346,nan
1278,-320.81541259260644,-153.1123090701728,48.245279432829314,0.07946769148111343,-0.2260166018703373,-0.6206787853315121,73.00023731065052,1.278048333562581,0.01,0.0,0.0,0.5,0.7946769148111343,-0.02365514313712618,5.303373448616628,0.07946769148111343,nan,nan,nan,nan,nan,nan,nan,nan,461,120.82332000000487,-333.84490238611716,-224.94034707158346,nan
1279,-321.169635837188,-153.1185550095615,48.86607553748759,0.07945651561021805,-0.2260166018703373,-0.6206787853315121,72.93169542172129,1.281479799943187,0.01,0.0,0.0,0.5,0.7945651561021805,-0.02651686724308314,4.572400530771763,0.07945651561021805,nan,nan,nan,nan,nan,nan,nan,nan,461,120.78644000000489,-333.84490238611716,-224.94034707158346,nan
1280,-321.7061315670445,-153.31538509506592,49.351709269592796,0.07943418622016907,-0.2260166018703373,-0.6206787853315121,72.64630021642914,1.3979765809910387,0.01,0.0,0.0,0.5,0.7943418622016907,-0.022862002653858814,4.970921251438274,0.07943418622016907,nan,nan,nan,nan,nan,nan,nan,nan,461,120.74956000000486,-333.84490238611716,-224.94034707158346,nan
1281,-322.21618737008566,-153.5874909908047,49.41551833293558,0.09128312021493912,-0.18466835810076118,-0.5962305183037333,72.29423963088901,1.4523057072162697,0.01,0.0,0.0,0.5,0.9128312021493912,-0.024854606257191374,3.634853506086858,0.09128312021493912,nan,nan,nan,nan,nan,nan,nan,nan,461,120.73112000000489,-333.84490238611716,-224.94034707158346,nan
1282,-322.7594229457777,-153.67541508866668,49.314362871309285,0.09604799002408981,-0.14221297259798826,-0.5953867499132848,72.01204873561649,1.45097120516273,0.01,0.0,0.0,0.5,0.9604799002408981,-0.01817426753043429,3.847156062180564,0.09604799002408981,nan,nan,nan,nan,nan,nan,nan,nan,462,120.99416000000491,-333.92857142857133,-224.81601731601722,nan
1283,-322.86927912586003,-153.87807869893703,49.03370242988053,0.09602069109678268,-0.14221297259798826,-0.5953867499132848,71.68508426436885,1.4686875273563749,0.01,0.0,0.0,0.5,0.9602069109678268,-0.01923578031090282,2.757457220985792,0.09602069109678268,nan,nan,nan,nan,nan,nan,nan,nan,463,121.25716000000489,-333.8714902807776,-224.71382289416852,nan
1284,-322.600013717479,-154.32346184677345,49.113009057731894,0.09724748134613037,-0.13589567604667127,-0.5952299245024022,71.28708938019298,1.4649266417765023,0.01,0.0,0.0,0.5,0.9724748134613037,-0.01378728610492896,3.4819777817844937,0.09724748134613037,nan,nan,nan,nan,nan,nan,nan,nan,463,121.2386400000049,-333.8714902807776,-224.71382289416852,nan
1285,-322.06589413875554,-154.29253060519022,49.46741999446843,0.09723365306854248,-0.13589567604667127,-0.5952299245024022,71.381066852615,1.4105009189542068,0.01,0.0,0.0,0.5,0.9723365306854248,-0.01740988890892247,4.601068192801224,0.09723365306854248,nan,nan,nan,nan,nan,nan,nan,nan,464,121.5015200000049,-333.76077586206884,-224.7090517241379,nan
1286,-321.50838498472234,-154.01016504239348,49.46580950129738,0.09235062450170517,-0.1773746760789921,-0.5957465820748815,71.75272580361964,1.4145106203295699,0.01,0.0,0.0,0.5,0.9235062450170517,-0.023005340964006117,3.7466281466104543,0.09235062450170517,nan,nan,nan,nan,nan,nan,nan,nan,464,121.46440000000491,-333.76077586206884,-224.7090517241379,nan
1287,-321.4215393186267,-153.5569110683056,49.243678821006895,0.09232437610626221,-0.1773746760789921,-0.5957465820748815,72.04641602187174,1.4281188379907077,0.01,0.0,0.0,0.5,0.9232437610626221,-0.01873314073305227,3.3421747846709544,0.09232437610626221,nan,nan,nan,nan,nan,nan,nan,nan,465,121.74580000000492,-333.73655913978496,-224.54301075268813,nan
1288,-321.5620932207201,-152.82816279878864,48.939243881696314,0.09348297119140625,-0.1760973030142782,-0.5850520007050942,72.74088972143106,1.2997756199025676,0.01,0.0,0.0,0.5,0.9348297119140625,-0.016710873923354772,5.554626385697414,0.09348297119140625,nan,nan,nan,nan,nan,nan,nan,nan,465,121.70860000000494,-333.73655913978496,-224.54301075268813,nan
1289,-321.9166618591288,-152.36345993389335,48.70497443408267,0.08175487816333771,-0.21682319314005713,-0.6092282564311965,73.1409428988186,1.3629294197102473,0.01,0.0,0.0,0.5,0.8175487816333771,-0.02777313192848707,3.588567885953488,0.08175487816333771,nan,nan,nan,nan,nan,nan,nan,nan,465,121.67140000000492,-333.73655913978496,-224.54301075268813,nan
1290,-322.3947182884212,-152.14980401292144,48.38451693503803,0.0870872288942337,-0.1607293127629734,-0.6067321178120617,73.27628358455597,1.3610205845486891,0.01,0.0,0.0,0.5,0.870872288942337,-0.017942839429767442,3.945849330191364,0.0870872288942337,nan,nan,nan,nan,nan,nan,nan,nan,465,121.65280000000493,-333.73655913978496,-224.54301075268813,nan
1291,-322.8056328965389,-152.05425222826517,48.006769956133866,0.08707498013973236,-0.1607293127629734,-0.6067321178120617,73.18659881950043,1.3643098775856213,0.01,0.0,0.0,0.5,0.8707498013973236,-0.01972924665095682,3.238948021083755,0.08707498013973236,nan,nan,nan,nan,nan,nan,nan,nan,467,122.21548000000496,-333.68843683083514,-224.42719486081376,nan
1292,-322.85133706214333,-151.71318623360224,47.63200313646334,0.08705046772956848,-0.1607293127629734,-0.6067321178120617,73.51713937603103,1.3613517956971204,0.01,0.0,0.0,0.5,0.8705046772956848,-0.016194740105418774,3.7815455389206507,0.08705046772956848,nan,nan,nan,nan,nan,nan,nan,nan,467,122.17812000000495,-333.68843683083514,-224.42719486081376,nan
1293,-322.6170228375539,-151.05431749801403,47.70211881281554,0.087025947868824,-0.1607293127629734,-0.6067321178120617,74.09439746598922,1.3704405669534836,0.01,0.0,0.0,0.5,0.87025947868824,-0.018907727694603253,4.643163121449271,0.087025947868824,nan,nan,nan,nan,nan,nan,nan,nan,468,122.45940000000496,-333.6217948717949,-224.3269230769231,nan
1294,-322.0403486708907,-150.466165670924,48.03126086724964,0.08836563676595688,-0.1526019040576763,-0.6071725667806637,74.76323548838887,1.309475410044996,0.01,0.0,0.0,0.5,0.8836563676595688,-0.023215815607246355,5.723289954501777,0.08836563676595688,nan,nan,nan,nan,nan,nan,nan,nan,468,122.42196000000496,-333.6217948717949,-224.3269230769231,nan
1295,-321.4218821870635,-150.07177691755163,48.340806424323404,0.08280918747186661,-0.15564516129032255,-0.636491935483871,74.91219227460832,1.3396340986897461,0.01,0.0,0.0,0.5,0.8280918747186661,-0.028616449772508882,4.678982798061531,0.08280918747186661,nan,nan,nan,nan,nan,nan,nan,nan,471,123.28428000000497,-333.41295116772824,-224.01804670912952,nan
1296,-320.70533876315363,-149.75045927664632,48.29451423485822,0.08530289679765701,-0.14589221323457754,-0.6298606373647793,75.34691736273246,1.2849929048282562,0.01,0.0,0.0,0.5,0.8530289679765701,-0.023394913990307655,5.0101594594586185,0.08530289679765701,nan,nan,nan,nan,nan,nan,nan,nan,471,123.26544000000496,-333.41295116772824,-224.01804670912952,nan
1297,-320.0228534811463,-149.14356085391296,48.2523524900408,0.08000437170267105,-0.20115060612286825,-0.6239983562769673,76.06236486028575,1.2799740438802403,0.01,0.0,0.0,0.5,0.8000437170267105,-0.025050797297293093,5.968942063185333,0.08000437170267105,nan,nan,nan,nan,nan,nan,nan,nan,471,123.22776000000499,-333.41295116772824,-224.01804670912952,nan
1298,-319.2149727482914,-148.51644190863013,47.980586306227195,0.07998187094926834,-0.20115060612286825,-0.6239983562769673,76.82496286136158,1.1825995200406845,0.01,0.0,0.0,0.5,0.7998187094926834,-0.029844710315926663,6.714207777751785,0.07998187094926834,nan,nan,nan,nan,nan,nan,nan,nan,471,123.190080000005,-333.41295116772824,-224.01804670912952,nan
1299,-318.5296217927359,-147.7432013631237,48.03479102980893,0.07061704993247986,-0.20838238756769487,-0.6649399576171414,77.69065022440063,1.1664392200265985,0.01,0.0,0.0,0.5,0.7061704993247986,-0.033571038888758925,6.500666317251121,0.07061704993247986,nan,nan,nan,nan,nan,nan,nan,nan,472,123.47120000000498,-333.5275423728814,-223.97245762711862,nan
1300,-317.75306479137856,-147.0461000937905,47.8907935493621,0.06889425218105316,-0.21281039684381522,-0.6597818519378046,78.52705665128907,1.1654840395762878,0.01,0.0,0.0,0.5,0.6889425218105316,-0.03250333158625561,6.653340857935796,0.06889425218105316,nan,nan,nan,nan,nan,nan,nan,nan,472,123.43344000000499,-333.5275423728814,-223.97245762711862,nan
1301,-317.4148666433928,-146.32136025505247,47.905725969013645,0.06887507438659668,-0.21281039684381522,-0.6597818519378046,79.3051779031467,1.1741878936926342,0.01,0.0,0.0,0.5,0.6887507438659668,-0.03326670428967898,4.8741846434311755,0.06887507438659668,nan,nan,nan,nan,nan,nan,nan,nan,472,123.395680000005,-333.5275423728814,-223.97245762711862,nan
1302,-317.39059629403675,-145.44666997777875,47.798016284793874,0.0688558891415596,-0.21281039684381522,-0.6597818519378046,80.16670352896367,1.1268994650889324,0.01,0.0,0.0,0.5,0.688558891415596,-0.02437092321715588,5.757766055089529,0.0688558891415596,nan,nan,nan,nan,nan,nan,nan,nan,472,123.37680000000499,-333.5275423728814,-223.97245762711862,nan
1303,-317.7482465491583,-144.68377190163932,47.829497706011686,0.06456882506608963,-0.22195090605320647,-0.6874437732939211,80.90672061889475,1.1291985891127891,0.01,0.0,0.0,0.5,0.6456882506608963,-0.028788830275447645,5.261963886731746,0.06456882506608963,nan,nan,nan,nan,nan,nan,nan,nan,473,123.63900000000503,-333.3879492600422,-224.06448202959837,nan
1304,-318.1398668838397,-143.852112098823,47.65199139798198,0.06455083936452866,-0.22195090605320647,-0.6874437732939211,81.64881080617778,1.0055620245116392,0.01,0.0,0.0,0.5,0.6455083936452866,-0.026309819433658732,6.182108800064734,0.06455083936452866,nan,nan,nan,nan,nan,nan,nan,nan,473,123.60116000000501,-333.3879492600422,-224.06448202959837,nan
1305,-318.64840363780866,-143.27249105883115,47.295637953239975,0.05264725536108017,-0.2613807657521857,-0.7072656014470908,82.12551375894361,1.0113637810625657,0.01,0.0,0.0,0.5,0.5264725536108017,-0.03091054400032367,5.007213956554242,0.05264725536108017,nan,nan,nan,nan,nan,nan,nan,nan,473,123.58224000000502,-333.3879492600422,-224.06448202959837,nan
1306,-319.2330298264201,-142.9731902755628,46.84526004570092,0.052639979869127274,-0.2613807657521857,-0.7072656014470908,82.06689148290353,1.038686564371915,0.01,0.0,0.0,0.5,0.5263997986912727,-0.02503606978277121,4.941169181281086,0.052639979869127274,nan,nan,nan,nan,nan,nan,nan,nan,475,124.14432000000502,-333.4157894736842,-223.80526315789461,nan
1307,-319.69099511534085,-143.13873253310948,46.34864424175131,0.05533923953771591,-0.2845622119815669,-0.7004608294930876,81.82578531989908,1.0406294265665361,0.01,0.0,0.0,0.5,0.5533923953771591,-0.024705845906405427,4.5220314805160156,0.05533923953771591,nan,nan,nan,nan,nan,nan,nan,nan,475,124.10632000000503,-333.4157894736842,-223.80526315789461,nan
1308,-319.77679553151063,-143.53855135185694,46.30855705840811,0.05532395467162132,-0.2845622119815669,-0.7004608294930876,81.41724129389398,1.0903212927962733,0.01,0.0,0.0,0.5,0.5532395467162132,-0.02261015740258008,2.477554337473862,0.05532395467162132,nan,nan,nan,nan,nan,nan,nan,nan,475,124.08732000000504,-333.4157894736842,-223.80526315789461,nan
1309,-319.4024816688416,-143.6693623069403,46.56322786147707,0.05927090719342232,-0.23097863073363273,-0.6983802912753505,81.22422678602177,1.0582409786950622,0.01,0.0,0.0,0.5,0.5927090719342232,-0.01238777168736931,3.6188445136731255,0.05927090719342232,nan,nan,nan,nan,nan,nan,nan,nan,476,124.34928000000505,-333.3508403361344,-223.6869747899159,nan
1310,-318.7505962815801,-143.6917735293009,46.98907912780757,0.05663352087140083,-0.26378997346739286,-0.6997626029884095,81.22481170666087,1.0517903398714612,0.01,0.0,0.0,0.5,0.5663352087140083,-0.01809422256836563,4.877691760815165,0.05663352087140083,nan,nan,nan,nan,nan,nan,nan,nan,477,124.61112000000506,-333.2547169811321,-223.6111111111111,nan
1311,-318.0020852696511,-143.6545432072803,47.497720027850775,0.05661787837743759,-0.26378997346739286,-0.6997626029884095,81.3983754450049,1.0474041879015128,0.01,0.0,0.0,0.5,0.5661787837743759,-0.024388458804075825,5.739281896015823,0.05661787837743759,nan,nan,nan,nan,nan,nan,nan,nan,477,124.59204000000506,-333.2547169811321,-223.6111111111111,nan
1312,-317.4910880878884,-143.8739362844272,47.9529931600998,0.05661006271839142,-0.26378997346739286,-0.6997626029884095,81.38684513530882,1.0547340455653555,0.01,0.0,0.0,0.5,0.5661006271839142,-0.028696409480079118,4.242053687527025,0.05661006271839142,nan,nan,nan,nan,nan,nan,nan,nan,478,124.85380000000505,-333.17991631799157,-223.73430962343093,nan
1313,-316.97198288551203,-143.76006369067827,48.41322937229586,0.05659443140029907,-0.26378997346739286,-0.6997626029884095,81.45407628000574,1.1802004388303495,0.01,0.0,0.0,0.5,0.5659443140029907,-0.021210268437635123,4.759603434186443,0.05659443140029907,nan,nan,nan,nan,nan,nan,nan,nan,479,125.11548000000505,-333.1784968684759,-223.5855949895615,nan
1314,-316.40681009293183,-143.34620859966398,48.38436586846853,0.06939984858036041,-0.2243780502321152,-0.6683728127603856,81.97346281281665,1.0665319429891593,0.01,0.0,0.0,0.5,0.6939984858036041,-0.023798017170932214,4.499809522285327,0.06939984858036041,nan,nan,nan,nan,nan,nan,nan,nan,479,125.09632000000506,-333.1784968684759,-223.5855949895615,nan
1315,-316.1990465659842,-142.74920531176744,48.09195962870747,0.05790310353040695,-0.26735921268452706,-0.6908146528157463,82.60038516081482,1.0670609316619544,0.01,0.0,0.0,0.5,0.5790310353040695,-0.022499047611426636,4.362039856268813,0.05790310353040695,nan,nan,nan,nan,nan,nan,nan,nan,479,125.05800000000508,-333.1784968684759,-223.5855949895615,nan
1316,-316.2250076979649,-142.0304983885894,47.668006317945384,0.057887110859155655,-0.26735921268452706,-0.6908146528157463,83.29858688266283,1.06193301984657,0.01,0.0,0.0,0.5,0.5788711085915565,-0.02181019928134407,5.355650287888167,0.057887110859155655,nan,nan,nan,nan,nan,nan,nan,nan,479,125.01968000000508,-333.1784968684759,-223.5855949895615,nan
1317,-316.5492735252107,-141.8775674373378,47.13688256613159,0.057871121913194656,-0.26735921268452706,-0.6908146528157463,83.34015780472902,1.067279150561267,0.01,0.0,0.0,0.5,0.5787112191319466,-0.026778251439440837,4.270402416433121,0.057871121913194656,nan,nan,nan,nan,nan,nan,nan,nan,480,125.30048000000508,-333.28125,-223.52083333333337,nan
1318,-317.1143500360852,-142.00408573294843,46.61113028638388,0.05786312371492386,-0.26735921268452706,-0.6908146528157463,83.10444509042878,1.0641402271303895,0.01,0.0,0.0,0.5,0.5786312371492386,-0.021352012082165604,4.866215171151118,0.05786312371492386,nan,nan,nan,nan,nan,nan,nan,nan,480,125.26208000000511,-333.28125,-223.52083333333337,nan
1319,-317.55331369441996,-142.40905665168333,46.082455277281184,0.05784713104367256,-0.26735921268452706,-0.6908146528157463,82.6225653008078,1.0621965539889093,0.01,0.0,0.0,0.5,0.5784713104367256,-0.02433107585575559,5.222977867989636,0.05784713104367256,nan,nan,nan,nan,nan,nan,nan,nan,480,125.22368000000509,-333.28125,-223.52083333333337,nan
1320,-318.0311804735317,-142.68678144402782,45.80972320839019,0.057831138372421265,-0.26735921268452706,-0.6908146528157463,82.16735370554957,1.0684041597127238,0.01,0.0,0.0,0.5,0.5783113837242126,-0.02611488933994818,3.9654349947111074,0.057831138372421265,nan,nan,nan,nan,nan,nan,nan,nan,482,125.8044000000051,-333.298755186722,-223.42323651452273,nan
1321,-318.5077435470567,-142.91101346886848,45.94144087790761,0.05782314017415047,-0.26735921268452706,-0.6908146528157463,81.85958761854286,1.0712737586458518,0.01,0.0,0.0,0.5,0.5782314017415047,-0.019827174973555538,3.3595671184858644,0.05782314017415047,nan,nan,nan,nan,nan,nan,nan,nan,482,125.76584000000511,-333.298755186722,-223.42323651452273,nan
1322,-318.7470179943586,-143.25667682866134,46.31585172863009,0.05780715122818947,-0.26735921268452706,-0.6908146528157463,81.47656317728669,1.0711640609507695,0.01,0.0,0.0,0.5,0.5780715122818947,-0.01679783559242932,3.3495108841868944,0.05780715122818947,nan,nan,nan,nan,nan,nan,nan,nan,482,125.72728000000512,-333.298755186722,-223.42323651452273,nan
1323,-318.7088955149751,-143.73472359554955,46.78327550327561,0.05779115855693817,-0.26735921268452706,-0.6908146528157463,81.013104473774,1.0653179522595655,0.01,0.0,0.0,0.5,0.5779115855693817,-0.016747554420934473,4.50273473577002,0.05779115855693817,nan,nan,nan,nan,nan,nan,nan,nan,482,125.70800000000511,-333.298755186722,-223.42323651452273,nan
1324,-318.91794617943674,-144.23065809534313,47.264347870956755,0.05778316408395767,-0.26735921268452706,-0.6908146528157463,80.4877142449823,1.0643789257854148,0.01,0.0,0.0,0.5,0.5778316408395767,-0.022513673678850103,4.658568099142646,0.05778316408395767,nan,nan,nan,nan,nan,nan,nan,nan,482,125.66944000000512,-333.298755186722,-223.42323651452273,nan
1325,-318.7395224252912,-144.75418671929935,47.497812351237386,0.057767171412706375,-0.26735921268452706,-0.6908146528157463,79.92209744643242,1.1916335612355082,0.01,0.0,0.0,0.5,0.5776717141270638,-0.02329284049571323,4.573375109465722,0.057767171412706375,nan,nan,nan,nan,nan,nan,nan,nan,483,125.93084000000512,-333.2453416149069,-223.34886128364383,nan
1326,-318.6035547105054,-145.35804579367436,47.39023270211843,0.07045004516839981,-0.19902177710492602,-0.6743915220682426,79.35331892582921,1.1953401258108256,0.01,0.0,0.0,0.5,0.7045004516839981,-0.02286687554732861,3.8124165034842896,0.07045004516839981,nan,nan,nan,nan,nan,nan,nan,nan,483,125.91152000000513,-333.2453416149069,-223.34886128364383,nan
1327,-318.6079526619791,-146.0472811412775,47.16655610820963,0.07044021785259247,-0.19902177710492602,-0.6743915220682426,78.67520224229473,1.2370699253307957,0.01,0.0,0.0,0.5,0.7044021785259247,-0.019062082517421447,4.808077998416058,0.07044021785259247,nan,nan,nan,nan,nan,nan,nan,nan,483,125.87288000000513,-333.2453416149069,-223.34886128364383,nan
1328,-318.88612465182786,-146.63870326469865,47.26949360700121,0.0751110389828682,-0.19873083024854574,-0.6454785827604442,77.92988364043349,1.2528910399990967,0.01,0.0,0.0,0.5,0.751110389828682,-0.02404038999208029,4.247481315976565,0.0751110389828682,nan,nan,nan,nan,nan,nan,nan,nan,485,126.43412000000515,-333.0360824742269,-223.27319587628858,nan
1329,-318.7331488875801,-147.1895109717209,47.63562624247335,0.07641284167766571,-0.1887306242144952,-0.6487222454964391,77.41641310369248,1.2493617807810915,0.01,0.0,0.0,0.5,0.7641284167766571,-0.021237406579882826,4.931994696747993,0.07641284167766571,nan,nan,nan,nan,nan,nan,nan,nan,485,126.41472000000515,-333.0360824742269,-223.27319587628858,nan
1330,-318.28704433625,-147.6989056235148,48.12480936503046,0.07640217244625092,-0.1887306242144952,-0.6487222454964391,77.00004852729636,1.2490854197196495,0.01,0.0,0.0,0.5,0.7640217244625092,-0.024659973483739966,4.9446138252351295,0.07640217244625092,nan,nan,nan,nan,nan,nan,nan,nan,485,126.37592000000515,-333.0360824742269,-223.27319587628858,nan
1331,-318.04915967418947,-147.78686694927413,48.68938321664858,0.07638085633516312,-0.1887306242144952,-0.6487222454964391,76.95968886301256,1.2555569008037082,0.01,0.0,0.0,0.5,0.7638085633516312,-0.024723069126175647,3.60768836648005,0.07638085633516312,nan,nan,nan,nan,nan,nan,nan,nan,485,126.33712000000516,-333.0360824742269,-223.27319587628858,nan
1332,-318.1537811001013,-147.7408460413137,49.18456066059032,0.07635953277349472,-0.1887306242144952,-0.6487222454964391,76.98453588730227,1.2689328163829028,0.01,0.0,0.0,0.5,0.7635953277349472,-0.018038441832400248,3.316452623077659,0.07635953277349472,nan,nan,nan,nan,nan,nan,nan,nan,485,126.31772000000518,-333.0360824742269,-223.27319587628858,nan
1333,-318.3919639710303,-148.02978544368585,49.23615665088597,0.07755150645971298,-0.17886614510770552,-0.65577108562855,76.6315682560071,1.269786828492638,0.01,0.0,0.0,0.5,0.7755150645971298,-0.016582263115388296,3.102305703449967,0.07755150645971298,nan,nan,nan,nan,nan,nan,nan,nan,486,126.57888000000517,-332.97325102880666,-223.26131687242787,nan
1334,-318.86111370815456,-148.3919257972255,49.00682036555967,0.07752984017133713,-0.17886614510770552,-0.65577108562855,76.1877820895748,1.3746117500482076,0.01,0.0,0.0,0.5,0.7752984017133713,-0.015511528517249835,4.312037388124603,0.07752984017133713,nan,nan,nan,nan,nan,nan,nan,nan,486,126.54000000000516,-332.97325102880666,-223.26131687242787,nan
1335,-319.2616677601047,-148.9435293082617,48.648718710713744,0.08861719071865082,-0.15698924731182798,-0.6213183730715287,75.57209183400364,1.3703036679783556,0.01,0.0,0.0,0.5,0.8861719071865082,-0.021560186940623016,5.148643693147248,0.08861719071865082,nan,nan,nan,nan,nan,nan,nan,nan,486,126.52056000000516,-332.97325102880666,-223.26131687242787,nan
1336,-319.75480174546135,-149.45595903017315,48.78486236322054,0.08860468864440918,-0.15698924731182798,-0.6213183730715287,74.97971890904661,1.3722862347372362,0.01,0.0,0.0,0.5,0.8860468864440918,-0.02574321846573624,4.7021339653335295,0.08860468864440918,nan,nan,nan,nan,nan,nan,nan,nan,486,126.48168000000518,-332.97325102880666,-223.26131687242787,nan
1337,-319.71645924760577,-149.9023701138329,49.1789472255357,0.0885796919465065,-0.15698924731182798,-0.6213183730715287,74.54715016592176,1.3739783631041018,0.01,0.0,0.0,0.5,0.885796919465065,-0.02351066982666765,4.313711915922805,0.0885796919465065,nan,nan,nan,nan,nan,nan,nan,nan,486,126.44280000000519,-332.97325102880666,-223.26131687242787,nan
1338,-319.3684264359377,-150.10197803287747,49.69325668304066,0.08855468779802322,-0.15698924731182798,-0.6213183730715287,74.41357478070033,1.3766557324991682,0.01,0.0,0.0,0.5,0.8855468779802322,-0.021568559579614024,3.7532279279617886,0.08855468779802322,nan,nan,nan,nan,nan,nan,nan,nan,486,126.42336000000518,-332.97325102880666,-223.26131687242787,nan
1339,-319.3252139737229,-150.1048770475155,49.96246624155711,0.08854218572378159,-0.15698924731182798,-0.6213183730715287,74.41863747283315,1.3869080746840237,0.01,0.0,0.0,0.5,0.8854218572378159,-0.018766139639808943,1.6527631149530813,0.08854218572378159,nan,nan,nan,nan,nan,nan,nan,nan,486,126.38448000000518,-332.97325102880666,-223.26131687242787,nan
1340,-319.61138671662803,-150.02390381313268,49.93515871777496,0.08851718157529831,-0.15698924731182798,-0.6213183730715287,74.22847125966919,1.4057062611027984,0.01,0.0,0.0,0.5,0.8851718157529831,-0.008263815574765406,2.52936583669129,0.08851718157529831,nan,nan,nan,nan,nan,nan,nan,nan,488,126.94544000000519,-332.89959016393436,-223.05327868852464,nan
1341,-319.949358165005,-150.2922835557947,49.67632970557377,0.09083531051874161,-0.15154857090340962,-0.6206231044940722,73.90447159361362,1.3997988842459563,0.01,0.0,0.0,0.5,0.9083531051874161,-0.01264682918345645,3.6852350526641984,0.09083531051874161,nan,nan,nan,nan,nan,nan,nan,nan,488,126.9259200000052,-332.89959016393436,-223.05327868852464,nan
1342,-320.4554895565753,-150.6382135731498,49.36995187654769,0.0908225029706955,-0.15154857090340962,-0.6206231044940722,73.47650846080025,1.3950978794246722,0.01,0.0,0.0,0.5,0.908225029706955,-0.018426175263320993,4.574176022414177,0.0908225029706955,nan,nan,nan,nan,nan,nan,nan,nan,488,126.88688000000522,-332.89959016393436,-223.05327868852464,nan
1343,-320.5610658262582,-151.09908565311562,49.5209566750126,0.09079687297344208,-0.15154857090340962,-0.6206231044940722,73.00441821019007,1.3989300598045133,0.01,0.0,0.0,0.5,0.9079687297344208,-0.022870880112070884,3.7564799519391148,0.09079687297344208,nan,nan,nan,nan,nan,nan,nan,nan,488,126.84784000000522,-332.89959016393436,-223.05327868852464,nan
1344,-320.27376344865144,-151.54808078001435,49.92235077471089,0.09077125042676926,-0.15154857090340962,-0.6206231044940722,72.61132713412954,1.3979408749850653,0.01,0.0,0.0,0.5,0.9077125042676926,-0.018782399759695576,3.9287107604332507,0.09077125042676926,nan,nan,nan,nan,nan,nan,nan,nan,488,126.82832000000522,-332.89959016393436,-223.05327868852464,nan
1345,-319.76682888751975,-151.4456795043921,50.44436622179967,0.09075843542814255,-0.15154857090340962,-0.6206231044940722,72.80190711553286,1.4121581935483674,0.01,0.0,0.0,0.5,0.9075843542814255,-0.019643553802166255,5.033987053265986,0.09075843542814255,nan,nan,nan,nan,nan,nan,nan,nan,488,126.78928000000522,-332.89959016393436,-223.05327868852464,nan
1346,-319.4749531751966,-150.9743048948658,51.01061393854921,0.09073281288146973,-0.15154857090340962,-0.6206231044940722,73.19988205321368,1.4240367194154768,0.01,0.0,0.02,0.5,0.9073281288146973,-0.02516993526632993,4.950151997031607,0.09073281288146973,nan,nan,nan,nan,nan,nan,nan,nan,489,127.05016000000523,-332.80674846625766,-222.94989775051124,nan
1347,-319.63409414280176,-150.56740239470295,51.49754940648993,0.0918787494301796,-0.1349055751332791,-0.6201319237372368,73.57135621870016,1.428642809443552,0.01,0.0,0.02,0.5,0.918787494301796,-0.024750759985158032,4.002994050010308,0.0918787494301796,nan,nan,nan,nan,nan,nan,nan,nan,489,127.03060000000525,-332.80674846625766,-222.94989775051124,nan
1348,-319.9937492688229,-150.09788434156286,51.64926338567247,0.09186577796936035,-0.1349055751332791,-0.6201319237372368,73.95855932616188,1.4271142033412523,0.01,0.0,0.02,0.5,0.9186577796936035,-0.020014970250051542,4.256835387657756,0.09186577796936035,nan,nan,nan,nan,nan,nan,nan,nan,490,127.29144000000525,-332.9183673469388,-222.9183673469388,nan
1349,-320.48753216760946,-149.74762455557615,51.471591824608026,0.09183984249830246,-0.1349055751332791,-0.6201319237372368,74.21915698723207,1.4292233779316146,0.01,0.0,0.02,0.5,0.9183984249830246,-0.021284176938288782,3.7831682704886154,0.09183984249830246,nan,nan,nan,nan,nan,nan,nan,nan,490,127.25224000000526,-332.9183673469388,-222.9183673469388,nan
1350,-321.03640152856957,-149.49942492057,51.133732367575064,0.09181391447782516,-0.1349055751332791,-0.6201319237372368,74.4708551127906,1.4256702898250793,0.01,0.0,0.02,0.5,0.9181391447782516,-0.018915841352443077,4.467798266673608,0.09181391447782516,nan,nan,nan,nan,nan,nan,nan,nan,491,127.53260000000526,-332.8360488798371,-223.0295315682281,nan
1351,-321.3331253254789,-149.6137906240711,50.71964216598394,0.09180092811584473,-0.1349055751332791,-0.6201319237372368,74.3114275779774,1.4309941167793743,0.01,0.0,0.02,0.5,0.9180092811584473,-0.02233899133336804,3.351176834860007,0.09180092811584473,nan,nan,nan,nan,nan,nan,nan,nan,491,127.49332000000527,-332.8360488798371,-223.0295315682281,nan
1352,-321.2142109310403,-149.8465782846087,50.38838582352053,0.09177500009536743,-0.1349055751332791,-0.6201319237372368,74.10001193401058,1.434314588779137,0.01,0.0,0.02,0.5,0.9177500009536743,-0.016755884174300035,2.635202552094971,0.09177500009536743,nan,nan,nan,nan,nan,nan,nan,nan,491,127.45404000000526,-332.8360488798371,-223.0295315682281,nan
1353,-320.78487933401607,-149.59464530137635,50.43279501566485,0.09174905717372894,-0.1349055751332791,-0.6201319237372368,74.41715668075189,1.427348011410528,0.01,0.0,0.02,0.5,0.9174905717372894,-0.013176012760474856,4.002578084410539,0.09174905717372894,nan,nan,nan,nan,nan,nan,nan,nan,491,127.43440000000527,-332.8360488798371,-223.0295315682281,nan
1354,-320.17608346722596,-149.11749873315873,50.75441528822436,0.0917360931634903,-0.1349055751332791,-0.6201319237372368,75.13885811117362,1.4203857782378235,0.01,0.0,0.02,0.5,0.917360931634903,-0.020012890422052693,5.343168677996822,0.0917360931634903,nan,nan,nan,nan,nan,nan,nan,nan,493,127.99500000000526,-332.6724137931035,-223.2099391480731,nan
1355,-319.7759866193627,-148.71880798920043,51.224237850195884,0.0917101576924324,-0.1349055751332791,-0.6201319237372368,75.59924903843932,1.426301814061445,0.01,0.0,0.02,0.5,0.917101576924324,-0.02671584338998411,4.108081630460024,0.0917101576924324,nan,nan,nan,nan,nan,nan,nan,nan,493,127.95556000000528,-332.6724137931035,-223.2099391480731,nan
1356,-319.44596135928083,-148.34645525660235,51.65022274086923,0.09168422222137451,-0.1349055751332791,-0.6201319237372368,76.02289302803908,1.3729032847592362,0.01,0.0,0.02,0.5,0.9168422222137451,-0.02054040815230012,4.017418914851972,0.09168422222137451,nan,nan,nan,nan,nan,nan,nan,nan,493,127.93584000000527,-332.6724137931035,-223.2099391480731,nan
1357,-319.26086464539117,-147.82391099761642,51.6429606366403,0.08629903197288513,-0.13933558016369768,-0.643909484833895,76.5697256808652,1.3749126969170113,0.01,0.0,0.02,0.5,0.8629903197288513,-0.02008709457425986,3.5666845164390257,0.08629903197288513,nan,nan,nan,nan,nan,nan,nan,nan,493,127.89640000000529,-332.6724137931035,-223.2099391480731,nan
1358,-318.7787435965644,-147.21171974575637,51.38491617974988,0.08627460896968842,-0.13933558016369768,-0.643909484833895,77.23684364644109,1.3644816116599219,0.01,0.0,0.02,0.5,0.8627460896968842,-0.01783342258219513,5.604049600999011,0.08627460896968842,nan,nan,nan,nan,nan,nan,nan,nan,495,128.4568400000053,-332.45959595959584,-223.22727272727275,nan
1359,-318.3873232581676,-146.46371973043415,50.98851118073844,0.0862501934170723,-0.13933558016369768,-0.643909484833895,78.0427570481836,1.258754447717687,0.01,0.0,0.02,0.5,0.862501934170723,-0.028020248004995058,5.740370985027043,0.0862501934170723,nan,nan,nan,nan,nan,nan,nan,nan,495,128.43704000000528,-332.45959595959584,-223.22727272727275,nan
1360,-318.1894901709979,-145.79507224818644,50.52204428989889,0.07574562728404999,-0.15278988666085444,-0.677637314734089,78.61318031265013,1.273999868623493,0.01,0.0,0.02,0.5,0.7574562728404999,-0.028701854925135214,4.991906882906362,0.07574562728404999,nan,nan,nan,nan,nan,nan,nan,nan,496,128.69736000000532,-332.5,-223.0947580645161,nan
1361,-317.9624947166658,-145.23811355705598,50.152420777476465,0.07689593732357025,-0.16641743217261265,-0.6707968382824182,79.20224841394334,1.2780605653155617,0.01,0.0,0.02,0.5,0.7689593732357025,-0.024959534414531814,4.136637623533171,0.07689593732357025,nan,nan,nan,nan,nan,nan,nan,nan,496,128.6576800000053,-332.5,-223.0947580645161,nan
1362,-317.6158895887531,-144.63850404240642,49.772841729384204,0.07687437534332275,-0.16641743217261265,-0.6707968382824182,79.85562308263576,1.2448951670739876,0.01,0.0,0.02,0.5,0.7687437534332275,-0.020683188117665858,5.117953355832362,0.07687437534332275,nan,nan,nan,nan,nan,nan,nan,nan,496,128.6378400000053,-332.5,-223.0947580645161,nan
1363,-317.54460165321353,-143.95168663362713,49.81754578369763,0.07604849338531494,-0.18409905506679697,-0.6709025741283806,80.54371294660966,1.248585956784908,0.01,0.0,0.0,0.5,0.7604849338531494,-0.025589766779161808,4.337166171704911,0.07604849338531494,nan,nan,nan,nan,nan,nan,nan,nan,496,128.59816000000532,-332.5,-223.0947580645161,nan
1364,-317.58080307625653,-143.1377234441242,50.1270236734126,0.07602717727422714,-0.18409905506679697,-0.6709025741283806,81.52289917294918,1.2237303442409064,0.01,0.0,0.0,0.5,0.7602717727422714,-0.021685830858524553,5.698110686730839,0.07602717727422714,nan,nan,nan,nan,nan,nan,nan,nan,498,129.1583200000053,-332.4497991967871,-223.29317269076296,nan
1365,-317.8874916870147,-142.44841731223144,50.5110761259983,0.07222208380699158,-0.21985815602836875,-0.6700983756577442,82.14581713163352,1.2274152975505823,0.01,0.0,0.02,0.5,0.7222208380699158,-0.028490553433654198,5.13499869453441,0.07222208380699158,nan,nan,nan,nan,nan,nan,nan,nan,498,129.13840000000533,-332.4497991967871,-223.29317269076296,nan
1366,-318.2104782268248,-142.0063049405978,50.44541329344882,0.07230903208255768,-0.16340946550506244,-0.702378149281846,82.40712612869365,1.1204131343894002,0.01,0.0,0.02,0.5,0.7230903208255768,-0.02567499347267205,3.1714357747078674,0.07230903208255768,nan,nan,nan,nan,nan,nan,nan,nan,499,129.39848000000532,-332.3496993987976,-223.191382765531,nan
1367,-318.4376661510412,-142.04620381362466,50.12557052082254,0.060627032071352005,-0.20286138480226754,-0.7189904170603321,82.30761892156258,1.122344462973113,0.01,0.0,0.02,0.5,0.60627032071352,-0.015857178873539338,2.7514099871645032,0.060627032071352005,nan,nan,nan,nan,nan,nan,nan,nan,500,129.65848000000534,-332.23,-223.19000000000005,nan
1368,-318.6024378495226,-142.39306174251055,49.6876039012087,0.060610152781009674,-0.20286138480226754,-0.7189904170603321,81.82030753792074,1.1507587081485287,0.01,0.0,0.02,0.5,0.6061015278100967,-0.013757049935822517,3.6320775689026488,0.060610152781009674,nan,nan,nan,nan,nan,nan,nan,nan,501,129.93844000000536,-332.1806387225548,-223.07884231536934,nan
1369,-318.3360452729241,-142.8278658355552,49.197711222662704,0.06589191406965256,-0.18187523534580147,-0.7002635872976025,81.31970825045471,1.1437066745676194,0.01,0.0,0.0,0.5,0.6589191406965256,-0.018160387844513244,5.0058155076186726,0.06589191406965256,nan,nan,nan,nan,nan,nan,nan,nan,502,130.19828000000535,-332.25099601593627,-222.94820717131472,nan
1370,-317.8665055281044,-143.42620055807788,49.23997426812937,0.06587357819080353,-0.18187523534580147,-0.7002635872976025,80.82121187543585,1.2696866097287962,0.01,0.0,0.0,0.5,0.6587357819080353,-0.025029077538093362,4.837032035258812,0.06587357819080353,nan,nan,nan,nan,nan,nan,nan,nan,504,130.75800000000535,-332.0337301587301,-222.9960317460318,nan
1371,-317.204702439337,-143.65411790390868,49.56244516692249,0.07838717848062515,-0.16831683168316827,-0.66996699669967,80.71579371618307,1.2681877660980836,0.01,0.0,0.0,0.5,0.7838717848062515,-0.02418516017629406,5.114818568408167,0.07838717848062515,nan,nan,nan,nan,nan,nan,nan,nan,504,130.73784000000535,-332.0337301587301,-222.9960317460318,nan
1372,-316.59539485083405,-143.7904729644195,50.02246994343001,0.07837618887424469,-0.16831683168316827,-0.66996699669967,80.69611353086636,1.242922332417347,0.01,0.0,0.0,0.5,0.7837618887424469,-0.025574092842040836,4.45959613097153,0.07837618887424469,nan,nan,nan,nan,nan,nan,nan,nan,504,130.69752000000537,-332.0337301587301,-222.9960317460318,nan
1373,-316.29647403792575,-144.02321401061062,50.55345839543823,0.07352203130722046,-0.21996178487130488,-0.669101944475666,80.52556843192012,1.2457269834813802,0.01,0.0,0.02,0.5,0.7352203130722046,-0.02229798065485765,3.857419503980298,0.07352203130722046,nan,nan,nan,nan,nan,nan,nan,nan,504,130.65720000000536,-332.0337301587301,-222.9960317460318,nan
1374,-316.10108035637785,-144.34656553569204,51.11568703295518,0.07350140810012817,-0.21996178487130488,-0.669101944475666,80.24704271744706,1.2444881553730454,0.01,0.0,0.02,0.5,0.7350140810012817,-0.01928709751990149,4.084561918554979,0.07350140810012817,nan,nan,nan,nan,nan,nan,nan,nan,504,130.63704000000536,-332.0337301587301,-222.9960317460318,nan
1375,-315.8127030905694,-144.38052950114155,51.51376001894188,0.07349109649658203,-0.21996178487130488,-0.669101944475666,80.13270096427766,1.2602616025769628,0.01,0.0,0.02,0.5,0.7349109649658203,-0.020422809592774895,3.2320422775762014,0.07349109649658203,nan,nan,nan,nan,nan,nan,nan,nan,505,130.8966800000054,-331.9752475247525,-222.8663366336633,nan
1376,-315.71034786664126,-144.05250368511003,51.442275295247946,0.07464218884706497,-0.2092920841131785,-0.6624463283056259,80.47463715314838,1.2625304146000595,0.01,0.0,0.02,0.5,0.7464218884706497,-0.016160211387881006,2.7364135704665933,0.07464218884706497,nan,nan,nan,nan,nan,nan,nan,nan,505,130.85628000000537,-331.9752475247525,-222.8663366336633,nan
1377,-315.88732039287754,-144.03015147395868,51.12318562559951,0.07462125271558762,-0.2092920841131785,-0.6624463283056259,80.46095630761388,1.262977009202184,0.01,0.0,0.02,0.5,0.7462125271558762,-0.013682067852332967,2.6261614987966295,0.07462125271558762,nan,nan,nan,nan,nan,nan,nan,nan,505,130.83608000000538,-331.9752475247525,-222.8663366336633,nan
1378,-316.34998841385266,-144.21739049144338,50.70036192679815,0.07461077719926834,-0.2092920841131785,-0.6624463283056259,80.18606768987097,1.2537674858712635,0.01,0.0,0.02,0.5,0.7461077719926834,-0.013130807493983147,4.426199862490448,0.07461077719926834,nan,nan,nan,nan,nan,nan,nan,nan,505,130.79568000000538,-331.9752475247525,-222.8663366336633,nan
1379,-316.7626700553397,-144.67309628066107,50.227596558338114,0.07458984851837158,-0.2092920841131785,-0.6624463283056259,79.65930799451664,1.2499992323695583,0.01,0.0,0.02,0.5,0.7458984851837158,-0.022130999312452243,5.137960418483361,0.07458984851837158,nan,nan,nan,nan,nan,nan,nan,nan,505,130.75528000000543,-331.9752475247525,-222.8663366336633,nan
1380,-317.20884154810585,-144.96514735927306,49.956127155083074,0.07456890493631363,-0.2092920841131785,-0.6624463283056259,79.28834741518781,1.2366536823545744,0.01,0.0,0.02,0.5,0.7456890493631363,-0.025689802092416808,3.7861372702350184,0.07456890493631363,nan,nan,nan,nan,nan,nan,nan,nan,505,130.73508000000538,-331.9752475247525,-222.8663366336633,nan
1381,-317.31240218230704,-144.84157407422987,50.12724112100049,0.07455843687057495,-0.2092920841131785,-0.6624463283056259,79.39057000672335,1.2672295644481528,0.01,0.0,0.0,0.5,0.7455843687057495,-0.01893068635117509,1.6290945490290971,0.07455843687057495,nan,nan,nan,nan,nan,nan,nan,nan,505,130.6946800000054,-331.9752475247525,-222.8663366336633,nan
1382,-316.97384822410663,-144.60240787191088,50.516566089095285,0.0745375007390976,-0.2092920841131785,-0.6624463283056259,79.68867250872032,1.2558310612940295,0.01,0.0,0.02,0.5,0.745375007390976,-0.008145472745145486,3.866905035505607,0.0745375007390976,nan,nan,nan,nan,nan,nan,nan,nan,505,130.65428000000543,-331.9752475247525,-222.8663366336633,nan
1383,-316.81071848239924,-144.5664144824812,50.9792264357818,0.07451655715703964,-0.2092920841131785,-0.6624463283056259,79.87411123858102,1.2676822823592246,0.01,0.0,0.02,0.5,0.7451655715703964,-0.019334525177528036,2.850496882036902,0.07451655715703964,nan,nan,nan,nan,nan,nan,nan,nan,507,131.2340000000054,-331.9477317554241,-222.99309664694283,nan
1384,-317.0595628178442,-144.72091826816128,51.20480070198969,0.07519347965717316,-0.19267061663375024,-0.663813912661839,79.67553879625613,1.2670905490278916,0.01,0.0,0.02,0.5,0.7519347965717316,-0.014252484410184509,2.926548092370885,0.07519347965717316,nan,nan,nan,nan,nan,nan,nan,nan,507,131.1934400000054,-331.9477317554241,-222.99309664694283,nan
1385,-317.035611168144,-145.1006644581987,51.19918331587625,0.07517232745885849,-0.19267061663375024,-0.663813912661839,79.21926954032757,1.2654164297679196,0.01,0.0,0.02,0.5,0.7517232745885849,-0.014632740461854426,3.2190764884327145,0.07517232745885849,nan,nan,nan,nan,nan,nan,nan,nan,510,132.05272000000542,-331.6470588235295,-222.96078431372553,nan
1386,-317.21575733445053,-145.5660055850859,50.998920304700675,0.07515117526054382,-0.19267061663375024,-0.663813912661839,78.57066834101339,1.2742511161604366,0.01,0.0,0.02,0.5,0.7515117526054382,-0.01609538244216357,3.627971004668063,0.07515117526054382,nan,nan,nan,nan,nan,nan,nan,nan,511,132.33228000000543,-331.6291585127202,-222.80332681017615,nan
1387,-317.46732123487016,-146.19498605001687,50.74403122603249,0.07623909413814545,-0.19181641047845852,-0.6540376704914483,78.01345959788621,1.2674364246573708,0.01,0.0,0.02,0.5,0.7623909413814545,-0.018139855023340316,4.948017802900851,0.07623909413814545,nan,nan,nan,nan,nan,nan,nan,nan,512,132.59132000000545,-331.640625,-222.91015625,nan
1388,-317.46524531307705,-146.87061712046042,50.928685761184475,0.0762176513671875,-0.19181641047845852,-0.6540376704914483,77.3495500976005,1.3662424121310976,0.01,0.0,0.02,0.5,0.762176513671875,-0.024740089014504255,4.154377261585668,0.0762176513671875,nan,nan,nan,nan,nan,nan,nan,nan,512,132.55036000000544,-331.640625,-222.91015625,nan
1389,-317.03585045793665,-147.22226491509954,51.335447079613054,0.08570142835378647,-0.1787115918445487,-0.6211352541399444,77.18374682341916,1.363247495829568,0.01,0.0,0.02,0.5,0.8570142835378647,-0.02077188630792834,4.729017984965344,0.08570142835378647,nan,nan,nan,nan,nan,nan,nan,nan,513,132.82984000000545,-331.5643274853801,-223.02631578947376,nan
1390,-316.5580131189384,-147.25333317236934,51.847708291090285,0.0856892541050911,-0.1787115918445487,-0.6211352541399444,77.32434982304045,1.3665475740310085,0.01,0.0,0.02,0.5,0.856892541050911,-0.02364508992482672,4.020293428966753,0.0856892541050911,nan,nan,nan,nan,nan,nan,nan,nan,514,133.08876000000544,-331.488326848249,-223.1225680933852,nan
1391,-316.4507448391768,-147.32581795026817,52.364498302587926,0.08566490560770035,-0.1787115918445487,-0.6211352541399444,77.2740331866901,1.3703104877271692,0.01,0.0,0.02,0.5,0.8566490560770035,-0.020101467144833768,3.2190256158820616,0.08566490560770035,nan,nan,nan,nan,nan,nan,nan,nan,514,133.04764000000543,-331.488326848249,-223.1225680933852,nan
1392,-316.7551363445824,-147.49781562998805,52.65922923788915,0.0856405645608902,-0.1787115918445487,-0.6211352541399444,77.04654494244,1.3693692439463647,0.01,0.0,0.02,0.5,0.856405645608902,-0.01609512807941031,3.382931835116703,0.0856405645608902,nan,nan,nan,nan,nan,nan,nan,nan,514,133.02708000000547,-331.488326848249,-223.1225680933852,nan
1393,-317.09505305739475,-147.94228907773623,52.63170938660433,0.08562838286161423,-0.1787115918445487,-0.6211352541399444,76.54567710386604,1.3659800031230849,0.01,0.0,0.02,0.5,0.8562838286161423,-0.016914659175583515,4.012094925920128,0.08562838286161423,nan,nan,nan,nan,nan,nan,nan,nan,514,132.98596000000543,-331.488326848249,-223.1225680933852,nan
1394,-317.59354425673905,-148.37645087317108,52.39268515648601,0.08560404181480408,-0.1787115918445487,-0.6211352541399444,75.90348555047699,1.373371359470151,0.01,0.0,0.02,0.5,0.8560404181480408,-0.02006047462960064,4.596001314587941,0.08560404181480408,nan,nan,nan,nan,nan,nan,nan,nan,515,133.24476000000547,-331.5,-222.995145631068,nan
1395,-318.00189310787545,-148.96688513121754,52.087449979315956,0.08663513511419296,-0.1805119421448282,-0.6186126177562089,75.2488022649194,1.3699709924938919,0.01,0.0,0.02,0.5,0.8663513511419296,-0.022980006572939703,5.2514460706186235,0.08663513511419296,nan,nan,nan,nan,nan,nan,nan,nan,515,133.2241600000055,-331.5,-222.995145631068,nan
1396,-318.0608894879488,-149.6260029758272,52.25373965996875,0.08662281930446625,-0.1805119421448282,-0.6186126177562089,74.69250763750644,1.429830450576887,0.01,0.0,0.02,0.5,0.8662281930446625,-0.026257230353093117,3.9943953429966252,0.08662281930446625,nan,nan,nan,nan,nan,nan,nan,nan,516,133.4829200000055,-331.59883720930236,-223.0813953488372,nan
1397,-317.70843095559,-149.7956189703311,52.66004473161052,0.09198024868965149,-0.178050099116958,-0.5948819607136422,74.47165433609004,1.4406408236888772,0.01,0.0,0.02,0.5,0.9198024868965149,-0.019971976714983127,3.976991207048754,0.09198024868965149,nan,nan,nan,nan,nan,nan,nan,nan,517,133.7416000000055,-331.62959381044493,-222.9545454545455,nan
1398,-317.4564390760152,-149.51421292464326,53.17522944438116,0.09305258095264435,-0.18255741220623714,-0.5914574211419891,74.81356132720295,1.385527258907803,0.01,0.0,0.02,0.5,0.9305258095264435,-0.019884956035243772,4.076413910578107,0.09305258095264435,nan,nan,nan,nan,nan,nan,nan,nan,519,134.3208400000055,-331.38246628131014,-223.02023121387276,nan
1399,-317.60856733250137,-149.2756911439402,53.5249135165207,0.08759094029664993,-0.18216318785578753,-0.6174573055028463,75.00517089876332,1.3915053608005181,0.01,0.0,0.02,0.5,0.8759094029664993,-0.020382069552890535,2.831011732718643,0.08759094029664993,nan,nan,nan,nan,nan,nan,nan,nan,520,134.5792800000055,-331.3076923076924,-223.01923076923072,nan
1400,-318.0319891791901,-149.15857603677378,53.523898799488585,0.08756604045629501,-0.18216318785578753,-0.6174573055028463,74.94680297600992,1.400165944328959,0.01,0.0,0.02,0.5,0.8756604045629501,-0.014155058663593215,3.1599521177897834,0.08756604045629501,nan,nan,nan,nan,nan,nan,nan,nan,521,134.83760000000552,-331.2428023032629,-222.93186180422265,nan
1401,-318.4250410773377,-149.4481834320207,53.28384705068369,0.08859656751155853,-0.1744186046511628,-0.6183420855213804,74.59320337640725,1.396177360674568,0.01,0.0,0.02,0.5,0.8859656751155853,-0.015799760588948917,3.9324918467148144,0.08859656751155853,nan,nan,nan,nan,nan,nan,nan,nan,521,134.8167600000055,-331.2428023032629,-222.93186180422265,nan
1402,-318.9571458828596,-149.82219925694938,53.179226672495204,0.08858398348093033,-0.1744186046511628,-0.6183420855213804,74.0176060999788,1.393464073828758,0.01,0.0,0.02,0.5,0.8858398348093033,-0.019662459233574073,4.42477137011265,0.08858398348093033,nan,nan,nan,nan,nan,nan,nan,nan,523,135.3749600000055,-331.2284894837477,-222.81548757170174,nan
1403,-319.1419068828001,-150.31467035650277,53.452080039250006,0.08855879306793213,-0.1744186046511628,-0.6183420855213804,73.57193930603346,1.539434003248408,0.01,0.0,0.02,0.5,0.8855879306793213,-0.02212385685056325,4.148145791968795,0.08855879306793213,nan,nan,nan,nan,nan,nan,nan,nan,524,135.6330400000055,-331.087786259542,-222.91030534351148,nan
1404,-318.9226099537998,-150.77340065784202,53.912096952227735,0.10301747173070908,-0.15438934360455786,-0.5636334456748515,73.12527357054435,1.5400337183730717,0.01,0.0,0.02,0.5,1.0301747173070908,-0.020740728959843975,3.998591179511642,0.10301747173070908,nan,nan,nan,nan,nan,nan,nan,nan,525,135.9120400000055,-330.9666666666667,-222.9000000000001,nan
1405,-318.4823183493497,-150.72868555902517,54.46416458703737,0.10300266742706299,-0.15438934360455786,-0.5636334456748515,73.08816137439378,1.4885778699405237,0.01,0.0,0.02,0.5,1.0300266742706299,-0.019992955897558208,4.742503442620351,0.10300266742706299,nan,nan,nan,nan,nan,nan,nan,nan,526,136.17000000000553,-330.94106463878336,-222.74714828897345,nan
1406,-318.25312283531497,-150.3405311686447,55.002511158304024,0.09822903573513031,-0.16480026742436907,-0.5742938325254888,73.5098773636447,1.4899204277004472,0.01,0.0,0.02,0.5,0.9822903573513031,-0.023712517213101757,4.417510529246515,0.09822903573513031,nan,nan,nan,nan,nan,nan,nan,nan,526,136.12792000000553,-330.94106463878336,-222.74714828897345,nan
1407,-318.3680161521722,-150.19530988397563,55.184135952864466,0.09820080548524857,-0.16480026742436907,-0.5742938325254888,73.53410574440824,1.503462588780423,0.01,0.0,0.02,0.5,0.9820080548524857,-0.022087552646232574,1.6808495534857133,0.09820080548524857,nan,nan,nan,nan,nan,nan,nan,nan,527,136.40684000000553,-331.0199240986718,-222.63282732447817,nan
1408,-318.6997675616633,-149.93060042480772,55.05419424023488,0.0981866866350174,-0.16480026742436907,-0.5742938325254888,73.73872831333314,1.4941012463649461,0.01,0.0,0.02,0.5,0.981866866350174,-0.008404247767428567,3.4966605170498397,0.0981866866350174,nan,nan,nan,nan,nan,nan,nan,nan,527,136.3646800000055,-331.0199240986718,-222.63282732447817,nan
1409,-319.1357847671447,-149.80936839387144,54.74086926486977,0.09815845638513565,-0.16480026742436907,-0.5742938325254888,73.78745883803082,1.4976821908150542,0.01,0.0,0.02,0.5,0.9815845638513565,-0.0174833025852492,3.3670051734760036,0.09815845638513565,nan,nan,nan,nan,nan,nan,nan,nan,528,136.62248000000557,-330.909090909091,-222.65151515151513,nan
1410,-319.66543883897157,-149.8636355015057,54.381217212371546,0.09845171868801117,-0.14503690189899662,-0.576415954888465,73.65117199215608,1.493268890307656,0.01,0.0,0.02,0.5,0.9845171868801117,-0.01683502586738002,4.221221938468769,0.09845171868801117,nan,nan,nan,nan,nan,nan,nan,nan,528,136.60136000000554,-330.909090909091,-222.65151515151513,nan
1411,-319.6136435295253,-150.10074862443602,54.00004596273473,0.09843749552965164,-0.14503690189899662,-0.576415954888465,73.42479727701861,1.4957392889522754,0.01,0.0,0.02,0.5,0.9843749552965164,-0.021106109692343847,3.670279378429222,0.09843749552965164,nan,nan,nan,nan,nan,nan,nan,nan,528,136.55912000000555,-330.909090909091,-222.65151515151513,nan
1412,-319.0916678007353,-150.20997643502898,53.93413476985198,0.09840907156467438,-0.14503690189899662,-0.576415954888465,73.5160211514544,1.4928185783964307,0.01,0.0,0.02,0.5,0.9840907156467438,-0.01835139689214611,3.555592792393543,0.09840907156467438,nan,nan,nan,nan,nan,nan,nan,nan,529,136.81684000000556,-330.88374291115315,-222.7741020793951,nan
1413,-318.47683902690795,-149.8188818840665,54.21142337944996,0.09805966168642044,-0.16480026742436907,-0.5742938325254888,74.00267169326915,1.4841319461203044,0.01,0.0,0.02,0.5,0.9805966168642044,-0.017777963961967715,5.2647143297111025,0.09805966168642044,nan,nan,nan,nan,nan,nan,nan,nan,529,136.79568000000558,-330.88374291115315,-222.7741020793951,nan
1414,-317.781803938264,-149.33507072870975,54.64218859172178,0.09804555028676987,-0.16480026742436907,-0.5742938325254888,74.62307334240307,1.4806443114655672,0.01,0.0,0.02,0.5,0.9804555028676987,-0.026323571648555512,5.905783741127284,0.09804555028676987,nan,nan,nan,nan,nan,nan,nan,nan,531,137.35324000000557,-330.7109227871939,-222.82956685499062,nan
1415,-317.55346979464656,-148.8131036166261,54.98785844671878,0.09801732003688812,-0.16480026742436907,-0.5742938325254888,75.17682754391315,1.4899761884587845,0.01,0.0,0.02,0.5,0.9801732003688812,-0.029528918705636422,3.9829269810946677,0.09801732003688812,nan,nan,nan,nan,nan,nan,nan,nan,531,137.3107600000056,-330.7109227871939,-222.82956685499062,nan
1416,-317.38028725195113,-148.1126440857999,55.226517701951096,0.09798908978700638,-0.16480026742436907,-0.5742938325254888,75.89680093304781,1.3973014770871295,0.01,0.0,0.02,0.5,0.9798908978700638,-0.01991463490547334,5.1327679370662835,0.09798908978700638,nan,nan,nan,nan,nan,nan,nan,nan,531,137.28952000000555,-330.7109227871939,-222.82956685499062,nan
1417,-317.38204688943426,-147.35861066402026,55.09939706998829,0.08929653465747833,-0.17334074898034849,-0.6090100111234705,76.53491412629924,1.4101960431125427,0.01,0.0,0.02,0.5,0.8929653465747833,-0.025663839685331417,4.631386546558842,0.08929653465747833,nan,nan,nan,nan,nan,nan,nan,nan,532,137.54696000000556,-330.6484962406014,-222.73496240601503,nan
1418,-317.16838677755027,-146.5871231598716,54.77631274461327,0.09033530205488205,-0.16421456638947277,-0.608699625331262,77.28470154057612,1.404573504051345,0.01,0.0,0.02,0.5,0.9033530205488205,-0.02315693273279421,5.704443629428282,0.09033530205488205,nan,nan,nan,nan,nan,nan,nan,nan,533,137.80436000000557,-330.53939962476545,-222.70637898686675,nan
1419,-317.0839084838717,-145.85914531214044,54.35188726092819,0.09030956774950027,-0.16421456638947277,-0.608699625331262,78.01632883762642,1.4080769823270414,0.01,0.0,0.02,0.5,0.9030956774950027,-0.028522218147141412,4.977998767746042,0.09030956774950027,nan,nan,nan,nan,nan,nan,nan,nan,533,137.78304000000557,-330.53939962476545,-222.70637898686675,nan
1420,-317.06850972895035,-145.06683309392847,53.89261128657806,0.09029669314622879,-0.16421456638947277,-0.608699625331262,78.64983351046737,1.3541343044992609,0.01,0.0,0.02,0.5,0.9029669314622879,-0.024889993838730213,5.948123459889027,0.09029669314622879,nan,nan,nan,nan,nan,nan,nan,nan,535,138.34024000000556,-330.31308411214945,-222.59345794392527,nan
1421,-317.296605161005,-144.3204211146318,53.72159925681521,0.08538749814033508,-0.16987974804351977,-0.6249284214544761,79.33784149000631,1.2693245149640329,0.01,0.0,0.02,0.5,0.8538749814033508,-0.029740617299445136,4.879867057242275,0.08538749814033508,nan,nan,nan,nan,nan,nan,nan,nan,536,138.5974000000056,-330.1958955223881,-222.60261194029852,nan
1422,-317.4051015433551,-143.50103506561268,53.91206129123568,0.07637238502502441,-0.18109230277866492,-0.6578302991589482,80.12904513767714,1.265365538707438,0.01,0.0,0.02,0.5,0.7637238502502441,-0.024399335286211375,5.650085427152509,0.07637238502502441,nan,nan,nan,nan,nan,nan,nan,nan,536,138.5759600000056,-330.1958955223881,-222.60261194029852,nan
1423,-317.69628684875477,-142.74064198735098,54.2941432561613,0.07636159658432007,-0.18109230277866492,-0.6578302991589482,80.7035265985663,1.2766326630068916,0.01,0.0,0.02,0.5,0.7636159658432007,-0.028250427135762545,5.464655638672942,0.07636159658432007,nan,nan,nan,nan,nan,nan,nan,nan,538,139.1330000000056,-330.0650557620818,-222.49070631970255,nan
1424,-317.7714660202796,-141.94610147471545,54.692386269789665,0.07739559561014175,-0.17705159188820005,-0.6551434275506987,81.47739391005867,1.2744689760750059,0.01,0.0,0.02,0.5,0.7739559561014175,-0.02732327819336471,5.853667057642882,0.07739559561014175,nan,nan,nan,nan,nan,nan,nan,nan,538,139.0899600000056,-330.0650557620818,-222.49070631970255,nan
1425,-317.89338812917043,-141.5207193675081,54.632189329636674,0.07737372815608978,-0.17705159188820005,-0.6551434275506987,81.86174210478767,1.2932932182911874,0.01,0.0,0.02,0.5,0.7737372815608978,-0.02926833528821441,2.0669556307029384,0.07737372815608978,nan,nan,nan,nan,nan,nan,nan,nan,539,139.3684000000056,-330.1901669758813,-222.45361781076076,nan
1426,-317.8281793503657,-141.27111829762052,54.3241605335016,0.0773627981543541,-0.17705159188820005,-0.6551434275506987,81.89656498635563,1.3107076943528546,0.01,0.0,0.02,0.5,0.773627981543541,-0.010334778153514692,2.6591107723734053,0.0773627981543541,nan,nan,nan,nan,nan,nan,nan,nan,541,139.92512000000562,-330.05083179297594,-222.25046210720893,nan
1427,-317.6650343951916,-141.03532790827663,53.89185191311749,0.07940033078193665,-0.15149040424663124,-0.6553695385871784,82.23763398388445,1.3084773473200695,0.01,0.0,0.02,0.5,0.7940033078193665,-0.013295553861867027,3.060357486059351,0.07940033078193665,nan,nan,nan,nan,nan,nan,nan,nan,542,140.18176000000562,-329.93542435424365,-222.35239852398524,nan
1428,-317.31110275014373,-141.0144220847218,53.594089826470636,0.0793779194355011,-0.15149040424663124,-0.6553695385871784,82.26191122592033,1.3081514274956436,0.01,0.0,0.02,0.5,0.793779194355011,-0.015301787430296756,3.103130104508987,0.0793779194355011,nan,nan,nan,nan,nan,nan,nan,nan,543,140.46004000000562,-330.02302025782683,-222.28821362799272,nan
1429,-316.74012529251394,-140.77203084968812,53.74908708205834,0.07936670631170273,-0.15149040424663124,-0.6553695385871784,82.61718491864427,1.3010583266172855,0.01,0.0,0.02,0.5,0.7936670631170273,-0.015515650522544935,4.476927587309505,0.07936670631170273,nan,nan,nan,nan,nan,nan,nan,nan,544,140.71652000000563,-329.8988970588234,-222.3345588235294,nan
1430,-315.97136023519363,-140.40876278304367,54.12009287426327,0.07934429496526718,-0.15149040424663124,-0.6553695385871784,82.97858792845827,1.258188424265337,0.01,0.0,0.02,0.5,0.7934429496526718,-0.022384637936547526,5.923384635458004,0.07934429496526718,nan,nan,nan,nan,nan,nan,nan,nan,545,140.97296000000563,-329.8669724770641,-222.21559633027528,nan
1431,-315.6615548545961,-139.98319237157486,54.60473953309768,0.07578054070472717,-0.14505447553941467,-0.6763512070070498,83.50216633320542,1.2261287079085936,0.01,0.0,0.02,0.5,0.7578054070472717,-0.02961692317729002,4.155138774116246,0.07578054070472717,nan,nan,nan,nan,nan,nan,nan,nan,546,141.25112000000564,-329.74358974358984,-222.28937728937717,nan
1432,-315.4452950608985,-139.47290177698645,55.125595527585595,0.07169044017791748,-0.19321352829556868,-0.6707221788145998,84.04171492257575,1.2227102572556494,0.01,0.0,0.02,0.5,0.7169044017791748,-0.02077569387058123,4.798345429973638,0.07169044017791748,nan,nan,nan,nan,nan,nan,nan,nan,546,141.20744000000565,-329.74358974358984,-222.28937728937717,nan
1433,-315.19637784687126,-138.92546745468982,55.45680477599283,0.07167020440101624,-0.19321352829556868,-0.6707221788145998,84.62365412161019,1.2257073629105282,0.01,0.0,0.02,0.5,0.7167020440101624,-0.02399172714986819,4.158464666124356,0.07167020440101624,nan,nan,nan,nan,nan,nan,nan,nan,546,141.16376000000565,-329.74358974358984,-222.28937728937717,nan
1434,-314.7275889042022,-138.33645778283952,55.37671850279766,0.07164996862411499,-0.1951164874551971,-0.6709229390681003,85.28524476648748,1.122091063490519,0.01,0.0,0.02,0.5,0.7164996862411499,-0.02079232333062178,5.089263154862504,0.07164996862411499,nan,nan,nan,nan,nan,nan,nan,nan,546,141.14192000000565,-329.74358974358984,-222.28937728937717,nan
1435,-314.66468301980206,-137.7091863794352,55.054386118593655,0.061753734946250916,-0.21244056033928801,-0.7018378100501221,85.80587345455011,1.1348715511653609,0.01,0.0,0.02,0.5,0.6175373494625092,-0.02544631577431252,4.420940087362385,0.061753734946250916,nan,nan,nan,nan,nan,nan,nan,nan,547,141.39820000000566,-329.63893967093236,-222.19835466179165,nan
1436,-314.9219908753526,-137.3207434545731,54.611827218041114,0.06269761919975281,-0.18951612903225806,-0.7048891129032258,86.14405067150877,1.1375438967646043,0.01,0.0,0.02,0.5,0.6269761919975281,-0.022104700436811925,3.8513757526699592,0.06269761919975281,nan,nan,nan,nan,nan,nan,nan,nan,547,141.35444000000564,-329.63893967093236,-222.19835466179165,nan
1437,-315.12645357087126,-137.40492957180837,54.10561649216806,0.06268007308244705,-0.18951612903225806,-0.7048891129032258,86.1039269181111,1.1386958903295046,0.01,0.0,0.02,0.5,0.6268007308244705,-0.019256878763349798,3.6034294322680323,0.06268007308244705,nan,nan,nan,nan,nan,nan,nan,nan,548,141.63252000000566,-329.5620437956204,-222.29014598540152,nan
1438,-315.36478176263876,-137.42696495193297,53.57089187861181,0.06267129629850388,-0.18951612903225806,-0.7048891129032258,86.04255775110593,1.1632451072297005,0.01,0.0,0.02,0.5,0.6267129629850388,-0.01801714716134016,3.723979652692715,0.06267129629850388,nan,nan,nan,nan,nan,nan,nan,nan,548,141.5886800000057,-329.5620437956204,-222.29014598540152,nan
1439,-315.42222050664793,-137.1315416088601,53.0630385747891,0.0651865005493164,-0.1713098729227762,-0.7008797653958944,86.21651047091466,1.1736934151921774,0.01,0.0,0.02,0.5,0.6518650054931641,-0.018619898263463577,3.708917326249572,0.0651865005493164,nan,nan,nan,nan,nan,nan,nan,nan,549,141.84480000000565,-329.50364298724946,-222.19034608378877,nan
1440,-315.0020439533695,-136.7033325854572,53.08005284696545,0.06622380018234253,-0.15889195347163923,-0.7014030459287685,86.81003403616191,1.1702018676793828,0.01,0.0,0.02,0.5,0.6622380018234253,-0.018544586631247858,4.454743651623448,0.06622380018234253,nan,nan,nan,nan,nan,nan,nan,nan,550,142.12280000000567,-329.5727272727272,-222.28181818181827,nan
1441,-314.3589119020272,-136.36608562893232,53.30233571103923,0.06624756008386612,-0.17192219403165396,-0.7006161652772744,87.25235399823188,1.1398121108673043,0.01,0.0,0.02,0.5,0.6624756008386612,-0.02227371825811724,4.722076613465431,0.06624756008386612,nan,nan,nan,nan,nan,nan,nan,nan,550,142.07880000000569,-329.5727272727272,-222.28181818181827,nan
1442,-313.80650186558717,-136.40661668705715,53.56751603792658,0.06334225088357925,-0.21630407601900473,-0.6991747936984246,87.22246257747882,1.144995255773011,0.01,0.0,0.02,0.5,0.6334225088357925,-0.023610383067327156,3.649994789611665,0.06334225088357925,nan,nan,nan,nan,nan,nan,nan,nan,551,142.3347600000057,-329.4782214156079,-222.20961887477313,nan
1443,-313.1365677465563,-136.45026779788654,53.85583467833802,0.06332451850175858,-0.21630407601900473,-0.6991747936984246,87.39068389553765,1.1388620467270625,0.01,0.0,0.02,0.5,0.6332451850175858,-0.018249973948058325,4.858898256516233,0.06332451850175858,nan,nan,nan,nan,nan,nan,nan,nan,553,142.9126400000057,-329.3264014466546,-222.3282097649187,nan
1444,-312.33667127025643,-136.30898565548299,53.80817242029641,0.06331565231084824,-0.21630407601900473,-0.6991747936984246,87.63676933609298,1.1372626341949743,0.01,0.0,0.02,0.5,0.6331565231084824,-0.024294491282581165,5.143327920221435,0.06331565231084824,nan,nan,nan,nan,nan,nan,nan,nan,555,143.4682400000057,-329.13963963963965,-222.31981981981994,nan
1445,-311.6326483402108,-135.77415924842015,53.60653018136398,0.06329792737960815,-0.21630407601900473,-0.6991747936984246,88.16254946552246,1.133248443960918,0.01,0.0,0.02,0.5,0.6329792737960815,-0.025716639601107177,5.910713124320308,0.06329792737960815,nan,nan,nan,nan,nan,nan,nan,nan,557,144.0237200000057,-329.11579892280076,-222.1858168761221,nan
1446,-311.25670595635074,-135.04933974006184,53.23351828118373,0.06328019499778748,-0.21630407601900473,-0.6991747936984246,88.96427274466222,1.008343809422366,0.01,0.0,0.02,0.5,0.6328019499778748,-0.02955356562160154,5.48833116362249,0.06328019499778748,nan,nan,nan,nan,nan,nan,nan,nan,558,144.3014000000057,-329.2383512544802,-222.17741935483878,nan
1447,-311.30120801176133,-134.68514851591027,52.77359082078809,0.05057854577898979,-0.2574257425742575,-0.7345895879910572,89.31202922485994,1.0192518351061233,0.01,0.0,0.02,0.5,0.5057854577898979,-0.02744165581811245,3.2784972671054096,0.05057854577898979,nan,nan,nan,nan,nan,nan,nan,nan,558,144.25676000000573,-329.2383512544802,-222.17741935483878,nan
1448,-311.6736497480972,-134.53676890707655,52.261238218452355,0.05056443437933922,-0.2574257425742575,-0.7345895879910572,89.38345680222476,1.0142305220050882,0.01,0.0,0.02,0.5,0.5056443437933922,-0.01639248633552705,4.254531127546785,0.05056443437933922,nan,nan,nan,nan,nan,nan,nan,nan,558,144.2121200000057,-329.2383512544802,-222.17741935483878,nan
1449,-312.12675489356025,-134.58161486784175,51.725086313528635,0.050550319254398346,-0.2574257425742575,-0.7345895879910572,89.13585256712248,1.0246470375962613,0.01,0.0,0.02,0.5,0.5055031925439835,-0.021272655637733923,4.3540931521344435,0.050550319254398346,nan,nan,nan,nan,nan,nan,nan,nan,559,144.48976000000573,-329.18157423971377,-222.07066189624334,nan
1450,-312.67804410818786,-134.6748598484096,51.18334412287785,0.05164175480604172,-0.23976426799007441,-0.7338709677419355,88.91912403655421,1.0211926063000791,0.01,0.0,0.02,0.5,0.5164175480604172,-0.02177046576067222,5.016178447015417,0.05164175480604172,nan,nan,nan,nan,nan,nan,nan,nan,560,144.74500000000572,-329.0625,-222.07142857142856,nan
1451,-313.1377155578761,-135.06792993253566,50.752283189848995,0.05162734538316727,-0.23976426799007441,-0.7338709677419355,88.4488978729297,1.0420916016549566,0.01,0.0,0.02,0.5,0.5162734538316727,-0.025080892235077083,4.990727749453013,0.05162734538316727,nan,nan,nan,nan,nan,nan,nan,nan,560,144.70020000000574,-329.0625,-222.07142857142856,nan
1452,-313.70356496838536,-135.49451406535388,50.477596938259126,0.053704530000686646,-0.23330832708177046,-0.7236309077269317,87.9287155069237,1.0421479043561177,0.01,0.0,0.02,0.5,0.5370453000068665,-0.024953638747265066,4.964494522453224,0.053704530000686646,nan,nan,nan,nan,nan,nan,nan,nan,560,144.67780000000573,-329.0625,-222.07142857142856,nan
1453,-314.1226962175086,-136.07654992129147,50.59719133911277,0.05369703471660614,-0.23330832708177046,-0.7236309077269317,87.2386579492038,1.042261014212343,0.01,0.0,0.02,0.5,0.5369703471660614,-0.02482247261226612,4.911855652099273,0.05369703471660614,nan,nan,nan,nan,nan,nan,nan,nan,561,144.93296000000575,-328.9527629233511,-222.0454545454545,nan
1454,-314.4187442572942,-136.67706800092884,50.944876975976285,0.053682029247283936,-0.23330832708177046,-0.7236309077269317,86.59676160111786,1.0442507362579003,0.01,0.0,0.02,0.5,0.5368202924728394,-0.024559278260496368,4.483918185736853,0.053682029247283936,nan,nan,nan,nan,nan,nan,nan,nan,561,144.88808000000574,-328.9527629233511,-222.0454545454545,nan
1455,-314.1856576034678,-137.21616370976759,51.41820202326757,0.05366703122854233,-0.23330832708177046,-0.7236309077269317,85.99492150471022,1.174404695423208,0.01,0.0,0.02,0.5,0.5366703122854233,-0.022419590928684265,5.36278764570512,0.05366703122854233,nan,nan,nan,nan,nan,nan,nan,nan,563,145.46556000000575,-328.70781527531085,-221.97602131438725,nan
1456,-313.8153821461,-137.86008592575502,51.93025410909983,0.06712185591459274,-0.16271872396143316,-0.6988453755505297,85.42408999112938,1.144169077619997,0.01,0.0,0.02,0.5,0.6712185591459274,-0.026813938228525597,5.4809418231075195,0.06712185591459274,nan,nan,nan,nan,nan,nan,nan,nan,563,145.42052000000575,-328.70781527531085,-221.97602131438725,nan
1457,-313.2979776016005,-138.44743727281667,52.34569484899437,0.0641573816537857,-0.20332355816226788,-0.6969696969696969,85.00430425154747,1.1422305211453578,0.01,0.0,0.02,0.5,0.6415738165378571,-0.0274047091155376,5.832628070733143,0.0641573816537857,nan,nan,nan,nan,nan,nan,nan,nan,564,145.67544000000578,-328.63475177304963,-222.05673758865248,nan
1458,-313.1709418764542,-139.00860441836616,52.49697943871568,0.06413937360048294,-0.20332355816226788,-0.6969696969696969,84.47556948365398,1.1531307792761962,0.01,0.0,0.02,0.5,0.6413937360048294,-0.029163140353665712,3.6345758418432976,0.06413937360048294,nan,nan,nan,nan,nan,nan,nan,nan,564,145.65288000000578,-328.63475177304963,-222.05673758865248,nan
1459,-313.19873007127455,-139.66653375609022,52.67574897393666,0.06413036584854126,-0.20332355816226788,-0.6969696969696969,83.79431727462466,1.1874417016809753,0.01,0.0,0.02,0.5,0.6413036584854126,-0.018172879209216487,4.590327304490992,0.06413036584854126,nan,nan,nan,nan,nan,nan,nan,nan,565,145.90772000000578,-328.51769911504425,-222.0486725663717,nan
1460,-313.5264820693994,-140.2218857782941,52.5825160018978,0.06803933531045914,-0.19128675157719316,-0.6883704320914177,83.1886988993766,1.1887695241088139,0.01,0.0,0.02,0.5,0.6803933531045914,-0.02295163652245496,4.286544320693299,0.06803933531045914,nan,nan,nan,nan,nan,nan,nan,nan,565,145.8625200000058,-328.51769911504425,-222.0486725663717,nan
1461,-313.8639130842314,-140.88114725803587,52.46726166513102,0.06802021712064743,-0.19128675157719316,-0.6883704320914177,82.47969816698036,1.2962807719960634,0.01,0.0,0.02,0.5,0.6802021712064743,-0.021432721603466494,5.079292912188711,0.06802021712064743,nan,nan,nan,nan,nan,nan,nan,nan,565,145.8399200000058,-328.51769911504425,-222.0486725663717,nan
1462,-314.1703499807564,-141.4913029468625,52.63670044938754,0.07916771620512009,-0.17231015828491283,-0.6459627329192547,81.82503423277849,1.300431706600612,0.01,0.0,0.02,0.5,0.7916771620512009,-0.025396464560943556,4.2042832984078835,0.07916771620512009,nan,nan,nan,nan,nan,nan,nan,nan,565,145.79472000000578,-328.51769911504425,-222.0486725663717,nan
1463,-314.0913947143621,-141.65329196924733,53.03762606680492,0.07914530485868454,-0.17231015828491283,-0.6459627329192547,81.67946792197915,1.3064654239057343,0.01,0.0,0.02,0.5,0.7914530485868454,-0.021021416492039417,2.9527171445123264,0.07914530485868454,nan,nan,nan,nan,nan,nan,nan,nan,565,145.7495200000058,-328.51769911504425,-222.0486725663717,nan
1464,-313.7444064419032,-141.48198659538275,53.54510475354957,0.07912289351224899,-0.17231015828491283,-0.6459627329192547,81.89193807814699,1.310967844131308,0.01,0.0,0.02,0.5,0.7912289351224899,-0.014763585722561631,4.089448332246715,0.07912289351224899,nan,nan,nan,nan,nan,nan,nan,nan,567,146.3268400000058,-328.50529100529104,-222.0326278659611,nan
1465,-313.7737645422311,-141.10904321173152,54.0938020570889,0.08014150708913803,-0.1682382133995037,-0.6422828784119108,82.07856119220946,1.320270034435215,0.01,0.0,0.02,0.5,0.8014150708913803,-0.020447241661233573,4.243289637004856,0.08014150708913803,nan,nan,nan,nan,nan,nan,nan,nan,569,146.8813600000058,-328.5808435852373,-221.8409490333919,nan
1466,-314.06977444060846,-140.68323264484317,54.16609935157172,0.0811486467719078,-0.16797797010228166,-0.6382769472856019,82.44480612582159,1.3232928222152711,0.01,0.0,0.02,0.5,0.8114864677190781,-0.02121644818502428,3.592812662658668,0.0811486467719078,nan,nan,nan,nan,nan,nan,nan,nan,569,146.83584000000582,-328.5808435852373,-221.8409490333919,nan
1467,-314.4274759528514,-140.71412872628096,53.92855606392876,0.08112568408250809,-0.16797797010228166,-0.6382769472856019,82.3521632289021,1.3258952900004817,0.01,0.0,0.02,0.5,0.8112568408250809,-0.017964063313293338,3.0493355545911736,0.08112568408250809,nan,nan,nan,nan,nan,nan,nan,nan,569,146.8130800000058,-328.5808435852373,-221.8409490333919,nan
1468,-314.959317906691,-140.94057781049676,53.549494490079994,0.08111419528722763,-0.16797797010228166,-0.6382769472856019,82.08309379196196,1.3188129303343836,0.01,0.0,0.02,0.5,0.8111419528722763,-0.015246677772955868,4.625142624224349,0.08111419528722763,nan,nan,nan,nan,nan,nan,nan,nan,570,147.06748000000582,-328.47368421052636,-221.90350877192986,nan
1469,-315.36918427959915,-141.4211814423267,53.15842378551869,0.08119386434555054,-0.1363414871844849,-0.6435045317220544,81.54221563600696,1.3533658390325516,0.01,0.0,0.02,0.5,0.8119386434555054,-0.023125713121121744,4.986685175057058,0.08119386434555054,nan,nan,nan,nan,nan,nan,nan,nan,570,147.02188000000584,-328.47368421052636,-221.90350877192986,nan
1470,-315.41060022510163,-141.99140833508056,53.27351514442734,0.08482992649078369,-0.1097906055461234,-0.640445199019053,80.94215113198462,1.361161600956507,0.01,0.0,0.02,0.5,0.8482992649078369,-0.02493342587528529,3.4034525137767053,0.08482992649078369,nan,nan,nan,nan,nan,nan,nan,nan,571,147.29904000000585,-328.3844133099825,-221.88704028021016,nan
1471,-315.0611220311683,-142.0511012370724,53.649059535033906,0.08481788635253906,-0.1097906055461234,-0.640445199019053,80.66337238310358,1.3316885506044918,0.01,0.0,0.02,0.5,0.8481788635253906,-0.017017262568883525,3.8572552416504773,0.08481788635253906,nan,nan,nan,nan,nan,nan,nan,nan,574,148.15320000000582,-328.1445993031359,-221.64634146341473,nan
1472,-314.8270693421366,-141.6715992813715,54.14943740681639,0.08209747821092606,-0.13394318728935967,-0.6358208955223881,81.07598899394567,1.32902051433777,0.01,0.0,0.02,0.5,0.8209747821092606,-0.019286276208252386,4.344275504638383,0.08209747821092606,nan,nan,nan,nan,nan,nan,nan,nan,574,148.10728000000586,-328.1445993031359,-221.64634146341473,nan
1473,-314.99686873142764,-141.37984485052243,54.7046563393736,0.08207419514656067,-0.13394318728935967,-0.6358208955223881,81.33617459466412,1.3309186513428015,0.01,0.0,0.02,0.5,0.8207419514656067,-0.021721377523191917,3.9413784503117686,0.08207419514656067,nan,nan,nan,nan,nan,nan,nan,nan,574,148.08432000000585,-328.1445993031359,-221.64634146341473,nan
1474,-315.4358458858334,-141.28708450257656,55.279099162685156,0.08206254988908768,-0.13394318728935967,-0.6358208955223881,81.35799034341873,1.2805995590986945,0.01,0.0,0.02,0.5,0.8206254988908768,-0.019706892251558843,4.722059577661015,0.08206254988908768,nan,nan,nan,nan,nan,nan,nan,nan,574,148.03840000000585,-328.1445993031359,-221.64634146341473,nan
1475,-315.82233240897375,-141.56757922298692,55.70348343562162,0.07742098718881607,-0.1379416282642089,-0.6565284178187405,81.0212714252864,1.282465583620713,0.01,0.0,0.02,0.5,0.7742098718881607,-0.023610297888305074,4.304914129128859,0.07742098718881607,nan,nan,nan,nan,nan,nan,nan,nan,574,147.99248000000586,-328.1445993031359,-221.64634146341473,nan
1476,-316.2783822248923,-141.7531278200743,55.691587235437154,0.07739901542663574,-0.1379416282642089,-0.6565284178187405,80.76962729893235,1.2870309091971537,0.01,0.0,0.02,0.5,0.7739901542663574,-0.021524570645644295,3.3698906627055027,0.07739901542663574,nan,nan,nan,nan,nan,nan,nan,nan,574,147.96952000000584,-328.1445993031359,-221.64634146341473,nan
1477,-316.7647698867907,-141.80449237766857,55.43055564878229,0.07738803327083588,-0.1379416282642089,-0.6565284178187405,80.64875313962504,1.3705508532939692,0.01,0.0,0.02,0.5,0.7738803327083588,-0.016849453313527513,3.29352349403818,0.07738803327083588,nan,nan,nan,nan,nan,nan,nan,nan,574,147.92360000000585,-328.1445993031359,-221.64634146341473,nan
1478,-317.2450930932765,-141.9017516910296,55.072305026440056,0.0857018530368805,-0.10702964758530674,-0.6330412082789484,80.33969424636078,1.3776794990841275,0.01,0.0,0.02,0.5,0.8570185303688049,-0.0164676174701909,3.8784735810016833,0.0857018530368805,nan,nan,nan,nan,nan,nan,nan,nan,575,148.17760000000587,-328.13478260869556,-221.5,nan
1479,-317.1621843583658,-142.15338681432087,54.63680927742526,0.08670718967914581,-0.10706736513188127,-0.6222773642128481,80.10170370473358,1.3770941368497633,0.01,0.0,0.02,0.5,0.8670718967914581,-0.019392367905008416,3.9709173886533127,0.08670718967914581,nan,nan,nan,nan,nan,nan,nan,nan,575,148.15460000000587,-328.13478260869556,-221.5,nan
1480,-316.6290795414411,-142.224826496216,54.35876878244038,0.0866948738694191,-0.10706736513188127,-0.6222773642128481,80.1057696868764,1.3770305392392144,0.01,0.0,0.02,0.5,0.866948738694191,-0.019854586943266563,3.9343796323207147,0.0866948738694191,nan,nan,nan,nan,nan,nan,nan,nan,575,148.10860000000588,-328.13478260869556,-221.5,nan
1481,-316.0177797115881,-141.7823258444715,54.521350807509116,0.08667024224996567,-0.10706736513188127,-0.6222773642128481,80.63330163137019,1.369999004900659,0.01,0.0,0.02,0.5,0.8667024224996567,-0.019671898161603574,5.291405379731493,0.08667024224996567,nan,nan,nan,nan,nan,nan,nan,nan,575,148.0626000000059,-328.13478260869556,-221.5,nan
1482,-315.28594525605126,-141.22550296781193,54.85996123600303,0.08664561063051224,-0.10706736513188127,-0.6222773642128481,81.27247534755242,1.3277882563652803,0.01,0.0,0.02,0.5,0.8664561063051224,-0.026457026898657462,6.173063524917569,0.08664561063051224,nan,nan,nan,nan,nan,nan,nan,nan,576,148.33956000000586,-328.0815972222223,-221.484375,nan
1483,-315.02116938262253,-140.64407652576992,55.2159029203373,0.08286536484956741,-0.13464649348177757,-0.6250832619659339,81.67540906423397,1.298990657659492,0.01,0.0,0.02,0.5,0.8286536484956741,-0.030865317624587846,4.332275801475613,0.08286536484956741,nan,nan,nan,nan,nan,nan,nan,nan,578,148.8933200000059,-328.06228373702425,-221.27162629757788,nan
1484,-314.89000243304315,-139.89997530969416,55.38604438735391,0.07906521111726761,-0.12833316688305205,-0.6452611604913613,82.35666895053339,1.294572665540333,0.01,0.0,0.02,0.5,0.7906521111726761,-0.021661379007378065,5.170980006862616,0.07906521111726761,nan,nan,nan,nan,nan,nan,nan,nan,579,149.1470400000059,-327.9576856649396,-221.21329879101893,nan
1485,-315.06633199590874,-139.17422018234174,55.208265092718605,0.07904275506734848,-0.12833316688305205,-0.6452611604913613,83.03769449801278,1.2967494667897463,0.01,0.0,0.02,0.5,0.7904275506734848,-0.025854900034313084,4.713160726828588,0.07904275506734848,nan,nan,nan,nan,nan,nan,nan,nan,580,149.4238400000059,-327.83620689655163,-221.22413793103442,nan
1486,-315.05647285705095,-138.41722450477252,54.85359556901116,0.07903152704238892,-0.12833316688305205,-0.6452611604913613,83.78726939878639,1.1897547910577702,0.01,0.0,0.02,0.5,0.7903152704238892,-0.02356580363414294,5.495874445306319,0.07903152704238892,nan,nan,nan,nan,nan,nan,nan,nan,580,149.3774400000059,-327.83620689655163,-221.22413793103442,nan
1487,-314.84770005015,-137.79926621245843,54.405287584547764,0.0687234178185463,-0.14516129032258066,-0.6726487960018173,84.43227432587787,1.1944952783127893,0.01,0.0,0.02,0.5,0.687234178185463,-0.027479372226531594,4.5090339751984665,0.0687234178185463,nan,nan,nan,nan,nan,nan,nan,nan,581,149.63100000000588,-327.94750430292595,-221.2091222030981,nan
1488,-314.3512787242876,-137.31469667508804,53.916706521450905,0.0687040463089943,-0.14516129032258066,-0.6726487960018173,85.08827309263847,1.1907457542430515,0.01,0.0,0.02,0.5,0.6870404630899429,-0.022545169875992335,5.473324775474197,0.0687040463089943,nan,nan,nan,nan,nan,nan,nan,nan,582,149.9077200000059,-328.0240549828179,-221.2972508591065,nan
1489,-314.09767208223104,-136.7155560265842,53.450874693815074,0.06881123781204224,-0.1774193548387097,-0.6683325761017719,85.70298471570399,1.1933416691066547,0.01,0.0,0.02,0.5,0.6881123781204224,-0.027366623877370985,4.915398783649536,0.06881123781204224,nan,nan,nan,nan,nan,nan,nan,nan,583,150.1611200000059,-327.9030874785592,-221.29931389365356,nan
1490,-314.00469339708593,-135.9309854645524,53.44087208975853,0.06879185885190964,-0.1774193548387097,-0.6683325761017719,86.35748858974199,1.2016297889557983,0.01,0.0,0.02,0.5,0.6879185885190964,-0.02457699391824768,5.278372271706567,0.06879185885190964,nan,nan,nan,nan,nan,nan,nan,nan,585,150.71432000000593,-327.7735042735043,-221.18376068376062,nan
1491,-314.22126650461973,-135.177102588773,53.73417664075401,0.0698021724820137,-0.1794987074294706,-0.6634820726087445,87.06783783471644,1.1622156435419553,0.01,0.0,0.02,0.5,0.698021724820137,-0.026391861358532834,5.11409747263923,0.0698021724820137,nan,nan,nan,nan,nan,nan,nan,nan,585,150.69092000000592,-327.7735042735043,-221.18376068376062,nan
1492,-314.3906554342565,-134.3486862722656,54.17445418391552,0.06577862054109573,-0.16224611708482672,-0.6855436081242533,87.8602913215295,1.039990730448744,0.01,0.0,0.02,0.5,0.6577862054109573,-0.02557048736319615,6.2079353006320925,0.06577862054109573,nan,nan,nan,nan,nan,nan,nan,nan,585,150.64412000000596,-327.7735042735043,-221.18376068376062,nan
1493,-314.69730642170276,-133.77679219034422,54.325986378507736,0.05410303920507431,-0.19239631336405533,-0.7065092165898618,88.37966446795635,1.051964988632688,0.01,0.0,0.02,0.5,0.5410303920507431,-0.031039676503160463,3.782756820581522,0.05410303920507431,nan,nan,nan,nan,nan,nan,nan,nan,585,150.59732000000594,-327.7735042735043,-221.18376068376062,nan
1494,-314.6750074141075,-133.43396312351237,54.22403659666634,0.05408786982297897,-0.19239631336405533,-0.7065092165898618,88.7220242771781,1.0588795853846376,0.01,0.0,0.02,0.5,0.5408786982297897,-0.01891378410290761,2.3846502067028603,0.05408786982297897,nan,nan,nan,nan,nan,nan,nan,nan,585,150.57392000000596,-327.7735042735043,-221.18376068376062,nan
1495,-314.2563348750011,-133.33457791429666,53.89192161828269,0.054080281406641006,-0.19239631336405533,-0.7065092165898618,88.76192432058525,1.064374834523692,0.01,0.0,0.02,0.5,0.5408028140664101,-0.011923251033514302,3.743672087571155,0.054080281406641006,nan,nan,nan,nan,nan,nan,nan,nan,586,150.82708000000594,-327.7389078498294,-221.0665529010239,nan
1496,-313.8531752086213,-133.56140111792644,53.462612378487506,0.055309318006038666,-0.2086956521739131,-0.7037868162692847,88.60002911718504,1.0638575434930893,0.01,0.0,0.02,0.5,0.5530931800603867,-0.018718360437855776,3.816135878408533,0.055309318006038666,nan,nan,nan,nan,nan,nan,nan,nan,586,150.78020000000595,-327.7389078498294,-221.0665529010239,nan
1497,-313.26021290053455,-133.64887380993255,53.530118071357144,0.05529382824897766,-0.2086956521739131,-0.7037868162692847,88.60859566152577,1.0612116476464717,0.01,0.0,0.02,0.5,0.5529382824897766,-0.019080679392042665,4.329817840090435,0.05529382824897766,nan,nan,nan,nan,nan,nan,nan,nan,586,150.75676000000595,-327.7389078498294,-221.0665529010239,nan
1498,-312.62293988896755,-133.52652053075224,53.8242680906171,0.05528607964515686,-0.2086956521739131,-0.7037868162692847,88.64907744732156,1.0718640169827598,0.01,0.0,0.02,0.5,0.5528607964515686,-0.021649089200452176,4.228047662408029,0.05528607964515686,nan,nan,nan,nan,nan,nan,nan,nan,589,151.60972000000595,-327.5339558573854,-220.91256366723258,nan
1499,-312.16268403348874,-133.29017370006326,54.274461718271425,0.05630042031407356,-0.21329254727474975,-0.7049499443826475,88.96043626828059,3.072595472107716,0.01,0.0,0.02,0.5,0.5630042031407356,-0.021140238312040146,4.050213859401602,0.05630042031407356,nan,nan,nan,nan,nan,nan,nan,nan,589,151.56260000000597,-327.5339558573854,-220.91256366723258,nan
