nohup: ignoring input
======================================================================
  Multi-Agent Training: Scout (frame-by-frame) + Commander (waypoint)
======================================================================
pybullet build time: Mar 10 2026 14:33:15
Device: cpu

scout_self_dim   = 16
fixed_self_dim   = 19
max_steps        = 1000
waypoint_steps   = 30
waypoint_range   = 50.0m
num_decisions    = 33 (commander)

ScoutActor params:  323,320
  Loaded scout from /homes/eva/xj/xjahnf00/tmp/DP/results/TrainingQuad/050626_TrainingMultipleScoutsOnMultipleFires/scout_b0120.pt
Commander params:   101,706
  Loaded commander from /homes/eva/xj/xjahnf00/tmp/DP/saved_models/v5_fireValve/cmdr_best.pt
  Reset action_logstd for fresh exploration
  Re-init encoder weights for refill compass dims (11-12)
  Scout FROZEN for first 999999 batches
ScoutCritic params: 118,657
CmdrCritic params:  30,849
  CmdrCritic weights re-initialised (--reset-cmdr-critic)
Checkpoints -> /homes/eva/xj/xjahnf00/tmp/DP/src/../saved_models/v6_shortWP

   [CURRICULUM] Batch 1: phase 1 (map=(1200.0, 1200.0), waste_pen=0.0)
16:15:48 | Batch 0001 (Ep 00030) | R:   -181.1 (  -181.1)  Scout_R:  +124.9  Cmdr_R:  -306.0  Scout:100% Cmdr:100%  scout:[survived=120] cmdr:[survived=90] refills=235  NN_dec=2903/2970  fire: peak=99 final=75 supp=24 ext=21.2  72.1s
   Cmdr reward breakdown: r_extinguish=+136.667  r_water_waste=+0.000  r_water_near=+0.000  r_fire_out=+10.000  r_spread=+0.000
   Water drops: 656 total, 410 hit, 246 miss (62% accuracy)  alt=59m [37-80]  dist=43m [6-83]
   FW shaping: surv=+0.0 bound=+0.0 alt_pen=+0.0 approach=-157.6 alt_shape=+345.5  avg_dist_scout=290m
   [SCOUT DIAG] ratio: 1.0000+/-0.0000 [1.0000,1.0000] | adv: 0.1068+/-0.9533 | alive=30000/30000
   [CMDR  DIAG] ratio: 1.0253+/-0.5843 [0.0473,12.2779] | adv: 0.1345+/-0.7450 | alive=726/726 | bc_coef=0.497
16:17:18 | Batch 0002 (Ep 00060) | R:   -438.8 (  -309.9)  Scout_R:   +22.7  Cmdr_R:  -461.5  Scout:100% Cmdr:100%  scout:[survived=120] cmdr:[survived=90] refills=371  NN_dec=2768/2970  fire: peak=107 final=82 supp=24 ext=20.6  72.7s
   Cmdr reward breakdown: r_extinguish=+129.000  r_water_waste=+0.000  r_water_near=+0.000  r_fire_out=+15.000  r_spread=+0.000
   Water drops: 634 total, 387 hit, 247 miss (61% accuracy)  alt=60m [43-80]  dist=43m [7-87]
   FW shaping: surv=+0.0 bound=+0.0 alt_pen=+0.0 approach=-167.8 alt_shape=+322.7  avg_dist_scout=305m
   New best! rolling avg = -309.9
   [SCOUT DIAG] ratio: 1.0000+/-0.0000 [1.0000,1.0000] | adv: -0.0470+/-1.0123 | alive=30000/30000
   [CMDR  DIAG] ratio: 1.0017+/-0.2143 [0.1812,2.3690] | adv: 0.0594+/-1.0030 | alive=672/726 | bc_coef=0.493
16:18:48 | Batch 0003 (Ep 00090) | R:   -176.0 (  -307.4)  Scout_R:   +24.6  Cmdr_R:  -200.6  Scout:100% Cmdr:100%  scout:[survived=120] cmdr:[survived=90] refills=241  NN_dec=2899/2970  fire: peak=75 final=50 supp=25 ext=22.9  71.2s
   Cmdr reward breakdown: r_extinguish=+129.667  r_water_waste=+0.000  r_water_near=+0.000  r_fire_out=+15.000  r_spread=+0.000
   Water drops: 658 total, 389 hit, 269 miss (59% accuracy)  alt=60m [39-80]  dist=41m [8-94]
   FW shaping: surv=+0.0 bound=+0.0 alt_pen=+0.0 approach=-124.9 alt_shape=+375.6  avg_dist_scout=264m
   New best! rolling avg = -307.4
   [SCOUT DIAG] ratio: 1.0000+/-0.0000 [1.0000,1.0000] | adv: 0.0761+/-0.8826 | alive=30000/30000
   [CMDR  DIAG] ratio: 0.9982+/-0.1685 [0.0374,2.6644] | adv: -0.0781+/-0.8168 | alive=682/726 | bc_coef=0.490
16:20:17 | Batch 0004 (Ep 00120) | R:   +171.4 (    -2.3)  Scout_R:   +25.5  Cmdr_R:  +145.8  Scout:100% Cmdr:100%  scout:[survived=120] cmdr:[survived=90] refills=229  NN_dec=2905/2970  fire: peak=85 final=51 supp=34 ext=27.4  70.2s
   Cmdr reward breakdown: r_extinguish=+155.333  r_water_waste=+0.000  r_water_near=+0.000  r_fire_out=+10.000  r_spread=+0.000
   Water drops: 623 total, 466 hit, 157 miss (75% accuracy)  alt=60m [41-80]  dist=43m [2-91]
   FW shaping: surv=+0.0 bound=+0.0 alt_pen=+0.0 approach=-85.6 alt_shape=+444.2  avg_dist_scout=202m
   New best! rolling avg = -2.3
   [SCOUT DIAG] ratio: 1.0000+/-0.0000 [1.0000,1.0000] | adv: 0.1236+/-0.8857 | alive=30000/30000
   [CMDR  DIAG] ratio: 1.0021+/-0.1960 [0.4703,2.9065] | adv: -0.0501+/-1.1547 | alive=705/726 | bc_coef=0.487
16:21:48 | Batch 0005 (Ep 00150) | R:   -287.6 (   -58.1)  Scout_R:   +96.5  Cmdr_R:  -384.1  Scout:100% Cmdr:100%  scout:[survived=120] cmdr:[survived=90] refills=194  NN_dec=2884/2970  fire: peak=94 final=69 supp=26 ext=21.1  72.8s
   Cmdr reward breakdown: r_extinguish=+136.000  r_water_waste=+0.000  r_water_near=+0.000  r_fire_out=+10.000  r_spread=+0.000
   Water drops: 667 total, 408 hit, 259 miss (61% accuracy)  alt=59m [37-80]  dist=43m [7-81]
   FW shaping: surv=+0.0 bound=+0.0 alt_pen=+0.0 approach=-142.0 alt_shape=+350.0  avg_dist_scout=282m
   [SCOUT DIAG] ratio: 1.0000+/-0.0000 [1.0000,1.0000] | adv: 0.2618+/-0.6452 | alive=30000/30000
   [CMDR  DIAG] ratio: 1.0062+/-0.2084 [0.2671,2.6067] | adv: 0.1553+/-0.5272 | alive=723/726 | bc_coef=0.483
16:23:14 | Batch 0006 (Ep 00180) | R:   -898.4 (  -593.0)  Scout_R:  -171.1  Cmdr_R:  -727.2  Scout:100% Cmdr:100%  scout:[survived=120] cmdr:[survived=90] refills=160  NN_dec=2923/2970  fire: peak=103 final=76 supp=27 ext=22.3  68.3s
   Cmdr reward breakdown: r_extinguish=+125.000  r_water_waste=+0.000  r_water_near=+0.000  r_fire_out=+15.000  r_spread=+0.000
   Water drops: 545 total, 375 hit, 170 miss (69% accuracy)  alt=60m [43-80]  dist=44m [6-92]
   FW shaping: surv=+0.0 bound=+0.0 alt_pen=+0.0 approach=-159.1 alt_shape=+338.4  avg_dist_scout=308m
   [SCOUT DIAG] ratio: 1.0000+/-0.0000 [1.0000,1.0000] | adv: -0.0598+/-1.1261 | alive=30000/30000
   [CMDR  DIAG] ratio: 0.9913+/-0.1448 [0.0204,1.8797] | adv: -0.3046+/-1.3699 | alive=695/726 | bc_coef=0.480
16:24:42 | Batch 0007 (Ep 00210) | R:   -347.7 (  -623.1)  Scout_R:   +68.2  Cmdr_R:  -415.9  Scout:100% Cmdr:100%  scout:[survived=120] cmdr:[survived=90] refills=269  NN_dec=2857/2970  fire: peak=84 final=56 supp=28 ext=22.9  69.6s
   Cmdr reward breakdown: r_extinguish=+143.333  r_water_waste=+0.000  r_water_near=+0.000  r_fire_out=+0.000  r_spread=+0.000
   Water drops: 709 total, 430 hit, 279 miss (61% accuracy)  alt=60m [41-80]  dist=41m [2-78]
   FW shaping: surv=+0.0 bound=+0.0 alt_pen=+0.0 approach=-135.5 alt_shape=+383.5  avg_dist_scout=269m
   [SCOUT DIAG] ratio: 1.0000+/-0.0000 [1.0000,1.0000] | adv: 0.0284+/-0.9852 | alive=30000/30000
   [CMDR  DIAG] ratio: 1.0152+/-0.1814 [0.4532,2.2245] | adv: 0.2079+/-0.3170 | alive=700/726 | bc_coef=0.477
16:26:11 | Batch 0008 (Ep 00240) | R:   -365.0 (  -356.4)  Scout_R:   +35.8  Cmdr_R:  -400.8  Scout:100% Cmdr:100%  scout:[survived=120] cmdr:[survived=90] refills=210  NN_dec=2904/2970  fire: peak=96 final=73 supp=24 ext=21.7  69.9s
   Cmdr reward breakdown: r_extinguish=+126.000  r_water_waste=+0.000  r_water_near=+0.000  r_fire_out=+10.000  r_spread=+0.000
   Water drops: 581 total, 378 hit, 203 miss (65% accuracy)  alt=58m [41-80]  dist=45m [6-92]
   FW shaping: surv=+0.0 bound=+0.0 alt_pen=+0.0 approach=-141.6 alt_shape=+369.9  avg_dist_scout=278m
   [SCOUT DIAG] ratio: 1.0000+/-0.0000 [1.0000,1.0000] | adv: 0.0416+/-0.9727 | alive=30000/30000
   [CMDR  DIAG] ratio: 1.0054+/-0.1392 [0.4996,1.8338] | adv: 0.2838+/-0.0822 | alive=726/726 | bc_coef=0.473
16:27:40 | Batch 0009 (Ep 00270) | R:   -147.8 (  -256.4)  Scout_R:  +162.1  Cmdr_R:  -309.9  Scout:100% Cmdr:100%  scout:[survived=120] cmdr:[survived=90] refills=150  NN_dec=2936/2970  fire: peak=90 final=62 supp=28 ext=24.8  71.0s
   Cmdr reward breakdown: r_extinguish=+146.667  r_water_waste=+0.000  r_water_near=+0.000  r_fire_out=+5.000  r_spread=+0.000
   Water drops: 726 total, 440 hit, 286 miss (61% accuracy)  alt=59m [41-80]  dist=43m [4-92]
   FW shaping: surv=+0.0 bound=+0.0 alt_pen=+0.0 approach=-126.6 alt_shape=+381.9  avg_dist_scout=259m
   [SCOUT DIAG] ratio: 1.0000+/-0.0000 [1.0000,1.0000] | adv: -0.0165+/-1.0146 | alive=30000/30000
   [CMDR  DIAG] ratio: 1.0098+/-0.1845 [0.3913,2.4201] | adv: 0.2139+/-0.2399 | alive=701/726 | bc_coef=0.470
16:29:11 | Batch 0010 (Ep 00300) | R:   -364.3 (  -256.0)  Scout_R:  -142.4  Cmdr_R:  -222.0  Scout:100% Cmdr:100%  scout:[survived=120] cmdr:[survived=90] refills=216  NN_dec=2844/2970  fire: peak=96 final=56 supp=40 ext=21.4  73.0s
   Cmdr reward breakdown: r_extinguish=+128.000  r_water_waste=+0.000  r_water_near=+0.000  r_fire_out=+30.000  r_spread=+0.000
   Water drops: 616 total, 384 hit, 232 miss (62% accuracy)  alt=59m [44-80]  dist=42m [2-91]
   FW shaping: surv=+0.0 bound=+0.0 alt_pen=+0.0 approach=-153.5 alt_shape=+371.8  avg_dist_scout=271m
   [SCOUT DIAG] ratio: 1.0000+/-0.0000 [1.0000,1.0000] | adv: 0.0497+/-0.9719 | alive=30000/30000
   [CMDR  DIAG] ratio: 1.0057+/-0.1904 [0.3133,2.6077] | adv: 0.1234+/-0.3581 | alive=726/726 | bc_coef=0.467
16:30:43 | Batch 0011 (Ep 00330) | R:   -185.9 (  -275.1)  Scout_R:   +63.8  Cmdr_R:  -249.7  Scout:100% Cmdr:99%  scout:[survived=120] cmdr:[survived=88 boundary=2] refills=202  NN_dec=2838/2970  fire: peak=86 final=60 supp=26 ext=22.3  71.0s
   Cmdr reward breakdown: r_extinguish=+126.333  r_water_waste=+0.000  r_water_near=+0.000  r_fire_out=+5.000  r_spread=+0.000
   Water drops: 575 total, 379 hit, 196 miss (66% accuracy)  alt=62m [38-80]  dist=44m [5-102]
   FW shaping: surv=+0.0 bound=+0.0 alt_pen=+0.0 approach=-148.3 alt_shape=+392.7  avg_dist_scout=253m
   [SCOUT DIAG] ratio: 1.0000+/-0.0000 [1.0000,1.0000] | adv: -0.0238+/-1.0956 | alive=30000/30000
   [CMDR  DIAG] ratio: 1.0114+/-0.1869 [0.2392,2.2022] | adv: 0.2345+/-0.1237 | alive=726/726 | bc_coef=0.463
16:32:12 | Batch 0012 (Ep 00360) | R:   -843.0 (  -514.5)  Scout_R:   -32.3  Cmdr_R:  -810.7  Scout:100% Cmdr:100%  scout:[survived=120] cmdr:[survived=90] refills=162  NN_dec=2907/2970  fire: peak=110 final=94 supp=15 ext=21.0  71.0s
   Cmdr reward breakdown: r_extinguish=+109.667  r_water_waste=+0.000  r_water_near=+0.000  r_fire_out=+0.000  r_spread=+0.000
   Water drops: 488 total, 329 hit, 159 miss (67% accuracy)  alt=61m [42-80]  dist=43m [8-82]
   FW shaping: surv=+0.0 bound=+0.0 alt_pen=+0.0 approach=-166.9 alt_shape=+366.9  avg_dist_scout=302m
   [SCOUT DIAG] ratio: 1.0000+/-0.0000 [1.0000,1.0000] | adv: 0.0627+/-0.8123 | alive=30000/30000
   [CMDR  DIAG] ratio: 1.0165+/-0.2225 [0.2839,4.3004] | adv: 0.2096+/-0.7504 | alive=718/726 | bc_coef=0.460
16:33:47 | Batch 0013 (Ep 00390) | R:   -389.4 (  -616.2)  Scout_R:   +91.2  Cmdr_R:  -480.6  Scout:100% Cmdr:98%  scout:[survived=120] cmdr:[survived=88 boundary=2] refills=340  NN_dec=2719/2970  fire: peak=115 final=93 supp=22 ext=20.6  76.5s
   Cmdr reward breakdown: r_extinguish=+124.333  r_water_waste=+0.000  r_water_near=+0.000  r_fire_out=+10.000  r_spread=+0.000
   Water drops: 570 total, 373 hit, 197 miss (65% accuracy)  alt=59m [43-80]  dist=44m [2-89]
   FW shaping: surv=+0.0 bound=+0.0 alt_pen=+0.0 approach=-199.5 alt_shape=+279.7  avg_dist_scout=324m
   [SCOUT DIAG] ratio: 1.0000+/-0.0000 [1.0000,1.0000] | adv: -0.1549+/-1.0616 | alive=30000/30000
   [CMDR  DIAG] ratio: 1.0005+/-0.1512 [0.4803,2.0270] | adv: 0.2151+/-0.3351 | alive=673/726 | bc_coef=0.457
16:35:14 | Batch 0014 (Ep 00420) | R:   -761.0 (  -575.2)  Scout_R:  -158.1  Cmdr_R:  -602.9  Scout:100% Cmdr:100%  scout:[survived=119 boundary=1] cmdr:[survived=90] refills=257  NN_dec=2820/2970  fire: peak=109 final=83 supp=26 ext=20.4  69.5s
   Cmdr reward breakdown: r_extinguish=+120.667  r_water_waste=+0.000  r_water_near=+0.000  r_fire_out=+20.000  r_spread=+0.000
   Water drops: 540 total, 362 hit, 178 miss (67% accuracy)  alt=61m [42-80]  dist=43m [7-96]
   FW shaping: surv=+0.0 bound=+0.0 alt_pen=+0.0 approach=-183.2 alt_shape=+331.8  avg_dist_scout=323m
   [SCOUT DIAG] ratio: 1.0000+/-0.0000 [1.0000,1.0000] | adv: 0.0702+/-0.9968 | alive=30000/30000
   [CMDR  DIAG] ratio: 0.9925+/-0.2081 [0.3892,2.8109] | adv: -0.1590+/-1.2660 | alive=708/726 | bc_coef=0.453
16:36:47 | Batch 0015 (Ep 00450) | R:   -288.9 (  -524.9)  Scout_R:  +100.1  Cmdr_R:  -389.0  Scout:100% Cmdr:100%  scout:[survived=120] cmdr:[survived=90] refills=162  NN_dec=2914/2970  fire: peak=96 final=71 supp=25 ext=23.0  74.7s
   Cmdr reward breakdown: r_extinguish=+123.000  r_water_waste=+0.000  r_water_near=+0.000  r_fire_out=+5.000  r_spread=+0.000
   Water drops: 571 total, 369 hit, 202 miss (65% accuracy)  alt=61m [41-80]  dist=43m [4-96]
   FW shaping: surv=+0.0 bound=+0.0 alt_pen=+0.0 approach=-162.8 alt_shape=+341.3  avg_dist_scout=286m
   [SCOUT DIAG] ratio: 1.0000+/-0.0000 [1.0000,1.0000] | adv: 0.2062+/-0.6956 | alive=30000/30000
   [CMDR  DIAG] ratio: 0.9968+/-0.2373 [0.1900,3.3060] | adv: -0.0464+/-1.1509 | alive=704/726 | bc_coef=0.450
16:38:17 | Batch 0016 (Ep 00480) | R:   -152.4 (  -220.7)  Scout_R:   +57.6  Cmdr_R:  -210.0  Scout:100% Cmdr:100%  scout:[survived=120] cmdr:[survived=90] refills=189  NN_dec=2892/2970  fire: peak=104 final=77 supp=27 ext=21.9  71.0s
   Cmdr reward breakdown: r_extinguish=+142.333  r_water_waste=+0.000  r_water_near=+0.000  r_fire_out=+0.000  r_spread=+0.000
   Water drops: 694 total, 427 hit, 267 miss (62% accuracy)  alt=58m [39-80]  dist=43m [3-92]
   FW shaping: surv=+0.0 bound=+0.0 alt_pen=+0.0 approach=-103.4 alt_shape=+388.1  avg_dist_scout=252m
   [SCOUT DIAG] ratio: 1.0000+/-0.0000 [1.0000,1.0000] | adv: 0.0947+/-0.9017 | alive=30000/30000
   [CMDR  DIAG] ratio: 1.0064+/-0.1290 [0.5946,2.0380] | adv: 0.1279+/-0.2982 | alive=684/726 | bc_coef=0.447
16:39:50 | Batch 0017 (Ep 00510) | R:   -771.4 (  -461.9)  Scout_R:  +133.7  Cmdr_R:  -905.1  Scout:100% Cmdr:100%  scout:[survived=120] cmdr:[survived=90] refills=273  NN_dec=2838/2970  fire: peak=116 final=96 supp=20 ext=19.5  74.8s
   Cmdr reward breakdown: r_extinguish=+118.333  r_water_waste=+0.000  r_water_near=+0.000  r_fire_out=+10.000  r_spread=+0.000
   Water drops: 553 total, 355 hit, 198 miss (64% accuracy)  alt=61m [31-80]  dist=43m [1-89]
   FW shaping: surv=+0.0 bound=+0.0 alt_pen=+0.0 approach=-203.0 alt_shape=+308.8  avg_dist_scout=346m
   [SCOUT DIAG] ratio: 1.0000+/-0.0000 [1.0000,1.0000] | adv: 0.0761+/-0.8380 | alive=30000/30000
   [CMDR  DIAG] ratio: 0.9857+/-0.1547 [0.2897,1.7096] | adv: -0.0029+/-0.9393 | alive=654/726 | bc_coef=0.443
16:41:20 | Batch 0018 (Ep 00540) | R:   -437.1 (  -604.2)  Scout_R:   +97.2  Cmdr_R:  -534.3  Scout:100% Cmdr:99%  scout:[survived=120] cmdr:[survived=89 boundary=1] refills=248  NN_dec=2841/2970  fire: peak=104 final=78 supp=26 ext=20.1  71.8s
   Cmdr reward breakdown: r_extinguish=+117.000  r_water_waste=+0.000  r_water_near=+0.000  r_fire_out=+0.000  r_spread=+0.000
   Water drops: 580 total, 351 hit, 229 miss (61% accuracy)  alt=59m [42-80]  dist=41m [9-102]
   FW shaping: surv=+0.0 bound=+0.0 alt_pen=+0.0 approach=-161.6 alt_shape=+358.5  avg_dist_scout=296m
   [SCOUT DIAG] ratio: 1.0000+/-0.0000 [1.0000,1.0000] | adv: -0.0630+/-0.9898 | alive=30000/30000
   [CMDR  DIAG] ratio: 1.0124+/-0.3082 [0.1715,3.4810] | adv: 0.0317+/-0.7388 | alive=657/726 | bc_coef=0.440
16:42:52 | Batch 0019 (Ep 00570) | R:   -149.4 (  -293.2)  Scout_R:   +54.5  Cmdr_R:  -203.8  Scout:100% Cmdr:100%  scout:[survived=120] cmdr:[survived=89 boundary=1] refills=202  NN_dec=2912/2970  fire: peak=91 final=59 supp=33 ext=24.5  73.5s
   Cmdr reward breakdown: r_extinguish=+143.333  r_water_waste=+0.000  r_water_near=+0.000  r_fire_out=+15.000  r_spread=+0.000
   Water drops: 651 total, 430 hit, 221 miss (66% accuracy)  alt=57m [40-80]  dist=42m [6-100]
   FW shaping: surv=+0.0 bound=+0.0 alt_pen=+0.0 approach=-140.9 alt_shape=+342.9  avg_dist_scout=271m
   [SCOUT DIAG] ratio: 1.0000+/-0.0000 [1.0000,1.0000] | adv: 0.0935+/-0.9360 | alive=30000/30000
   [CMDR  DIAG] ratio: 1.0114+/-0.1337 [0.2965,2.0953] | adv: 0.0867+/-0.7470 | alive=719/726 | bc_coef=0.437
16:44:22 | Batch 0020 (Ep 00600) | R:   -682.9 (  -416.1)  Scout_R:  -220.0  Cmdr_R:  -462.9  Scout:100% Cmdr:98%  scout:[survived=120] cmdr:[survived=87 boundary=3] refills=47  NN_dec=2901/2970  fire: peak=104 final=81 supp=23 ext=19.8  72.2s
   Cmdr reward breakdown: r_extinguish=+121.667  r_water_waste=+0.000  r_water_near=+0.000  r_fire_out=+10.000  r_spread=+0.000
   Water drops: 560 total, 365 hit, 195 miss (65% accuracy)  alt=61m [43-79]  dist=43m [3-95]
   FW shaping: surv=+0.0 bound=+0.0 alt_pen=+0.0 approach=-172.0 alt_shape=+338.1  avg_dist_scout=293m
   [SCOUT DIAG] ratio: 1.0000+/-0.0000 [1.0000,1.0000] | adv: 0.1578+/-0.8784 | alive=30000/30000
   [CMDR  DIAG] ratio: 1.0012+/-0.1215 [0.4450,1.7687] | adv: 0.0867+/-0.8924 | alive=726/726 | bc_coef=0.433
16:45:58 | Batch 0021 (Ep 00630) | R:   -242.1 (  -462.5)  Scout_R:   +66.4  Cmdr_R:  -308.5  Scout:100% Cmdr:100%  scout:[survived=120] cmdr:[survived=90] refills=311  NN_dec=2845/2970  fire: peak=88 final=64 supp=24 ext=23.1  74.6s
   Cmdr reward breakdown: r_extinguish=+138.333  r_water_waste=+0.000  r_water_near=+0.000  r_fire_out=+10.000  r_spread=+0.000
   Water drops: 685 total, 415 hit, 270 miss (61% accuracy)  alt=60m [41-80]  dist=43m [8-96]
   FW shaping: surv=+0.0 bound=+0.0 alt_pen=+0.0 approach=-163.9 alt_shape=+338.4  avg_dist_scout=289m
   [SCOUT DIAG] ratio: 1.0000+/-0.0000 [1.0000,1.0000] | adv: -0.0626+/-1.0288 | alive=30000/30000
   [CMDR  DIAG] ratio: 1.0004+/-0.1678 [0.4056,2.1648] | adv: -0.0348+/-1.0745 | alive=654/726 | bc_coef=0.430
16:47:31 | Batch 0022 (Ep 00660) | R:   -490.1 (  -366.1)  Scout_R:   -72.0  Cmdr_R:  -418.1  Scout:100% Cmdr:98%  scout:[survived=119 ceiling=1] cmdr:[survived=88 boundary=2] refills=335  NN_dec=2703/2970  fire: peak=100 final=82 supp=18 ext=19.9  75.0s
   Cmdr reward breakdown: r_extinguish=+117.333  r_water_waste=+0.000  r_water_near=+0.000  r_fire_out=+15.000  r_spread=+0.000
   Water drops: 602 total, 352 hit, 250 miss (58% accuracy)  alt=61m [32-80]  dist=42m [5-78]
   FW shaping: surv=+0.0 bound=+0.0 alt_pen=+0.0 approach=-176.5 alt_shape=+348.9  avg_dist_scout=287m
   [SCOUT DIAG] ratio: 1.0000+/-0.0000 [1.0000,1.0000] | adv: -0.1212+/-0.9861 | alive=30000/30000
   [CMDR  DIAG] ratio: 1.0049+/-0.1768 [0.2854,2.1557] | adv: -0.0216+/-1.0673 | alive=704/726 | bc_coef=0.427
16:49:05 | Batch 0023 (Ep 00690) | R:   -197.5 (  -343.8)  Scout_R:   -42.4  Cmdr_R:  -155.1  Scout:100% Cmdr:99%  scout:[survived=120] cmdr:[survived=89 boundary=1] refills=207  NN_dec=2877/2970  fire: peak=87 final=61 supp=26 ext=24.2  75.4s
   Cmdr reward breakdown: r_extinguish=+145.000  r_water_waste=+0.000  r_water_near=+0.000  r_fire_out=+5.000  r_spread=+0.000
   Water drops: 684 total, 435 hit, 249 miss (64% accuracy)  alt=59m [42-80]  dist=43m [3-117]
   FW shaping: surv=+0.0 bound=+0.0 alt_pen=+0.0 approach=-115.1 alt_shape=+407.3  avg_dist_scout=242m
   [SCOUT DIAG] ratio: 1.0000+/-0.0000 [1.0000,1.0000] | adv: 0.1205+/-0.8125 | alive=30000/30000
   [CMDR  DIAG] ratio: 0.9983+/-0.1462 [0.4102,2.0453] | adv: 0.0748+/-0.6773 | alive=726/726 | bc_coef=0.423
16:50:40 | Batch 0024 (Ep 00720) | R:   -139.2 (  -168.3)  Scout_R:  -126.4  Cmdr_R:   -12.8  Scout:100% Cmdr:100%  scout:[survived=120] cmdr:[survived=90] refills=207  NN_dec=2900/2970  fire: peak=85 final=52 supp=32 ext=22.5  75.8s
   Cmdr reward breakdown: r_extinguish=+133.333  r_water_waste=+0.000  r_water_near=+0.000  r_fire_out=+20.000  r_spread=+0.000
   Water drops: 659 total, 400 hit, 259 miss (61% accuracy)  alt=62m [40-80]  dist=44m [4-106]
   FW shaping: surv=+0.0 bound=+0.0 alt_pen=+0.0 approach=-96.2 alt_shape=+388.7  avg_dist_scout=238m
   [SCOUT DIAG] ratio: 1.0000+/-0.0000 [1.0000,1.0000] | adv: -0.0861+/-1.0591 | alive=30000/30000
   [CMDR  DIAG] ratio: 0.9964+/-0.1560 [0.2830,2.7259] | adv: 0.0778+/-0.5321 | alive=726/726 | bc_coef=0.420
16:52:13 | Batch 0025 (Ep 00750) | R:   -495.8 (  -317.5)  Scout_R:   -24.5  Cmdr_R:  -471.3  Scout:100% Cmdr:100%  scout:[survived=120] cmdr:[survived=90] refills=291  NN_dec=2870/2970  fire: peak=90 final=60 supp=30 ext=23.9  73.6s
   Cmdr reward breakdown: r_extinguish=+158.333  r_water_waste=+0.000  r_water_near=+0.000  r_fire_out=+10.000  r_spread=+0.000
   Water drops: 722 total, 475 hit, 247 miss (66% accuracy)  alt=59m [40-80]  dist=43m [3-114]
   FW shaping: surv=+0.0 bound=+0.0 alt_pen=+0.0 approach=-152.1 alt_shape=+338.8  avg_dist_scout=304m
   [SCOUT DIAG] ratio: 1.0000+/-0.0000 [1.0000,1.0000] | adv: -0.0704+/-1.1209 | alive=30000/30000
   [CMDR  DIAG] ratio: 1.0025+/-0.1561 [0.3410,2.4655] | adv: -0.2549+/-1.5051 | alive=711/726 | bc_coef=0.417
16:53:49 | Batch 0026 (Ep 00780) | R:   -819.2 (  -657.5)  Scout_R:  -165.5  Cmdr_R:  -653.7  Scout:100% Cmdr:100%  scout:[survived=120] cmdr:[survived=90] refills=174  NN_dec=2900/2970  fire: peak=96 final=70 supp=26 ext=18.8  76.9s
   Cmdr reward breakdown: r_extinguish=+111.000  r_water_waste=+0.000  r_water_near=+0.000  r_fire_out=+20.000  r_spread=+0.000
   Water drops: 518 total, 333 hit, 185 miss (64% accuracy)  alt=62m [47-80]  dist=42m [3-80]
   FW shaping: surv=+0.0 bound=+0.0 alt_pen=+0.0 approach=-159.8 alt_shape=+354.2  avg_dist_scout=305m
   [SCOUT DIAG] ratio: 1.0000+/-0.0000 [1.0000,1.0000] | adv: 0.0193+/-0.9995 | alive=30000/30000
   [CMDR  DIAG] ratio: 1.0065+/-0.2342 [0.1792,2.5366] | adv: 0.1140+/-0.6935 | alive=716/726 | bc_coef=0.413
16:55:21 | Batch 0027 (Ep 00810) | R:   -473.1 (  -646.2)  Scout_R:  -121.4  Cmdr_R:  -351.7  Scout:100% Cmdr:100%  scout:[survived=120] cmdr:[survived=90] refills=183  NN_dec=2889/2970  fire: peak=95 final=65 supp=31 ext=20.4  73.4s
   Cmdr reward breakdown: r_extinguish=+122.667  r_water_waste=+0.000  r_water_near=+0.000  r_fire_out=+15.000  r_spread=+0.000
   Water drops: 540 total, 368 hit, 172 miss (68% accuracy)  alt=62m [38-80]  dist=44m [11-101]
   FW shaping: surv=+0.0 bound=+0.0 alt_pen=+0.0 approach=-140.3 alt_shape=+344.7  avg_dist_scout=289m
   [SCOUT DIAG] ratio: 1.0000+/-0.0000 [1.0000,1.0000] | adv: -0.0478+/-1.1093 | alive=30000/30000
   [CMDR  DIAG] ratio: 1.0041+/-0.3209 [0.0772,4.3109] | adv: -0.1581+/-1.4318 | alive=724/726 | bc_coef=0.410
16:56:50 | Batch 0028 (Ep 00840) | R:   -127.2 (  -300.1)  Scout_R:   +59.4  Cmdr_R:  -186.6  Scout:100% Cmdr:99%  scout:[survived=120] cmdr:[survived=89 boundary=1] refills=114  NN_dec=2941/2970  fire: peak=89 final=66 supp=23 ext=21.6  70.8s
   Cmdr reward breakdown: r_extinguish=+131.333  r_water_waste=+0.000  r_water_near=+0.000  r_fire_out=+5.000  r_spread=+0.000
   Water drops: 620 total, 394 hit, 226 miss (64% accuracy)  alt=59m [38-80]  dist=43m [7-81]
   FW shaping: surv=+0.0 bound=+0.0 alt_pen=+0.0 approach=-108.9 alt_shape=+413.8  avg_dist_scout=235m
   [SCOUT DIAG] ratio: 1.0000+/-0.0000 [1.0000,1.0000] | adv: -0.0835+/-0.9986 | alive=30000/30000
   [CMDR  DIAG] ratio: 1.0050+/-0.2650 [0.0664,3.3659] | adv: -0.0151+/-1.0258 | alive=706/726 | bc_coef=0.407
16:58:20 | Batch 0029 (Ep 00870) | R:   -595.1 (  -361.1)  Scout_R:  -117.7  Cmdr_R:  -477.4  Scout:100% Cmdr:99%  scout:[survived=120] cmdr:[survived=89 boundary=1] refills=252  NN_dec=2823/2970  fire: peak=100 final=74 supp=25 ext=19.8  71.0s
   Cmdr reward breakdown: r_extinguish=+113.000  r_water_waste=+0.000  r_water_near=+0.000  r_fire_out=+25.000  r_spread=+0.000
   Water drops: 529 total, 339 hit, 190 miss (64% accuracy)  alt=61m [41-80]  dist=43m [3-99]
   FW shaping: surv=+0.0 bound=+0.0 alt_pen=+0.0 approach=-167.7 alt_shape=+334.8  avg_dist_scout=302m
   [SCOUT DIAG] ratio: 1.0000+/-0.0000 [1.0000,1.0000] | adv: -0.0471+/-1.0551 | alive=30000/30000
   [CMDR  DIAG] ratio: 1.0079+/-0.1374 [0.5091,2.3708] | adv: 0.0289+/-0.9470 | alive=648/726 | bc_coef=0.403
16:59:48 | Batch 0030 (Ep 00900) | R:   -431.6 (  -513.3)  Scout_R:  -164.5  Cmdr_R:  -267.0  Scout:100% Cmdr:100%  scout:[survived=120] cmdr:[survived=90] refills=197  NN_dec=2936/2970  fire: peak=95 final=63 supp=32 ext=23.5  69.8s
   Cmdr reward breakdown: r_extinguish=+130.000  r_water_waste=+0.000  r_water_near=+0.000  r_fire_out=+25.000  r_spread=+0.000
   Water drops: 555 total, 390 hit, 165 miss (70% accuracy)  alt=60m [37-80]  dist=42m [6-94]
   FW shaping: surv=+0.0 bound=+0.0 alt_pen=+0.0 approach=-142.8 alt_shape=+366.7  avg_dist_scout=284m
   [SCOUT DIAG] ratio: 1.0000+/-0.0000 [1.0000,1.0000] | adv: 0.0252+/-1.0123 | alive=30000/30000
   [CMDR  DIAG] ratio: 1.0070+/-0.1654 [0.2276,2.0549] | adv: 0.2343+/-0.2472 | alive=719/726 | bc_coef=0.400
   [CURRICULUM] Batch 31: phase 2 (map=(1200.0, 1200.0), waste_pen=0.0)
17:01:24 | Batch 0031 (Ep 00930) | R:  -1402.8 (  -917.2)  Scout_R:  -374.3  Cmdr_R: -1028.5  Scout:100% Cmdr:96%  scout:[survived=120] cmdr:[survived=86 boundary=4] refills=279  NN_dec=2749/2970  fire: peak=141 final=116 supp=25 ext=23.1  74.5s
   Cmdr reward breakdown: r_extinguish=+127.667  r_water_waste=+0.000  r_water_near=+0.000  r_fire_out=+10.000  r_spread=+0.000
   Water drops: 579 total, 383 hit, 196 miss (66% accuracy)  alt=58m [39-80]  dist=46m [9-128]
   FW shaping: surv=+0.0 bound=+0.0 alt_pen=+0.0 approach=-115.9 alt_shape=+277.4  avg_dist_scout=334m
   [SCOUT DIAG] ratio: 1.0000+/-0.0000 [1.0000,1.0000] | adv: -0.0432+/-1.1319 | alive=30000/30000
   [CMDR  DIAG] ratio: 1.0171+/-0.3077 [0.2128,6.4510] | adv: 0.1855+/-0.7331 | alive=698/726 | bc_coef=0.397
17:02:55 | Batch 0032 (Ep 00960) | R:   -271.4 (  -837.1)  Scout_R:  -172.0  Cmdr_R:   -99.4  Scout:100% Cmdr:100%  scout:[survived=120] cmdr:[survived=90] refills=231  NN_dec=2883/2970  fire: peak=99 final=67 supp=32 ext=20.8  72.5s
   Cmdr reward breakdown: r_extinguish=+126.000  r_water_waste=+0.000  r_water_near=+0.000  r_fire_out=+30.000  r_spread=+0.000
   Water drops: 619 total, 378 hit, 241 miss (61% accuracy)  alt=60m [37-79]  dist=43m [3-96]
   FW shaping: surv=+0.0 bound=+0.0 alt_pen=+0.0 approach=+9.7 alt_shape=+408.1  avg_dist_scout=230m
   [SCOUT DIAG] ratio: 1.0000+/-0.0000 [1.0000,1.0000] | adv: -0.0103+/-1.0083 | alive=30000/30000
   [CMDR  DIAG] ratio: 0.9896+/-0.2614 [0.1195,2.4659] | adv: -0.0333+/-1.2397 | alive=704/726 | bc_coef=0.393
17:04:26 | Batch 0033 (Ep 00990) | R:   -381.4 (  -326.4)  Scout_R:  -140.3  Cmdr_R:  -241.1  Scout:100% Cmdr:98%  scout:[survived=119 ceiling=1] cmdr:[survived=88 boundary=2] refills=238  NN_dec=2866/2970  fire: peak=92 final=62 supp=30 ext=21.2  72.8s
   Cmdr reward breakdown: r_extinguish=+134.000  r_water_waste=+0.000  r_water_near=+0.000  r_fire_out=+15.000  r_spread=+0.000
   Water drops: 685 total, 402 hit, 283 miss (59% accuracy)  alt=58m [39-80]  dist=45m [6-82]
   FW shaping: surv=+0.0 bound=+0.0 alt_pen=+0.0 approach=-44.2 alt_shape=+346.2  avg_dist_scout=253m
   [SCOUT DIAG] ratio: 1.0000+/-0.0000 [1.0000,1.0000] | adv: -0.0894+/-1.0452 | alive=30000/30000
   [CMDR  DIAG] ratio: 0.9964+/-0.1657 [0.0101,2.2787] | adv: -0.0609+/-1.0372 | alive=703/726 | bc_coef=0.390
17:06:01 | Batch 0034 (Ep 01020) | R:   -904.6 (  -643.0)  Scout_R:  -187.8  Cmdr_R:  -716.8  Scout:100% Cmdr:99%  scout:[survived=120] cmdr:[survived=89 boundary=1] refills=320  NN_dec=2843/2970  fire: peak=120 final=99 supp=21 ext=21.9  75.9s
   Cmdr reward breakdown: r_extinguish=+132.333  r_water_waste=+0.000  r_water_near=+0.000  r_fire_out=+10.000  r_spread=+0.000
   Water drops: 650 total, 397 hit, 253 miss (61% accuracy)  alt=58m [40-80]  dist=44m [3-94]
   FW shaping: surv=+0.0 bound=+0.0 alt_pen=+0.0 approach=-77.7 alt_shape=+336.8  avg_dist_scout=309m
   [SCOUT DIAG] ratio: 1.0000+/-0.0000 [1.0000,1.0000] | adv: -0.1279+/-1.0869 | alive=30000/30000
   [CMDR  DIAG] ratio: 0.9974+/-0.1780 [0.1534,2.3780] | adv: -0.3439+/-1.4142 | alive=697/726 | bc_coef=0.387
17:07:35 | Batch 0035 (Ep 01050) | R:   -928.8 (  -916.7)  Scout_R:   -93.8  Cmdr_R:  -835.1  Scout:100% Cmdr:100%  scout:[survived=120] cmdr:[survived=89 boundary=1] refills=252  NN_dec=2902/2970  fire: peak=126 final=98 supp=28 ext=23.7  76.2s
   Cmdr reward breakdown: r_extinguish=+149.667  r_water_waste=+0.000  r_water_near=+0.000  r_fire_out=+15.000  r_spread=+0.000
   Water drops: 730 total, 449 hit, 281 miss (62% accuracy)  alt=57m [41-79]  dist=41m [7-81]
   FW shaping: surv=+0.0 bound=+0.0 alt_pen=+0.0 approach=-66.1 alt_shape=+337.3  avg_dist_scout=305m
   [SCOUT DIAG] ratio: 1.0000+/-0.0000 [1.0000,1.0000] | adv: 0.1368+/-0.8958 | alive=30000/30000
   [CMDR  DIAG] ratio: 1.0106+/-0.3088 [0.2105,3.5197] | adv: -0.0152+/-0.9491 | alive=716/726 | bc_coef=0.383
17:09:06 | Batch 0036 (Ep 01080) | R:   -828.8 (  -878.8)  Scout_R:  -168.7  Cmdr_R:  -660.1  Scout:100% Cmdr:98%  scout:[survived=120] cmdr:[survived=88 boundary=2] refills=188  NN_dec=2834/2970  fire: peak=115 final=93 supp=22 ext=20.5  72.8s
   Cmdr reward breakdown: r_extinguish=+103.667  r_water_waste=+0.000  r_water_near=+0.000  r_fire_out=+15.000  r_spread=+0.000
   Water drops: 464 total, 311 hit, 153 miss (67% accuracy)  alt=61m [43-80]  dist=39m [3-76]
   FW shaping: surv=+0.0 bound=+0.0 alt_pen=+0.0 approach=-97.8 alt_shape=+304.9  avg_dist_scout=312m
   [SCOUT DIAG] ratio: 1.0000+/-0.0000 [1.0000,1.0000] | adv: -0.1762+/-1.0850 | alive=30000/30000
   [CMDR  DIAG] ratio: 0.9945+/-0.3465 [0.1469,5.0573] | adv: 0.1729+/-0.4067 | alive=665/726 | bc_coef=0.380
17:10:39 | Batch 0037 (Ep 01110) | R:   -813.7 (  -821.2)  Scout_R:  -178.2  Cmdr_R:  -635.5  Scout:100% Cmdr:99%  scout:[survived=119 boundary=1] cmdr:[survived=89 boundary=1] refills=258  NN_dec=2885/2970  fire: peak=115 final=82 supp=32 ext=20.0  75.2s
   Cmdr reward breakdown: r_extinguish=+129.667  r_water_waste=+0.000  r_water_near=+0.000  r_fire_out=+15.000  r_spread=+0.000
   Water drops: 657 total, 389 hit, 268 miss (59% accuracy)  alt=58m [43-80]  dist=41m [1-81]
   FW shaping: surv=+0.0 bound=+0.0 alt_pen=+0.0 approach=-52.5 alt_shape=+375.0  avg_dist_scout=279m
   [SCOUT DIAG] ratio: 1.0000+/-0.0000 [1.0000,1.0000] | adv: -0.0441+/-1.0945 | alive=29954/30000
   [CMDR  DIAG] ratio: 1.0090+/-0.3071 [0.1321,3.9371] | adv: -0.1198+/-1.0054 | alive=726/726 | bc_coef=0.377
17:12:08 | Batch 0038 (Ep 01140) | R:   -847.0 (  -830.3)  Scout_R:  -156.6  Cmdr_R:  -690.4  Scout:100% Cmdr:100%  scout:[survived=120] cmdr:[survived=90] refills=218  NN_dec=2884/2970  fire: peak=122 final=99 supp=23 ext=22.2  70.6s
   Cmdr reward breakdown: r_extinguish=+124.667  r_water_waste=+0.000  r_water_near=+0.000  r_fire_out=+5.000  r_spread=+0.000
   Water drops: 557 total, 374 hit, 183 miss (67% accuracy)  alt=59m [38-80]  dist=46m [5-101]
   FW shaping: surv=+0.0 bound=+0.0 alt_pen=+0.0 approach=-75.9 alt_shape=+346.4  avg_dist_scout=297m
   [SCOUT DIAG] ratio: 1.0000+/-0.0000 [1.0000,1.0000] | adv: -0.0379+/-0.9970 | alive=30000/30000
   [CMDR  DIAG] ratio: 0.9980+/-0.2233 [0.2404,2.6528] | adv: 0.1067+/-0.5926 | alive=706/726 | bc_coef=0.373
17:13:40 | Batch 0039 (Ep 01170) | R:   -609.4 (  -728.2)  Scout_R:   -34.5  Cmdr_R:  -574.9  Scout:100% Cmdr:97%  scout:[survived=120] cmdr:[survived=87 boundary=3] refills=290  NN_dec=2846/2970  fire: peak=113 final=87 supp=26 ext=22.0  73.3s
   Cmdr reward breakdown: r_extinguish=+146.333  r_water_waste=+0.000  r_water_near=+0.000  r_fire_out=+25.000  r_spread=+0.000
   Water drops: 694 total, 439 hit, 255 miss (63% accuracy)  alt=60m [42-80]  dist=43m [5-84]
   FW shaping: surv=+0.0 bound=+0.0 alt_pen=+0.0 approach=-94.0 alt_shape=+309.5  avg_dist_scout=302m
   [SCOUT DIAG] ratio: 1.0000+/-0.0000 [1.0000,1.0000] | adv: -0.0556+/-1.0499 | alive=30000/30000
   [CMDR  DIAG] ratio: 1.0213+/-0.2275 [0.0697,3.8005] | adv: 0.2715+/-0.2578 | alive=700/726 | bc_coef=0.370
17:15:13 | Batch 0040 (Ep 01200) | R:   -948.7 (  -779.0)  Scout_R:  -267.9  Cmdr_R:  -680.8  Scout:100% Cmdr:98%  scout:[survived=120] cmdr:[survived=87 boundary=3] refills=226  NN_dec=2830/2970  fire: peak=121 final=105 supp=16 ext=20.9  73.9s
   Cmdr reward breakdown: r_extinguish=+122.333  r_water_waste=+0.000  r_water_near=+0.000  r_fire_out=+0.000  r_spread=+0.000
   Water drops: 585 total, 367 hit, 218 miss (63% accuracy)  alt=60m [43-80]  dist=43m [3-93]
   FW shaping: surv=+0.0 bound=+0.0 alt_pen=+0.0 approach=-101.3 alt_shape=+305.1  avg_dist_scout=314m
   [SCOUT DIAG] ratio: 1.0000+/-0.0000 [1.0000,1.0000] | adv: 0.1770+/-0.8834 | alive=30000/30000
   [CMDR  DIAG] ratio: 0.9973+/-0.1528 [0.2736,1.9035] | adv: -0.0060+/-0.9281 | alive=726/726 | bc_coef=0.367
17:16:49 | Batch 0041 (Ep 01230) | R:   -499.9 (  -724.3)  Scout_R:  -267.7  Cmdr_R:  -232.1  Scout:100% Cmdr:99%  scout:[survived=120] cmdr:[survived=89 boundary=1] refills=283  NN_dec=2897/2970  fire: peak=117 final=88 supp=29 ext=23.4  74.5s
   Cmdr reward breakdown: r_extinguish=+144.000  r_water_waste=+0.000  r_water_near=+0.000  r_fire_out=+5.000  r_spread=+0.000
   Water drops: 715 total, 432 hit, 283 miss (60% accuracy)  alt=59m [42-80]  dist=42m [1-80]
   FW shaping: surv=+0.0 bound=+0.0 alt_pen=+0.0 approach=-34.6 alt_shape=+355.9  avg_dist_scout=262m
   [SCOUT DIAG] ratio: 1.0000+/-0.0000 [1.0000,1.0000] | adv: -0.0709+/-1.0719 | alive=30000/30000
   [CMDR  DIAG] ratio: 1.0100+/-0.1653 [0.1004,2.0368] | adv: 0.2529+/-0.2225 | alive=713/726 | bc_coef=0.363
17:18:21 | Batch 0042 (Ep 01260) | R:   -803.9 (  -651.9)  Scout_R:  -113.9  Cmdr_R:  -690.0  Scout:100% Cmdr:99%  scout:[survived=120] cmdr:[survived=89 boundary=1] refills=275  NN_dec=2887/2970  fire: peak=134 final=107 supp=27 ext=21.9  73.8s
   Cmdr reward breakdown: r_extinguish=+135.667  r_water_waste=+0.000  r_water_near=+0.000  r_fire_out=+0.000  r_spread=+0.000
   Water drops: 671 total, 407 hit, 264 miss (61% accuracy)  alt=57m [43-80]  dist=45m [7-80]
   FW shaping: surv=+0.0 bound=+0.0 alt_pen=+0.0 approach=-71.5 alt_shape=+298.9  avg_dist_scout=307m
   [SCOUT DIAG] ratio: 1.0000+/-0.0000 [1.0000,1.0000] | adv: -0.0347+/-1.1103 | alive=30000/30000
   [CMDR  DIAG] ratio: 1.0114+/-0.2281 [0.2384,2.4599] | adv: 0.2517+/-0.3976 | alive=702/726 | bc_coef=0.360
17:19:56 | Batch 0043 (Ep 01290) | R:   -459.1 (  -631.5)  Scout_R:  -133.6  Cmdr_R:  -325.6  Scout:100% Cmdr:93%  scout:[survived=120] cmdr:[survived=82 boundary=8] refills=331  NN_dec=2644/2970  fire: peak=118 final=92 supp=26 ext=23.0  76.6s
   Cmdr reward breakdown: r_extinguish=+134.333  r_water_waste=+0.000  r_water_near=+0.000  r_fire_out=+13.333  r_spread=+0.000
   Water drops: 602 total, 403 hit, 199 miss (67% accuracy)  alt=60m [36-80]  dist=42m [7-76]
   FW shaping: surv=+0.0 bound=+0.0 alt_pen=+0.0 approach=-87.7 alt_shape=+344.1  avg_dist_scout=261m
   [SCOUT DIAG] ratio: 1.0000+/-0.0000 [1.0000,1.0000] | adv: -0.2279+/-1.1838 | alive=30000/30000
   [CMDR  DIAG] ratio: 0.9653+/-0.2819 [0.1200,3.1236] | adv: -0.0088+/-0.9013 | alive=665/726 | bc_coef=0.357
17:21:31 | Batch 0044 (Ep 01320) | R:  -1479.5 (  -969.3)  Scout_R:  -143.3  Cmdr_R: -1336.1  Scout:100% Cmdr:99%  scout:[survived=120] cmdr:[survived=89 boundary=1] refills=112  NN_dec=2920/2970  fire: peak=140 final=115 supp=25 ext=18.6  75.2s
   Cmdr reward breakdown: r_extinguish=+110.000  r_water_waste=+0.000  r_water_near=+0.000  r_fire_out=+10.000  r_spread=+0.000
   Water drops: 464 total, 330 hit, 134 miss (71% accuracy)  alt=58m [41-80]  dist=43m [8-96]
   FW shaping: surv=+0.0 bound=+0.0 alt_pen=+0.0 approach=-111.3 alt_shape=+296.6  avg_dist_scout=344m
   [SCOUT DIAG] ratio: 1.0000+/-0.0000 [1.0000,1.0000] | adv: -0.0620+/-1.0542 | alive=30000/30000
   [CMDR  DIAG] ratio: 1.0006+/-0.1660 [0.4094,2.1981] | adv: 0.1769+/-0.6653 | alive=720/726 | bc_coef=0.353
17:23:10 | Batch 0045 (Ep 01350) | R:   -876.6 ( -1178.1)  Scout_R:  -263.0  Cmdr_R:  -613.7  Scout:100% Cmdr:99%  scout:[survived=120] cmdr:[survived=89 boundary=1] refills=220  NN_dec=2871/2970  fire: peak=127 final=99 supp=28 ext=25.1  80.4s
   Cmdr reward breakdown: r_extinguish=+128.000  r_water_waste=+0.000  r_water_near=+0.000  r_fire_out=+20.000  r_spread=+0.000
   Water drops: 585 total, 384 hit, 201 miss (66% accuracy)  alt=60m [43-80]  dist=46m [5-93]
   FW shaping: surv=+0.0 bound=+0.0 alt_pen=+0.0 approach=-51.7 alt_shape=+353.3  avg_dist_scout=273m
   [SCOUT DIAG] ratio: 1.0000+/-0.0000 [1.0000,1.0000] | adv: -0.1177+/-1.1706 | alive=30000/30000
   [CMDR  DIAG] ratio: 1.0072+/-0.2883 [0.1173,4.9922] | adv: 0.0133+/-0.9106 | alive=705/726 | bc_coef=0.350
17:24:56 | Batch 0046 (Ep 01380) | R:   -723.2 (  -799.9)  Scout_R:  -118.8  Cmdr_R:  -604.4  Scout:100% Cmdr:97%  scout:[survived=120] cmdr:[survived=87 boundary=3] refills=376  NN_dec=2746/2970  fire: peak=136 final=109 supp=28 ext=22.2  87.1s
   Cmdr reward breakdown: r_extinguish=+132.667  r_water_waste=+0.000  r_water_near=+0.000  r_fire_out=+5.000  r_spread=+0.000
   Water drops: 662 total, 398 hit, 264 miss (60% accuracy)  alt=58m [36-80]  dist=45m [3-86]
   FW shaping: surv=+0.0 bound=+0.0 alt_pen=+0.0 approach=-67.2 alt_shape=+298.6  avg_dist_scout=304m
   [SCOUT DIAG] ratio: 1.0000+/-0.0000 [1.0000,1.0000] | adv: 0.0149+/-0.9418 | alive=30000/30000
   [CMDR  DIAG] ratio: 1.0175+/-0.2436 [0.2101,3.2725] | adv: 0.0081+/-1.0325 | alive=604/726 | bc_coef=0.347
17:26:30 | Batch 0047 (Ep 01410) | R:  -1095.6 (  -909.4)  Scout_R:  -187.7  Cmdr_R:  -907.9  Scout:100% Cmdr:97%  scout:[survived=120] cmdr:[survived=86 boundary=4] refills=106  NN_dec=2856/2970  fire: peak=126 final=103 supp=23 ext=19.5  74.8s
   Cmdr reward breakdown: r_extinguish=+104.667  r_water_waste=+0.000  r_water_near=+0.000  r_fire_out=+5.000  r_spread=+0.000
   Water drops: 479 total, 314 hit, 165 miss (66% accuracy)  alt=61m [46-80]  dist=43m [6-96]
   FW shaping: surv=+0.0 bound=+0.0 alt_pen=+0.0 approach=-76.6 alt_shape=+349.1  avg_dist_scout=296m
   [SCOUT DIAG] ratio: 1.0000+/-0.0000 [1.0000,1.0000] | adv: 0.0937+/-0.9254 | alive=30000/30000
   [CMDR  DIAG] ratio: 1.0132+/-0.2059 [0.2409,2.5767] | adv: -0.0548+/-1.1117 | alive=649/726 | bc_coef=0.343
17:28:05 | Batch 0048 (Ep 01440) | R:   -949.4 ( -1022.5)  Scout_R:  -147.4  Cmdr_R:  -802.0  Scout:100% Cmdr:99%  scout:[survived=119 boundary=1] cmdr:[survived=88 boundary=2] refills=137  NN_dec=2884/2970  fire: peak=133 final=110 supp=22 ext=18.8  76.8s
   Cmdr reward breakdown: r_extinguish=+109.000  r_water_waste=+0.000  r_water_near=+0.000  r_fire_out=+15.000  r_spread=+0.000
   Water drops: 492 total, 327 hit, 165 miss (66% accuracy)  alt=61m [41-80]  dist=43m [5-81]
   FW shaping: surv=+0.0 bound=+0.0 alt_pen=+0.0 approach=-67.3 alt_shape=+331.4  avg_dist_scout=297m
   [SCOUT DIAG] ratio: 1.0000+/-0.0000 [1.0000,1.0000] | adv: 0.1199+/-0.8737 | alive=30000/30000
   [CMDR  DIAG] ratio: 1.0040+/-0.1232 [0.2857,1.7583] | adv: -0.0181+/-0.9683 | alive=726/726 | bc_coef=0.340
17:29:38 | Batch 0049 (Ep 01470) | R:   -705.4 (  -827.4)  Scout_R:  -283.6  Cmdr_R:  -421.8  Scout:100% Cmdr:100%  scout:[survived=120] cmdr:[survived=90] refills=190  NN_dec=2900/2970  fire: peak=118 final=89 supp=29 ext=19.6  74.4s
   Cmdr reward breakdown: r_extinguish=+107.333  r_water_waste=+0.000  r_water_near=+0.000  r_fire_out=+20.000  r_spread=+0.000
   Water drops: 476 total, 322 hit, 154 miss (68% accuracy)  alt=61m [36-80]  dist=42m [2-78]
   FW shaping: surv=+0.0 bound=+0.0 alt_pen=+0.0 approach=-47.5 alt_shape=+368.4  avg_dist_scout=277m
   [SCOUT DIAG] ratio: 1.0000+/-0.0000 [1.0000,1.0000] | adv: -0.0050+/-1.0581 | alive=30000/30000
   [CMDR  DIAG] ratio: 1.0014+/-0.1384 [0.4561,2.2048] | adv: -0.0000+/-0.9699 | alive=706/726 | bc_coef=0.337
17:31:16 | Batch 0050 (Ep 01500) | R:   -749.9 (  -727.6)  Scout_R:  -282.5  Cmdr_R:  -467.4  Scout:100% Cmdr:99%  scout:[survived=119 ground_crash=1] cmdr:[survived=88 boundary=2] refills=248  NN_dec=2841/2970  fire: peak=103 final=80 supp=23 ext=18.4  78.5s
   Cmdr reward breakdown: r_extinguish=+116.000  r_water_waste=+0.000  r_water_near=+0.000  r_fire_out=+10.000  r_spread=+0.000
   Water drops: 567 total, 348 hit, 219 miss (61% accuracy)  alt=60m [43-80]  dist=42m [6-97]
   FW shaping: surv=+0.0 bound=+0.0 alt_pen=+0.0 approach=-76.0 alt_shape=+328.6  avg_dist_scout=287m
   [SCOUT DIAG] ratio: 1.0000+/-0.0000 [1.0000,1.0000] | adv: 0.1412+/-0.8227 | alive=30000/30000
   [CMDR  DIAG] ratio: 1.0325+/-0.3486 [0.1470,4.6959] | adv: 0.0656+/-0.9536 | alive=695/726 | bc_coef=0.333
17:32:51 | Batch 0051 (Ep 01530) | R:   -706.6 (  -728.2)  Scout_R:  -239.7  Cmdr_R:  -466.9  Scout:100% Cmdr:97%  scout:[survived=120] cmdr:[survived=87 boundary=3] refills=235  NN_dec=2871/2970  fire: peak=135 final=106 supp=29 ext=21.6  72.5s
   Cmdr reward breakdown: r_extinguish=+120.000  r_water_waste=+0.000  r_water_near=+0.000  r_fire_out=+10.000  r_spread=+0.000
   Water drops: 595 total, 360 hit, 235 miss (61% accuracy)  alt=60m [42-80]  dist=43m [8-83]
   FW shaping: surv=+0.0 bound=+0.0 alt_pen=+0.0 approach=-81.4 alt_shape=+306.4  avg_dist_scout=284m
   [SCOUT DIAG] ratio: 1.0000+/-0.0000 [1.0000,1.0000] | adv: -0.0918+/-1.0268 | alive=30000/30000
   [CMDR  DIAG] ratio: 0.9994+/-0.2104 [0.0741,3.9923] | adv: -0.0927+/-0.9390 | alive=702/726 | bc_coef=0.330
17:34:21 | Batch 0052 (Ep 01560) | R:   -778.2 (  -742.4)  Scout_R:  -389.4  Cmdr_R:  -388.8  Scout:100% Cmdr:96%  scout:[survived=120] cmdr:[survived=85 boundary=5] refills=114  NN_dec=2843/2970  fire: peak=132 final=104 supp=28 ext=19.9  72.8s
   Cmdr reward breakdown: r_extinguish=+107.667  r_water_waste=+0.000  r_water_near=+0.000  r_fire_out=+10.000  r_spread=+0.000
   Water drops: 476 total, 323 hit, 153 miss (68% accuracy)  alt=60m [40-80]  dist=43m [4-86]
   FW shaping: surv=+0.0 bound=+0.0 alt_pen=+0.0 approach=-82.8 alt_shape=+336.4  avg_dist_scout=282m
   [SCOUT DIAG] ratio: 1.0000+/-0.0000 [1.0000,1.0000] | adv: 0.0297+/-1.0503 | alive=30000/30000
   [CMDR  DIAG] ratio: 1.0167+/-0.2488 [0.2136,4.7649] | adv: 0.1771+/-0.3045 | alive=723/726 | bc_coef=0.327
17:35:53 | Batch 0053 (Ep 01590) | R:   -966.2 (  -872.2)  Scout_R:  -398.9  Cmdr_R:  -567.3  Scout:100% Cmdr:96%  scout:[survived=120] cmdr:[survived=85 boundary=5] refills=226  NN_dec=2775/2970  fire: peak=120 final=89 supp=31 ext=21.9  73.4s
   Cmdr reward breakdown: r_extinguish=+121.000  r_water_waste=+0.000  r_water_near=+0.000  r_fire_out=+5.000  r_spread=+0.000
   Water drops: 525 total, 363 hit, 162 miss (69% accuracy)  alt=59m [40-80]  dist=44m [5-117]
   FW shaping: surv=+0.0 bound=+0.0 alt_pen=+0.0 approach=-85.4 alt_shape=+343.4  avg_dist_scout=288m
   [SCOUT DIAG] ratio: 1.0000+/-0.0000 [1.0000,1.0000] | adv: 0.0199+/-0.9792 | alive=30000/30000
   [CMDR  DIAG] ratio: 1.0078+/-0.2048 [0.2390,2.6884] | adv: 0.2780+/-0.2905 | alive=726/726 | bc_coef=0.323
17:37:34 | Batch 0054 (Ep 01620) | R:  -1011.3 (  -988.7)  Scout_R:  -247.7  Cmdr_R:  -763.6  Scout:100% Cmdr:98%  scout:[survived=119 boundary=1] cmdr:[survived=88 boundary=2] refills=227  NN_dec=2854/2970  fire: peak=112 final=81 supp=31 ext=22.2  81.6s
   Cmdr reward breakdown: r_extinguish=+128.000  r_water_waste=+0.000  r_water_near=+0.000  r_fire_out=+20.000  r_spread=+0.000
   Water drops: 570 total, 384 hit, 186 miss (67% accuracy)  alt=60m [39-79]  dist=43m [4-75]
   FW shaping: surv=+0.0 bound=+0.0 alt_pen=+0.0 approach=-88.4 alt_shape=+324.0  avg_dist_scout=306m
   [SCOUT DIAG] ratio: 1.0000+/-0.0000 [1.0000,1.0000] | adv: 0.0013+/-1.0226 | alive=30000/30000
   [CMDR  DIAG] ratio: 0.9972+/-0.2290 [0.0008,3.1805] | adv: -0.1194+/-1.2322 | alive=677/726 | bc_coef=0.320
17:39:19 | Batch 0055 (Ep 01650) | R:   -745.7 (  -878.5)  Scout_R:  -218.3  Cmdr_R:  -527.4  Scout:100% Cmdr:98%  scout:[survived=120] cmdr:[survived=88 boundary=2] refills=186  NN_dec=2915/2970  fire: peak=127 final=100 supp=27 ext=20.6  85.5s
   Cmdr reward breakdown: r_extinguish=+105.333  r_water_waste=+0.000  r_water_near=+0.000  r_fire_out=+20.000  r_spread=+0.000
   Water drops: 559 total, 316 hit, 243 miss (57% accuracy)  alt=59m [38-80]  dist=43m [5-85]
   FW shaping: surv=+0.0 bound=+0.0 alt_pen=+0.0 approach=-78.7 alt_shape=+356.6  avg_dist_scout=295m
   [SCOUT DIAG] ratio: 1.0000+/-0.0000 [1.0000,1.0000] | adv: 0.0408+/-0.9226 | alive=30000/30000
   [CMDR  DIAG] ratio: 1.0115+/-0.2412 [0.2029,2.9768] | adv: 0.2888+/-0.1663 | alive=726/726 | bc_coef=0.317
17:40:58 | Batch 0056 (Ep 01680) | R:   -732.4 (  -739.1)  Scout_R:  -129.4  Cmdr_R:  -603.1  Scout:100% Cmdr:99%  scout:[survived=120] cmdr:[survived=89 boundary=1] refills=310  NN_dec=2887/2970  fire: peak=139 final=119 supp=21 ext=21.4  79.9s
   Cmdr reward breakdown: r_extinguish=+119.333  r_water_waste=+0.000  r_water_near=+0.000  r_fire_out=+15.000  r_spread=+0.000
   Water drops: 635 total, 358 hit, 277 miss (56% accuracy)  alt=57m [39-79]  dist=45m [11-85]
   FW shaping: surv=+0.0 bound=+0.0 alt_pen=+0.0 approach=-120.5 alt_shape=+274.9  avg_dist_scout=324m
   [SCOUT DIAG] ratio: 1.0000+/-0.0000 [1.0000,1.0000] | adv: 0.0176+/-1.0967 | alive=30000/30000
   [CMDR  DIAG] ratio: 0.9949+/-0.2053 [0.1068,2.9211] | adv: -0.0693+/-1.2396 | alive=706/726 | bc_coef=0.313
17:42:26 | Batch 0057 (Ep 01710) | R:   -963.8 (  -848.1)  Scout_R:  -264.6  Cmdr_R:  -699.1  Scout:100% Cmdr:98%  scout:[survived=120] cmdr:[survived=88 boundary=2] refills=279  NN_dec=2839/2970  fire: peak=119 final=87 supp=31 ext=21.0  70.5s
   Cmdr reward breakdown: r_extinguish=+129.000  r_water_waste=+0.000  r_water_near=+0.000  r_fire_out=+15.000  r_spread=+0.000
   Water drops: 636 total, 387 hit, 249 miss (61% accuracy)  alt=61m [36-80]  dist=42m [8-94]
   FW shaping: surv=+0.0 bound=+0.0 alt_pen=+0.0 approach=-72.6 alt_shape=+375.2  avg_dist_scout=280m
   [SCOUT DIAG] ratio: 1.0000+/-0.0000 [1.0000,1.0000] | adv: -0.0028+/-0.9636 | alive=30000/30000
   [CMDR  DIAG] ratio: 1.0015+/-0.1515 [0.3540,1.9668] | adv: 0.1462+/-0.8427 | alive=692/726 | bc_coef=0.310
17:43:54 | Batch 0058 (Ep 01740) | R:   -964.3 (  -964.0)  Scout_R:  -242.0  Cmdr_R:  -722.3  Scout:100% Cmdr:98%  scout:[survived=120] cmdr:[survived=88 boundary=2] refills=360  NN_dec=2797/2970  fire: peak=106 final=72 supp=33 ext=25.1  69.1s
   Cmdr reward breakdown: r_extinguish=+132.333  r_water_waste=+0.000  r_water_near=+0.000  r_fire_out=+15.000  r_spread=+0.000
   Water drops: 735 total, 397 hit, 338 miss (54% accuracy)  alt=59m [36-80]  dist=42m [7-93]
   FW shaping: surv=+0.0 bound=+0.0 alt_pen=+0.0 approach=-68.3 alt_shape=+352.1  avg_dist_scout=292m
   [SCOUT DIAG] ratio: 1.0000+/-0.0000 [1.0000,1.0000] | adv: 0.0731+/-0.9210 | alive=30000/30000
   [CMDR  DIAG] ratio: 1.0049+/-0.1655 [0.2283,2.1988] | adv: -0.0451+/-1.0014 | alive=693/726 | bc_coef=0.307
17:45:22 | Batch 0059 (Ep 01770) | R:   -742.3 (  -853.3)  Scout_R:  -510.3  Cmdr_R:  -231.9  Scout:100% Cmdr:98%  scout:[survived=120] cmdr:[survived=88 boundary=2] refills=212  NN_dec=2849/2970  fire: peak=108 final=86 supp=22 ext=19.5  70.2s
   Cmdr reward breakdown: r_extinguish=+115.667  r_water_waste=+0.000  r_water_near=+0.000  r_fire_out=+10.000  r_spread=+0.000
   Water drops: 532 total, 347 hit, 185 miss (65% accuracy)  alt=59m [41-80]  dist=43m [5-80]
   FW shaping: surv=+0.0 bound=+0.0 alt_pen=+0.0 approach=-52.1 alt_shape=+353.3  avg_dist_scout=263m
   [SCOUT DIAG] ratio: 1.0000+/-0.0000 [1.0000,1.0000] | adv: 0.0864+/-0.9184 | alive=30000/30000
   [CMDR  DIAG] ratio: 0.9931+/-0.1501 [0.3346,1.5915] | adv: 0.1556+/-0.4892 | alive=709/726 | bc_coef=0.303
17:46:54 | Batch 0060 (Ep 01800) | R:   -703.2 (  -722.7)  Scout_R:  -340.6  Cmdr_R:  -362.6  Scout:100% Cmdr:99%  scout:[survived=120] cmdr:[survived=89 boundary=1] refills=227  NN_dec=2892/2970  fire: peak=102 final=79 supp=23 ext=23.7  74.7s
   Cmdr reward breakdown: r_extinguish=+140.667  r_water_waste=+0.000  r_water_near=+0.000  r_fire_out=+0.000  r_spread=+0.000
   Water drops: 663 total, 422 hit, 241 miss (64% accuracy)  alt=60m [36-80]  dist=45m [7-93]
   FW shaping: surv=+0.0 bound=+0.0 alt_pen=+0.0 approach=-31.1 alt_shape=+370.1  avg_dist_scout=257m
   [SCOUT DIAG] ratio: 1.0000+/-0.0000 [1.0000,1.0000] | adv: -0.0388+/-1.0143 | alive=30000/30000
   [CMDR  DIAG] ratio: 1.0119+/-0.2183 [0.3168,2.6728] | adv: -0.3875+/-1.5320 | alive=695/726 | bc_coef=0.300
17:48:24 | Batch 0061 (Ep 01830) | R:   -884.8 (  -794.0)  Scout_R:  -357.7  Cmdr_R:  -527.1  Scout:100% Cmdr:99%  scout:[survived=120] cmdr:[survived=88 boundary=2] refills=198  NN_dec=2871/2970  fire: peak=121 final=92 supp=28 ext=22.5  69.0s
   Cmdr reward breakdown: r_extinguish=+124.333  r_water_waste=+0.000  r_water_near=+0.000  r_fire_out=+5.000  r_spread=+0.000
   Water drops: 554 total, 373 hit, 181 miss (67% accuracy)  alt=60m [38-79]  dist=45m [6-103]
   FW shaping: surv=+0.0 bound=+0.0 alt_pen=+0.0 approach=-79.9 alt_shape=+359.5  avg_dist_scout=292m
   [SCOUT DIAG] ratio: 1.0000+/-0.0000 [1.0000,1.0000] | adv: 0.1532+/-0.8281 | alive=30000/30000
   [CMDR  DIAG] ratio: 0.9932+/-0.3177 [0.1526,4.0737] | adv: 0.1035+/-0.9301 | alive=711/726 | bc_coef=0.297
17:49:54 | Batch 0062 (Ep 01860) | R:   -523.6 (  -704.2)  Scout_R:  -164.6  Cmdr_R:  -359.0  Scout:100% Cmdr:100%  scout:[survived=120] cmdr:[survived=89 boundary=1] refills=249  NN_dec=2927/2970  fire: peak=97 final=59 supp=38 ext=26.2  72.1s
   Cmdr reward breakdown: r_extinguish=+147.667  r_water_waste=+0.000  r_water_near=+0.000  r_fire_out=+20.000  r_spread=+0.000
   Water drops: 723 total, 443 hit, 280 miss (61% accuracy)  alt=57m [37-80]  dist=42m [1-79]
   FW shaping: surv=+0.0 bound=+0.0 alt_pen=+0.0 approach=-29.1 alt_shape=+377.0  avg_dist_scout=250m
   [SCOUT DIAG] ratio: 1.0000+/-0.0000 [1.0000,1.0000] | adv: -0.2256+/-1.2352 | alive=30000/30000
   [CMDR  DIAG] ratio: 1.0108+/-0.2654 [0.2594,3.5624] | adv: -0.0488+/-1.0263 | alive=725/726 | bc_coef=0.293
17:51:25 | Batch 0063 (Ep 01890) | R:   -598.0 (  -560.8)  Scout_R:  -137.1  Cmdr_R:  -460.9  Scout:100% Cmdr:99%  scout:[survived=120] cmdr:[survived=89 boundary=1] refills=230  NN_dec=2918/2970  fire: peak=112 final=91 supp=22 ext=21.7  73.8s
   Cmdr reward breakdown: r_extinguish=+132.667  r_water_waste=+0.000  r_water_near=+0.000  r_fire_out=+0.000  r_spread=+0.000
   Water drops: 588 total, 398 hit, 190 miss (68% accuracy)  alt=57m [36-80]  dist=42m [7-92]
   FW shaping: surv=+0.0 bound=+0.0 alt_pen=+0.0 approach=-53.6 alt_shape=+372.9  avg_dist_scout=273m
   [SCOUT DIAG] ratio: 1.0000+/-0.0000 [1.0000,1.0000] | adv: -0.0362+/-1.0643 | alive=30000/30000
   [CMDR  DIAG] ratio: 0.9959+/-0.2336 [0.1012,3.6649] | adv: -0.0239+/-0.9666 | alive=692/726 | bc_coef=0.290
17:52:58 | Batch 0064 (Ep 01920) | R:   -713.8 (  -655.9)  Scout_R:  -200.0  Cmdr_R:  -513.9  Scout:100% Cmdr:97%  scout:[survived=120] cmdr:[survived=87 boundary=3] refills=160  NN_dec=2818/2970  fire: peak=123 final=101 supp=22 ext=18.2  74.4s
   Cmdr reward breakdown: r_extinguish=+102.000  r_water_waste=+0.000  r_water_near=+0.000  r_fire_out=+10.000  r_spread=+0.000
   Water drops: 460 total, 306 hit, 154 miss (67% accuracy)  alt=60m [41-80]  dist=43m [2-85]
   FW shaping: surv=+0.0 bound=+0.0 alt_pen=+0.0 approach=-77.5 alt_shape=+336.4  avg_dist_scout=290m
   [SCOUT DIAG] ratio: 1.0000+/-0.0000 [1.0000,1.0000] | adv: 0.0588+/-0.9539 | alive=30000/30000
   [CMDR  DIAG] ratio: 1.0033+/-0.2176 [0.2375,3.7323] | adv: -0.1199+/-1.1921 | alive=674/726 | bc_coef=0.287
17:54:30 | Batch 0065 (Ep 01950) | R:   -726.6 (  -720.2)  Scout_R:  -202.7  Cmdr_R:  -523.9  Scout:100% Cmdr:97%  scout:[survived=120] cmdr:[survived=87 boundary=3] refills=186  NN_dec=2874/2970  fire: peak=118 final=94 supp=24 ext=21.8  74.7s
   Cmdr reward breakdown: r_extinguish=+129.667  r_water_waste=+0.000  r_water_near=+0.000  r_fire_out=+5.000  r_spread=+0.000
   Water drops: 654 total, 389 hit, 265 miss (59% accuracy)  alt=58m [41-80]  dist=43m [5-88]
   FW shaping: surv=+0.0 bound=+0.0 alt_pen=+0.0 approach=-84.6 alt_shape=+310.5  avg_dist_scout=299m
   [SCOUT DIAG] ratio: 1.0000+/-0.0000 [1.0000,1.0000] | adv: -0.0476+/-1.0300 | alive=30000/30000
   [CMDR  DIAG] ratio: 1.0064+/-0.1566 [0.4394,2.7301] | adv: -0.1480+/-1.2529 | alive=721/726 | bc_coef=0.283
17:56:02 | Batch 0066 (Ep 01980) | R:   -722.8 (  -724.7)  Scout_R:  -113.7  Cmdr_R:  -609.1  Scout:100% Cmdr:98%  scout:[survived=120] cmdr:[survived=88 boundary=2] refills=247  NN_dec=2868/2970  fire: peak=111 final=74 supp=37 ext=24.7  74.0s
   Cmdr reward breakdown: r_extinguish=+134.000  r_water_waste=+0.000  r_water_near=+0.000  r_fire_out=+20.000  r_spread=+0.000
   Water drops: 683 total, 402 hit, 281 miss (59% accuracy)  alt=59m [41-79]  dist=43m [9-90]
   FW shaping: surv=+0.0 bound=+0.0 alt_pen=+0.0 approach=-66.7 alt_shape=+342.1  avg_dist_scout=280m
   [SCOUT DIAG] ratio: 1.0000+/-0.0000 [1.0000,1.0000] | adv: 0.0786+/-1.0092 | alive=30000/30000
   [CMDR  DIAG] ratio: 0.9872+/-0.1937 [0.2969,2.4111] | adv: 0.0765+/-0.9928 | alive=705/726 | bc_coef=0.280
17:57:35 | Batch 0067 (Ep 02010) | R:   -847.1 (  -785.0)  Scout_R:  -143.2  Cmdr_R:  -703.9  Scout:100% Cmdr:100%  scout:[survived=120] cmdr:[survived=90] refills=301  NN_dec=2927/2970  fire: peak=125 final=93 supp=32 ext=20.9  75.3s
   Cmdr reward breakdown: r_extinguish=+141.000  r_water_waste=+0.000  r_water_near=+0.000  r_fire_out=+10.000  r_spread=+0.000
   Water drops: 763 total, 423 hit, 340 miss (55% accuracy)  alt=57m [38-80]  dist=42m [3-77]
   FW shaping: surv=+0.0 bound=+0.0 alt_pen=+0.0 approach=-60.2 alt_shape=+349.5  avg_dist_scout=296m
   [SCOUT DIAG] ratio: 1.0000+/-0.0000 [1.0000,1.0000] | adv: -0.2377+/-1.1462 | alive=30000/30000
   [CMDR  DIAG] ratio: 1.0079+/-0.2201 [0.2300,2.9957] | adv: 0.1128+/-0.8622 | alive=702/726 | bc_coef=0.277
17:59:03 | Batch 0068 (Ep 02040) | R:   -932.5 (  -889.8)  Scout_R:  -515.6  Cmdr_R:  -416.9  Scout:100% Cmdr:99%  scout:[survived=120] cmdr:[survived=89 boundary=1] refills=210  NN_dec=2885/2970  fire: peak=124 final=92 supp=32 ext=19.4  70.0s
   Cmdr reward breakdown: r_extinguish=+115.333  r_water_waste=+0.000  r_water_near=+0.000  r_fire_out=+20.000  r_spread=+0.000
   Water drops: 544 total, 346 hit, 198 miss (64% accuracy)  alt=58m [37-79]  dist=42m [3-83]
   FW shaping: surv=+0.0 bound=+0.0 alt_pen=+0.0 approach=-58.4 alt_shape=+325.3  avg_dist_scout=291m
   [SCOUT DIAG] ratio: 1.0000+/-0.0000 [1.0000,1.0000] | adv: 0.0665+/-1.0022 | alive=30000/30000
   [CMDR  DIAG] ratio: 1.0207+/-0.4162 [0.1016,6.7763] | adv: 0.1680+/-0.5585 | alive=726/726 | bc_coef=0.273
18:00:36 | Batch 0069 (Ep 02070) | R:  -1412.0 ( -1172.2)  Scout_R:  -358.6  Cmdr_R: -1053.4  Scout:100% Cmdr:98%  scout:[survived=120] cmdr:[survived=87 boundary=3] refills=231  NN_dec=2844/2970  fire: peak=142 final=121 supp=21 ext=18.6  74.6s
   Cmdr reward breakdown: r_extinguish=+103.000  r_water_waste=+0.000  r_water_near=+0.000  r_fire_out=+10.000  r_spread=+0.000
   Water drops: 450 total, 309 hit, 141 miss (69% accuracy)  alt=63m [43-79]  dist=43m [12-129]
   FW shaping: surv=+0.0 bound=+0.0 alt_pen=+0.0 approach=-99.9 alt_shape=+270.9  avg_dist_scout=344m
   [SCOUT DIAG] ratio: 1.0000+/-0.0000 [1.0000,1.0000] | adv: 0.0440+/-0.9178 | alive=30000/30000
   [CMDR  DIAG] ratio: 0.9868+/-0.1378 [0.2227,1.8656] | adv: -0.3426+/-1.3111 | alive=685/726 | bc_coef=0.270
18:02:08 | Batch 0070 (Ep 02100) | R:  -1124.6 ( -1268.3)  Scout_R:  -429.2  Cmdr_R:  -695.4  Scout:100% Cmdr:98%  scout:[survived=120] cmdr:[survived=87 boundary=3] refills=218  NN_dec=2888/2970  fire: peak=125 final=105 supp=19 ext=17.8  75.1s
   Cmdr reward breakdown: r_extinguish=+106.333  r_water_waste=+0.000  r_water_near=+0.000  r_fire_out=+10.000  r_spread=+0.000
   Water drops: 540 total, 319 hit, 221 miss (59% accuracy)  alt=61m [40-80]  dist=43m [6-89]
   FW shaping: surv=+0.0 bound=+0.0 alt_pen=+0.0 approach=-128.7 alt_shape=+307.6  avg_dist_scout=316m
   [SCOUT DIAG] ratio: 1.0000+/-0.0000 [1.0000,1.0000] | adv: -0.0530+/-1.0524 | alive=30000/30000
   [CMDR  DIAG] ratio: 0.9943+/-0.2255 [0.1448,2.6926] | adv: 0.2261+/-0.3361 | alive=674/726 | bc_coef=0.267
18:03:44 | Batch 0071 (Ep 02130) | R:   -697.0 (  -910.8)  Scout_R:   -86.8  Cmdr_R:  -610.2  Scout:100% Cmdr:98%  scout:[survived=120] cmdr:[survived=88 boundary=2] refills=163  NN_dec=2891/2970  fire: peak=114 final=88 supp=26 ext=21.4  74.2s
   Cmdr reward breakdown: r_extinguish=+122.667  r_water_waste=+0.000  r_water_near=+0.000  r_fire_out=+0.000  r_spread=+0.000
   Water drops: 571 total, 368 hit, 203 miss (64% accuracy)  alt=59m [39-80]  dist=44m [7-89]
   FW shaping: surv=+0.0 bound=+0.0 alt_pen=+0.0 approach=-54.9 alt_shape=+329.7  avg_dist_scout=287m
   [SCOUT DIAG] ratio: 1.0000+/-0.0000 [1.0000,1.0000] | adv: -0.1321+/-1.2728 | alive=30000/30000
   [CMDR  DIAG] ratio: 1.0159+/-0.1937 [0.3754,2.8855] | adv: 0.1494+/-0.5167 | alive=710/726 | bc_coef=0.263
18:05:19 | Batch 0072 (Ep 02160) | R:   -346.4 (  -521.7)  Scout_R:  -239.7  Cmdr_R:  -106.6  Scout:100% Cmdr:99%  scout:[survived=120] cmdr:[survived=89 boundary=1] refills=326  NN_dec=2930/2970  fire: peak=89 final=55 supp=34 ext=23.7  77.5s
   Cmdr reward breakdown: r_extinguish=+145.667  r_water_waste=+0.000  r_water_near=+0.000  r_fire_out=+10.000  r_spread=+0.000
   Water drops: 837 total, 437 hit, 400 miss (52% accuracy)  alt=58m [36-80]  dist=43m [1-88]
   FW shaping: surv=+0.0 bound=+0.0 alt_pen=+0.0 approach=-36.5 alt_shape=+409.0  avg_dist_scout=249m
   [SCOUT DIAG] ratio: 1.0000+/-0.0000 [1.0000,1.0000] | adv: -0.0713+/-1.0832 | alive=30000/30000
   [CMDR  DIAG] ratio: 1.0100+/-0.1684 [0.4487,2.5031] | adv: -0.1083+/-1.3040 | alive=725/726 | bc_coef=0.260
18:06:51 | Batch 0073 (Ep 02190) | R:   -531.3 (  -438.8)  Scout_R:  -144.6  Cmdr_R:  -386.6  Scout:100% Cmdr:97%  scout:[survived=120] cmdr:[survived=86 boundary=4] refills=178  NN_dec=2843/2970  fire: peak=116 final=82 supp=34 ext=24.9  73.7s
   Cmdr reward breakdown: r_extinguish=+146.333  r_water_waste=+0.000  r_water_near=+0.000  r_fire_out=+23.333  r_spread=+0.000
   Water drops: 612 total, 439 hit, 173 miss (72% accuracy)  alt=59m [40-80]  dist=41m [4-88]
   FW shaping: surv=+0.0 bound=+0.0 alt_pen=+0.0 approach=-72.8 alt_shape=+343.8  avg_dist_scout=278m
   [SCOUT DIAG] ratio: 1.0000+/-0.0000 [1.0000,1.0000] | adv: 0.0355+/-1.0082 | alive=30000/30000
   [CMDR  DIAG] ratio: 1.0068+/-0.2108 [0.4336,3.4520] | adv: -0.1751+/-1.2903 | alive=647/726 | bc_coef=0.257
18:08:27 | Batch 0074 (Ep 02220) | R:  -1079.8 (  -805.6)  Scout_R:  -182.7  Cmdr_R:  -897.1  Scout:100% Cmdr:100%  scout:[survived=120] cmdr:[survived=90] refills=226  NN_dec=2935/2970  fire: peak=125 final=100 supp=25 ext=19.0  78.8s
   Cmdr reward breakdown: r_extinguish=+122.333  r_water_waste=+0.000  r_water_near=+0.000  r_fire_out=+10.000  r_spread=+0.000
   Water drops: 601 total, 367 hit, 234 miss (61% accuracy)  alt=57m [39-80]  dist=44m [3-85]
   FW shaping: surv=+0.0 bound=+0.0 alt_pen=+0.0 approach=-82.2 alt_shape=+297.4  avg_dist_scout=327m
   [SCOUT DIAG] ratio: 1.0000+/-0.0000 [1.0000,1.0000] | adv: -0.0864+/-1.0686 | alive=30000/30000
   [CMDR  DIAG] ratio: 0.9890+/-0.1309 [0.2951,1.8040] | adv: 0.0309+/-0.8859 | alive=719/726 | bc_coef=0.253
18:10:01 | Batch 0075 (Ep 02250) | R:   -304.0 (  -691.9)  Scout_R:  -112.3  Cmdr_R:  -191.7  Scout:100% Cmdr:99%  scout:[survived=120] cmdr:[survived=89 boundary=1] refills=281  NN_dec=2874/2970  fire: peak=103 final=63 supp=40 ext=26.7  76.6s
   Cmdr reward breakdown: r_extinguish=+156.000  r_water_waste=+0.000  r_water_near=+0.000  r_fire_out=+20.000  r_spread=+0.000
   Water drops: 777 total, 468 hit, 309 miss (60% accuracy)  alt=57m [39-79]  dist=44m [8-95]
   FW shaping: surv=+0.0 bound=+0.0 alt_pen=+0.0 approach=-29.2 alt_shape=+364.0  avg_dist_scout=255m
   [SCOUT DIAG] ratio: 1.0000+/-0.0000 [1.0000,1.0000] | adv: 0.0028+/-0.8785 | alive=30000/30000
   [CMDR  DIAG] ratio: 1.0076+/-0.1414 [0.3043,2.5418] | adv: 0.1406+/-0.3936 | alive=680/726 | bc_coef=0.250
18:11:34 | Batch 0076 (Ep 02280) | R:   -523.2 (  -413.6)  Scout_R:  -345.2  Cmdr_R:  -178.0  Scout:100% Cmdr:98%  scout:[survived=120] cmdr:[survived=88 boundary=2] refills=296  NN_dec=2837/2970  fire: peak=114 final=88 supp=25 ext=20.1  74.2s
   Cmdr reward breakdown: r_extinguish=+122.000  r_water_waste=+0.000  r_water_near=+0.000  r_fire_out=+5.000  r_spread=+0.000
   Water drops: 673 total, 366 hit, 307 miss (54% accuracy)  alt=59m [37-80]  dist=44m [3-93]
   FW shaping: surv=+0.0 bound=+0.0 alt_pen=+0.0 approach=-63.7 alt_shape=+351.6  avg_dist_scout=256m
   [SCOUT DIAG] ratio: 1.0000+/-0.0000 [1.0000,1.0000] | adv: 0.0154+/-1.0723 | alive=30000/30000
   [CMDR  DIAG] ratio: 1.0010+/-0.1325 [0.3517,1.9032] | adv: 0.0662+/-0.4654 | alive=714/726 | bc_coef=0.247
18:13:07 | Batch 0077 (Ep 02310) | R:   -133.3 (  -328.2)  Scout_R:  -165.2  Cmdr_R:   +31.9  Scout:100% Cmdr:100%  scout:[survived=120] cmdr:[survived=90] refills=293  NN_dec=2961/2970  fire: peak=102 final=62 supp=40 ext=27.9  75.3s
   Cmdr reward breakdown: r_extinguish=+157.000  r_water_waste=+0.000  r_water_near=+0.000  r_fire_out=+20.000  r_spread=+0.000
   Water drops: 833 total, 471 hit, 362 miss (57% accuracy)  alt=58m [39-80]  dist=44m [2-100]
   FW shaping: surv=+0.0 bound=+0.0 alt_pen=+0.0 approach=+1.2 alt_shape=+415.5  avg_dist_scout=214m
   [SCOUT DIAG] ratio: 1.0000+/-0.0000 [1.0000,1.0000] | adv: 0.0648+/-0.8384 | alive=30000/30000
   [CMDR  DIAG] ratio: 1.0144+/-0.2966 [0.2664,4.8007] | adv: -0.2430+/-1.3443 | alive=717/726 | bc_coef=0.243
18:14:39 | Batch 0078 (Ep 02340) | R:   -880.2 (  -506.8)  Scout_R:  -246.3  Cmdr_R:  -633.9  Scout:100% Cmdr:98%  scout:[survived=120] cmdr:[survived=88 boundary=2] refills=174  NN_dec=2883/2970  fire: peak=135 final=103 supp=32 ext=22.4  74.0s
   Cmdr reward breakdown: r_extinguish=+131.333  r_water_waste=+0.000  r_water_near=+0.000  r_fire_out=+0.000  r_spread=+0.000
   Water drops: 589 total, 394 hit, 195 miss (67% accuracy)  alt=57m [39-80]  dist=42m [5-91]
   FW shaping: surv=+0.0 bound=+0.0 alt_pen=+0.0 approach=-72.6 alt_shape=+334.6  avg_dist_scout=291m
   [SCOUT DIAG] ratio: 1.0000+/-0.0000 [1.0000,1.0000] | adv: -0.0096+/-1.0264 | alive=30000/30000
   [CMDR  DIAG] ratio: 1.0020+/-0.1393 [0.3836,2.2939] | adv: -0.0511+/-0.9920 | alive=690/726 | bc_coef=0.240
18:16:13 | Batch 0079 (Ep 02370) | R:   -383.9 (  -632.1)  Scout_R:   +63.9  Cmdr_R:  -447.7  Scout:100% Cmdr:99%  scout:[survived=120] cmdr:[survived=89 boundary=1] refills=442  NN_dec=2778/2970  fire: peak=114 final=92 supp=22 ext=23.4  76.2s
   Cmdr reward breakdown: r_extinguish=+162.000  r_water_waste=+0.000  r_water_near=+0.000  r_fire_out=+10.000  r_spread=+0.000
   Water drops: 888 total, 486 hit, 402 miss (55% accuracy)  alt=57m [37-80]  dist=41m [5-77]
   FW shaping: surv=+0.0 bound=+0.0 alt_pen=+0.0 approach=-81.9 alt_shape=+308.3  avg_dist_scout=295m
   [SCOUT DIAG] ratio: 1.0000+/-0.0000 [1.0000,1.0000] | adv: -0.0476+/-1.0159 | alive=30000/30000
   [CMDR  DIAG] ratio: 0.9846+/-0.2758 [0.0924,2.9318] | adv: -0.1897+/-1.3352 | alive=645/726 | bc_coef=0.237
18:17:47 | Batch 0080 (Ep 02400) | R:   -842.7 (  -613.3)  Scout_R:  -121.6  Cmdr_R:  -721.1  Scout:100% Cmdr:97%  scout:[survived=120] cmdr:[survived=86 boundary=4] refills=106  NN_dec=2873/2970  fire: peak=136 final=115 supp=21 ext=18.0  75.6s
   Cmdr reward breakdown: r_extinguish=+97.000  r_water_waste=+0.000  r_water_near=+0.000  r_fire_out=+20.000  r_spread=+0.000
   Water drops: 399 total, 291 hit, 108 miss (73% accuracy)  alt=63m [38-80]  dist=41m [1-75]
   FW shaping: surv=+0.0 bound=+0.0 alt_pen=+0.0 approach=-66.0 alt_shape=+329.2  avg_dist_scout=290m
   [SCOUT DIAG] ratio: 1.0000+/-0.0000 [1.0000,1.0000] | adv: 0.0166+/-0.9728 | alive=30000/30000
   [CMDR  DIAG] ratio: 1.0090+/-0.3025 [0.1847,6.2489] | adv: 0.3282+/-0.2524 | alive=674/726 | bc_coef=0.233
   [CURRICULUM] Batch 81: phase 3 (map=(1200.0, 1200.0), waste_pen=0.3)
18:19:23 | Batch 0081 (Ep 02430) | R:   -132.0 (  -487.4)  Scout_R:  +104.2  Cmdr_R:  -236.3  Scout:100% Cmdr:98%  scout:[survived=120] cmdr:[survived=88 boundary=2] refills=340  NN_dec=2852/2970  fire: peak=96 final=66 supp=30 ext=27.3  74.5s
   Cmdr reward breakdown: r_extinguish=+160.667  r_water_waste=-3.140  r_water_near=+0.000  r_fire_out=+10.000  r_spread=-44.640
   Water drops: 819 total, 482 hit, 337 miss (59% accuracy)  alt=55m [29-80]  dist=43m [6-90]
   FW shaping: surv=+0.0 bound=+0.0 alt_pen=+0.0 approach=-152.6 alt_shape=+341.9  avg_dist_scout=279m
   [SCOUT DIAG] ratio: 1.0000+/-0.0000 [1.0000,1.0000] | adv: -0.0889+/-1.1108 | alive=30000/30000
   [CMDR  DIAG] ratio: 1.0068+/-0.1466 [0.3550,2.1945] | adv: 0.2238+/-0.1943 | alive=691/726 | bc_coef=0.230
18:20:53 | Batch 0082 (Ep 02460) | R:   -339.0 (  -235.5)  Scout_R:  +111.2  Cmdr_R:  -450.2  Scout:100% Cmdr:100%  scout:[survived=120] cmdr:[survived=90] refills=225  NN_dec=2946/2970  fire: peak=96 final=59 supp=37 ext=24.9  72.1s
   Cmdr reward breakdown: r_extinguish=+151.667  r_water_waste=-2.300  r_water_near=+0.000  r_fire_out=+20.000  r_spread=-43.335
   Water drops: 696 total, 455 hit, 241 miss (65% accuracy)  alt=57m [33-80]  dist=44m [9-92]
   FW shaping: surv=+0.0 bound=+0.0 alt_pen=+0.0 approach=-149.5 alt_shape=+369.3  avg_dist_scout=283m
   [SCOUT DIAG] ratio: 1.0000+/-0.0000 [1.0000,1.0000] | adv: -0.0119+/-0.9753 | alive=30000/30000
   [CMDR  DIAG] ratio: 1.0021+/-0.1221 [0.4960,1.9252] | adv: 0.1295+/-0.7378 | alive=724/726 | bc_coef=0.227
18:22:22 | Batch 0083 (Ep 02490) | R:   -292.7 (  -315.8)  Scout_R:   -38.7  Cmdr_R:  -254.0  Scout:100% Cmdr:100%  scout:[survived=120] cmdr:[survived=90] refills=293  NN_dec=2887/2970  fire: peak=93 final=69 supp=24 ext=25.6  70.0s
   Cmdr reward breakdown: r_extinguish=+140.333  r_water_waste=-2.000  r_water_near=+0.000  r_fire_out=+20.000  r_spread=-43.560
   Water drops: 636 total, 421 hit, 215 miss (66% accuracy)  alt=60m [33-80]  dist=43m [8-90]
   FW shaping: surv=+0.0 bound=+0.0 alt_pen=+0.0 approach=-161.1 alt_shape=+329.0  avg_dist_scout=301m
   [SCOUT DIAG] ratio: 1.0000+/-0.0000 [1.0000,1.0000] | adv: 0.0500+/-0.9540 | alive=30000/30000
   [CMDR  DIAG] ratio: 1.0109+/-0.1199 [0.5740,2.0277] | adv: 0.1025+/-0.6539 | alive=725/726 | bc_coef=0.223
18:23:49 | Batch 0084 (Ep 02520) | R:   -695.3 (  -494.0)  Scout_R:   -41.2  Cmdr_R:  -654.1  Scout:100% Cmdr:100%  scout:[survived=120] cmdr:[survived=90] refills=342  NN_dec=2856/2970  fire: peak=99 final=72 supp=26 ext=21.1  69.5s
   Cmdr reward breakdown: r_extinguish=+150.333  r_water_waste=-2.840  r_water_near=+0.000  r_fire_out=+10.000  r_spread=-44.490
   Water drops: 755 total, 451 hit, 304 miss (60% accuracy)  alt=58m [33-80]  dist=43m [9-88]
   FW shaping: surv=+0.0 bound=+0.0 alt_pen=+0.0 approach=-195.2 alt_shape=+300.4  avg_dist_scout=333m
   [SCOUT DIAG] ratio: 1.0000+/-0.0000 [1.0000,1.0000] | adv: -0.0202+/-1.0415 | alive=30000/30000
   [CMDR  DIAG] ratio: 0.9946+/-0.0972 [0.2834,1.7834] | adv: 0.0810+/-0.8724 | alive=674/726 | bc_coef=0.220
18:25:19 | Batch 0085 (Ep 02550) | R:   -229.3 (  -462.3)  Scout_R:  +220.7  Cmdr_R:  -450.0  Scout:100% Cmdr:99%  scout:[survived=120] cmdr:[survived=89 boundary=1] refills=205  NN_dec=2894/2970  fire: peak=102 final=72 supp=31 ext=28.2  71.1s
   Cmdr reward breakdown: r_extinguish=+147.667  r_water_waste=-2.180  r_water_near=+0.000  r_fire_out=+5.000  r_spread=-49.625
   Water drops: 676 total, 443 hit, 233 miss (66% accuracy)  alt=58m [39-79]  dist=44m [3-107]
   FW shaping: surv=+0.0 bound=+0.0 alt_pen=+0.0 approach=-122.4 alt_shape=+375.9  avg_dist_scout=274m
   [SCOUT DIAG] ratio: 1.0000+/-0.0000 [1.0000,1.0000] | adv: 0.0877+/-0.8245 | alive=30000/30000
   [CMDR  DIAG] ratio: 1.0133+/-0.1397 [0.2574,2.3067] | adv: 0.2855+/-0.0873 | alive=700/726 | bc_coef=0.217
18:26:49 | Batch 0086 (Ep 02580) | R:    -21.8 (  -125.6)  Scout_R:  +188.6  Cmdr_R:  -210.5  Scout:100% Cmdr:98%  scout:[survived=120] cmdr:[survived=88 boundary=2] refills=464  NN_dec=2700/2970  fire: peak=99 final=73 supp=27 ext=24.3  72.2s
   Cmdr reward breakdown: r_extinguish=+158.000  r_water_waste=-2.990  r_water_near=+0.000  r_fire_out=+5.000  r_spread=-49.040
   Water drops: 799 total, 474 hit, 325 miss (59% accuracy)  alt=58m [38-80]  dist=45m [3-115]
   FW shaping: surv=+0.0 bound=+0.0 alt_pen=+0.0 approach=-159.0 alt_shape=+311.8  avg_dist_scout=298m
   [SCOUT DIAG] ratio: 1.0000+/-0.0000 [1.0000,1.0000] | adv: -0.0387+/-1.0453 | alive=30000/30000
   [CMDR  DIAG] ratio: 1.0025+/-0.0918 [0.6789,1.8052] | adv: 0.1242+/-0.5403 | alive=593/726 | bc_coef=0.213
18:28:19 | Batch 0087 (Ep 02610) | R:   +220.9 (   +99.5)  Scout_R:  +169.9  Cmdr_R:   +51.0  Scout:100% Cmdr:100%  scout:[survived=119 ceiling=1] cmdr:[survived=90] refills=286  NN_dec=2912/2970  fire: peak=80 final=57 supp=22 ext=25.2  72.4s
   Cmdr reward breakdown: r_extinguish=+147.667  r_water_waste=-2.550  r_water_near=+0.000  r_fire_out=+5.000  r_spread=-38.760
   Water drops: 715 total, 443 hit, 272 miss (62% accuracy)  alt=58m [35-80]  dist=42m [8-81]
   FW shaping: surv=+0.0 bound=+0.0 alt_pen=+0.0 approach=-126.4 alt_shape=+404.8  avg_dist_scout=233m
   New best! rolling avg = 99.5
   [SCOUT DIAG] ratio: 1.0000+/-0.0000 [1.0000,1.0000] | adv: 0.0272+/-0.8194 | alive=30000/30000
   [CMDR  DIAG] ratio: 0.9983+/-0.1767 [0.2660,2.2559] | adv: -0.1456+/-1.3322 | alive=723/726 | bc_coef=0.210
18:29:48 | Batch 0088 (Ep 02640) | R:   -575.4 (  -177.3)  Scout_R:   +43.9  Cmdr_R:  -619.3  Scout:100% Cmdr:100%  scout:[survived=120] cmdr:[survived=90] refills=278  NN_dec=2854/2970  fire: peak=110 final=90 supp=20 ext=22.3  70.2s
   Cmdr reward breakdown: r_extinguish=+118.000  r_water_waste=-1.870  r_water_near=+0.000  r_fire_out=+10.000  r_spread=-51.000
   Water drops: 553 total, 354 hit, 199 miss (64% accuracy)  alt=60m [31-80]  dist=42m [9-101]
   FW shaping: surv=+0.0 bound=+0.0 alt_pen=+0.0 approach=-186.8 alt_shape=+247.3  avg_dist_scout=354m
   [SCOUT DIAG] ratio: 1.0000+/-0.0000 [1.0000,1.0000] | adv: 0.1042+/-0.8791 | alive=30000/30000
   [CMDR  DIAG] ratio: 0.9996+/-0.1499 [0.4742,2.5238] | adv: 0.0116+/-0.6486 | alive=685/726 | bc_coef=0.207
18:31:15 | Batch 0089 (Ep 02670) | R:   -782.1 (  -678.8)  Scout_R:   -23.4  Cmdr_R:  -758.7  Scout:100% Cmdr:99%  scout:[survived=120] cmdr:[survived=89 boundary=1] refills=277  NN_dec=2834/2970  fire: peak=116 final=91 supp=25 ext=19.2  69.1s
   Cmdr reward breakdown: r_extinguish=+112.333  r_water_waste=-2.260  r_water_near=+0.000  r_fire_out=+15.000  r_spread=-47.885
   Water drops: 570 total, 337 hit, 233 miss (59% accuracy)  alt=58m [36-80]  dist=43m [13-101]
   FW shaping: surv=+0.0 bound=+0.0 alt_pen=+0.0 approach=-197.1 alt_shape=+310.6  avg_dist_scout=332m
   [SCOUT DIAG] ratio: 1.0000+/-0.0000 [1.0000,1.0000] | adv: 0.0684+/-0.9492 | alive=30000/30000
   [CMDR  DIAG] ratio: 0.9947+/-0.2043 [0.3463,2.7596] | adv: -0.1262+/-1.0986 | alive=679/726 | bc_coef=0.203
18:32:44 | Batch 0090 (Ep 02700) | R:   -499.5 (  -640.8)  Scout_R:   +21.1  Cmdr_R:  -520.5  Scout:100% Cmdr:100%  scout:[survived=118 boundary=1 ceiling=1] cmdr:[survived=90] refills=240  NN_dec=2894/2970  fire: peak=93 final=63 supp=29 ext=24.0  71.0s
   Cmdr reward breakdown: r_extinguish=+154.667  r_water_waste=-1.870  r_water_near=+0.000  r_fire_out=+20.000  r_spread=-43.515
   Water drops: 660 total, 464 hit, 196 miss (70% accuracy)  alt=58m [34-80]  dist=43m [2-99]
   FW shaping: surv=+0.0 bound=+0.0 alt_pen=+0.0 approach=-163.8 alt_shape=+328.1  avg_dist_scout=314m
   [SCOUT DIAG] ratio: 1.0000+/-0.0000 [1.0000,1.0000] | adv: -0.2553+/-1.3918 | alive=29656/30000
   [CMDR  DIAG] ratio: 1.0016+/-0.1119 [0.5177,2.0143] | adv: 0.1112+/-0.9618 | alive=703/726 | bc_coef=0.200
18:34:16 | Batch 0091 (Ep 02730) | R:   -581.0 (  -540.3)  Scout_R:   +83.9  Cmdr_R:  -664.9  Scout:100% Cmdr:99%  scout:[survived=120] cmdr:[survived=89 boundary=1] refills=286  NN_dec=2876/2970  fire: peak=110 final=74 supp=36 ext=29.4  71.0s
   Cmdr reward breakdown: r_extinguish=+157.000  r_water_waste=-2.610  r_water_near=+0.000  r_fire_out=+5.000  r_spread=-51.940
   Water drops: 746 total, 471 hit, 275 miss (63% accuracy)  alt=57m [32-80]  dist=43m [1-93]
   FW shaping: surv=+0.0 bound=+0.0 alt_pen=+0.0 approach=-180.8 alt_shape=+337.6  avg_dist_scout=312m
   [SCOUT DIAG] ratio: 1.0000+/-0.0000 [1.0000,1.0000] | adv: 0.0745+/-0.8618 | alive=30000/30000
   [CMDR  DIAG] ratio: 1.0013+/-0.1564 [0.2458,2.3976] | adv: -0.3165+/-1.3702 | alive=721/726 | bc_coef=0.197
18:35:46 | Batch 0092 (Ep 02760) | R:   -286.1 (  -433.6)  Scout_R:   -69.5  Cmdr_R:  -216.7  Scout:100% Cmdr:100%  scout:[survived=120] cmdr:[survived=90] refills=228  NN_dec=2888/2970  fire: peak=84 final=58 supp=26 ext=24.5  72.0s
   Cmdr reward breakdown: r_extinguish=+136.000  r_water_waste=-1.800  r_water_near=+0.000  r_fire_out=+10.000  r_spread=-43.770
   Water drops: 599 total, 408 hit, 191 miss (68% accuracy)  alt=58m [38-80]  dist=41m [2-98]
   FW shaping: surv=+0.0 bound=+0.0 alt_pen=+0.0 approach=-128.2 alt_shape=+378.5  avg_dist_scout=271m
   [SCOUT DIAG] ratio: 1.0000+/-0.0000 [1.0000,1.0000] | adv: -0.0191+/-0.9703 | alive=30000/30000
   [CMDR  DIAG] ratio: 0.9944+/-0.1299 [0.2776,1.7323] | adv: -0.5912+/-1.8693 | alive=696/726 | bc_coef=0.193
18:37:18 | Batch 0093 (Ep 02790) | R:   -323.1 (  -304.6)  Scout_R:   -55.7  Cmdr_R:  -267.3  Scout:100% Cmdr:100%  scout:[survived=120] cmdr:[survived=90] refills=163  NN_dec=2943/2970  fire: peak=94 final=65 supp=30 ext=23.9  73.9s
   Cmdr reward breakdown: r_extinguish=+132.000  r_water_waste=-1.430  r_water_near=+0.000  r_fire_out=+25.000  r_spread=-43.470
   Water drops: 546 total, 396 hit, 150 miss (73% accuracy)  alt=58m [38-80]  dist=43m [4-81]
   FW shaping: surv=+0.0 bound=+0.0 alt_pen=+0.0 approach=-158.7 alt_shape=+331.0  avg_dist_scout=283m
   [SCOUT DIAG] ratio: 1.0000+/-0.0000 [1.0000,1.0000] | adv: -0.0036+/-0.9864 | alive=30000/30000
   [CMDR  DIAG] ratio: 1.0033+/-0.1780 [0.3902,4.2387] | adv: -0.0842+/-1.1490 | alive=726/726 | bc_coef=0.190
                                                                                                                     Worker failed: Cannot load URDF file.
   1/15 workers failed this batch
18:38:50 | Batch 0094 (Ep 02818) | R:   -456.5 (  -376.4)  Scout_R:   -20.6  Cmdr_R:  -435.9  Scout:100% Cmdr:99%  scout:[survived=112] cmdr:[survived=83 boundary=1] refills=283  NN_dec=2632/2772  fire: peak=108 final=82 supp=25 ext=23.5  74.0s
   Cmdr reward breakdown: r_extinguish=+140.000  r_water_waste=-2.057  r_water_near=+0.000  r_fire_out=+0.000  r_spread=-52.382
   Water drops: 603 total, 392 hit, 211 miss (65% accuracy)  alt=57m [26-80]  dist=44m [9-98]
   FW shaping: surv=+0.0 bound=+0.0 alt_pen=+0.0 approach=-177.5 alt_shape=+293.5  avg_dist_scout=320m
   [SCOUT DIAG] ratio: 1.0000+/-0.0000 [1.0000,1.0000] | adv: -0.0399+/-0.9573 | alive=28000/28000
   [CMDR  DIAG] ratio: 0.9934+/-0.1288 [0.4696,1.7809] | adv: 0.2003+/-0.2532 | alive=621/693 | bc_coef=0.187
18:40:22 | Batch 0095 (Ep 02848) | R:   -687.7 (  -572.9)  Scout_R:    +3.2  Cmdr_R:  -690.9  Scout:100% Cmdr:99%  scout:[survived=120] cmdr:[survived=89 boundary=1] refills=258  NN_dec=2870/2970  fire: peak=108 final=79 supp=29 ext=21.3  74.4s
   Cmdr reward breakdown: r_extinguish=+138.000  r_water_waste=-1.600  r_water_near=+0.000  r_fire_out=+10.000  r_spread=-46.430
   Water drops: 586 total, 414 hit, 172 miss (71% accuracy)  alt=59m [37-80]  dist=43m [7-83]
   FW shaping: surv=+0.0 bound=+0.0 alt_pen=+0.0 approach=-187.4 alt_shape=+302.6  avg_dist_scout=343m
   [SCOUT DIAG] ratio: 1.0000+/-0.0000 [1.0000,1.0000] | adv: -0.0683+/-1.0965 | alive=30000/30000
   [CMDR  DIAG] ratio: 1.0032+/-0.1264 [0.3898,1.8155] | adv: -0.2142+/-1.2072 | alive=698/726 | bc_coef=0.183
18:41:55 | Batch 0096 (Ep 02878) | R:   -116.4 (  -402.0)  Scout_R:   +54.4  Cmdr_R:  -170.8  Scout:100% Cmdr:100%  scout:[survived=120] cmdr:[survived=90] refills=265  NN_dec=2869/2970  fire: peak=95 final=63 supp=32 ext=19.9  74.0s
   Cmdr reward breakdown: r_extinguish=+125.000  r_water_waste=-1.970  r_water_near=+0.000  r_fire_out=+15.000  r_spread=-42.720
   Water drops: 586 total, 375 hit, 211 miss (64% accuracy)  alt=60m [40-80]  dist=41m [2-93]
   FW shaping: surv=+0.0 bound=+0.0 alt_pen=+0.0 approach=-145.4 alt_shape=+361.8  avg_dist_scout=281m
   [SCOUT DIAG] ratio: 1.0000+/-0.0000 [1.0000,1.0000] | adv: -0.1220+/-1.1040 | alive=30000/30000
   [CMDR  DIAG] ratio: 1.0047+/-0.1208 [0.5647,1.6560] | adv: 0.1297+/-0.4493 | alive=726/726 | bc_coef=0.180
18:43:26 | Batch 0097 (Ep 02908) | R:   -599.6 (  -358.0)  Scout_R:    +2.4  Cmdr_R:  -602.1  Scout:100% Cmdr:100%  scout:[survived=120] cmdr:[survived=90] refills=307  NN_dec=2865/2970  fire: peak=107 final=84 supp=23 ext=23.1  72.8s
   Cmdr reward breakdown: r_extinguish=+134.333  r_water_waste=-1.970  r_water_near=+0.000  r_fire_out=+0.000  r_spread=-52.410
   Water drops: 617 total, 403 hit, 214 miss (65% accuracy)  alt=57m [31-80]  dist=44m [4-86]
   FW shaping: surv=+0.0 bound=+0.0 alt_pen=+0.0 approach=-201.4 alt_shape=+300.8  avg_dist_scout=331m
   [SCOUT DIAG] ratio: 1.0000+/-0.0000 [1.0000,1.0000] | adv: 0.1052+/-0.9041 | alive=30000/30000
   [CMDR  DIAG] ratio: 1.0072+/-0.1200 [0.4886,1.6809] | adv: 0.1257+/-0.7118 | alive=726/726 | bc_coef=0.177
18:44:55 | Batch 0098 (Ep 02938) | R:   -502.2 (  -550.9)  Scout_R:  -108.3  Cmdr_R:  -394.0  Scout:100% Cmdr:100%  scout:[survived=120] cmdr:[survived=90] refills=256  NN_dec=2912/2970  fire: peak=91 final=50 supp=41 ext=26.2  71.5s
   Cmdr reward breakdown: r_extinguish=+146.000  r_water_waste=-2.300  r_water_near=+0.000  r_fire_out=+20.000  r_spread=-38.460
   Water drops: 682 total, 438 hit, 244 miss (64% accuracy)  alt=57m [25-80]  dist=43m [2-95]
   FW shaping: surv=+0.0 bound=+0.0 alt_pen=+0.0 approach=-125.5 alt_shape=+367.3  avg_dist_scout=274m
   [SCOUT DIAG] ratio: 1.0000+/-0.0000 [1.0000,1.0000] | adv: 0.0910+/-0.8628 | alive=30000/30000
   [CMDR  DIAG] ratio: 1.0009+/-0.1124 [0.4647,1.8739] | adv: 0.2084+/-0.1804 | alive=715/726 | bc_coef=0.173
18:46:27 | Batch 0099 (Ep 02968) | R:   -351.7 (  -426.9)  Scout_R:   -76.8  Cmdr_R:  -274.9  Scout:100% Cmdr:100%  scout:[survived=120] cmdr:[survived=90] refills=301  NN_dec=2860/2970  fire: peak=107 final=79 supp=28 ext=24.1  73.2s
   Cmdr reward breakdown: r_extinguish=+133.333  r_water_waste=-2.880  r_water_near=+0.000  r_fire_out=+15.000  r_spread=-50.325
   Water drops: 707 total, 400 hit, 307 miss (57% accuracy)  alt=56m [33-80]  dist=43m [2-95]
   FW shaping: surv=+0.0 bound=+0.0 alt_pen=+0.0 approach=-144.8 alt_shape=+338.0  avg_dist_scout=291m
   [SCOUT DIAG] ratio: 1.0000+/-0.0000 [1.0000,1.0000] | adv: -0.0625+/-1.0169 | alive=30000/30000
   [CMDR  DIAG] ratio: 0.9915+/-0.1229 [0.2034,1.8776] | adv: -0.2485+/-1.3438 | alive=717/726 | bc_coef=0.170
18:47:57 | Batch 0100 (Ep 02998) | R:   -366.6 (  -359.1)  Scout_R:   -54.8  Cmdr_R:  -311.8  Scout:100% Cmdr:100%  scout:[survived=120] cmdr:[survived=90] refills=225  NN_dec=2920/2970  fire: peak=97 final=60 supp=38 ext=24.8  71.8s
   Cmdr reward breakdown: r_extinguish=+141.000  r_water_waste=-1.720  r_water_near=+0.000  r_fire_out=+10.000  r_spread=-46.350
   Water drops: 607 total, 423 hit, 184 miss (70% accuracy)  alt=58m [38-80]  dist=45m [9-94]
   FW shaping: surv=+0.0 bound=+0.0 alt_pen=+0.0 approach=-139.0 alt_shape=+357.4  avg_dist_scout=284m
   [SCOUT DIAG] ratio: 1.0000+/-0.0000 [1.0000,1.0000] | adv: 0.0876+/-0.8766 | alive=30000/30000
   [CMDR  DIAG] ratio: 0.9968+/-0.0979 [0.4349,2.0083] | adv: -0.0853+/-0.9085 | alive=716/726 | bc_coef=0.167
18:49:31 | Batch 0101 (Ep 03028) | R:   -168.0 (  -267.3)  Scout_R:  +143.6  Cmdr_R:  -311.6  Scout:100% Cmdr:99%  scout:[survived=120] cmdr:[survived=89 boundary=1] refills=324  NN_dec=2834/2970  fire: peak=110 final=77 supp=33 ext=26.7  72.3s
   Cmdr reward breakdown: r_extinguish=+152.000  r_water_waste=-2.300  r_water_near=+0.000  r_fire_out=+5.000  r_spread=-50.060
   Water drops: 704 total, 456 hit, 248 miss (65% accuracy)  alt=56m [33-80]  dist=42m [4-103]
   FW shaping: surv=+0.0 bound=+0.0 alt_pen=+0.0 approach=+18.1 alt_shape=+344.2  avg_dist_scout=288m
   [SCOUT DIAG] ratio: 1.0000+/-0.0000 [1.0000,1.0000] | adv: 0.1705+/-0.6909 | alive=30000/30000
   [CMDR  DIAG] ratio: 0.9891+/-0.2521 [0.0469,4.8912] | adv: -0.1261+/-1.2730 | alive=672/726 | bc_coef=0.163
18:51:03 | Batch 0102 (Ep 03058) | R:   -874.3 (  -521.2)  Scout_R:   +66.3  Cmdr_R:  -940.6  Scout:100% Cmdr:96%  scout:[survived=120] cmdr:[survived=86 boundary=4] refills=208  NN_dec=2830/2970  fire: peak=133 final=104 supp=28 ext=25.4  73.7s
   Cmdr reward breakdown: r_extinguish=+131.000  r_water_waste=-2.110  r_water_near=+0.000  r_fire_out=+10.000  r_spread=-55.810
   Water drops: 622 total, 393 hit, 229 miss (63% accuracy)  alt=57m [31-80]  dist=42m [6-91]
   FW shaping: surv=+0.0 bound=+0.0 alt_pen=+0.0 approach=-23.7 alt_shape=+226.0  avg_dist_scout=401m
   [SCOUT DIAG] ratio: 1.0000+/-0.0000 [1.0000,1.0000] | adv: 0.0220+/-0.9334 | alive=30000/30000
   [CMDR  DIAG] ratio: 1.0049+/-0.1108 [0.4117,2.1819] | adv: -0.0048+/-1.0318 | alive=694/726 | bc_coef=0.160
18:52:30 | Batch 0103 (Ep 03088) | R:   -569.5 (  -721.9)  Scout_R:  -128.4  Cmdr_R:  -441.1  Scout:100% Cmdr:99%  scout:[survived=120] cmdr:[survived=89 boundary=1] refills=335  NN_dec=2833/2970  fire: peak=108 final=79 supp=29 ext=27.6  69.1s
   Cmdr reward breakdown: r_extinguish=+150.333  r_water_waste=-2.070  r_water_near=+0.000  r_fire_out=+5.000  r_spread=-53.405
   Water drops: 671 total, 451 hit, 220 miss (67% accuracy)  alt=56m [37-79]  dist=46m [7-84]
   FW shaping: surv=+0.0 bound=+0.0 alt_pen=+0.0 approach=+45.3 alt_shape=+277.6  avg_dist_scout=346m
   [SCOUT DIAG] ratio: 1.0000+/-0.0000 [1.0000,1.0000] | adv: -0.0557+/-1.1300 | alive=30000/30000
   [CMDR  DIAG] ratio: 0.9946+/-0.1237 [0.5135,2.0087] | adv: -0.2031+/-1.3563 | alive=726/726 | bc_coef=0.157
18:54:05 | Batch 0104 (Ep 03118) | R:  -1194.2 (  -881.9)  Scout_R:  +109.7  Cmdr_R: -1303.9  Scout:100% Cmdr:95%  scout:[survived=120] cmdr:[survived=83 boundary=7] refills=294  NN_dec=2714/2970  fire: peak=145 final=130 supp=15 ext=21.4  76.2s
   Cmdr reward breakdown: r_extinguish=+126.667  r_water_waste=-2.230  r_water_near=+0.000  r_fire_out=+0.000  r_spread=-61.515
   Water drops: 623 total, 380 hit, 243 miss (61% accuracy)  alt=56m [30-79]  dist=44m [4-90]
   FW shaping: surv=+0.0 bound=+0.0 alt_pen=+0.0 approach=-39.8 alt_shape=+227.2  avg_dist_scout=433m
   [SCOUT DIAG] ratio: 1.0000+/-0.0000 [1.0000,1.0000] | adv: 0.0571+/-0.8697 | alive=30000/30000
   [CMDR  DIAG] ratio: 1.0167+/-0.2173 [0.1168,4.7597] | adv: -0.2139+/-1.2415 | alive=708/726 | bc_coef=0.153
18:55:38 | Batch 0105 (Ep 03148) | R:    +34.4 (  -579.9)  Scout_R:  +102.7  Cmdr_R:   -68.3  Scout:100% Cmdr:97%  scout:[survived=119 ceiling=1] cmdr:[survived=87 boundary=3] refills=311  NN_dec=2841/2970  fire: peak=90 final=63 supp=28 ext=29.5  75.4s
   Cmdr reward breakdown: r_extinguish=+160.333  r_water_waste=-2.730  r_water_near=+0.000  r_fire_out=+5.000  r_spread=-44.460
   Water drops: 775 total, 481 hit, 294 miss (62% accuracy)  alt=56m [34-80]  dist=40m [2-103]
   FW shaping: surv=+0.0 bound=+0.0 alt_pen=+0.0 approach=+70.1 alt_shape=+331.9  avg_dist_scout=288m
   [SCOUT DIAG] ratio: 1.0000+/-0.0000 [1.0000,1.0000] | adv: 0.0954+/-0.7493 | alive=30000/30000
   [CMDR  DIAG] ratio: 0.9910+/-0.1233 [0.3240,1.7246] | adv: 0.1966+/-0.5432 | alive=685/726 | bc_coef=0.150
18:57:12 | Batch 0106 (Ep 03178) | R:   -280.7 (  -123.2)  Scout_R:   +34.4  Cmdr_R:  -315.1  Scout:100% Cmdr:95%  scout:[survived=120] cmdr:[survived=84 boundary=6] refills=291  NN_dec=2696/2970  fire: peak=121 final=99 supp=22 ext=25.1  75.3s
   Cmdr reward breakdown: r_extinguish=+136.000  r_water_waste=-2.420  r_water_near=+0.000  r_fire_out=+10.000  r_spread=-50.325
   Water drops: 666 total, 408 hit, 258 miss (61% accuracy)  alt=55m [27-78]  dist=45m [9-109]
   FW shaping: surv=+0.0 bound=+0.0 alt_pen=+0.0 approach=-32.0 alt_shape=+263.7  avg_dist_scout=331m
   [SCOUT DIAG] ratio: 1.0000+/-0.0000 [1.0000,1.0000] | adv: 0.0650+/-0.8635 | alive=30000/30000
   [CMDR  DIAG] ratio: 1.0136+/-0.1207 [0.3790,2.1516] | adv: 0.0317+/-0.8731 | alive=698/726 | bc_coef=0.147
18:58:43 | Batch 0107 (Ep 03208) | R:   -556.8 (  -418.7)  Scout_R:   +23.5  Cmdr_R:  -580.3  Scout:100% Cmdr:98%  scout:[survived=120] cmdr:[survived=87 boundary=3] refills=189  NN_dec=2880/2970  fire: peak=109 final=75 supp=34 ext=25.1  73.4s
   Cmdr reward breakdown: r_extinguish=+139.000  r_water_waste=-1.830  r_water_near=+0.000  r_fire_out=+15.000  r_spread=-50.225
   Water drops: 612 total, 417 hit, 195 miss (68% accuracy)  alt=56m [36-80]  dist=43m [10-86]
   FW shaping: surv=+0.0 bound=+0.0 alt_pen=+0.0 approach=-7.7 alt_shape=+296.9  avg_dist_scout=333m
   [SCOUT DIAG] ratio: 1.0000+/-0.0000 [1.0000,1.0000] | adv: 0.0681+/-0.8761 | alive=30000/30000
   [CMDR  DIAG] ratio: 1.0018+/-0.1043 [0.4909,1.6869] | adv: 0.0907+/-0.9129 | alive=725/726 | bc_coef=0.143
19:00:17 | Batch 0108 (Ep 03238) | R:   -768.8 (  -662.8)  Scout_R:   +47.1  Cmdr_R:  -815.9  Scout:100% Cmdr:97%  scout:[survived=119 ceiling=1] cmdr:[survived=87 boundary=3] refills=240  NN_dec=2801/2970  fire: peak=115 final=94 supp=21 ext=22.6  75.9s
   Cmdr reward breakdown: r_extinguish=+132.333  r_water_waste=-1.620  r_water_near=+0.000  r_fire_out=+3.333  r_spread=-53.720
   Water drops: 573 total, 397 hit, 176 miss (69% accuracy)  alt=58m [39-79]  dist=43m [4-92]
   FW shaping: surv=+0.0 bound=+0.0 alt_pen=+0.0 approach=-1.2 alt_shape=+293.8  avg_dist_scout=359m
   [SCOUT DIAG] ratio: 1.0000+/-0.0000 [1.0000,1.0000] | adv: -0.2626+/-1.1374 | alive=30000/30000
   [CMDR  DIAG] ratio: 1.0093+/-0.1695 [0.5052,3.1173] | adv: 0.0497+/-0.8614 | alive=726/726 | bc_coef=0.140
19:01:46 | Batch 0109 (Ep 03268) | R:   -768.9 (  -768.9)  Scout_R:   +51.3  Cmdr_R:  -820.2  Scout:100% Cmdr:98%  scout:[survived=120] cmdr:[survived=88 boundary=2] refills=250  NN_dec=2843/2970  fire: peak=120 final=89 supp=30 ext=29.5  71.1s
   Cmdr reward breakdown: r_extinguish=+147.667  r_water_waste=-1.870  r_water_near=+0.000  r_fire_out=+0.000  r_spread=-57.370
   Water drops: 647 total, 443 hit, 204 miss (68% accuracy)  alt=55m [31-80]  dist=43m [1-89]
   FW shaping: surv=+0.0 bound=+0.0 alt_pen=+0.0 approach=+30.9 alt_shape=+266.2  avg_dist_scout=367m
   [SCOUT DIAG] ratio: 1.0000+/-0.0000 [1.0000,1.0000] | adv: -0.0071+/-1.1090 | alive=30000/30000
   [CMDR  DIAG] ratio: 1.0110+/-0.1243 [0.5005,1.6363] | adv: 0.2259+/-0.4293 | alive=674/726 | bc_coef=0.137
19:03:18 | Batch 0110 (Ep 03298) | R:   -311.3 (  -540.1)  Scout_R:   +78.9  Cmdr_R:  -390.2  Scout:100% Cmdr:96%  scout:[survived=120] cmdr:[survived=86 boundary=4] refills=273  NN_dec=2775/2970  fire: peak=106 final=80 supp=26 ext=26.4  73.4s
   Cmdr reward breakdown: r_extinguish=+140.000  r_water_waste=-2.040  r_water_near=+0.000  r_fire_out=+10.000  r_spread=-47.745
   Water drops: 641 total, 420 hit, 221 miss (66% accuracy)  alt=56m [36-79]  dist=45m [11-80]
   FW shaping: surv=+0.0 bound=+0.0 alt_pen=+0.0 approach=+15.6 alt_shape=+283.8  avg_dist_scout=324m
   [SCOUT DIAG] ratio: 1.0000+/-0.0000 [1.0000,1.0000] | adv: -0.0045+/-1.0187 | alive=30000/30000
   [CMDR  DIAG] ratio: 1.0023+/-0.1154 [0.5356,2.0499] | adv: 0.2768+/-0.1150 | alive=688/726 | bc_coef=0.133
19:04:51 | Batch 0111 (Ep 03328) | R:   -603.1 (  -457.2)  Scout_R:  -109.4  Cmdr_R:  -493.7  Scout:100% Cmdr:99%  scout:[survived=120] cmdr:[survived=89 boundary=1] refills=232  NN_dec=2858/2970  fire: peak=116 final=94 supp=22 ext=26.7  71.8s
   Cmdr reward breakdown: r_extinguish=+141.333  r_water_waste=-1.210  r_water_near=+0.000  r_fire_out=+0.000  r_spread=-58.775
   Water drops: 557 total, 424 hit, 133 miss (76% accuracy)  alt=58m [33-80]  dist=44m [7-96]
   FW shaping: surv=+0.0 bound=+0.0 alt_pen=+0.0 approach=+6.7 alt_shape=+264.8  avg_dist_scout=344m
   [SCOUT DIAG] ratio: 1.0000+/-0.0000 [1.0000,1.0000] | adv: 0.0251+/-0.9260 | alive=30000/30000
   [CMDR  DIAG] ratio: 1.0084+/-0.1890 [0.3130,4.1951] | adv: -0.2054+/-1.4072 | alive=726/726 | bc_coef=0.130
19:06:24 | Batch 0112 (Ep 03358) | R:  -1097.0 (  -850.0)  Scout_R:   -67.7  Cmdr_R: -1029.3  Scout:100% Cmdr:97%  scout:[survived=120] cmdr:[survived=87 boundary=3] refills=330  NN_dec=2765/2970  fire: peak=123 final=103 supp=21 ext=23.2  74.8s
   Cmdr reward breakdown: r_extinguish=+137.333  r_water_waste=-1.990  r_water_near=+0.000  r_fire_out=+10.000  r_spread=-54.985
   Water drops: 626 total, 412 hit, 214 miss (66% accuracy)  alt=58m [33-79]  dist=44m [10-98]
   FW shaping: surv=+0.0 bound=+0.0 alt_pen=+0.0 approach=-22.8 alt_shape=+245.3  avg_dist_scout=394m
   [SCOUT DIAG] ratio: 1.0000+/-0.0000 [1.0000,1.0000] | adv: -0.1368+/-1.0655 | alive=30000/30000
   [CMDR  DIAG] ratio: 0.9975+/-0.1374 [0.2287,2.0141] | adv: -0.0356+/-1.0224 | alive=674/726 | bc_coef=0.127
19:07:54 | Batch 0113 (Ep 03388) | R:   -298.0 (  -697.5)  Scout_R:  +135.2  Cmdr_R:  -433.2  Scout:100% Cmdr:99%  scout:[survived=120] cmdr:[survived=89 boundary=1] refills=230  NN_dec=2863/2970  fire: peak=110 final=87 supp=23 ext=27.5  72.0s
   Cmdr reward breakdown: r_extinguish=+141.333  r_water_waste=-1.280  r_water_near=+0.000  r_fire_out=+5.000  r_spread=-53.075
   Water drops: 564 total, 424 hit, 140 miss (75% accuracy)  alt=57m [37-80]  dist=44m [3-87]
   FW shaping: surv=+0.0 bound=+0.0 alt_pen=+0.0 approach=+25.9 alt_shape=+293.1  avg_dist_scout=330m
   [SCOUT DIAG] ratio: 1.0000+/-0.0000 [1.0000,1.0000] | adv: -0.0155+/-0.9930 | alive=30000/30000
   [CMDR  DIAG] ratio: 0.9953+/-0.1584 [0.2116,2.2217] | adv: 0.2205+/-0.3027 | alive=702/726 | bc_coef=0.123
19:09:27 | Batch 0114 (Ep 03418) | R:   -325.4 (  -311.7)  Scout_R:   +63.5  Cmdr_R:  -389.0  Scout:100% Cmdr:98%  scout:[survived=120] cmdr:[survived=88 boundary=2] refills=359  NN_dec=2816/2970  fire: peak=116 final=87 supp=30 ext=29.1  75.6s
   Cmdr reward breakdown: r_extinguish=+156.667  r_water_waste=-2.650  r_water_near=+0.000  r_fire_out=+5.000  r_spread=-54.375
   Water drops: 759 total, 470 hit, 289 miss (62% accuracy)  alt=55m [32-79]  dist=43m [11-89]
   FW shaping: surv=+0.0 bound=+0.0 alt_pen=+0.0 approach=+28.8 alt_shape=+307.4  avg_dist_scout=328m
   [SCOUT DIAG] ratio: 1.0000+/-0.0000 [1.0000,1.0000] | adv: -0.0648+/-1.0358 | alive=30000/30000
   [CMDR  DIAG] ratio: 0.9891+/-0.1537 [0.1141,1.9118] | adv: -0.1349+/-1.3972 | alive=644/726 | bc_coef=0.120
19:10:57 | Batch 0115 (Ep 03448) | R:   -253.3 (  -289.4)  Scout_R:   +56.4  Cmdr_R:  -309.7  Scout:100% Cmdr:99%  scout:[survived=120] cmdr:[survived=89 boundary=1] refills=274  NN_dec=2822/2970  fire: peak=114 final=85 supp=30 ext=26.4  71.3s
   Cmdr reward breakdown: r_extinguish=+128.667  r_water_waste=-1.720  r_water_near=+0.000  r_fire_out=+20.000  r_spread=-49.910
   Water drops: 573 total, 386 hit, 187 miss (67% accuracy)  alt=57m [36-79]  dist=42m [2-94]
   FW shaping: surv=+0.0 bound=+0.0 alt_pen=+0.0 approach=+52.3 alt_shape=+289.2  avg_dist_scout=321m
   [SCOUT DIAG] ratio: 1.0000+/-0.0000 [1.0000,1.0000] | adv: 0.1030+/-0.8349 | alive=30000/30000
   [CMDR  DIAG] ratio: 1.0107+/-0.1286 [0.5619,2.7907] | adv: -0.0721+/-1.1752 | alive=708/726 | bc_coef=0.117
19:12:26 | Batch 0116 (Ep 03478) | R:   -282.0 (  -267.7)  Scout_R:  +121.2  Cmdr_R:  -403.2  Scout:100% Cmdr:97%  scout:[survived=120] cmdr:[survived=87 boundary=3] refills=385  NN_dec=2787/2970  fire: peak=119 final=97 supp=22 ext=28.7  71.5s
   Cmdr reward breakdown: r_extinguish=+150.000  r_water_waste=-2.990  r_water_near=+0.000  r_fire_out=+0.000  r_spread=-58.785
   Water drops: 770 total, 450 hit, 320 miss (58% accuracy)  alt=55m [28-80]  dist=43m [0-104]
   FW shaping: surv=+0.0 bound=+0.0 alt_pen=+0.0 approach=+7.2 alt_shape=+244.5  avg_dist_scout=355m
   [SCOUT DIAG] ratio: 1.0000+/-0.0000 [1.0000,1.0000] | adv: 0.1366+/-0.8219 | alive=30000/30000
   [CMDR  DIAG] ratio: 1.0099+/-0.2614 [0.4061,4.7406] | adv: 0.0230+/-0.7266 | alive=657/726 | bc_coef=0.113
19:13:54 | Batch 0117 (Ep 03508) | R:   -915.1 (  -598.5)  Scout_R:   +26.1  Cmdr_R:  -941.1  Scout:100% Cmdr:98%  scout:[survived=120] cmdr:[survived=87 boundary=3] refills=220  NN_dec=2868/2970  fire: peak=134 final=110 supp=24 ext=27.6  70.2s
   Cmdr reward breakdown: r_extinguish=+139.667  r_water_waste=-2.150  r_water_near=+0.000  r_fire_out=+5.000  r_spread=-59.385
   Water drops: 649 total, 419 hit, 230 miss (65% accuracy)  alt=53m [33-79]  dist=44m [2-103]
   FW shaping: surv=+0.0 bound=+0.0 alt_pen=+0.0 approach=+29.5 alt_shape=+290.2  avg_dist_scout=367m
   [SCOUT DIAG] ratio: 1.0000+/-0.0000 [1.0000,1.0000] | adv: -0.0972+/-1.0550 | alive=30000/30000
   [CMDR  DIAG] ratio: 1.0019+/-0.1022 [0.6123,1.7709] | adv: 0.1147+/-0.7421 | alive=724/726 | bc_coef=0.110
19:15:26 | Batch 0118 (Ep 03538) | R:   -407.4 (  -661.2)  Scout_R:   +97.5  Cmdr_R:  -504.9  Scout:100% Cmdr:99%  scout:[survived=120] cmdr:[survived=89 boundary=1] refills=173  NN_dec=2908/2970  fire: peak=119 final=94 supp=24 ext=23.5  73.9s
   Cmdr reward breakdown: r_extinguish=+129.667  r_water_waste=-1.880  r_water_near=+0.000  r_fire_out=+5.000  r_spread=-53.885
   Water drops: 585 total, 389 hit, 196 miss (66% accuracy)  alt=56m [33-78]  dist=42m [4-85]
   FW shaping: surv=+0.0 bound=+0.0 alt_pen=+0.0 approach=+53.4 alt_shape=+308.7  avg_dist_scout=336m
   [SCOUT DIAG] ratio: 1.0000+/-0.0000 [1.0000,1.0000] | adv: 0.1378+/-0.8655 | alive=30000/30000
   [CMDR  DIAG] ratio: 1.0019+/-0.1609 [0.2937,2.6961] | adv: -0.0266+/-1.1075 | alive=697/726 | bc_coef=0.107
19:16:55 | Batch 0119 (Ep 03568) | R:   -308.4 (  -357.9)  Scout_R:  +195.4  Cmdr_R:  -503.8  Scout:100% Cmdr:100%  scout:[survived=120] cmdr:[survived=90] refills=257  NN_dec=2918/2970  fire: peak=127 final=106 supp=21 ext=23.6  71.6s
   Cmdr reward breakdown: r_extinguish=+135.333  r_water_waste=-2.060  r_water_near=+0.000  r_fire_out=+0.000  r_spread=-59.895
   Water drops: 627 total, 406 hit, 221 miss (65% accuracy)  alt=54m [12-79]  dist=44m [9-96]
   FW shaping: surv=+0.0 bound=+0.0 alt_pen=+0.0 approach=+3.9 alt_shape=+246.8  avg_dist_scout=357m
   [SCOUT DIAG] ratio: 1.0000+/-0.0000 [1.0000,1.0000] | adv: 0.0484+/-0.8991 | alive=30000/30000
   [CMDR  DIAG] ratio: 1.0069+/-0.1853 [0.4234,2.9930] | adv: 0.2654+/-0.2163 | alive=709/726 | bc_coef=0.103
19:18:26 | Batch 0120 (Ep 03598) | R:   -282.5 (  -295.5)  Scout_R:  +130.3  Cmdr_R:  -412.9  Scout:100% Cmdr:99%  scout:[survived=120] cmdr:[survived=88 boundary=2] refills=250  NN_dec=2860/2970  fire: peak=122 final=89 supp=32 ext=27.6  72.9s
   Cmdr reward breakdown: r_extinguish=+142.333  r_water_waste=-1.890  r_water_near=+0.000  r_fire_out=+0.000  r_spread=-58.490
   Water drops: 632 total, 427 hit, 205 miss (68% accuracy)  alt=57m [33-79]  dist=43m [3-95]
   FW shaping: surv=+0.0 bound=+0.0 alt_pen=+0.0 approach=+41.9 alt_shape=+291.9  avg_dist_scout=321m
   [SCOUT DIAG] ratio: 1.0000+/-0.0000 [1.0000,1.0000] | adv: -0.0264+/-1.0025 | alive=30000/30000
   [CMDR  DIAG] ratio: 1.0024+/-0.1550 [0.4683,2.4960] | adv: -0.1195+/-1.2325 | alive=726/726 | bc_coef=0.100
19:19:57 | Batch 0121 (Ep 03628) | R:   -192.2 (  -237.4)  Scout_R:   +37.2  Cmdr_R:  -229.4  Scout:100% Cmdr:98%  scout:[survived=120] cmdr:[survived=88 boundary=2] refills=301  NN_dec=2827/2970  fire: peak=104 final=67 supp=38 ext=28.6  70.3s
   Cmdr reward breakdown: r_extinguish=+147.000  r_water_waste=-2.100  r_water_near=+0.000  r_fire_out=+15.000  r_spread=-46.310
   Water drops: 671 total, 441 hit, 230 miss (66% accuracy)  alt=57m [32-80]  dist=41m [4-97]
   FW shaping: surv=+0.0 bound=+0.0 alt_pen=+0.0 approach=+14.8 alt_shape=+306.1  avg_dist_scout=304m
   [SCOUT DIAG] ratio: 1.0000+/-0.0000 [1.0000,1.0000] | adv: 0.0137+/-1.0780 | alive=30000/30000
   [CMDR  DIAG] ratio: 1.0130+/-0.1641 [0.4360,2.3542] | adv: 0.1741+/-0.5875 | alive=669/726 | bc_coef=0.097
19:21:26 | Batch 0122 (Ep 03658) | R:  -1002.3 (  -597.2)  Scout_R:   -66.5  Cmdr_R:  -935.8  Scout:100% Cmdr:97%  scout:[survived=120] cmdr:[survived=86 boundary=4] refills=304  NN_dec=2759/2970  fire: peak=124 final=108 supp=16 ext=21.3  70.8s
   Cmdr reward breakdown: r_extinguish=+128.000  r_water_waste=-2.100  r_water_near=+0.000  r_fire_out=+0.000  r_spread=-56.520
   Water drops: 613 total, 384 hit, 229 miss (63% accuracy)  alt=57m [35-80]  dist=44m [7-87]
   FW shaping: surv=+0.0 bound=+0.0 alt_pen=+0.0 approach=-56.7 alt_shape=+233.8  avg_dist_scout=402m
   [SCOUT DIAG] ratio: 1.0000+/-0.0000 [1.0000,1.0000] | adv: 0.0892+/-0.8867 | alive=30000/30000
   [CMDR  DIAG] ratio: 1.0005+/-0.1037 [0.3789,1.6654] | adv: 0.1747+/-0.7679 | alive=691/726 | bc_coef=0.093
19:22:58 | Batch 0123 (Ep 03688) | R:   -527.6 (  -764.9)  Scout_R:  +155.7  Cmdr_R:  -683.3  Scout:100% Cmdr:99%  scout:[survived=120] cmdr:[survived=89 boundary=1] refills=263  NN_dec=2907/2970  fire: peak=114 final=85 supp=29 ext=26.8  74.6s
   Cmdr reward breakdown: r_extinguish=+145.667  r_water_waste=-2.070  r_water_near=+0.000  r_fire_out=+0.000  r_spread=-57.660
   Water drops: 659 total, 437 hit, 222 miss (66% accuracy)  alt=55m [29-80]  dist=42m [4-91]
   FW shaping: surv=+0.0 bound=+0.0 alt_pen=+0.0 approach=+7.8 alt_shape=+289.8  avg_dist_scout=353m
   [SCOUT DIAG] ratio: 1.0000+/-0.0000 [1.0000,1.0000] | adv: -0.1188+/-1.0913 | alive=30000/30000
   [CMDR  DIAG] ratio: 1.0075+/-0.1208 [0.6915,3.4086] | adv: 0.3705+/-0.1448 | alive=708/726 | bc_coef=0.090
19:24:25 | Batch 0124 (Ep 03718) | R:   -675.9 (  -601.7)  Scout_R:  -142.8  Cmdr_R:  -533.1  Scout:100% Cmdr:97%  scout:[survived=120] cmdr:[survived=86 boundary=4] refills=209  NN_dec=2797/2970  fire: peak=133 final=103 supp=30 ext=24.7  69.1s
   Cmdr reward breakdown: r_extinguish=+124.000  r_water_waste=-1.280  r_water_near=+0.000  r_fire_out=+10.000  r_spread=-57.780
   Water drops: 509 total, 372 hit, 137 miss (73% accuracy)  alt=57m [28-80]  dist=43m [5-86]
   FW shaping: surv=+0.0 bound=+0.0 alt_pen=+0.0 approach=+1.1 alt_shape=+274.9  avg_dist_scout=356m
   [SCOUT DIAG] ratio: 1.0000+/-0.0000 [1.0000,1.0000] | adv: -0.0983+/-1.0301 | alive=30000/30000
   [CMDR  DIAG] ratio: 1.0068+/-0.1312 [0.2962,2.1383] | adv: -0.1870+/-1.3143 | alive=672/726 | bc_coef=0.087
19:25:53 | Batch 0125 (Ep 03748) | R:   -640.0 (  -657.9)  Scout_R:    -0.5  Cmdr_R:  -639.5  Scout:100% Cmdr:99%  scout:[survived=120] cmdr:[survived=89 boundary=1] refills=264  NN_dec=2902/2970  fire: peak=127 final=99 supp=27 ext=26.8  70.2s
   Cmdr reward breakdown: r_extinguish=+150.667  r_water_waste=-1.930  r_water_near=+0.000  r_fire_out=+0.000  r_spread=-61.420
   Water drops: 663 total, 452 hit, 211 miss (68% accuracy)  alt=56m [33-79]  dist=44m [4-115]
   FW shaping: surv=+0.0 bound=+0.0 alt_pen=+0.0 approach=+24.6 alt_shape=+259.6  avg_dist_scout=358m
   [SCOUT DIAG] ratio: 1.0000+/-0.0000 [1.0000,1.0000] | adv: 0.1088+/-0.7986 | alive=30000/30000
   [CMDR  DIAG] ratio: 1.0086+/-0.1765 [0.1267,3.0149] | adv: -0.1319+/-1.1460 | alive=721/726 | bc_coef=0.083
19:27:23 | Batch 0126 (Ep 03778) | R:   -635.4 (  -637.7)  Scout_R:   +38.2  Cmdr_R:  -673.6  Scout:100% Cmdr:99%  scout:[survived=120] cmdr:[survived=88 boundary=2] refills=318  NN_dec=2849/2970  fire: peak=113 final=61 supp=52 ext=31.4  72.3s
   Cmdr reward breakdown: r_extinguish=+158.000  r_water_waste=-2.150  r_water_near=+0.000  r_fire_out=+25.000  r_spread=-51.085
   Water drops: 702 total, 474 hit, 228 miss (68% accuracy)  alt=55m [33-80]  dist=44m [3-91]
   FW shaping: surv=+0.0 bound=+0.0 alt_pen=+0.0 approach=+9.8 alt_shape=+292.0  avg_dist_scout=350m
   [SCOUT DIAG] ratio: 1.0000+/-0.0000 [1.0000,1.0000] | adv: -0.0963+/-1.1098 | alive=30000/30000
   [CMDR  DIAG] ratio: 1.0099+/-0.1215 [0.5218,2.2735] | adv: 0.2533+/-0.3204 | alive=656/726 | bc_coef=0.080
19:28:56 | Batch 0127 (Ep 03808) | R:    -65.5 (  -350.5)  Scout_R:   +87.2  Cmdr_R:  -152.7  Scout:100% Cmdr:99%  scout:[survived=120] cmdr:[survived=89 boundary=1] refills=140  NN_dec=2925/2970  fire: peak=100 final=72 supp=28 ext=28.4  74.9s
   Cmdr reward breakdown: r_extinguish=+146.667  r_water_waste=-1.490  r_water_near=+0.000  r_fire_out=+0.000  r_spread=-51.630
   Water drops: 596 total, 440 hit, 156 miss (74% accuracy)  alt=58m [37-80]  dist=44m [5-91]
   FW shaping: surv=+0.0 bound=+0.0 alt_pen=+0.0 approach=+94.5 alt_shape=+312.4  avg_dist_scout=294m
   [SCOUT DIAG] ratio: 1.0000+/-0.0000 [1.0000,1.0000] | adv: -0.0186+/-1.1301 | alive=30000/30000
   [CMDR  DIAG] ratio: 0.9987+/-0.1405 [0.3293,1.6928] | adv: 0.1695+/-0.2872 | alive=726/726 | bc_coef=0.077
19:30:25 | Batch 0128 (Ep 03838) | R:   -245.2 (  -155.4)  Scout_R:   -86.5  Cmdr_R:  -158.7  Scout:100% Cmdr:98%  scout:[survived=120] cmdr:[survived=87 boundary=3] refills=181  NN_dec=2881/2970  fire: peak=116 final=83 supp=33 ext=24.0  71.7s
   Cmdr reward breakdown: r_extinguish=+129.333  r_water_waste=-1.900  r_water_near=+0.000  r_fire_out=+15.000  r_spread=-53.525
   Water drops: 590 total, 388 hit, 202 miss (66% accuracy)  alt=57m [31-80]  dist=43m [5-82]
   FW shaping: surv=+0.0 bound=+0.0 alt_pen=+0.0 approach=+63.1 alt_shape=+335.5  avg_dist_scout=283m
   [SCOUT DIAG] ratio: 1.0000+/-0.0000 [1.0000,1.0000] | adv: -0.0004+/-0.9164 | alive=30000/30000
   [CMDR  DIAG] ratio: 0.9964+/-0.1056 [0.4105,1.8210] | adv: 0.0740+/-0.5521 | alive=703/726 | bc_coef=0.073
19:31:57 | Batch 0129 (Ep 03868) | R:   -262.9 (  -254.1)  Scout_R:   +66.9  Cmdr_R:  -329.9  Scout:100% Cmdr:99%  scout:[survived=120] cmdr:[survived=89 boundary=1] refills=249  NN_dec=2922/2970  fire: peak=109 final=78 supp=31 ext=26.7  74.5s
   Cmdr reward breakdown: r_extinguish=+148.000  r_water_waste=-2.360  r_water_near=+0.000  r_fire_out=+8.333  r_spread=-54.495
   Water drops: 697 total, 444 hit, 253 miss (64% accuracy)  alt=56m [32-80]  dist=44m [2-98]
   FW shaping: surv=+0.0 bound=+0.0 alt_pen=+0.0 approach=+57.1 alt_shape=+319.6  avg_dist_scout=320m
   [SCOUT DIAG] ratio: 1.0000+/-0.0000 [1.0000,1.0000] | adv: -0.0068+/-1.0058 | alive=30000/30000
   [CMDR  DIAG] ratio: 1.0003+/-0.1363 [0.3939,1.9543] | adv: -0.0368+/-0.8567 | alive=710/726 | bc_coef=0.070
19:33:26 | Batch 0130 (Ep 03898) | R:   -873.6 (  -568.3)  Scout_R:  +133.9  Cmdr_R: -1007.5  Scout:100% Cmdr:98%  scout:[survived=120] cmdr:[survived=88 boundary=2] refills=278  NN_dec=2829/2970  fire: peak=130 final=106 supp=24 ext=22.5  71.5s
   Cmdr reward breakdown: r_extinguish=+131.000  r_water_waste=-1.980  r_water_near=+0.000  r_fire_out=+0.000  r_spread=-57.580
   Water drops: 608 total, 393 hit, 215 miss (65% accuracy)  alt=54m [28-80]  dist=44m [5-100]
   FW shaping: surv=+0.0 bound=+0.0 alt_pen=+0.0 approach=-5.7 alt_shape=+249.8  avg_dist_scout=391m
   [SCOUT DIAG] ratio: 1.0000+/-0.0000 [1.0000,1.0000] | adv: 0.0812+/-0.8376 | alive=30000/30000
   [CMDR  DIAG] ratio: 1.0056+/-0.1226 [0.4756,1.6977] | adv: 0.0370+/-0.9061 | alive=698/726 | bc_coef=0.067
19:34:58 | Batch 0131 (Ep 03928) | R:   -293.5 (  -583.6)  Scout_R:   +94.4  Cmdr_R:  -387.8  Scout:100% Cmdr:99%  scout:[survived=120] cmdr:[survived=89 boundary=1] refills=280  NN_dec=2864/2970  fire: peak=98 final=69 supp=29 ext=29.3  69.9s
   Cmdr reward breakdown: r_extinguish=+159.333  r_water_waste=-2.010  r_water_near=+0.000  r_fire_out=+0.000  r_spread=-50.810
   Water drops: 689 total, 478 hit, 211 miss (69% accuracy)  alt=54m [32-77]  dist=43m [7-103]
   FW shaping: surv=+0.0 bound=+0.0 alt_pen=+0.0 approach=+36.9 alt_shape=+314.2  avg_dist_scout=321m
   [SCOUT DIAG] ratio: 1.0000+/-0.0000 [1.0000,1.0000] | adv: 0.0397+/-0.9301 | alive=30000/30000
   [CMDR  DIAG] ratio: 1.0122+/-0.1470 [0.3607,2.2111] | adv: 0.1043+/-0.5632 | alive=683/726 | bc_coef=0.063
19:36:25 | Batch 0132 (Ep 03958) | R:   -873.2 (  -583.3)  Scout_R:    -1.2  Cmdr_R:  -871.9  Scout:100% Cmdr:96%  scout:[survived=120] cmdr:[survived=85 boundary=5] refills=299  NN_dec=2751/2970  fire: peak=133 final=110 supp=24 ext=23.5  69.7s
   Cmdr reward breakdown: r_extinguish=+134.000  r_water_waste=-1.900  r_water_near=+0.000  r_fire_out=+5.000  r_spread=-58.875
   Water drops: 608 total, 402 hit, 206 miss (66% accuracy)  alt=56m [31-80]  dist=43m [3-100]
   FW shaping: surv=+0.0 bound=+0.0 alt_pen=+0.0 approach=-63.1 alt_shape=+231.6  avg_dist_scout=386m
   [SCOUT DIAG] ratio: 1.0000+/-0.0000 [1.0000,1.0000] | adv: -0.0305+/-1.0569 | alive=30000/30000
   [CMDR  DIAG] ratio: 1.0080+/-0.0927 [0.5340,2.0489] | adv: 0.1499+/-0.6825 | alive=678/726 | bc_coef=0.060
19:37:56 | Batch 0133 (Ep 03988) | R:   -785.7 (  -829.4)  Scout_R:   -17.6  Cmdr_R:  -768.1  Scout:100% Cmdr:96%  scout:[survived=120] cmdr:[survived=84 boundary=6] refills=262  NN_dec=2731/2970  fire: peak=140 final=111 supp=29 ext=25.2  72.6s
   Cmdr reward breakdown: r_extinguish=+134.333  r_water_waste=-1.520  r_water_near=+0.000  r_fire_out=+0.000  r_spread=-62.465
   Water drops: 569 total, 403 hit, 166 miss (71% accuracy)  alt=58m [29-80]  dist=43m [2-100]
   FW shaping: surv=+0.0 bound=+0.0 alt_pen=+0.0 approach=-18.0 alt_shape=+237.0  avg_dist_scout=387m
   [SCOUT DIAG] ratio: 1.0000+/-0.0000 [1.0000,1.0000] | adv: 0.0076+/-0.9502 | alive=30000/30000
   [CMDR  DIAG] ratio: 1.0037+/-0.1817 [0.4912,4.2357] | adv: 0.0627+/-0.7282 | alive=617/726 | bc_coef=0.057
19:39:24 | Batch 0134 (Ep 04018) | R:   -536.3 (  -661.0)  Scout_R:  +128.4  Cmdr_R:  -664.7  Scout:100% Cmdr:98%  scout:[survived=120] cmdr:[survived=88 boundary=2] refills=275  NN_dec=2829/2970  fire: peak=113 final=83 supp=30 ext=26.8  70.1s
   Cmdr reward breakdown: r_extinguish=+140.333  r_water_waste=-1.880  r_water_near=+0.000  r_fire_out=+10.000  r_spread=-53.995
   Water drops: 623 total, 421 hit, 202 miss (68% accuracy)  alt=56m [29-79]  dist=43m [1-96]
   FW shaping: surv=+0.0 bound=+0.0 alt_pen=+0.0 approach=-3.3 alt_shape=+264.4  avg_dist_scout=359m
   [SCOUT DIAG] ratio: 1.0000+/-0.0000 [1.0000,1.0000] | adv: -0.2077+/-1.1149 | alive=30000/30000
   [CMDR  DIAG] ratio: 1.0116+/-0.2067 [0.4392,3.3632] | adv: 0.0284+/-1.0012 | alive=663/726 | bc_coef=0.053
19:40:58 | Batch 0135 (Ep 04048) | R:   -439.2 (  -487.7)  Scout_R:   +63.5  Cmdr_R:  -502.7  Scout:100% Cmdr:97%  scout:[survived=120] cmdr:[survived=86 boundary=4] refills=376  NN_dec=2753/2970  fire: peak=111 final=84 supp=26 ext=27.0  75.8s
   Cmdr reward breakdown: r_extinguish=+141.667  r_water_waste=-2.590  r_water_near=+0.000  r_fire_out=+0.000  r_spread=-50.640
   Water drops: 705 total, 425 hit, 280 miss (60% accuracy)  alt=55m [36-80]  dist=46m [1-78]
   FW shaping: surv=+0.0 bound=+0.0 alt_pen=+0.0 approach=-37.4 alt_shape=+259.0  avg_dist_scout=347m
   [SCOUT DIAG] ratio: 1.0000+/-0.0000 [1.0000,1.0000] | adv: 0.2318+/-0.7870 | alive=30000/30000
   [CMDR  DIAG] ratio: 1.0025+/-0.1101 [0.2695,1.5681] | adv: 0.2273+/-0.3168 | alive=686/726 | bc_coef=0.050
19:42:27 | Batch 0136 (Ep 04078) | R:   -234.4 (  -336.8)  Scout_R:  +103.3  Cmdr_R:  -337.8  Scout:100% Cmdr:98%  scout:[survived=120] cmdr:[survived=88 boundary=2] refills=242  NN_dec=2871/2970  fire: peak=95 final=64 supp=31 ext=29.3  71.8s
   Cmdr reward breakdown: r_extinguish=+141.667  r_water_waste=-2.760  r_water_near=+0.000  r_fire_out=+10.000  r_spread=-45.450
   Water drops: 723 total, 425 hit, 298 miss (59% accuracy)  alt=54m [34-80]  dist=42m [3-96]
   FW shaping: surv=+0.0 bound=+0.0 alt_pen=+0.0 approach=+46.3 alt_shape=+319.6  avg_dist_scout=313m
   [SCOUT DIAG] ratio: 1.0000+/-0.0000 [1.0000,1.0000] | adv: -0.0752+/-1.2352 | alive=30000/30000
   [CMDR  DIAG] ratio: 1.0019+/-0.1065 [0.5597,1.8694] | adv: -0.0042+/-1.1610 | alive=693/726 | bc_coef=0.047
19:44:03 | Batch 0137 (Ep 04108) | R:   -306.4 (  -270.4)  Scout_R:  +167.2  Cmdr_R:  -473.6  Scout:100% Cmdr:96%  scout:[survived=120] cmdr:[survived=85 boundary=5] refills=306  NN_dec=2697/2970  fire: peak=130 final=110 supp=20 ext=26.5  77.8s
   Cmdr reward breakdown: r_extinguish=+144.333  r_water_waste=-1.320  r_water_near=+0.000  r_fire_out=+0.000  r_spread=-61.605
   Water drops: 577 total, 433 hit, 144 miss (75% accuracy)  alt=55m [30-80]  dist=45m [2-108]
   FW shaping: surv=+0.0 bound=+0.0 alt_pen=+0.0 approach=-18.8 alt_shape=+257.2  avg_dist_scout=351m
   [SCOUT DIAG] ratio: 1.0000+/-0.0000 [1.0000,1.0000] | adv: 0.0123+/-0.9950 | alive=30000/30000
   [CMDR  DIAG] ratio: 1.0043+/-0.1223 [0.2809,1.6012] | adv: -0.1794+/-1.2262 | alive=654/726 | bc_coef=0.043
19:45:35 | Batch 0138 (Ep 04138) | R:   -425.0 (  -365.7)  Scout_R:  +142.1  Cmdr_R:  -567.1  Scout:100% Cmdr:98%  scout:[survived=120] cmdr:[survived=87 boundary=3] refills=219  NN_dec=2853/2970  fire: peak=101 final=72 supp=29 ext=29.3  73.9s
   Cmdr reward breakdown: r_extinguish=+154.667  r_water_waste=-1.850  r_water_near=+0.000  r_fire_out=+5.000  r_spread=-49.570
   Water drops: 660 total, 464 hit, 196 miss (70% accuracy)  alt=54m [32-79]  dist=44m [12-122]
   FW shaping: surv=+0.0 bound=+0.0 alt_pen=+0.0 approach=-19.6 alt_shape=+283.8  avg_dist_scout=361m
   [SCOUT DIAG] ratio: 1.0000+/-0.0000 [1.0000,1.0000] | adv: -0.0610+/-1.0492 | alive=30000/30000
   [CMDR  DIAG] ratio: 1.0079+/-0.0999 [0.7144,1.8565] | adv: 0.0086+/-1.0085 | alive=673/726 | bc_coef=0.040
19:47:06 | Batch 0139 (Ep 04168) | R:   -595.7 (  -510.3)  Scout_R:   +77.0  Cmdr_R:  -672.6  Scout:100% Cmdr:98%  scout:[survived=120] cmdr:[survived=88 boundary=2] refills=356  NN_dec=2768/2970  fire: peak=138 final=109 supp=29 ext=28.3  73.1s
   Cmdr reward breakdown: r_extinguish=+145.333  r_water_waste=-2.400  r_water_near=+0.000  r_fire_out=+5.000  r_spread=-62.865
   Water drops: 693 total, 436 hit, 257 miss (63% accuracy)  alt=54m [31-80]  dist=46m [3-86]
   FW shaping: surv=+0.0 bound=+0.0 alt_pen=+0.0 approach=+6.8 alt_shape=+283.1  avg_dist_scout=349m
   [SCOUT DIAG] ratio: 1.0000+/-0.0000 [1.0000,1.0000] | adv: 0.0366+/-1.0640 | alive=30000/30000
   [CMDR  DIAG] ratio: 1.0083+/-0.1178 [0.5173,2.2008] | adv: -0.1283+/-1.1665 | alive=704/726 | bc_coef=0.037
19:48:38 | Batch 0140 (Ep 04198) | R:   -593.9 (  -594.8)  Scout_R:  +136.2  Cmdr_R:  -730.2  Scout:100% Cmdr:96%  scout:[survived=120] cmdr:[survived=86 boundary=4] refills=270  NN_dec=2800/2970  fire: peak=122 final=92 supp=30 ext=27.6  74.6s
   Cmdr reward breakdown: r_extinguish=+141.000  r_water_waste=-2.320  r_water_near=+0.000  r_fire_out=+0.000  r_spread=-55.895
   Water drops: 673 total, 423 hit, 250 miss (63% accuracy)  alt=53m [31-80]  dist=43m [3-101]
   FW shaping: surv=+0.0 bound=+0.0 alt_pen=+0.0 approach=-9.0 alt_shape=+268.4  avg_dist_scout=355m
   [SCOUT DIAG] ratio: 1.0000+/-0.0000 [1.0000,1.0000] | adv: -0.1459+/-1.2259 | alive=30000/30000
   [CMDR  DIAG] ratio: 1.0122+/-0.1325 [0.6042,3.0254] | adv: 0.0784+/-0.8968 | alive=675/726 | bc_coef=0.033
19:50:11 | Batch 0141 (Ep 04228) | R:   -535.9 (  -564.9)  Scout_R:   -88.9  Cmdr_R:  -447.0  Scout:100% Cmdr:98%  scout:[survived=120] cmdr:[survived=87 boundary=3] refills=262  NN_dec=2839/2970  fire: peak=118 final=86 supp=32 ext=27.0  71.1s
   Cmdr reward breakdown: r_extinguish=+147.667  r_water_waste=-2.070  r_water_near=+0.000  r_fire_out=+10.000  r_spread=-52.685
   Water drops: 668 total, 443 hit, 225 miss (66% accuracy)  alt=55m [29-79]  dist=45m [2-93]
   FW shaping: surv=+0.0 bound=+0.0 alt_pen=+0.0 approach=+19.9 alt_shape=+277.8  avg_dist_scout=339m
   [SCOUT DIAG] ratio: 1.0000+/-0.0000 [1.0000,1.0000] | adv: 0.0869+/-0.9109 | alive=30000/30000
   [CMDR  DIAG] ratio: 0.9876+/-0.1281 [0.5480,1.5805] | adv: -0.3688+/-1.3560 | alive=680/726 | bc_coef=0.030
19:51:41 | Batch 0142 (Ep 04258) | R:  -1253.0 (  -894.5)  Scout_R:  -224.9  Cmdr_R: -1028.1  Scout:100% Cmdr:97%  scout:[survived=120] cmdr:[survived=87 boundary=3] refills=184  NN_dec=2850/2970  fire: peak=152 final=126 supp=27 ext=21.5  71.7s
   Cmdr reward breakdown: r_extinguish=+115.000  r_water_waste=-1.890  r_water_near=+0.000  r_fire_out=+10.000  r_spread=-63.745
   Water drops: 547 total, 345 hit, 202 miss (63% accuracy)  alt=54m [36-80]  dist=44m [4-85]
   FW shaping: surv=+0.0 bound=+0.0 alt_pen=+0.0 approach=-34.6 alt_shape=+234.1  avg_dist_scout=406m
   [SCOUT DIAG] ratio: 1.0000+/-0.0000 [1.0000,1.0000] | adv: -0.0433+/-1.0324 | alive=30000/30000
   [CMDR  DIAG] ratio: 1.0065+/-0.1512 [0.5053,3.0976] | adv: 0.3334+/-0.1998 | alive=680/726 | bc_coef=0.027
19:53:14 | Batch 0143 (Ep 04288) | R:   -465.1 (  -859.1)  Scout_R:  +104.8  Cmdr_R:  -569.9  Scout:100% Cmdr:98%  scout:[survived=120] cmdr:[survived=88 boundary=2] refills=388  NN_dec=2806/2970  fire: peak=121 final=101 supp=20 ext=27.9  74.8s
   Cmdr reward breakdown: r_extinguish=+147.667  r_water_waste=-3.090  r_water_near=+0.000  r_fire_out=+0.000  r_spread=-58.460
   Water drops: 781 total, 443 hit, 338 miss (57% accuracy)  alt=52m [27-79]  dist=43m [3-91]
   FW shaping: surv=+0.0 bound=+0.0 alt_pen=+0.0 approach=+0.7 alt_shape=+241.2  avg_dist_scout=364m
   [SCOUT DIAG] ratio: 1.0000+/-0.0000 [1.0000,1.0000] | adv: 0.0842+/-0.9284 | alive=30000/30000
   [CMDR  DIAG] ratio: 0.9970+/-0.1447 [0.4877,1.7771] | adv: -0.1863+/-1.2489 | alive=699/726 | bc_coef=0.023
19:54:48 | Batch 0144 (Ep 04318) | R:   -626.1 (  -545.6)  Scout_R:   -11.6  Cmdr_R:  -614.5  Scout:100% Cmdr:94%  scout:[survived=120] cmdr:[survived=83 boundary=7] refills=233  NN_dec=2756/2970  fire: peak=120 final=87 supp=33 ext=26.3  76.9s
   Cmdr reward breakdown: r_extinguish=+138.667  r_water_waste=-1.860  r_water_near=+0.000  r_fire_out=+15.000  r_spread=-53.460
   Water drops: 615 total, 416 hit, 199 miss (68% accuracy)  alt=53m [21-79]  dist=45m [2-112]
   FW shaping: surv=+0.0 bound=+0.0 alt_pen=+0.0 approach=-14.5 alt_shape=+284.6  avg_dist_scout=352m
   [SCOUT DIAG] ratio: 1.0000+/-0.0000 [1.0000,1.0000] | adv: 0.0449+/-0.9377 | alive=30000/30000
   [CMDR  DIAG] ratio: 1.0050+/-0.0919 [0.6715,1.6245] | adv: 0.1579+/-0.5293 | alive=631/726 | bc_coef=0.020
19:56:19 | Batch 0145 (Ep 04348) | R:   -329.4 (  -477.8)  Scout_R:   -68.0  Cmdr_R:  -261.5  Scout:100% Cmdr:99%  scout:[survived=120] cmdr:[survived=89 boundary=1] refills=317  NN_dec=2809/2970  fire: peak=125 final=106 supp=19 ext=20.9  72.4s
   Cmdr reward breakdown: r_extinguish=+122.000  r_water_waste=-2.460  r_water_near=+0.000  r_fire_out=+0.000  r_spread=-59.700
   Water drops: 634 total, 366 hit, 268 miss (58% accuracy)  alt=55m [33-78]  dist=42m [2-89]
   FW shaping: surv=+0.0 bound=+0.0 alt_pen=+0.0 approach=+25.0 alt_shape=+276.7  avg_dist_scout=338m
   [SCOUT DIAG] ratio: 1.0000+/-0.0000 [1.0000,1.0000] | adv: 0.1203+/-0.9546 | alive=30000/30000
   [CMDR  DIAG] ratio: 1.0163+/-0.2237 [0.2126,3.3008] | adv: -0.0853+/-1.0301 | alive=680/726 | bc_coef=0.017
19:57:50 | Batch 0146 (Ep 04378) | R:   -617.8 (  -473.6)  Scout_R:  +217.8  Cmdr_R:  -835.6  Scout:100% Cmdr:99%  scout:[survived=120] cmdr:[survived=89 boundary=1] refills=206  NN_dec=2933/2970  fire: peak=118 final=93 supp=25 ext=26.9  73.6s
   Cmdr reward breakdown: r_extinguish=+150.000  r_water_waste=-2.410  r_water_near=+0.000  r_fire_out=+0.000  r_spread=-55.920
   Water drops: 708 total, 450 hit, 258 miss (64% accuracy)  alt=54m [29-80]  dist=42m [3-82]
   FW shaping: surv=+0.0 bound=+0.0 alt_pen=+0.0 approach=+19.4 alt_shape=+271.3  avg_dist_scout=354m
   [SCOUT DIAG] ratio: 1.0000+/-0.0000 [1.0000,1.0000] | adv: -0.0157+/-0.9730 | alive=30000/30000
   [CMDR  DIAG] ratio: 1.0073+/-0.1059 [0.3117,1.8400] | adv: -0.1316+/-1.1725 | alive=722/726 | bc_coef=0.013
19:59:21 | Batch 0147 (Ep 04408) | R:   -915.2 (  -766.5)  Scout_R:  +127.8  Cmdr_R: -1043.0  Scout:100% Cmdr:97%  scout:[survived=120] cmdr:[survived=87 boundary=3] refills=245  NN_dec=2786/2970  fire: peak=120 final=97 supp=23 ext=25.0  72.4s
   Cmdr reward breakdown: r_extinguish=+121.667  r_water_waste=-1.580  r_water_near=+0.000  r_fire_out=+0.000  r_spread=-55.585
   Water drops: 535 total, 365 hit, 170 miss (68% accuracy)  alt=55m [33-77]  dist=44m [8-102]
   FW shaping: surv=+0.0 bound=+0.0 alt_pen=+0.0 approach=-32.2 alt_shape=+265.4  avg_dist_scout=389m
   [SCOUT DIAG] ratio: 1.0000+/-0.0000 [1.0000,1.0000] | adv: -0.0431+/-0.9939 | alive=30000/30000
   [CMDR  DIAG] ratio: 1.0029+/-0.0998 [0.4607,1.4570] | adv: 0.0405+/-0.9943 | alive=710/726 | bc_coef=0.010
20:00:52 | Batch 0148 (Ep 04438) | R:   -459.0 (  -687.1)  Scout_R:  +100.4  Cmdr_R:  -559.4  Scout:100% Cmdr:99%  scout:[survived=120] cmdr:[survived=89 boundary=1] refills=282  NN_dec=2866/2970  fire: peak=108 final=77 supp=31 ext=27.5  73.0s
   Cmdr reward breakdown: r_extinguish=+147.333  r_water_waste=-2.640  r_water_near=+0.000  r_fire_out=+5.000  r_spread=-53.745
   Water drops: 728 total, 442 hit, 286 miss (61% accuracy)  alt=54m [32-79]  dist=45m [4-96]
   FW shaping: surv=+0.0 bound=+0.0 alt_pen=+0.0 approach=+7.2 alt_shape=+274.7  avg_dist_scout=348m
   [SCOUT DIAG] ratio: 1.0000+/-0.0000 [1.0000,1.0000] | adv: 0.1707+/-0.8076 | alive=30000/30000
   [CMDR  DIAG] ratio: 1.0020+/-0.1120 [0.6240,1.6372] | adv: -0.3293+/-1.4259 | alive=726/726 | bc_coef=0.007
20:02:22 | Batch 0149 (Ep 04468) | R:   -731.4 (  -595.2)  Scout_R:   -30.3  Cmdr_R:  -701.1  Scout:100% Cmdr:96%  scout:[survived=120] cmdr:[survived=86 boundary=4] refills=265  NN_dec=2809/2970  fire: peak=121 final=97 supp=24 ext=26.7  71.6s
   Cmdr reward breakdown: r_extinguish=+151.333  r_water_waste=-2.070  r_water_near=+0.000  r_fire_out=+10.000  r_spread=-52.700
   Water drops: 674 total, 454 hit, 220 miss (67% accuracy)  alt=52m [30-80]  dist=44m [5-93]
   FW shaping: surv=+0.0 bound=+0.0 alt_pen=+0.0 approach=+7.3 alt_shape=+299.9  avg_dist_scout=345m
   [SCOUT DIAG] ratio: 1.0000+/-0.0000 [1.0000,1.0000] | adv: -0.1785+/-1.1292 | alive=30000/30000
   [CMDR  DIAG] ratio: 1.0047+/-0.1260 [0.3347,2.2240] | adv: 0.1350+/-0.6577 | alive=666/726 | bc_coef=0.003
20:03:53 | Batch 0150 (Ep 04498) | R:   -690.0 (  -710.7)  Scout_R:   +85.9  Cmdr_R:  -775.9  Scout:100% Cmdr:98%  scout:[survived=120] cmdr:[survived=87 boundary=3] refills=242  NN_dec=2842/2970  fire: peak=129 final=104 supp=26 ext=27.8  73.0s
   Cmdr reward breakdown: r_extinguish=+146.333  r_water_waste=-1.830  r_water_near=+0.000  r_fire_out=+0.000  r_spread=-59.685
   Water drops: 636 total, 439 hit, 197 miss (69% accuracy)  alt=50m [22-78]  dist=42m [8-86]
   FW shaping: surv=+0.0 bound=+0.0 alt_pen=+0.0 approach=+22.1 alt_shape=+294.1  avg_dist_scout=359m
   [SCOUT DIAG] ratio: 1.0000+/-0.0000 [1.0000,1.0000] | adv: 0.0424+/-0.9731 | alive=30000/30000
   [CMDR  DIAG] ratio: 1.0026+/-0.0921 [0.5437,1.5113] | adv: -0.0087+/-0.9615 | alive=697/726 | bc_coef=0.000
   [CURRICULUM] Batch 151: phase None (map=(800, 1500), waste_pen=None)
20:05:26 | Batch 0151 (Ep 04528) | R:   -588.4 (  -639.2)  Scout_R:   -30.5  Cmdr_R:  -557.9  Scout:100% Cmdr:96%  scout:[survived=120] cmdr:[survived=86 boundary=4] refills=305  NN_dec=2765/2970  fire: peak=128 final=105 supp=22 ext=21.7  70.8s
   Cmdr reward breakdown: r_extinguish=+133.333  r_water_waste=-4.800  r_water_near=+0.000  r_fire_out=+0.000  r_spread=-59.260
   Water drops: 710 total, 400 hit, 310 miss (56% accuracy)  alt=52m [32-80]  dist=45m [8-91]
   FW shaping: surv=+0.0 bound=+0.0 alt_pen=+0.0 approach=+3.2 alt_shape=+285.0  avg_dist_scout=331m
   [SCOUT DIAG] ratio: 1.0000+/-0.0000 [1.0000,1.0000] | adv: -0.0887+/-1.0884 | alive=30000/30000
   [CMDR  DIAG] ratio: 1.0057+/-0.0937 [0.2862,1.6251] | adv: 0.1500+/-0.6453 | alive=663/726 | bc_coef=0.000
20:06:56 | Batch 0152 (Ep 04558) | R:   -757.0 (  -672.7)  Scout_R:   -88.3  Cmdr_R:  -668.7  Scout:100% Cmdr:96%  scout:[survived=120] cmdr:[survived=86 boundary=4] refills=253  NN_dec=2748/2970  fire: peak=135 final=118 supp=17 ext=22.0  71.5s
   Cmdr reward breakdown: r_extinguish=+123.333  r_water_waste=-3.217  r_water_near=+0.000  r_fire_out=+5.000  r_spread=-57.510
   Water drops: 577 total, 370 hit, 207 miss (64% accuracy)  alt=52m [32-80]  dist=44m [9-87]
   FW shaping: surv=+0.0 bound=+0.0 alt_pen=+0.0 approach=-28.0 alt_shape=+249.6  avg_dist_scout=354m
   [SCOUT DIAG] ratio: 1.0000+/-0.0000 [1.0000,1.0000] | adv: 0.0377+/-0.9192 | alive=30000/30000
   [CMDR  DIAG] ratio: 1.0099+/-0.1559 [0.2945,2.9387] | adv: 0.1642+/-0.5244 | alive=684/726 | bc_coef=0.000
20:08:22 | Batch 0153 (Ep 04588) | R:  -1151.0 (  -954.0)  Scout_R:  -187.8  Cmdr_R:  -963.3  Scout:100% Cmdr:97%  scout:[survived=120] cmdr:[survived=86 boundary=4] refills=201  NN_dec=2809/2970  fire: peak=146 final=120 supp=26 ext=25.0  68.9s
   Cmdr reward breakdown: r_extinguish=+121.667  r_water_waste=-2.250  r_water_near=+0.000  r_fire_out=+5.000  r_spread=-62.645
   Water drops: 509 total, 365 hit, 144 miss (72% accuracy)  alt=53m [30-79]  dist=41m [2-90]
   FW shaping: surv=+0.0 bound=+0.0 alt_pen=+0.0 approach=-10.2 alt_shape=+285.5  avg_dist_scout=368m
   [SCOUT DIAG] ratio: 1.0000+/-0.0000 [1.0000,1.0000] | adv: 0.0569+/-0.9959 | alive=30000/30000
   [CMDR  DIAG] ratio: 1.0038+/-0.1061 [0.6070,1.8514] | adv: 0.1928+/-0.6612 | alive=692/726 | bc_coef=0.000
20:09:59 | Batch 0154 (Ep 04618) | R:   -949.0 ( -1050.0)  Scout_R:  -178.7  Cmdr_R:  -770.3  Scout:100% Cmdr:97%  scout:[survived=120] cmdr:[survived=87 boundary=3] refills=158  NN_dec=2862/2970  fire: peak=135 final=120 supp=15 ext=19.8  78.7s
   Cmdr reward breakdown: r_extinguish=+110.333  r_water_waste=-2.383  r_water_near=+0.000  r_fire_out=+0.000  r_spread=-59.895
   Water drops: 486 total, 331 hit, 155 miss (68% accuracy)  alt=54m [36-79]  dist=42m [9-83]
   FW shaping: surv=+0.0 bound=+0.0 alt_pen=+0.0 approach=-22.1 alt_shape=+279.1  avg_dist_scout=363m
   [SCOUT DIAG] ratio: 1.0000+/-0.0000 [1.0000,1.0000] | adv: -0.0295+/-0.9675 | alive=30000/30000
   [CMDR  DIAG] ratio: 1.0130+/-0.1323 [0.4825,2.3294] | adv: -0.1437+/-1.1981 | alive=726/726 | bc_coef=0.000
20:11:30 | Batch 0155 (Ep 04648) | R:   -510.8 (  -729.9)  Scout_R:   +47.1  Cmdr_R:  -557.9  Scout:100% Cmdr:95%  scout:[survived=120] cmdr:[survived=85 boundary=5] refills=342  NN_dec=2671/2970  fire: peak=125 final=94 supp=30 ext=27.6  72.1s
   Cmdr reward breakdown: r_extinguish=+154.667  r_water_waste=-4.100  r_water_near=+0.000  r_fire_out=+0.000  r_spread=-56.870
   Water drops: 732 total, 464 hit, 268 miss (63% accuracy)  alt=52m [27-77]  dist=44m [5-99]
   FW shaping: surv=+0.0 bound=+0.0 alt_pen=+0.0 approach=-13.2 alt_shape=+251.5  avg_dist_scout=337m
   [SCOUT DIAG] ratio: 1.0000+/-0.0000 [1.0000,1.0000] | adv: 0.0145+/-1.0068 | alive=30000/30000
   [CMDR  DIAG] ratio: 1.0202+/-0.1758 [0.5354,3.3051] | adv: 0.1279+/-0.6864 | alive=631/726 | bc_coef=0.000
20:13:00 | Batch 0156 (Ep 04678) | R:   -680.9 (  -595.8)  Scout_R:   -83.2  Cmdr_R:  -597.8  Scout:100% Cmdr:98%  scout:[survived=120] cmdr:[survived=88 boundary=2] refills=345  NN_dec=2810/2970  fire: peak=133 final=110 supp=23 ext=28.9  72.2s
   Cmdr reward breakdown: r_extinguish=+142.333  r_water_waste=-3.700  r_water_near=+0.000  r_fire_out=+5.000  r_spread=-63.075
   Water drops: 667 total, 427 hit, 240 miss (64% accuracy)  alt=52m [27-80]  dist=44m [4-95]
   FW shaping: surv=+0.0 bound=+0.0 alt_pen=+0.0 approach=-1.7 alt_shape=+252.1  avg_dist_scout=365m
   [SCOUT DIAG] ratio: 1.0000+/-0.0000 [1.0000,1.0000] | adv: 0.1352+/-0.7986 | alive=30000/30000
   [CMDR  DIAG] ratio: 0.9932+/-0.1642 [0.4883,2.5619] | adv: -0.1571+/-1.2487 | alive=658/726 | bc_coef=0.000
20:14:28 | Batch 0157 (Ep 04708) | R:   -909.0 (  -794.9)  Scout_R:    -1.5  Cmdr_R:  -907.5  Scout:100% Cmdr:98%  scout:[survived=120] cmdr:[survived=87 boundary=3] refills=132  NN_dec=2910/2970  fire: peak=124 final=99 supp=25 ext=23.8  70.0s
   Cmdr reward breakdown: r_extinguish=+120.000  r_water_waste=-3.050  r_water_near=+0.000  r_fire_out=+5.000  r_spread=-59.245
   Water drops: 555 total, 360 hit, 195 miss (65% accuracy)  alt=55m [28-79]  dist=41m [4-88]
   FW shaping: surv=+0.0 bound=+0.0 alt_pen=+0.0 approach=+19.8 alt_shape=+308.9  avg_dist_scout=341m
   [SCOUT DIAG] ratio: 1.0000+/-0.0000 [1.0000,1.0000] | adv: -0.0925+/-1.0781 | alive=30000/30000
   [CMDR  DIAG] ratio: 0.9996+/-0.1200 [0.5150,2.0702] | adv: -0.4416+/-1.2708 | alive=725/726 | bc_coef=0.000
20:15:56 | Batch 0158 (Ep 04738) | R:   -515.8 (  -712.4)  Scout_R:  -188.1  Cmdr_R:  -327.8  Scout:100% Cmdr:96%  scout:[survived=120] cmdr:[survived=86 boundary=4] refills=271  NN_dec=2763/2970  fire: peak=110 final=78 supp=32 ext=28.9  70.3s
   Cmdr reward breakdown: r_extinguish=+139.667  r_water_waste=-2.750  r_water_near=+0.000  r_fire_out=+15.000  r_spread=-50.475
   Water drops: 597 total, 419 hit, 178 miss (70% accuracy)  alt=56m [36-80]  dist=41m [3-92]
   FW shaping: surv=+0.0 bound=+0.0 alt_pen=+0.0 approach=+35.8 alt_shape=+307.0  avg_dist_scout=298m
   [SCOUT DIAG] ratio: 1.0000+/-0.0000 [1.0000,1.0000] | adv: 0.1096+/-0.8677 | alive=30000/30000
   [CMDR  DIAG] ratio: 1.0045+/-0.1420 [0.3107,1.9454] | adv: 0.0083+/-1.1156 | alive=698/726 | bc_coef=0.000
20:17:28 | Batch 0159 (Ep 04768) | R:   -618.7 (  -567.3)  Scout_R:   +39.6  Cmdr_R:  -658.3  Scout:100% Cmdr:97%  scout:[survived=120] cmdr:[survived=86 boundary=4] refills=232  NN_dec=2858/2970  fire: peak=112 final=91 supp=21 ext=25.7  73.3s
   Cmdr reward breakdown: r_extinguish=+142.000  r_water_waste=-4.083  r_water_near=+0.000  r_fire_out=+0.000  r_spread=-52.425
   Water drops: 694 total, 426 hit, 268 miss (61% accuracy)  alt=52m [30-80]  dist=43m [6-86]
   FW shaping: surv=+0.0 bound=+0.0 alt_pen=+0.0 approach=-18.3 alt_shape=+258.1  avg_dist_scout=335m
   [SCOUT DIAG] ratio: 1.0000+/-0.0000 [1.0000,1.0000] | adv: -0.1836+/-1.1957 | alive=30000/30000
   [CMDR  DIAG] ratio: 1.0035+/-0.1210 [0.4438,1.7295] | adv: 0.2435+/-0.4098 | alive=692/726 | bc_coef=0.000
20:18:57 | Batch 0160 (Ep 04798) | R:   -773.7 (  -696.2)  Scout_R:   -46.6  Cmdr_R:  -727.1  Scout:100% Cmdr:95%  scout:[survived=120] cmdr:[survived=84 boundary=6] refills=273  NN_dec=2767/2970  fire: peak=128 final=107 supp=21 ext=27.1  71.5s
   Cmdr reward breakdown: r_extinguish=+148.000  r_water_waste=-3.517  r_water_near=+0.000  r_fire_out=+5.000  r_spread=-60.775
   Water drops: 674 total, 444 hit, 230 miss (66% accuracy)  alt=55m [29-80]  dist=42m [1-78]
   FW shaping: surv=+0.0 bound=+0.0 alt_pen=+0.0 approach=-35.2 alt_shape=+278.9  avg_dist_scout=330m
   [SCOUT DIAG] ratio: 1.0000+/-0.0000 [1.0000,1.0000] | adv: -0.0563+/-1.0911 | alive=30000/30000
   [CMDR  DIAG] ratio: 1.0160+/-0.1553 [0.4350,1.7476] | adv: 0.0110+/-1.0134 | alive=713/726 | bc_coef=0.000
20:20:36 | Batch 0161 (Ep 04828) | R:   -616.4 (  -695.0)  Scout_R:   +22.6  Cmdr_R:  -638.9  Scout:100% Cmdr:97%  scout:[survived=120] cmdr:[survived=86 boundary=4] refills=355  NN_dec=2730/2970  fire: peak=130 final=104 supp=27 ext=28.1  76.3s
   Cmdr reward breakdown: r_extinguish=+142.333  r_water_waste=-3.083  r_water_near=+0.000  r_fire_out=+5.000  r_spread=-55.585
   Water drops: 629 total, 427 hit, 202 miss (68% accuracy)  alt=54m [28-80]  dist=44m [0-97]
   FW shaping: surv=+0.0 bound=+0.0 alt_pen=+0.0 approach=-9.7 alt_shape=+250.4  avg_dist_scout=363m
   [SCOUT DIAG] ratio: 1.0000+/-0.0000 [1.0000,1.0000] | adv: -0.0889+/-1.0911 | alive=30000/30000
   [CMDR  DIAG] ratio: 1.0067+/-0.1216 [0.1486,1.8992] | adv: 0.2168+/-0.3040 | alive=684/726 | bc_coef=0.000
20:22:05 | Batch 0162 (Ep 04858) | R:   -641.7 (  -629.0)  Scout_R:  -139.0  Cmdr_R:  -502.6  Scout:100% Cmdr:98%  scout:[survived=120] cmdr:[survived=88 boundary=2] refills=211  NN_dec=2850/2970  fire: peak=136 final=110 supp=26 ext=24.6  71.1s
   Cmdr reward breakdown: r_extinguish=+121.333  r_water_waste=-3.033  r_water_near=+0.000  r_fire_out=+10.000  r_spread=-60.905
   Water drops: 556 total, 364 hit, 192 miss (65% accuracy)  alt=57m [38-79]  dist=41m [3-88]
   FW shaping: surv=+0.0 bound=+0.0 alt_pen=+0.0 approach=+12.2 alt_shape=+310.9  avg_dist_scout=304m
   [SCOUT DIAG] ratio: 1.0000+/-0.0000 [1.0000,1.0000] | adv: -0.0014+/-1.0140 | alive=30000/30000
   [CMDR  DIAG] ratio: 1.0019+/-0.1348 [0.2514,2.2028] | adv: 0.2636+/-0.2064 | alive=726/726 | bc_coef=0.000
20:23:36 | Batch 0163 (Ep 04888) | R:   -358.9 (  -500.3)  Scout_R:   +51.7  Cmdr_R:  -410.7  Scout:100% Cmdr:96%  scout:[survived=120] cmdr:[survived=86 boundary=4] refills=331  NN_dec=2761/2970  fire: peak=107 final=89 supp=18 ext=25.3  73.0s
   Cmdr reward breakdown: r_extinguish=+143.333  r_water_waste=-2.950  r_water_near=+0.000  r_fire_out=+5.000  r_spread=-50.220
   Water drops: 616 total, 430 hit, 186 miss (70% accuracy)  alt=56m [27-80]  dist=43m [8-110]
   FW shaping: surv=+0.0 bound=+0.0 alt_pen=+0.0 approach=-1.8 alt_shape=+233.2  avg_dist_scout=367m
   [SCOUT DIAG] ratio: 1.0000+/-0.0000 [1.0000,1.0000] | adv: -0.2040+/-1.1964 | alive=30000/30000
   [CMDR  DIAG] ratio: 0.9982+/-0.1196 [0.6631,1.6382] | adv: -0.2656+/-1.3404 | alive=697/726 | bc_coef=0.000
20:25:06 | Batch 0164 (Ep 04918) | R:  -1062.3 (  -710.6)  Scout_R:  -167.9  Cmdr_R:  -894.3  Scout:100% Cmdr:96%  scout:[survived=120] cmdr:[survived=85 boundary=5] refills=272  NN_dec=2750/2970  fire: peak=124 final=95 supp=28 ext=29.5  71.8s
   Cmdr reward breakdown: r_extinguish=+137.333  r_water_waste=-2.483  r_water_near=+0.000  r_fire_out=+0.000  r_spread=-56.450
   Water drops: 572 total, 412 hit, 160 miss (72% accuracy)  alt=54m [24-78]  dist=45m [4-95]
   FW shaping: surv=+0.0 bound=+0.0 alt_pen=+0.0 approach=-1.0 alt_shape=+274.4  avg_dist_scout=372m
   [SCOUT DIAG] ratio: 1.0000+/-0.0000 [1.0000,1.0000] | adv: 0.1527+/-0.7774 | alive=30000/30000
   [CMDR  DIAG] ratio: 1.0128+/-0.1198 [0.5253,1.6981] | adv: 0.0271+/-0.8999 | alive=696/726 | bc_coef=0.000
20:26:38 | Batch 0165 (Ep 04948) | R:   -986.1 ( -1024.2)  Scout_R:  +103.6  Cmdr_R: -1089.6  Scout:100% Cmdr:96%  scout:[survived=120] cmdr:[survived=86 boundary=4] refills=279  NN_dec=2744/2970  fire: peak=145 final=125 supp=19 ext=26.6  73.5s
   Cmdr reward breakdown: r_extinguish=+122.667  r_water_waste=-3.267  r_water_near=+0.000  r_fire_out=+5.000  r_spread=-62.415
   Water drops: 576 total, 368 hit, 208 miss (64% accuracy)  alt=55m [29-79]  dist=43m [9-99]
   FW shaping: surv=+0.0 bound=+0.0 alt_pen=+0.0 approach=-66.0 alt_shape=+202.8  avg_dist_scout=393m
   [SCOUT DIAG] ratio: 1.0000+/-0.0000 [1.0000,1.0000] | adv: -0.0796+/-1.1969 | alive=30000/30000
   [CMDR  DIAG] ratio: 0.9916+/-0.1321 [0.2992,1.9692] | adv: -0.1480+/-1.2237 | alive=644/726 | bc_coef=0.000
20:28:09 | Batch 0166 (Ep 04978) | R:   -922.2 (  -954.1)  Scout_R:  -134.3  Cmdr_R:  -787.9  Scout:100% Cmdr:97%  scout:[survived=120] cmdr:[survived=86 boundary=4] refills=225  NN_dec=2817/2970  fire: peak=135 final=109 supp=27 ext=23.9  73.0s
   Cmdr reward breakdown: r_extinguish=+120.667  r_water_waste=-2.950  r_water_near=+0.000  r_fire_out=+15.000  r_spread=-60.460
   Water drops: 552 total, 362 hit, 190 miss (66% accuracy)  alt=57m [28-80]  dist=45m [8-93]
   FW shaping: surv=+0.0 bound=+0.0 alt_pen=+0.0 approach=-32.1 alt_shape=+246.6  avg_dist_scout=350m
   [SCOUT DIAG] ratio: 1.0000+/-0.0000 [1.0000,1.0000] | adv: -0.0421+/-1.0614 | alive=30000/30000
   [CMDR  DIAG] ratio: 0.9965+/-0.1384 [0.4487,2.3514] | adv: 0.3106+/-0.2451 | alive=673/726 | bc_coef=0.000
20:29:40 | Batch 0167 (Ep 05008) | R:   -381.0 (  -651.6)  Scout_R:   -35.5  Cmdr_R:  -345.4  Scout:100% Cmdr:95%  scout:[survived=120] cmdr:[survived=85 boundary=5] refills=174  NN_dec=2784/2970  fire: peak=133 final=109 supp=25 ext=27.6  72.4s
   Cmdr reward breakdown: r_extinguish=+131.667  r_water_waste=-2.083  r_water_near=+0.000  r_fire_out=+0.000  r_spread=-61.365
   Water drops: 530 total, 395 hit, 135 miss (75% accuracy)  alt=57m [40-80]  dist=42m [3-96]
   FW shaping: surv=+0.0 bound=+0.0 alt_pen=+0.0 approach=+2.1 alt_shape=+281.0  avg_dist_scout=301m
   [SCOUT DIAG] ratio: 1.0000+/-0.0000 [1.0000,1.0000] | adv: -0.1570+/-1.1207 | alive=30000/30000
   [CMDR  DIAG] ratio: 1.0033+/-0.1196 [0.3768,2.2088] | adv: -0.0270+/-0.9687 | alive=639/726 | bc_coef=0.000
20:31:13 | Batch 0168 (Ep 05038) | R:   -347.4 (  -364.2)  Scout_R:   +34.6  Cmdr_R:  -382.1  Scout:100% Cmdr:99%  scout:[survived=120] cmdr:[survived=89 boundary=1] refills=302  NN_dec=2902/2970  fire: peak=149 final=108 supp=41 ext=33.3  74.7s
   Cmdr reward breakdown: r_extinguish=+164.667  r_water_waste=-4.533  r_water_near=+0.000  r_fire_out=+5.000  r_spread=-72.290
   Water drops: 790 total, 494 hit, 296 miss (63% accuracy)  alt=53m [29-80]  dist=45m [3-97]
   FW shaping: surv=+0.0 bound=+0.0 alt_pen=+0.0 approach=+28.2 alt_shape=+303.8  avg_dist_scout=309m
   [SCOUT DIAG] ratio: 1.0000+/-0.0000 [1.0000,1.0000] | adv: 0.0537+/-0.9086 | alive=30000/30000
   [CMDR  DIAG] ratio: 1.0118+/-0.1742 [0.3636,3.2028] | adv: 0.0500+/-0.7508 | alive=714/726 | bc_coef=0.000
20:32:49 | Batch 0169 (Ep 05068) | R:   -862.8 (  -605.1)  Scout_R:  +180.0  Cmdr_R: -1042.8  Scout:100% Cmdr:97%  scout:[survived=120] cmdr:[survived=87 boundary=3] refills=369  NN_dec=2772/2970  fire: peak=146 final=113 supp=33 ext=29.5  78.2s
   Cmdr reward breakdown: r_extinguish=+148.000  r_water_waste=-4.350  r_water_near=+0.000  r_fire_out=+0.000  r_spread=-67.275
   Water drops: 732 total, 444 hit, 288 miss (61% accuracy)  alt=52m [27-80]  dist=43m [4-84]
   FW shaping: surv=+0.0 bound=+0.0 alt_pen=+0.0 approach=-46.6 alt_shape=+221.8  avg_dist_scout=408m
   [SCOUT DIAG] ratio: 1.0000+/-0.0000 [1.0000,1.0000] | adv: 0.0011+/-0.9601 | alive=30000/30000
   [CMDR  DIAG] ratio: 1.0000+/-0.1640 [0.1572,3.1014] | adv: -0.1203+/-1.0739 | alive=662/726 | bc_coef=0.000
20:34:19 | Batch 0170 (Ep 05098) | R:   -706.9 (  -784.8)  Scout_R:   -84.5  Cmdr_R:  -622.4  Scout:100% Cmdr:97%  scout:[survived=120] cmdr:[survived=87 boundary=3] refills=283  NN_dec=2802/2970  fire: peak=175 final=157 supp=18 ext=25.3  71.7s
   Cmdr reward breakdown: r_extinguish=+132.667  r_water_waste=-3.500  r_water_near=+0.000  r_fire_out=+0.000  r_spread=-80.905
   Water drops: 626 total, 398 hit, 228 miss (64% accuracy)  alt=53m [22-80]  dist=45m [3-86]
   FW shaping: surv=+0.0 bound=+0.0 alt_pen=+0.0 approach=-32.4 alt_shape=+259.2  avg_dist_scout=339m
   [SCOUT DIAG] ratio: 1.0000+/-0.0000 [1.0000,1.0000] | adv: -0.0340+/-1.0634 | alive=30000/30000
   [CMDR  DIAG] ratio: 1.0052+/-0.1967 [0.2498,3.5511] | adv: -0.0081+/-1.0694 | alive=691/726 | bc_coef=0.000
20:35:54 | Batch 0171 (Ep 05128) | R:   -544.3 (  -625.6)  Scout_R:   +77.9  Cmdr_R:  -622.2  Scout:100% Cmdr:94%  scout:[survived=120] cmdr:[survived=84 boundary=6] refills=340  NN_dec=2743/2970  fire: peak=148 final=119 supp=29 ext=33.0  72.6s
   Cmdr reward breakdown: r_extinguish=+162.333  r_water_waste=-3.383  r_water_near=+0.000  r_fire_out=+0.000  r_spread=-68.670
   Water drops: 709 total, 487 hit, 222 miss (69% accuracy)  alt=51m [27-79]  dist=42m [7-94]
   FW shaping: surv=+0.0 bound=+0.0 alt_pen=+0.0 approach=-13.9 alt_shape=+235.7  avg_dist_scout=373m
   [SCOUT DIAG] ratio: 1.0000+/-0.0000 [1.0000,1.0000] | adv: 0.2225+/-0.7124 | alive=30000/30000
   [CMDR  DIAG] ratio: 1.0084+/-0.1398 [0.5500,3.0310] | adv: 0.2632+/-0.3438 | alive=670/726 | bc_coef=0.000
20:37:26 | Batch 0172 (Ep 05158) | R:   -806.3 (  -675.3)  Scout_R:   -43.9  Cmdr_R:  -762.4  Scout:100% Cmdr:97%  scout:[survived=120] cmdr:[survived=86 boundary=4] refills=339  NN_dec=2772/2970  fire: peak=149 final=118 supp=31 ext=29.4  73.9s
   Cmdr reward breakdown: r_extinguish=+160.667  r_water_waste=-5.000  r_water_near=+0.000  r_fire_out=+5.000  r_spread=-65.730
   Water drops: 805 total, 482 hit, 323 miss (60% accuracy)  alt=51m [25-79]  dist=45m [0-96]
   FW shaping: surv=+0.0 bound=+0.0 alt_pen=+0.0 approach=-14.2 alt_shape=+271.4  avg_dist_scout=349m
   [SCOUT DIAG] ratio: 1.0000+/-0.0000 [1.0000,1.0000] | adv: -0.1150+/-1.0632 | alive=30000/30000
   [CMDR  DIAG] ratio: 1.0077+/-0.1258 [0.5371,2.0322] | adv: -0.0458+/-1.1436 | alive=643/726 | bc_coef=0.000
20:38:55 | Batch 0173 (Ep 05188) | R:   -684.8 (  -745.5)  Scout_R:  -144.4  Cmdr_R:  -540.4  Scout:100% Cmdr:98%  scout:[survived=120] cmdr:[survived=88 boundary=2] refills=269  NN_dec=2879/2970  fire: peak=130 final=111 supp=19 ext=29.3  71.2s
   Cmdr reward breakdown: r_extinguish=+158.667  r_water_waste=-4.433  r_water_near=+0.000  r_fire_out=+0.000  r_spread=-65.595
   Water drops: 759 total, 476 hit, 283 miss (63% accuracy)  alt=50m [28-79]  dist=43m [2-88]
   FW shaping: surv=+0.0 bound=+0.0 alt_pen=+0.0 approach=+1.1 alt_shape=+287.1  avg_dist_scout=330m
   [SCOUT DIAG] ratio: 1.0000+/-0.0000 [1.0000,1.0000] | adv: -0.1546+/-1.1514 | alive=30000/30000
   [CMDR  DIAG] ratio: 1.0125+/-0.1609 [0.3284,3.0755] | adv: 0.0519+/-0.7344 | alive=678/726 | bc_coef=0.000
20:40:28 | Batch 0174 (Ep 05218) | R:   -210.1 (  -447.4)  Scout_R:  +174.8  Cmdr_R:  -384.9  Scout:100% Cmdr:96%  scout:[survived=120] cmdr:[survived=85 boundary=5] refills=322  NN_dec=2816/2970  fire: peak=149 final=107 supp=42 ext=33.2  74.7s
   Cmdr reward breakdown: r_extinguish=+171.667  r_water_waste=-6.600  r_water_near=+0.000  r_fire_out=+0.000  r_spread=-68.190
   Water drops: 947 total, 515 hit, 432 miss (54% accuracy)  alt=48m [26-79]  dist=44m [9-91]
   FW shaping: surv=+0.0 bound=+0.0 alt_pen=+0.0 approach=+10.3 alt_shape=+288.4  avg_dist_scout=325m
   [SCOUT DIAG] ratio: 1.0000+/-0.0000 [1.0000,1.0000] | adv: -0.1203+/-1.1740 | alive=30000/30000
   [CMDR  DIAG] ratio: 1.0022+/-0.1100 [0.3467,1.9040] | adv: -0.1033+/-1.2347 | alive=726/726 | bc_coef=0.000
20:41:56 | Batch 0175 (Ep 05248) | R:   -928.1 (  -569.1)  Scout_R:   +33.4  Cmdr_R:  -961.5  Scout:100% Cmdr:97%  scout:[survived=120] cmdr:[survived=87 boundary=3] refills=249  NN_dec=2856/2970  fire: peak=173 final=152 supp=21 ext=28.0  70.4s
   Cmdr reward breakdown: r_extinguish=+141.333  r_water_waste=-4.567  r_water_near=+0.000  r_fire_out=+0.000  r_spread=-79.550
   Water drops: 725 total, 424 hit, 301 miss (58% accuracy)  alt=50m [22-80]  dist=43m [5-100]
   FW shaping: surv=+0.0 bound=+0.0 alt_pen=+0.0 approach=-17.2 alt_shape=+296.5  avg_dist_scout=350m
   [SCOUT DIAG] ratio: 1.0000+/-0.0000 [1.0000,1.0000] | adv: 0.0288+/-0.9755 | alive=30000/30000
   [CMDR  DIAG] ratio: 1.0047+/-0.1468 [0.5272,2.3898] | adv: 0.1095+/-0.8084 | alive=698/726 | bc_coef=0.000
20:43:29 | Batch 0176 (Ep 05278) | R:   -230.2 (  -579.1)  Scout_R:   +43.5  Cmdr_R:  -273.7  Scout:100% Cmdr:99%  scout:[survived=120] cmdr:[survived=88 boundary=2] refills=299  NN_dec=2883/2970  fire: peak=145 final=119 supp=25 ext=26.4  74.9s
   Cmdr reward breakdown: r_extinguish=+148.333  r_water_waste=-5.350  r_water_near=+0.000  r_fire_out=+0.000  r_spread=-65.460
   Water drops: 791 total, 445 hit, 346 miss (56% accuracy)  alt=49m [23-79]  dist=45m [4-88]
   FW shaping: surv=+0.0 bound=+0.0 alt_pen=+0.0 approach=+70.0 alt_shape=+327.6  avg_dist_scout=301m
   [SCOUT DIAG] ratio: 1.0000+/-0.0000 [1.0000,1.0000] | adv: -0.4461+/-1.4339 | alive=30000/30000
   [CMDR  DIAG] ratio: 1.0120+/-0.2212 [0.2644,5.2135] | adv: 0.2024+/-0.1846 | alive=717/726 | bc_coef=0.000
20:45:00 | Batch 0177 (Ep 05308) | R:   -735.3 (  -482.8)  Scout_R:  +151.8  Cmdr_R:  -887.1  Scout:100% Cmdr:96%  scout:[survived=120] cmdr:[survived=85 boundary=5] refills=288  NN_dec=2776/2970  fire: peak=165 final=141 supp=24 ext=31.8  72.7s
   Cmdr reward breakdown: r_extinguish=+150.333  r_water_waste=-4.283  r_water_near=+0.000  r_fire_out=+0.000  r_spread=-73.890
   Water drops: 730 total, 451 hit, 279 miss (62% accuracy)  alt=49m [25-80]  dist=44m [6-87]
   FW shaping: surv=+0.0 bound=+0.0 alt_pen=+0.0 approach=-29.6 alt_shape=+219.5  avg_dist_scout=388m
   [SCOUT DIAG] ratio: 1.0000+/-0.0000 [1.0000,1.0000] | adv: -0.0040+/-1.0120 | alive=30000/30000
   [CMDR  DIAG] ratio: 1.0009+/-0.1320 [0.3166,1.5946] | adv: -0.3713+/-1.3250 | alive=707/726 | bc_coef=0.000
20:46:33 | Batch 0178 (Ep 05338) | R:   -776.1 (  -755.7)  Scout_R:  -120.6  Cmdr_R:  -655.4  Scout:100% Cmdr:96%  scout:[survived=120] cmdr:[survived=85 boundary=5] refills=284  NN_dec=2776/2970  fire: peak=141 final=107 supp=34 ext=33.6  75.2s
   Cmdr reward breakdown: r_extinguish=+166.667  r_water_waste=-4.267  r_water_near=+0.000  r_fire_out=+15.000  r_spread=-61.400
   Water drops: 780 total, 500 hit, 280 miss (64% accuracy)  alt=50m [21-79]  dist=42m [2-98]
   FW shaping: surv=+0.0 bound=+0.0 alt_pen=+0.0 approach=+11.2 alt_shape=+305.0  avg_dist_scout=326m
   [SCOUT DIAG] ratio: 1.0000+/-0.0000 [1.0000,1.0000] | adv: 0.0586+/-0.9481 | alive=30000/30000
   [CMDR  DIAG] ratio: 1.0184+/-0.1904 [0.3479,2.9485] | adv: 0.3152+/-0.2912 | alive=679/726 | bc_coef=0.000
20:48:02 | Batch 0179 (Ep 05368) | R:   -865.6 (  -820.8)  Scout_R:   -32.3  Cmdr_R:  -833.3  Scout:100% Cmdr:94%  scout:[survived=120] cmdr:[survived=84 boundary=6] refills=277  NN_dec=2714/2970  fire: peak=149 final=124 supp=24 ext=25.9  70.9s
   Cmdr reward breakdown: r_extinguish=+129.333  r_water_waste=-3.450  r_water_near=+0.000  r_fire_out=+5.000  r_spread=-63.400
   Water drops: 613 total, 388 hit, 225 miss (63% accuracy)  alt=52m [10-79]  dist=45m [1-85]
   FW shaping: surv=+0.0 bound=+0.0 alt_pen=+0.0 approach=-39.2 alt_shape=+237.1  avg_dist_scout=354m
   [SCOUT DIAG] ratio: 1.0000+/-0.0000 [1.0000,1.0000] | adv: -0.0799+/-1.0452 | alive=30000/30000
   [CMDR  DIAG] ratio: 1.0075+/-0.2155 [0.2469,2.9771] | adv: 0.1492+/-0.9087 | alive=600/726 | bc_coef=0.000
20:49:33 | Batch 0180 (Ep 05398) | R:   -610.3 (  -737.9)  Scout_R:  -136.6  Cmdr_R:  -473.7  Scout:100% Cmdr:96%  scout:[survived=120] cmdr:[survived=86 boundary=4] refills=307  NN_dec=2836/2970  fire: peak=187 final=163 supp=24 ext=33.2  72.5s
   Cmdr reward breakdown: r_extinguish=+164.000  r_water_waste=-5.250  r_water_near=+0.000  r_fire_out=+5.000  r_spread=-86.265
   Water drops: 833 total, 492 hit, 341 miss (59% accuracy)  alt=51m [25-79]  dist=45m [2-105]
   FW shaping: surv=+0.0 bound=+0.0 alt_pen=+0.0 approach=+26.6 alt_shape=+282.7  avg_dist_scout=335m
   [SCOUT DIAG] ratio: 1.0000+/-0.0000 [1.0000,1.0000] | adv: -0.1542+/-1.0983 | alive=30000/30000
   [CMDR  DIAG] ratio: 1.0076+/-0.1873 [0.3899,2.6539] | adv: -0.3325+/-1.3401 | alive=639/726 | bc_coef=0.000
20:51:10 | Batch 0181 (Ep 05428) | R:   -389.7 (  -500.0)  Scout_R:   +24.5  Cmdr_R:  -414.2  Scout:100% Cmdr:98%  scout:[survived=120] cmdr:[survived=88 boundary=2] refills=357  NN_dec=2787/2970  fire: peak=136 final=102 supp=34 ext=25.8  75.7s
   Cmdr reward breakdown: r_extinguish=+147.333  r_water_waste=-4.400  r_water_near=+0.000  r_fire_out=+10.000  r_spread=-60.625
   Water drops: 729 total, 442 hit, 287 miss (61% accuracy)  alt=51m [27-80]  dist=42m [13-81]
   FW shaping: surv=+0.0 bound=+0.0 alt_pen=+0.0 approach=+13.2 alt_shape=+291.0  avg_dist_scout=321m
   [SCOUT DIAG] ratio: 1.0000+/-0.0000 [1.0000,1.0000] | adv: 0.1596+/-0.7879 | alive=30000/30000
   [CMDR  DIAG] ratio: 1.0066+/-0.1013 [0.5637,1.5814] | adv: 0.1297+/-0.6998 | alive=649/726 | bc_coef=0.000
20:52:45 | Batch 0182 (Ep 05458) | R:   -138.5 (  -264.1)  Scout_R:   -19.0  Cmdr_R:  -119.5  Scout:100% Cmdr:98%  scout:[survived=120] cmdr:[survived=88 boundary=2] refills=338  NN_dec=2766/2970  fire: peak=169 final=150 supp=19 ext=21.8  76.6s
   Cmdr reward breakdown: r_extinguish=+121.000  r_water_waste=-4.583  r_water_near=+0.000  r_fire_out=+5.000  r_spread=-75.060
   Water drops: 652 total, 363 hit, 289 miss (56% accuracy)  alt=52m [27-80]  dist=45m [2-95]
   FW shaping: surv=+0.0 bound=+0.0 alt_pen=+0.0 approach=+30.7 alt_shape=+319.4  avg_dist_scout=294m
   [SCOUT DIAG] ratio: 1.0000+/-0.0000 [1.0000,1.0000] | adv: 0.0408+/-0.9388 | alive=30000/30000
   [CMDR  DIAG] ratio: 1.0010+/-0.1546 [0.3412,2.5603] | adv: -0.0914+/-0.8553 | alive=674/726 | bc_coef=0.000
20:54:17 | Batch 0183 (Ep 05488) | R:   -934.9 (  -536.7)  Scout_R:  -145.7  Cmdr_R:  -789.2  Scout:100% Cmdr:98%  scout:[survived=120] cmdr:[survived=88 boundary=2] refills=364  NN_dec=2822/2970  fire: peak=182 final=158 supp=24 ext=25.6  73.6s
   Cmdr reward breakdown: r_extinguish=+144.667  r_water_waste=-5.000  r_water_near=+0.000  r_fire_out=+5.000  r_spread=-82.020
   Water drops: 759 total, 434 hit, 325 miss (57% accuracy)  alt=51m [14-80]  dist=46m [10-91]
   FW shaping: surv=+0.0 bound=+0.0 alt_pen=+0.0 approach=-58.8 alt_shape=+249.3  avg_dist_scout=362m
   [SCOUT DIAG] ratio: 1.0000+/-0.0000 [1.0000,1.0000] | adv: 0.0944+/-0.8873 | alive=30000/30000
   [CMDR  DIAG] ratio: 1.0056+/-0.1089 [0.6200,1.9277] | adv: -0.2030+/-1.2418 | alive=726/726 | bc_coef=0.000
20:55:46 | Batch 0184 (Ep 05518) | R:    -90.6 (  -512.7)  Scout_R:   +27.3  Cmdr_R:  -117.9  Scout:100% Cmdr:98%  scout:[survived=120] cmdr:[survived=88 boundary=2] refills=432  NN_dec=2835/2970  fire: peak=115 final=80 supp=35 ext=32.8  71.1s
   Cmdr reward breakdown: r_extinguish=+186.667  r_water_waste=-7.733  r_water_near=+0.000  r_fire_out=+20.000  r_spread=-56.045
   Water drops: 1059 total, 560 hit, 499 miss (53% accuracy)  alt=51m [29-80]  dist=42m [2-91]
   FW shaping: surv=+0.0 bound=+0.0 alt_pen=+0.0 approach=+66.2 alt_shape=+333.6  avg_dist_scout=285m
   [SCOUT DIAG] ratio: 1.0000+/-0.0000 [1.0000,1.0000] | adv: -0.0699+/-1.1193 | alive=30000/30000
   [CMDR  DIAG] ratio: 1.0121+/-0.1630 [0.3420,2.4504] | adv: -0.0956+/-1.3857 | alive=673/726 | bc_coef=0.000
20:57:12 | Batch 0185 (Ep 05548) | R:   -672.2 (  -381.4)  Scout_R:   -72.9  Cmdr_R:  -599.3  Scout:100% Cmdr:93%  scout:[survived=120] cmdr:[survived=82 boundary=8] refills=281  NN_dec=2686/2970  fire: peak=145 final=115 supp=30 ext=32.5  67.9s
   Cmdr reward breakdown: r_extinguish=+157.000  r_water_waste=-4.317  r_water_near=+0.000  r_fire_out=+0.000  r_spread=-61.125
   Water drops: 743 total, 471 hit, 272 miss (63% accuracy)  alt=50m [27-79]  dist=45m [4-92]
   FW shaping: surv=+0.0 bound=+0.0 alt_pen=+0.0 approach=-17.6 alt_shape=+290.6  avg_dist_scout=309m
   [SCOUT DIAG] ratio: 1.0000+/-0.0000 [1.0000,1.0000] | adv: 0.1421+/-0.7911 | alive=30000/30000
   [CMDR  DIAG] ratio: 1.0110+/-0.1108 [0.5019,1.6598] | adv: -0.0885+/-1.1611 | alive=657/726 | bc_coef=0.000
20:58:46 | Batch 0186 (Ep 05578) | R:   -748.9 (  -710.5)  Scout_R:   -38.0  Cmdr_R:  -710.9  Scout:100% Cmdr:99%  scout:[survived=120] cmdr:[survived=89 boundary=1] refills=337  NN_dec=2840/2970  fire: peak=174 final=147 supp=27 ext=32.5  75.6s
   Cmdr reward breakdown: r_extinguish=+163.667  r_water_waste=-4.233  r_water_near=+0.000  r_fire_out=+0.000  r_spread=-84.180
   Water drops: 767 total, 491 hit, 276 miss (64% accuracy)  alt=50m [24-80]  dist=43m [1-113]
   FW shaping: surv=+0.0 bound=+0.0 alt_pen=+0.0 approach=+20.4 alt_shape=+282.3  avg_dist_scout=342m
   [SCOUT DIAG] ratio: 1.0000+/-0.0000 [1.0000,1.0000] | adv: 0.0673+/-0.9714 | alive=30000/30000
   [CMDR  DIAG] ratio: 1.0034+/-0.1417 [0.4234,2.9712] | adv: -0.0204+/-1.1569 | alive=701/726 | bc_coef=0.000
21:00:17 | Batch 0187 (Ep 05608) | R:  -1087.4 (  -918.2)  Scout_R:   -52.0  Cmdr_R: -1035.4  Scout:100% Cmdr:93%  scout:[survived=120] cmdr:[survived=82 boundary=8] refills=283  NN_dec=2681/2970  fire: peak=209 final=186 supp=23 ext=26.5  72.5s
   Cmdr reward breakdown: r_extinguish=+131.000  r_water_waste=-3.667  r_water_near=+0.000  r_fire_out=+0.000  r_spread=-88.570
   Water drops: 627 total, 393 hit, 234 miss (63% accuracy)  alt=51m [26-80]  dist=44m [3-89]
   FW shaping: surv=+0.0 bound=+0.0 alt_pen=+0.0 approach=-38.9 alt_shape=+221.3  avg_dist_scout=372m
   [SCOUT DIAG] ratio: 1.0000+/-0.0000 [1.0000,1.0000] | adv: -0.0589+/-1.1371 | alive=30000/30000
   [CMDR  DIAG] ratio: 1.0000+/-0.1409 [0.1937,2.0322] | adv: 0.1835+/-0.8406 | alive=620/726 | bc_coef=0.000
21:01:51 | Batch 0188 (Ep 05638) | R:   -191.5 (  -639.5)  Scout_R:  +128.7  Cmdr_R:  -320.2  Scout:100% Cmdr:98%  scout:[survived=120] cmdr:[survived=88 boundary=2] refills=231  NN_dec=2872/2970  fire: peak=155 final=132 supp=23 ext=30.6  75.7s
   Cmdr reward breakdown: r_extinguish=+144.000  r_water_waste=-4.050  r_water_near=+0.000  r_fire_out=+0.000  r_spread=-77.115
   Water drops: 697 total, 432 hit, 265 miss (62% accuracy)  alt=52m [26-80]  dist=46m [1-97]
   FW shaping: surv=+0.0 bound=+0.0 alt_pen=+0.0 approach=+34.1 alt_shape=+286.5  avg_dist_scout=308m
   [SCOUT DIAG] ratio: 1.0000+/-0.0000 [1.0000,1.0000] | adv: -0.0355+/-1.0409 | alive=30000/30000
   [CMDR  DIAG] ratio: 1.0029+/-0.1130 [0.4949,2.2645] | adv: 0.0318+/-0.7187 | alive=722/726 | bc_coef=0.000
21:03:22 | Batch 0189 (Ep 05668) | R:   -789.8 (  -490.6)  Scout_R:    -1.8  Cmdr_R:  -787.9  Scout:100% Cmdr:98%  scout:[survived=120] cmdr:[survived=88 boundary=2] refills=278  NN_dec=2864/2970  fire: peak=124 final=101 supp=23 ext=24.6  73.4s
   Cmdr reward breakdown: r_extinguish=+139.000  r_water_waste=-4.900  r_water_near=+0.000  r_fire_out=+5.000  r_spread=-56.360
   Water drops: 730 total, 417 hit, 313 miss (57% accuracy)  alt=48m [23-80]  dist=40m [3-92]
   FW shaping: surv=+0.0 bound=+0.0 alt_pen=+0.0 approach=-2.5 alt_shape=+299.8  avg_dist_scout=346m
   [SCOUT DIAG] ratio: 1.0000+/-0.0000 [1.0000,1.0000] | adv: 0.0817+/-0.8552 | alive=30000/30000
   [CMDR  DIAG] ratio: 0.9948+/-0.1483 [0.3333,2.2224] | adv: -0.0689+/-1.0363 | alive=693/726 | bc_coef=0.000
21:04:52 | Batch 0190 (Ep 05698) | R:   -895.5 (  -842.6)  Scout_R:   -34.6  Cmdr_R:  -860.9  Scout:100% Cmdr:95%  scout:[survived=120] cmdr:[survived=84 boundary=6] refills=333  NN_dec=2725/2970  fire: peak=169 final=148 supp=21 ext=25.7  71.3s
   Cmdr reward breakdown: r_extinguish=+134.667  r_water_waste=-4.667  r_water_near=+0.000  r_fire_out=+0.000  r_spread=-75.075
   Water drops: 708 total, 404 hit, 304 miss (57% accuracy)  alt=47m [19-80]  dist=45m [2-96]
   FW shaping: surv=+0.0 bound=+0.0 alt_pen=+0.0 approach=-66.3 alt_shape=+277.2  avg_dist_scout=362m
   [SCOUT DIAG] ratio: 1.0000+/-0.0000 [1.0000,1.0000] | adv: -0.0600+/-1.0268 | alive=30000/30000
   [CMDR  DIAG] ratio: 1.0025+/-0.1239 [0.4792,1.8865] | adv: 0.0928+/-0.8973 | alive=660/726 | bc_coef=0.000
21:06:32 | Batch 0191 (Ep 05728) | R:   -370.6 (  -633.0)  Scout_R:  -124.8  Cmdr_R:  -245.8  Scout:100% Cmdr:99%  scout:[survived=120] cmdr:[survived=89 boundary=1] refills=393  NN_dec=2873/2970  fire: peak=154 final=126 supp=28 ext=26.1  76.8s
   Cmdr reward breakdown: r_extinguish=+163.667  r_water_waste=-6.733  r_water_near=+0.000  r_fire_out=+10.000  r_spread=-69.505
   Water drops: 927 total, 491 hit, 436 miss (53% accuracy)  alt=49m [25-80]  dist=44m [5-91]
   FW shaping: surv=+0.0 bound=+0.0 alt_pen=+0.0 approach=+46.1 alt_shape=+327.9  avg_dist_scout=303m
   [SCOUT DIAG] ratio: 1.0000+/-0.0000 [1.0000,1.0000] | adv: -0.0762+/-1.0946 | alive=30000/30000
   [CMDR  DIAG] ratio: 1.0120+/-0.1407 [0.4562,1.9638] | adv: 0.2227+/-0.1886 | alive=723/726 | bc_coef=0.000
21:08:08 | Batch 0192 (Ep 05758) | R:   -843.7 (  -607.1)  Scout_R:  -104.3  Cmdr_R:  -739.4  Scout:100% Cmdr:98%  scout:[survived=120] cmdr:[survived=87 boundary=3] refills=378  NN_dec=2815/2970  fire: peak=174 final=143 supp=31 ext=32.9  77.2s
   Cmdr reward breakdown: r_extinguish=+171.667  r_water_waste=-5.083  r_water_near=+0.000  r_fire_out=+0.000  r_spread=-80.480
   Water drops: 845 total, 515 hit, 330 miss (61% accuracy)  alt=50m [20-80]  dist=45m [3-86]
   FW shaping: surv=+0.0 bound=+0.0 alt_pen=+0.0 approach=+5.5 alt_shape=+266.0  avg_dist_scout=367m
   [SCOUT DIAG] ratio: 1.0000+/-0.0000 [1.0000,1.0000] | adv: 0.0935+/-0.9384 | alive=30000/30000
   [CMDR  DIAG] ratio: 1.0039+/-0.1368 [0.3064,2.5072] | adv: 0.2935+/-0.3091 | alive=694/726 | bc_coef=0.000
21:09:43 | Batch 0193 (Ep 05788) | R:   -852.9 (  -848.3)  Scout_R:   -36.4  Cmdr_R:  -816.5  Scout:100% Cmdr:98%  scout:[survived=120] cmdr:[survived=88 boundary=2] refills=248  NN_dec=2880/2970  fire: peak=149 final=124 supp=25 ext=31.8  76.2s
   Cmdr reward breakdown: r_extinguish=+155.667  r_water_waste=-4.033  r_water_near=+0.000  r_fire_out=+10.000  r_spread=-69.800
   Water drops: 724 total, 467 hit, 257 miss (65% accuracy)  alt=48m [20-80]  dist=42m [3-110]
   FW shaping: surv=+0.0 bound=+0.0 alt_pen=+0.0 approach=+32.3 alt_shape=+270.8  avg_dist_scout=364m
   [SCOUT DIAG] ratio: 1.0000+/-0.0000 [1.0000,1.0000] | adv: 0.0682+/-0.9941 | alive=30000/30000
   [CMDR  DIAG] ratio: 1.0137+/-0.1719 [0.3602,2.6441] | adv: 0.0528+/-0.9549 | alive=721/726 | bc_coef=0.000
21:11:13 | Batch 0194 (Ep 05818) | R:   -944.5 (  -898.7)  Scout_R:  -107.1  Cmdr_R:  -837.4  Scout:100% Cmdr:95%  scout:[survived=120] cmdr:[survived=85 boundary=5] refills=382  NN_dec=2719/2970  fire: peak=205 final=190 supp=14 ext=29.3  71.5s
   Cmdr reward breakdown: r_extinguish=+156.667  r_water_waste=-5.067  r_water_near=+0.000  r_fire_out=+0.000  r_spread=-92.570
   Water drops: 803 total, 470 hit, 333 miss (59% accuracy)  alt=51m [22-80]  dist=44m [1-88]
   FW shaping: surv=+0.0 bound=+0.0 alt_pen=+0.0 approach=-75.5 alt_shape=+235.2  avg_dist_scout=387m
   [SCOUT DIAG] ratio: 1.0000+/-0.0000 [1.0000,1.0000] | adv: 0.1162+/-0.9562 | alive=30000/30000
   [CMDR  DIAG] ratio: 1.0117+/-0.1747 [0.4467,2.0386] | adv: 0.1394+/-0.6316 | alive=701/726 | bc_coef=0.000
21:12:42 | Batch 0195 (Ep 05848) | R:   -711.2 (  -827.9)  Scout_R:   -63.5  Cmdr_R:  -647.7  Scout:100% Cmdr:96%  scout:[survived=120] cmdr:[survived=85 boundary=5] refills=309  NN_dec=2788/2970  fire: peak=152 final=132 supp=20 ext=26.6  70.9s
   Cmdr reward breakdown: r_extinguish=+137.000  r_water_waste=-4.933  r_water_near=+0.000  r_fire_out=+5.000  r_spread=-68.380
   Water drops: 725 total, 411 hit, 314 miss (57% accuracy)  alt=50m [23-80]  dist=46m [2-94]
   FW shaping: surv=+0.0 bound=+0.0 alt_pen=+0.0 approach=-27.2 alt_shape=+251.7  avg_dist_scout=368m
   [SCOUT DIAG] ratio: 1.0000+/-0.0000 [1.0000,1.0000] | adv: -0.1851+/-1.2292 | alive=30000/30000
   [CMDR  DIAG] ratio: 1.0104+/-0.1659 [0.3050,2.7682] | adv: -0.0113+/-0.9735 | alive=673/726 | bc_coef=0.000
21:14:18 | Batch 0196 (Ep 05878) | R:   -387.8 (  -549.5)  Scout_R:   +32.9  Cmdr_R:  -420.8  Scout:100% Cmdr:100%  scout:[survived=120] cmdr:[survived=90] refills=386  NN_dec=2919/2970  fire: peak=142 final=111 supp=31 ext=35.0  77.1s
   Cmdr reward breakdown: r_extinguish=+184.333  r_water_waste=-6.067  r_water_near=+0.000  r_fire_out=+5.000  r_spread=-73.230
   Water drops: 951 total, 553 hit, 398 miss (58% accuracy)  alt=49m [15-76]  dist=45m [2-104]
   FW shaping: surv=+0.0 bound=+0.0 alt_pen=+0.0 approach=+46.7 alt_shape=+313.2  avg_dist_scout=321m
   [SCOUT DIAG] ratio: 1.0000+/-0.0000 [1.0000,1.0000] | adv: -0.2514+/-1.1559 | alive=30000/30000
   [CMDR  DIAG] ratio: 0.9983+/-0.1260 [0.5397,1.9571] | adv: 0.0178+/-1.0822 | alive=716/726 | bc_coef=0.000
21:15:48 | Batch 0197 (Ep 05908) | R:   -419.7 (  -403.7)  Scout_R:   +38.4  Cmdr_R:  -458.0  Scout:100% Cmdr:97%  scout:[survived=120] cmdr:[survived=87 boundary=3] refills=378  NN_dec=2756/2970  fire: peak=149 final=120 supp=29 ext=29.6  71.8s
   Cmdr reward breakdown: r_extinguish=+162.667  r_water_waste=-4.367  r_water_near=+0.000  r_fire_out=+10.000  r_spread=-64.560
   Water drops: 778 total, 488 hit, 290 miss (63% accuracy)  alt=50m [20-78]  dist=42m [5-76]
   FW shaping: surv=+0.0 bound=+0.0 alt_pen=+0.0 approach=-13.3 alt_shape=+277.9  avg_dist_scout=334m
   [SCOUT DIAG] ratio: 1.0000+/-0.0000 [1.0000,1.0000] | adv: 0.0761+/-0.9170 | alive=30000/30000
   [CMDR  DIAG] ratio: 1.0114+/-0.2250 [0.3907,3.9610] | adv: 0.0385+/-1.2357 | alive=660/726 | bc_coef=0.000
21:17:20 | Batch 0198 (Ep 05938) | R:   -585.4 (  -502.5)  Scout_R:   -22.5  Cmdr_R:  -562.9  Scout:100% Cmdr:97%  scout:[survived=120] cmdr:[survived=87 boundary=3] refills=357  NN_dec=2863/2970  fire: peak=185 final=154 supp=31 ext=33.0  73.5s
   Cmdr reward breakdown: r_extinguish=+169.667  r_water_waste=-5.600  r_water_near=+0.000  r_fire_out=+5.000  r_spread=-85.620
   Water drops: 876 total, 509 hit, 367 miss (58% accuracy)  alt=49m [21-80]  dist=45m [2-94]
   FW shaping: surv=+0.0 bound=+0.0 alt_pen=+0.0 approach=+12.6 alt_shape=+308.4  avg_dist_scout=328m
   [SCOUT DIAG] ratio: 1.0000+/-0.0000 [1.0000,1.0000] | adv: 0.0142+/-1.0312 | alive=30000/30000
   [CMDR  DIAG] ratio: 1.0044+/-0.1221 [0.3356,1.9437] | adv: 0.0687+/-0.8571 | alive=686/726 | bc_coef=0.000
21:18:57 | Batch 0199 (Ep 05968) | R:   -438.2 (  -511.8)  Scout_R:  +209.9  Cmdr_R:  -648.1  Scout:100% Cmdr:99%  scout:[survived=120] cmdr:[survived=89 boundary=1] refills=434  NN_dec=2854/2970  fire: peak=186 final=166 supp=20 ext=34.2  78.7s
   Cmdr reward breakdown: r_extinguish=+179.667  r_water_waste=-7.083  r_water_near=+0.000  r_fire_out=+0.000  r_spread=-90.865
   Water drops: 996 total, 539 hit, 457 miss (54% accuracy)  alt=50m [20-80]  dist=45m [1-97]
   FW shaping: surv=+0.0 bound=+0.0 alt_pen=+0.0 approach=+4.3 alt_shape=+292.3  avg_dist_scout=329m
   [SCOUT DIAG] ratio: 1.0000+/-0.0000 [1.0000,1.0000] | adv: -0.2944+/-1.2010 | alive=30000/30000
   [CMDR  DIAG] ratio: 1.0055+/-0.1142 [0.1425,1.8931] | adv: 0.1197+/-0.6986 | alive=718/726 | bc_coef=0.000
21:20:30 | Batch 0200 (Ep 05998) | R:   -884.7 (  -661.5)  Scout_R:    -4.6  Cmdr_R:  -880.1  Scout:100% Cmdr:95%  scout:[survived=120] cmdr:[survived=84 boundary=6] refills=432  NN_dec=2696/2970  fire: peak=198 final=186 supp=12 ext=29.0  74.6s
   Cmdr reward breakdown: r_extinguish=+147.333  r_water_waste=-6.450  r_water_near=+0.000  r_fire_out=+0.000  r_spread=-87.405
   Water drops: 861 total, 442 hit, 419 miss (51% accuracy)  alt=48m [20-79]  dist=47m [5-90]
   FW shaping: surv=+0.0 bound=+0.0 alt_pen=+0.0 approach=-32.9 alt_shape=+240.5  avg_dist_scout=379m
   [SCOUT DIAG] ratio: 1.0000+/-0.0000 [1.0000,1.0000] | adv: 0.0635+/-0.9413 | alive=30000/30000
   [CMDR  DIAG] ratio: 1.0038+/-0.1724 [0.3217,3.2346] | adv: -0.2196+/-1.3170 | alive=693/726 | bc_coef=0.000
21:22:06 | Batch 0201 (Ep 06028) | R:   -361.7 (  -623.2)  Scout_R:   -80.1  Cmdr_R:  -281.7  Scout:100% Cmdr:96%  scout:[survived=120] cmdr:[survived=85 boundary=5] refills=404  NN_dec=2799/2970  fire: peak=148 final=117 supp=31 ext=28.2  72.5s
   Cmdr reward breakdown: r_extinguish=+154.000  r_water_waste=-6.133  r_water_near=+0.000  r_fire_out=+5.000  r_spread=-64.910
   Water drops: 857 total, 462 hit, 395 miss (54% accuracy)  alt=47m [18-80]  dist=45m [3-90]
   FW shaping: surv=+0.0 bound=+0.0 alt_pen=+0.0 approach=+28.3 alt_shape=+317.0  avg_dist_scout=303m
   [SCOUT DIAG] ratio: 1.0000+/-0.0000 [1.0000,1.0000] | adv: 0.1218+/-0.9475 | alive=30000/30000
   [CMDR  DIAG] ratio: 1.0155+/-0.1722 [0.4226,3.1752] | adv: 0.0069+/-1.0332 | alive=703/726 | bc_coef=0.000
21:23:36 | Batch 0202 (Ep 06058) | R:    -80.5 (  -221.1)  Scout_R:   +36.3  Cmdr_R:  -116.8  Scout:100% Cmdr:100%  scout:[survived=120] cmdr:[survived=90] refills=380  NN_dec=2940/2970  fire: peak=135 final=112 supp=23 ext=39.6  71.7s
   Cmdr reward breakdown: r_extinguish=+199.667  r_water_waste=-6.317  r_water_near=+0.000  r_fire_out=+0.000  r_spread=-73.695
   Water drops: 1003 total, 599 hit, 404 miss (60% accuracy)  alt=51m [20-79]  dist=47m [4-100]
   FW shaping: surv=+0.0 bound=+0.0 alt_pen=+0.0 approach=+69.3 alt_shape=+351.3  avg_dist_scout=284m
   [SCOUT DIAG] ratio: 1.0000+/-0.0000 [1.0000,1.0000] | adv: -0.1324+/-1.0848 | alive=30000/30000
   [CMDR  DIAG] ratio: 1.0060+/-0.1485 [0.4637,2.4768] | adv: 0.2076+/-0.2261 | alive=725/726 | bc_coef=0.000
21:25:17 | Batch 0203 (Ep 06088) | R:   -814.1 (  -447.3)  Scout_R:  -132.4  Cmdr_R:  -681.7  Scout:100% Cmdr:100%  scout:[survived=120] cmdr:[survived=90] refills=399  NN_dec=2844/2970  fire: peak=158 final=134 supp=24 ext=31.1  83.0s
   Cmdr reward breakdown: r_extinguish=+160.667  r_water_waste=-6.483  r_water_near=+0.000  r_fire_out=+5.000  r_spread=-74.895
   Water drops: 901 total, 482 hit, 419 miss (53% accuracy)  alt=51m [25-80]  dist=44m [10-91]
   FW shaping: surv=+0.0 bound=+0.0 alt_pen=+0.0 approach=+43.0 alt_shape=+291.2  avg_dist_scout=353m
   [SCOUT DIAG] ratio: 1.0000+/-0.0000 [1.0000,1.0000] | adv: -0.1092+/-1.1245 | alive=30000/30000
   [CMDR  DIAG] ratio: 0.9931+/-0.1073 [0.5054,1.6294] | adv: -0.4054+/-1.3657 | alive=692/726 | bc_coef=0.000
21:26:50 | Batch 0204 (Ep 06118) | R:   -664.1 (  -739.1)  Scout_R:   +48.4  Cmdr_R:  -712.5  Scout:100% Cmdr:98%  scout:[survived=120] cmdr:[survived=88 boundary=2] refills=344  NN_dec=2869/2970  fire: peak=135 final=113 supp=22 ext=33.0  74.1s
   Cmdr reward breakdown: r_extinguish=+175.333  r_water_waste=-5.183  r_water_near=+0.000  r_fire_out=+0.000  r_spread=-69.015
   Water drops: 862 total, 526 hit, 336 miss (61% accuracy)  alt=49m [24-79]  dist=45m [2-121]
   FW shaping: surv=+0.0 bound=+0.0 alt_pen=+0.0 approach=+4.9 alt_shape=+264.3  avg_dist_scout=350m
   [SCOUT DIAG] ratio: 1.0000+/-0.0000 [1.0000,1.0000] | adv: 0.0173+/-1.0437 | alive=30000/30000
   [CMDR  DIAG] ratio: 1.0052+/-0.1502 [0.4538,3.0766] | adv: -0.0182+/-0.9816 | alive=722/726 | bc_coef=0.000
21:28:29 | Batch 0205 (Ep 06148) | R:   -867.6 (  -765.8)  Scout_R:   +36.0  Cmdr_R:  -903.6  Scout:100% Cmdr:96%  scout:[survived=120] cmdr:[survived=85 boundary=5] refills=293  NN_dec=2789/2970  fire: peak=171 final=146 supp=25 ext=27.9  79.5s
   Cmdr reward breakdown: r_extinguish=+157.000  r_water_waste=-4.533  r_water_near=+0.000  r_fire_out=+0.000  r_spread=-73.155
   Water drops: 770 total, 471 hit, 299 miss (61% accuracy)  alt=46m [21-80]  dist=43m [9-83]
   FW shaping: surv=+0.0 bound=+0.0 alt_pen=+0.0 approach=-34.0 alt_shape=+249.4  avg_dist_scout=367m
   [SCOUT DIAG] ratio: 1.0000+/-0.0000 [1.0000,1.0000] | adv: 0.1166+/-0.8968 | alive=30000/30000
   [CMDR  DIAG] ratio: 1.0045+/-0.1517 [0.3625,2.2768] | adv: 0.2015+/-0.3924 | alive=641/726 | bc_coef=0.000
21:30:07 | Batch 0206 (Ep 06178) | R:   -606.8 (  -737.2)  Scout_R:   -24.5  Cmdr_R:  -582.3  Scout:100% Cmdr:97%  scout:[survived=120] cmdr:[survived=87 boundary=3] refills=433  NN_dec=2810/2970  fire: peak=158 final=122 supp=36 ext=35.7  79.4s
   Cmdr reward breakdown: r_extinguish=+189.000  r_water_waste=-5.417  r_water_near=+0.000  r_fire_out=+15.000  r_spread=-71.805
   Water drops: 921 total, 567 hit, 354 miss (62% accuracy)  alt=48m [24-79]  dist=45m [5-89]
   FW shaping: surv=+0.0 bound=+0.0 alt_pen=+0.0 approach=+18.0 alt_shape=+289.3  avg_dist_scout=337m
   [SCOUT DIAG] ratio: 1.0000+/-0.0000 [1.0000,1.0000] | adv: 0.0410+/-0.8983 | alive=30000/30000
   [CMDR  DIAG] ratio: 0.9931+/-0.1596 [0.3147,2.7489] | adv: -0.0808+/-1.1320 | alive=696/726 | bc_coef=0.000
21:31:37 | Batch 0207 (Ep 06208) | R:   -604.8 (  -605.8)  Scout_R:  -172.3  Cmdr_R:  -432.5  Scout:100% Cmdr:97%  scout:[survived=120] cmdr:[survived=86 boundary=4] refills=360  NN_dec=2808/2970  fire: peak=149 final=124 supp=25 ext=32.5  71.0s
   Cmdr reward breakdown: r_extinguish=+160.333  r_water_waste=-5.517  r_water_near=+0.000  r_fire_out=+0.000  r_spread=-73.470
   Water drops: 838 total, 481 hit, 357 miss (57% accuracy)  alt=47m [19-79]  dist=43m [3-93]
   FW shaping: surv=+0.0 bound=+0.0 alt_pen=+0.0 approach=+15.6 alt_shape=+315.8  avg_dist_scout=317m
   [SCOUT DIAG] ratio: 1.0000+/-0.0000 [1.0000,1.0000] | adv: -0.0063+/-1.0894 | alive=30000/30000
   [CMDR  DIAG] ratio: 1.0030+/-0.1456 [0.4082,2.8348] | adv: -0.2579+/-1.4870 | alive=668/726 | bc_coef=0.000
21:33:13 | Batch 0208 (Ep 06238) | R:   -652.9 (  -628.8)  Scout_R:  -164.9  Cmdr_R:  -488.0  Scout:100% Cmdr:98%  scout:[survived=120] cmdr:[survived=88 boundary=2] refills=221  NN_dec=2892/2970  fire: peak=165 final=141 supp=24 ext=25.5  76.9s
   Cmdr reward breakdown: r_extinguish=+146.667  r_water_waste=-4.833  r_water_near=+0.000  r_fire_out=+10.000  r_spread=-77.750
   Water drops: 753 total, 440 hit, 313 miss (58% accuracy)  alt=50m [23-80]  dist=47m [6-105]
   FW shaping: surv=+0.0 bound=+0.0 alt_pen=+0.0 approach=+28.8 alt_shape=+344.8  avg_dist_scout=291m
   [SCOUT DIAG] ratio: 1.0000+/-0.0000 [1.0000,1.0000] | adv: -0.0985+/-1.1652 | alive=30000/30000
   [CMDR  DIAG] ratio: 1.0038+/-0.1398 [0.4741,2.2753] | adv: -0.2891+/-1.3630 | alive=687/726 | bc_coef=0.000
21:34:50 | Batch 0209 (Ep 06268) | R:   -560.7 (  -606.8)  Scout_R:  -180.9  Cmdr_R:  -379.9  Scout:100% Cmdr:98%  scout:[survived=120] cmdr:[survived=88 boundary=2] refills=312  NN_dec=2854/2970  fire: peak=178 final=162 supp=15 ext=25.8  77.1s
   Cmdr reward breakdown: r_extinguish=+135.333  r_water_waste=-5.450  r_water_near=+0.000  r_fire_out=+5.000  r_spread=-81.940
   Water drops: 760 total, 406 hit, 354 miss (53% accuracy)  alt=49m [20-79]  dist=47m [3-114]
   FW shaping: surv=+0.0 bound=+0.0 alt_pen=+0.0 approach=+37.0 alt_shape=+308.4  avg_dist_scout=321m
   [SCOUT DIAG] ratio: 1.0000+/-0.0000 [1.0000,1.0000] | adv: 0.1151+/-0.8561 | alive=30000/30000
   [CMDR  DIAG] ratio: 1.0126+/-0.1759 [0.5239,3.8776] | adv: 0.2409+/-0.2877 | alive=697/726 | bc_coef=0.000
21:36:23 | Batch 0210 (Ep 06298) | R:   -971.8 (  -766.3)  Scout_R:  -143.7  Cmdr_R:  -828.1  Scout:100% Cmdr:92%  scout:[survived=120] cmdr:[survived=81 boundary=9] refills=389  NN_dec=2557/2970  fire: peak=171 final=150 supp=21 ext=27.0  73.8s
   Cmdr reward breakdown: r_extinguish=+154.000  r_water_waste=-4.467  r_water_near=+0.000  r_fire_out=+10.000  r_spread=-72.270
   Water drops: 751 total, 462 hit, 289 miss (62% accuracy)  alt=50m [19-80]  dist=46m [3-94]
   FW shaping: surv=+0.0 bound=+0.0 alt_pen=+0.0 approach=-78.5 alt_shape=+220.3  avg_dist_scout=375m
   [SCOUT DIAG] ratio: 1.0000+/-0.0000 [1.0000,1.0000] | adv: 0.1450+/-0.8781 | alive=30000/30000
   [CMDR  DIAG] ratio: 1.0072+/-0.2258 [0.2141,2.4992] | adv: -0.2228+/-1.3100 | alive=622/726 | bc_coef=0.000
21:38:00 | Batch 0211 (Ep 06328) | R:   -635.0 (  -803.4)  Scout_R:    +5.8  Cmdr_R:  -640.8  Scout:100% Cmdr:97%  scout:[survived=120] cmdr:[survived=87 boundary=3] refills=453  NN_dec=2778/2970  fire: peak=166 final=150 supp=16 ext=33.7  74.7s
   Cmdr reward breakdown: r_extinguish=+174.667  r_water_waste=-5.633  r_water_near=+0.000  r_fire_out=+0.000  r_spread=-79.530
   Water drops: 897 total, 524 hit, 373 miss (58% accuracy)  alt=47m [16-80]  dist=43m [3-95]
   FW shaping: surv=+0.0 bound=+0.0 alt_pen=+0.0 approach=-28.5 alt_shape=+254.0  avg_dist_scout=364m
   [SCOUT DIAG] ratio: 1.0000+/-0.0000 [1.0000,1.0000] | adv: 0.0703+/-1.0277 | alive=30000/30000
   [CMDR  DIAG] ratio: 1.0108+/-0.1156 [0.4668,2.1248] | adv: 0.2534+/-0.3882 | alive=719/726 | bc_coef=0.000
21:39:34 | Batch 0212 (Ep 06358) | R:   -984.0 (  -809.5)  Scout_R:  -152.6  Cmdr_R:  -831.3  Scout:100% Cmdr:99%  scout:[survived=120] cmdr:[survived=89 boundary=1] refills=309  NN_dec=2852/2970  fire: peak=211 final=193 supp=18 ext=24.6  75.1s
   Cmdr reward breakdown: r_extinguish=+139.667  r_water_waste=-4.417  r_water_near=+0.000  r_fire_out=+5.000  r_spread=-92.895
   Water drops: 706 total, 419 hit, 287 miss (59% accuracy)  alt=49m [19-79]  dist=41m [5-86]
   FW shaping: surv=+0.0 bound=+0.0 alt_pen=+0.0 approach=-33.4 alt_shape=+265.9  avg_dist_scout=372m
   [SCOUT DIAG] ratio: 1.0000+/-0.0000 [1.0000,1.0000] | adv: -0.2247+/-1.1636 | alive=30000/30000
   [CMDR  DIAG] ratio: 1.0073+/-0.1691 [0.4684,2.4016] | adv: 0.2223+/-0.6513 | alive=718/726 | bc_coef=0.000
21:41:03 | Batch 0213 (Ep 06388) | R:   -839.8 (  -911.9)  Scout_R:  -155.0  Cmdr_R:  -684.9  Scout:100% Cmdr:98%  scout:[survived=120] cmdr:[survived=87 boundary=3] refills=334  NN_dec=2822/2970  fire: peak=154 final=134 supp=21 ext=25.0  70.0s
   Cmdr reward breakdown: r_extinguish=+142.333  r_water_waste=-4.800  r_water_near=+0.000  r_fire_out=+5.000  r_spread=-70.060
   Water drops: 743 total, 427 hit, 316 miss (57% accuracy)  alt=49m [22-79]  dist=44m [6-90]
   FW shaping: surv=+0.0 bound=+0.0 alt_pen=+0.0 approach=-23.3 alt_shape=+278.6  avg_dist_scout=337m
   [SCOUT DIAG] ratio: 1.0000+/-0.0000 [1.0000,1.0000] | adv: -0.0288+/-0.9620 | alive=30000/30000
   [CMDR  DIAG] ratio: 1.0049+/-0.1315 [0.3067,1.7122] | adv: 0.2478+/-0.4857 | alive=707/726 | bc_coef=0.000
21:42:41 | Batch 0214 (Ep 06418) | R:   -937.0 (  -888.4)  Scout_R:   -21.7  Cmdr_R:  -915.3  Scout:100% Cmdr:97%  scout:[survived=120] cmdr:[survived=86 boundary=4] refills=319  NN_dec=2803/2970  fire: peak=183 final=160 supp=23 ext=34.5  79.9s
   Cmdr reward breakdown: r_extinguish=+167.000  r_water_waste=-5.850  r_water_near=+0.000  r_fire_out=+0.000  r_spread=-85.410
   Water drops: 877 total, 501 hit, 376 miss (57% accuracy)  alt=47m [20-80]  dist=45m [3-99]
   FW shaping: surv=+0.0 bound=+0.0 alt_pen=+0.0 approach=+21.4 alt_shape=+284.8  avg_dist_scout=360m
   [SCOUT DIAG] ratio: 1.0000+/-0.0000 [1.0000,1.0000] | adv: 0.0660+/-0.9435 | alive=30000/30000
   [CMDR  DIAG] ratio: 1.0096+/-0.1725 [0.3537,2.3802] | adv: 0.3434+/-0.1244 | alive=696/726 | bc_coef=0.000
21:44:22 | Batch 0215 (Ep 06448) | R:   -211.0 (  -574.0)  Scout_R:   +80.0  Cmdr_R:  -291.0  Scout:100% Cmdr:100%  scout:[survived=120] cmdr:[survived=90] refills=388  NN_dec=2908/2970  fire: peak=140 final=113 supp=28 ext=38.0  82.2s
   Cmdr reward breakdown: r_extinguish=+185.000  r_water_waste=-5.150  r_water_near=+0.000  r_fire_out=+5.000  r_spread=-70.995
   Water drops: 890 total, 555 hit, 335 miss (62% accuracy)  alt=49m [16-79]  dist=45m [8-97]
   FW shaping: surv=+0.0 bound=+0.0 alt_pen=+0.0 approach=+30.8 alt_shape=+320.3  avg_dist_scout=305m
   [SCOUT DIAG] ratio: 1.0000+/-0.0000 [1.0000,1.0000] | adv: 0.0259+/-1.0573 | alive=30000/30000
   [CMDR  DIAG] ratio: 1.0015+/-0.1587 [0.2237,2.8428] | adv: 0.2324+/-0.2348 | alive=718/726 | bc_coef=0.000
21:45:58 | Batch 0216 (Ep 06478) | R:   -930.8 (  -570.9)  Scout_R:   +56.7  Cmdr_R:  -987.5  Scout:100% Cmdr:97%  scout:[survived=120] cmdr:[survived=87 boundary=3] refills=408  NN_dec=2764/2970  fire: peak=223 final=201 supp=22 ext=35.3  76.1s
   Cmdr reward breakdown: r_extinguish=+160.667  r_water_waste=-5.017  r_water_near=+0.000  r_fire_out=+0.000  r_spread=-102.975
   Water drops: 806 total, 482 hit, 324 miss (60% accuracy)  alt=50m [19-80]  dist=44m [5-120]
   FW shaping: surv=+0.0 bound=+0.0 alt_pen=+0.0 approach=-4.7 alt_shape=+262.4  avg_dist_scout=360m
   [SCOUT DIAG] ratio: 1.0000+/-0.0000 [1.0000,1.0000] | adv: 0.1178+/-0.7515 | alive=30000/30000
   [CMDR  DIAG] ratio: 0.9991+/-0.1484 [0.4278,1.9448] | adv: -0.3502+/-1.3071 | alive=671/726 | bc_coef=0.000
21:47:37 | Batch 0217 (Ep 06508) | R:  -1104.8 ( -1017.8)  Scout_R:   -11.3  Cmdr_R: -1093.5  Scout:100% Cmdr:98%  scout:[survived=120] cmdr:[survived=87 boundary=3] refills=354  NN_dec=2844/2970  fire: peak=284 final=267 supp=16 ext=34.0  80.2s
   Cmdr reward breakdown: r_extinguish=+151.000  r_water_waste=-5.300  r_water_near=+0.000  r_fire_out=+0.000  r_spread=-124.740
   Water drops: 798 total, 453 hit, 345 miss (57% accuracy)  alt=45m [19-79]  dist=47m [5-102]
   FW shaping: surv=+0.0 bound=+0.0 alt_pen=+0.0 approach=-19.0 alt_shape=+267.0  avg_dist_scout=381m
   [SCOUT DIAG] ratio: 1.0000+/-0.0000 [1.0000,1.0000] | adv: 0.0220+/-0.9806 | alive=30000/30000
   [CMDR  DIAG] ratio: 1.0149+/-0.1595 [0.2428,2.0566] | adv: -0.1825+/-1.1279 | alive=691/726 | bc_coef=0.000
21:49:16 | Batch 0218 (Ep 06538) | R:   -638.2 (  -871.5)  Scout_R:   +35.6  Cmdr_R:  -673.8  Scout:100% Cmdr:97%  scout:[survived=120] cmdr:[survived=87 boundary=3] refills=343  NN_dec=2855/2970  fire: peak=230 final=206 supp=24 ext=36.2  80.3s
   Cmdr reward breakdown: r_extinguish=+166.667  r_water_waste=-6.083  r_water_near=+0.000  r_fire_out=+0.000  r_spread=-105.840
   Water drops: 896 total, 500 hit, 396 miss (56% accuracy)  alt=46m [20-77]  dist=45m [9-102]
   FW shaping: surv=+0.0 bound=+0.0 alt_pen=+0.0 approach=+6.1 alt_shape=+266.6  avg_dist_scout=356m
   [SCOUT DIAG] ratio: 1.0000+/-0.0000 [1.0000,1.0000] | adv: 0.0895+/-0.8285 | alive=30000/30000
   [CMDR  DIAG] ratio: 0.9963+/-0.0932 [0.5613,1.6206] | adv: -0.4147+/-1.3526 | alive=697/726 | bc_coef=0.000
21:50:51 | Batch 0219 (Ep 06568) | R:   -364.3 (  -501.3)  Scout_R:  +102.0  Cmdr_R:  -466.3  Scout:100% Cmdr:97%  scout:[survived=120] cmdr:[survived=87 boundary=3] refills=617  NN_dec=2709/2970  fire: peak=169 final=133 supp=37 ext=45.6  75.0s
   Cmdr reward breakdown: r_extinguish=+201.667  r_water_waste=-7.433  r_water_near=+0.000  r_fire_out=+5.000  r_spread=-81.350
   Water drops: 1096 total, 605 hit, 491 miss (55% accuracy)  alt=47m [19-79]  dist=41m [2-116]
   FW shaping: surv=+0.0 bound=+0.0 alt_pen=+0.0 approach=+21.2 alt_shape=+298.1  avg_dist_scout=308m
   [SCOUT DIAG] ratio: 1.0000+/-0.0000 [1.0000,1.0000] | adv: 0.0134+/-1.0475 | alive=30000/30000
   [CMDR  DIAG] ratio: 1.0103+/-0.1265 [0.5504,1.9247] | adv: -0.0878+/-1.2429 | alive=608/726 | bc_coef=0.000
21:52:21 | Batch 0220 (Ep 06598) | R:   -298.2 (  -331.2)  Scout_R:   -18.1  Cmdr_R:  -280.1  Scout:100% Cmdr:100%  scout:[survived=120] cmdr:[survived=90] refills=415  NN_dec=2872/2970  fire: peak=156 final=135 supp=21 ext=37.8  71.9s
   Cmdr reward breakdown: r_extinguish=+182.333  r_water_waste=-5.600  r_water_near=+0.000  r_fire_out=+0.000  r_spread=-77.250
   Water drops: 915 total, 547 hit, 368 miss (60% accuracy)  alt=46m [20-79]  dist=43m [7-92]
   FW shaping: surv=+0.0 bound=+0.0 alt_pen=+0.0 approach=+48.7 alt_shape=+304.0  avg_dist_scout=295m
   [SCOUT DIAG] ratio: 1.0000+/-0.0000 [1.0000,1.0000] | adv: 0.1299+/-0.7746 | alive=30000/30000
   [CMDR  DIAG] ratio: 1.0056+/-0.0843 [0.6560,1.6085] | adv: 0.1326+/-0.5385 | alive=726/726 | bc_coef=0.000
21:53:57 | Batch 0221 (Ep 06628) | R:   -774.7 (  -536.4)  Scout_R:    +3.2  Cmdr_R:  -777.9  Scout:100% Cmdr:96%  scout:[survived=120] cmdr:[survived=86 boundary=4] refills=386  NN_dec=2769/2970  fire: peak=253 final=230 supp=23 ext=32.0  72.9s
   Cmdr reward breakdown: r_extinguish=+152.667  r_water_waste=-6.483  r_water_near=+0.000  r_fire_out=+0.000  r_spread=-107.315
   Water drops: 880 total, 458 hit, 422 miss (52% accuracy)  alt=44m [15-79]  dist=44m [1-102]
   FW shaping: surv=+0.0 bound=+0.0 alt_pen=+0.0 approach=-11.9 alt_shape=+236.3  avg_dist_scout=384m
   [SCOUT DIAG] ratio: 1.0000+/-0.0000 [1.0000,1.0000] | adv: 0.1250+/-1.0043 | alive=30000/30000
   [CMDR  DIAG] ratio: 1.0050+/-0.1454 [0.3194,2.2241] | adv: -0.2150+/-1.2244 | alive=693/726 | bc_coef=0.000
21:55:31 | Batch 0222 (Ep 06658) | R:   -576.4 (  -675.5)  Scout_R:   +35.2  Cmdr_R:  -611.6  Scout:100% Cmdr:96%  scout:[survived=120] cmdr:[survived=86 boundary=4] refills=463  NN_dec=2746/2970  fire: peak=181 final=162 supp=19 ext=32.0  75.7s
   Cmdr reward breakdown: r_extinguish=+167.333  r_water_waste=-7.717  r_water_near=+0.000  r_fire_out=+5.000  r_spread=-81.585
   Water drops: 1005 total, 502 hit, 503 miss (50% accuracy)  alt=45m [18-79]  dist=45m [2-91]
   FW shaping: surv=+0.0 bound=+0.0 alt_pen=+0.0 approach=-6.5 alt_shape=+289.6  avg_dist_scout=326m
   [SCOUT DIAG] ratio: 1.0000+/-0.0000 [1.0000,1.0000] | adv: 0.0640+/-0.9037 | alive=30000/30000
   [CMDR  DIAG] ratio: 1.0049+/-0.1671 [0.2646,2.1669] | adv: 0.0879+/-1.0616 | alive=636/726 | bc_coef=0.000
21:57:07 | Batch 0223 (Ep 06688) | R:   -809.1 (  -692.8)  Scout_R:    +1.5  Cmdr_R:  -810.6  Scout:100% Cmdr:97%  scout:[survived=120] cmdr:[survived=86 boundary=4] refills=561  NN_dec=2713/2970  fire: peak=232 final=207 supp=25 ext=37.1  78.2s
   Cmdr reward breakdown: r_extinguish=+192.000  r_water_waste=-6.767  r_water_near=+0.000  r_fire_out=+0.000  r_spread=-106.890
   Water drops: 1026 total, 576 hit, 450 miss (56% accuracy)  alt=44m [22-79]  dist=45m [4-96]
   FW shaping: surv=+0.0 bound=+0.0 alt_pen=+0.0 approach=-10.0 alt_shape=+265.1  avg_dist_scout=394m
   [SCOUT DIAG] ratio: 1.0000+/-0.0000 [1.0000,1.0000] | adv: -0.0578+/-1.0487 | alive=30000/30000
   [CMDR  DIAG] ratio: 0.9916+/-0.1198 [0.4781,1.7577] | adv: 0.0101+/-0.7979 | alive=647/726 | bc_coef=0.000
21:58:37 | Batch 0224 (Ep 06718) | R:   -350.8 (  -580.0)  Scout_R:   +10.5  Cmdr_R:  -361.3  Scout:100% Cmdr:97%  scout:[survived=120] cmdr:[survived=86 boundary=4] refills=538  NN_dec=2701/2970  fire: peak=195 final=166 supp=29 ext=40.4  71.4s
   Cmdr reward breakdown: r_extinguish=+203.333  r_water_waste=-6.533  r_water_near=+0.000  r_fire_out=+0.000  r_spread=-94.690
   Water drops: 1039 total, 610 hit, 429 miss (59% accuracy)  alt=48m [22-79]  dist=43m [3-96]
   FW shaping: surv=+0.0 bound=+0.0 alt_pen=+0.0 approach=+25.4 alt_shape=+270.9  avg_dist_scout=325m
   [SCOUT DIAG] ratio: 1.0000+/-0.0000 [1.0000,1.0000] | adv: -0.0544+/-1.0406 | alive=30000/30000
   [CMDR  DIAG] ratio: 1.0062+/-0.1306 [0.5188,2.2694] | adv: 0.2629+/-0.2578 | alive=721/726 | bc_coef=0.000
22:00:10 | Batch 0225 (Ep 06748) | R:   -723.3 (  -537.1)  Scout_R:   +97.2  Cmdr_R:  -820.5  Scout:100% Cmdr:96%  scout:[survived=120] cmdr:[survived=86 boundary=4] refills=435  NN_dec=2752/2970  fire: peak=187 final=163 supp=24 ext=25.1  74.8s
   Cmdr reward breakdown: r_extinguish=+147.667  r_water_waste=-5.750  r_water_near=+0.000  r_fire_out=+5.000  r_spread=-82.625
   Water drops: 816 total, 443 hit, 373 miss (54% accuracy)  alt=45m [17-80]  dist=44m [5-105]
   FW shaping: surv=+0.0 bound=+0.0 alt_pen=+0.0 approach=-5.0 alt_shape=+250.1  avg_dist_scout=360m
   [SCOUT DIAG] ratio: 1.0000+/-0.0000 [1.0000,1.0000] | adv: 0.1699+/-0.6065 | alive=30000/30000
   [CMDR  DIAG] ratio: 1.0042+/-0.1476 [0.4879,2.2271] | adv: -0.0392+/-1.1790 | alive=697/726 | bc_coef=0.000
22:01:40 | Batch 0226 (Ep 06778) | R:  -1315.3 ( -1019.3)  Scout_R:  -252.1  Cmdr_R: -1063.2  Scout:100% Cmdr:98%  scout:[survived=120] cmdr:[survived=88 boundary=2] refills=347  NN_dec=2826/2970  fire: peak=222 final=198 supp=24 ext=29.5  72.1s
   Cmdr reward breakdown: r_extinguish=+159.333  r_water_waste=-5.300  r_water_near=+0.000  r_fire_out=+5.000  r_spread=-101.560
   Water drops: 824 total, 478 hit, 346 miss (58% accuracy)  alt=47m [22-80]  dist=45m [5-101]
   FW shaping: surv=+0.0 bound=+0.0 alt_pen=+0.0 approach=-41.4 alt_shape=+265.8  avg_dist_scout=380m
   [SCOUT DIAG] ratio: 1.0000+/-0.0000 [1.0000,1.0000] | adv: 0.0442+/-1.0021 | alive=30000/30000
   [CMDR  DIAG] ratio: 1.0017+/-0.1505 [0.2995,1.9272] | adv: -0.0368+/-1.0921 | alive=665/726 | bc_coef=0.000
22:03:11 | Batch 0227 (Ep 06808) | R:   -528.4 (  -921.8)  Scout_R:   -61.3  Cmdr_R:  -467.1  Scout:100% Cmdr:96%  scout:[survived=120] cmdr:[survived=86 boundary=4] refills=427  NN_dec=2763/2970  fire: peak=180 final=150 supp=30 ext=39.0  72.6s
   Cmdr reward breakdown: r_extinguish=+183.000  r_water_waste=-7.750  r_water_near=+0.000  r_fire_out=+0.000  r_spread=-84.645
   Water drops: 1053 total, 549 hit, 504 miss (52% accuracy)  alt=41m [10-79]  dist=43m [1-86]
   FW shaping: surv=+0.0 bound=+0.0 alt_pen=+0.0 approach=+7.9 alt_shape=+298.3  avg_dist_scout=321m
   [SCOUT DIAG] ratio: 1.0000+/-0.0000 [1.0000,1.0000] | adv: -0.0469+/-1.0102 | alive=30000/30000
   [CMDR  DIAG] ratio: 0.9988+/-0.1738 [0.1965,2.9570] | adv: 0.1802+/-0.3601 | alive=703/726 | bc_coef=0.000
22:04:44 | Batch 0228 (Ep 06838) | R:   -430.3 (  -479.4)  Scout_R:   +77.2  Cmdr_R:  -507.5  Scout:100% Cmdr:97%  scout:[survived=120] cmdr:[survived=87 boundary=3] refills=506  NN_dec=2680/2970  fire: peak=199 final=174 supp=24 ext=28.7  75.4s
   Cmdr reward breakdown: r_extinguish=+168.000  r_water_waste=-6.083  r_water_near=+0.000  r_fire_out=+0.000  r_spread=-87.900
   Water drops: 897 total, 504 hit, 393 miss (56% accuracy)  alt=46m [18-78]  dist=43m [3-87]
   FW shaping: surv=+0.0 bound=+0.0 alt_pen=+0.0 approach=-6.7 alt_shape=+268.3  avg_dist_scout=334m
   [SCOUT DIAG] ratio: 1.0000+/-0.0000 [1.0000,1.0000] | adv: 0.0252+/-0.9373 | alive=30000/30000
   [CMDR  DIAG] ratio: 1.0099+/-0.1181 [0.1769,1.9494] | adv: -0.0571+/-1.2402 | alive=648/726 | bc_coef=0.000
22:06:20 | Batch 0229 (Ep 06868) | R:  -1166.6 (  -798.5)  Scout_R:  -107.3  Cmdr_R: -1059.3  Scout:100% Cmdr:99%  scout:[survived=120] cmdr:[survived=89 boundary=1] refills=339  NN_dec=2863/2970  fire: peak=232 final=207 supp=25 ext=23.2  78.4s
   Cmdr reward breakdown: r_extinguish=+137.333  r_water_waste=-5.600  r_water_near=+0.000  r_fire_out=+5.000  r_spread=-100.600
   Water drops: 773 total, 412 hit, 361 miss (53% accuracy)  alt=45m [16-79]  dist=48m [11-113]
   FW shaping: surv=+0.0 bound=+0.0 alt_pen=+0.0 approach=-45.0 alt_shape=+224.0  avg_dist_scout=392m
   [SCOUT DIAG] ratio: 1.0000+/-0.0000 [1.0000,1.0000] | adv: -0.0141+/-1.0408 | alive=30000/30000
   [CMDR  DIAG] ratio: 1.0024+/-0.1416 [0.3491,1.8634] | adv: -0.1468+/-1.1761 | alive=690/726 | bc_coef=0.000
22:07:51 | Batch 0230 (Ep 06898) | R:   -265.3 (  -715.9)  Scout_R:   +77.9  Cmdr_R:  -343.2  Scout:100% Cmdr:100%  scout:[survived=120] cmdr:[survived=90] refills=376  NN_dec=2901/2970  fire: peak=142 final=118 supp=24 ext=37.7  72.6s
   Cmdr reward breakdown: r_extinguish=+187.000  r_water_waste=-7.383  r_water_near=+0.000  r_fire_out=+0.000  r_spread=-72.105
   Water drops: 1036 total, 561 hit, 475 miss (54% accuracy)  alt=44m [10-78]  dist=43m [2-92]
   FW shaping: surv=+0.0 bound=+0.0 alt_pen=+0.0 approach=+44.6 alt_shape=+361.5  avg_dist_scout=295m
   [SCOUT DIAG] ratio: 1.0000+/-0.0000 [1.0000,1.0000] | adv: 0.1030+/-0.8321 | alive=30000/30000
   [CMDR  DIAG] ratio: 1.0158+/-0.1593 [0.2041,3.1015] | adv: 0.1816+/-0.6267 | alive=717/726 | bc_coef=0.000
22:09:26 | Batch 0231 (Ep 06928) | R:   -830.7 (  -548.0)  Scout_R:   +31.6  Cmdr_R:  -862.4  Scout:100% Cmdr:94%  scout:[survived=120] cmdr:[survived=84 boundary=6] refills=507  NN_dec=2561/2970  fire: peak=207 final=195 supp=12 ext=32.1  72.6s
   Cmdr reward breakdown: r_extinguish=+166.000  r_water_waste=-6.200  r_water_near=+0.000  r_fire_out=+0.000  r_spread=-91.830
   Water drops: 899 total, 498 hit, 401 miss (55% accuracy)  alt=49m [18-80]  dist=44m [2-93]
   FW shaping: surv=+0.0 bound=+0.0 alt_pen=+0.0 approach=-65.7 alt_shape=+244.5  avg_dist_scout=396m
   [SCOUT DIAG] ratio: 1.0000+/-0.0000 [1.0000,1.0000] | adv: 0.0466+/-0.8813 | alive=30000/30000
   [CMDR  DIAG] ratio: 0.9918+/-0.1393 [0.4179,2.0342] | adv: -0.3853+/-1.3535 | alive=614/726 | bc_coef=0.000
22:11:01 | Batch 0232 (Ep 06958) | R:   -439.1 (  -634.9)  Scout_R:   +55.6  Cmdr_R:  -494.7  Scout:100% Cmdr:98%  scout:[survived=120] cmdr:[survived=88 boundary=2] refills=386  NN_dec=2857/2970  fire: peak=194 final=179 supp=15 ext=33.0  77.1s
   Cmdr reward breakdown: r_extinguish=+171.000  r_water_waste=-7.200  r_water_near=+0.000  r_fire_out=+0.000  r_spread=-92.515
   Water drops: 981 total, 513 hit, 468 miss (52% accuracy)  alt=46m [15-80]  dist=45m [3-91]
   FW shaping: surv=+0.0 bound=+0.0 alt_pen=+0.0 approach=+6.2 alt_shape=+344.7  avg_dist_scout=315m
   [SCOUT DIAG] ratio: 1.0000+/-0.0000 [1.0000,1.0000] | adv: 0.1409+/-0.8214 | alive=30000/30000
   [CMDR  DIAG] ratio: 0.9965+/-0.1392 [0.3758,1.7831] | adv: 0.1007+/-0.5714 | alive=682/726 | bc_coef=0.000
22:12:34 | Batch 0233 (Ep 06988) | R:   -687.5 (  -563.3)  Scout_R:  -134.0  Cmdr_R:  -553.6  Scout:100% Cmdr:98%  scout:[survived=120] cmdr:[survived=88 boundary=2] refills=402  NN_dec=2804/2970  fire: peak=198 final=166 supp=31 ext=31.3  74.8s
   Cmdr reward breakdown: r_extinguish=+178.667  r_water_waste=-4.883  r_water_near=+0.000  r_fire_out=+5.000  r_spread=-92.015
   Water drops: 849 total, 536 hit, 313 miss (63% accuracy)  alt=46m [16-80]  dist=45m [4-97]
   FW shaping: surv=+0.0 bound=+0.0 alt_pen=+0.0 approach=+30.1 alt_shape=+276.1  avg_dist_scout=349m
   [SCOUT DIAG] ratio: 1.0000+/-0.0000 [1.0000,1.0000] | adv: 0.0390+/-1.0706 | alive=30000/30000
   [CMDR  DIAG] ratio: 1.0012+/-0.1908 [0.2516,2.4304] | adv: -0.0484+/-0.7257 | alive=668/726 | bc_coef=0.000
22:14:08 | Batch 0234 (Ep 07018) | R:   -457.2 (  -572.4)  Scout_R:   +71.6  Cmdr_R:  -528.8  Scout:100% Cmdr:96%  scout:[survived=120] cmdr:[survived=86 boundary=4] refills=545  NN_dec=2691/2970  fire: peak=226 final=204 supp=22 ext=30.0  75.2s
   Cmdr reward breakdown: r_extinguish=+188.333  r_water_waste=-7.417  r_water_near=+0.000  r_fire_out=+5.000  r_spread=-97.595
   Water drops: 1051 total, 565 hit, 486 miss (54% accuracy)  alt=47m [20-78]  dist=45m [1-95]
   FW shaping: surv=+0.0 bound=+0.0 alt_pen=+0.0 approach=-22.0 alt_shape=+295.7  avg_dist_scout=316m
   [SCOUT DIAG] ratio: 1.0000+/-0.0000 [1.0000,1.0000] | adv: -0.0428+/-1.0395 | alive=30000/30000
   [CMDR  DIAG] ratio: 1.0098+/-0.1502 [0.4587,2.2192] | adv: -0.2387+/-1.3617 | alive=677/726 | bc_coef=0.000
22:15:37 | Batch 0235 (Ep 07048) | R:  -1088.9 (  -773.0)  Scout_R:  -382.3  Cmdr_R:  -706.5  Scout:100% Cmdr:99%  scout:[survived=120] cmdr:[survived=89 boundary=1] refills=352  NN_dec=2830/2970  fire: peak=210 final=176 supp=34 ext=33.9  71.3s
   Cmdr reward breakdown: r_extinguish=+166.333  r_water_waste=-4.417  r_water_near=+0.000  r_fire_out=+10.000  r_spread=-99.095
   Water drops: 781 total, 499 hit, 282 miss (64% accuracy)  alt=47m [21-80]  dist=44m [3-98]
   FW shaping: surv=+0.0 bound=+0.0 alt_pen=+0.0 approach=+31.3 alt_shape=+306.1  avg_dist_scout=328m
   [SCOUT DIAG] ratio: 1.0000+/-0.0000 [1.0000,1.0000] | adv: -0.1500+/-1.1806 | alive=30000/30000
   [CMDR  DIAG] ratio: 1.0038+/-0.0970 [0.4958,1.6371] | adv: -0.0783+/-1.0780 | alive=652/726 | bc_coef=0.000
22:17:13 | Batch 0236 (Ep 07078) | R:   -907.0 (  -997.9)  Scout_R:   -11.5  Cmdr_R:  -895.5  Scout:100% Cmdr:93%  scout:[survived=120] cmdr:[survived=82 boundary=8] refills=416  NN_dec=2675/2970  fire: peak=232 final=207 supp=24 ext=29.3  77.5s
   Cmdr reward breakdown: r_extinguish=+161.667  r_water_waste=-5.700  r_water_near=+0.000  r_fire_out=+0.000  r_spread=-96.040
   Water drops: 853 total, 485 hit, 368 miss (57% accuracy)  alt=43m [15-78]  dist=43m [7-102]
   FW shaping: surv=+0.0 bound=+0.0 alt_pen=+0.0 approach=-35.4 alt_shape=+247.1  avg_dist_scout=388m
   [SCOUT DIAG] ratio: 1.0000+/-0.0000 [1.0000,1.0000] | adv: 0.0161+/-0.9775 | alive=30000/30000
   [CMDR  DIAG] ratio: 0.9948+/-0.0936 [0.4378,1.6521] | adv: -0.2582+/-1.1643 | alive=725/726 | bc_coef=0.000
22:18:47 | Batch 0237 (Ep 07108) | R:   -679.8 (  -793.4)  Scout_R:    -3.3  Cmdr_R:  -676.5  Scout:100% Cmdr:99%  scout:[survived=120] cmdr:[survived=89 boundary=1] refills=503  NN_dec=2786/2970  fire: peak=209 final=195 supp=13 ext=30.3  75.4s
   Cmdr reward breakdown: r_extinguish=+167.667  r_water_waste=-6.983  r_water_near=+0.000  r_fire_out=+0.000  r_spread=-97.805
   Water drops: 954 total, 503 hit, 451 miss (53% accuracy)  alt=43m [20-79]  dist=48m [2-102]
   FW shaping: surv=+0.0 bound=+0.0 alt_pen=+0.0 approach=-8.9 alt_shape=+271.4  avg_dist_scout=350m
   [SCOUT DIAG] ratio: 1.0000+/-0.0000 [1.0000,1.0000] | adv: -0.0270+/-0.9746 | alive=30000/30000
   [CMDR  DIAG] ratio: 0.9973+/-0.1189 [0.4733,1.7327] | adv: 0.0194+/-0.8837 | alive=648/726 | bc_coef=0.000
22:20:19 | Batch 0238 (Ep 07138) | R:   -521.3 (  -600.5)  Scout_R:   +92.6  Cmdr_R:  -613.8  Scout:100% Cmdr:98%  scout:[survived=120] cmdr:[survived=88 boundary=2] refills=517  NN_dec=2750/2970  fire: peak=217 final=196 supp=21 ext=27.6  74.3s
   Cmdr reward breakdown: r_extinguish=+163.000  r_water_waste=-7.333  r_water_near=+0.000  r_fire_out=+5.000  r_spread=-94.575
   Water drops: 968 total, 489 hit, 479 miss (51% accuracy)  alt=45m [19-79]  dist=46m [6-101]
   FW shaping: surv=+0.0 bound=+0.0 alt_pen=+0.0 approach=+25.5 alt_shape=+273.5  avg_dist_scout=336m
   [SCOUT DIAG] ratio: 1.0000+/-0.0000 [1.0000,1.0000] | adv: 0.0538+/-0.9414 | alive=30000/30000
   [CMDR  DIAG] ratio: 0.9926+/-0.1173 [0.1695,1.5594] | adv: -0.0575+/-1.1417 | alive=663/726 | bc_coef=0.000
22:21:51 | Batch 0239 (Ep 07168) | R:   -802.4 (  -661.8)  Scout_R:   -47.4  Cmdr_R:  -755.0  Scout:100% Cmdr:99%  scout:[survived=120] cmdr:[survived=88 boundary=2] refills=280  NN_dec=2903/2970  fire: peak=236 final=220 supp=16 ext=28.7  73.2s
   Cmdr reward breakdown: r_extinguish=+146.333  r_water_waste=-6.517  r_water_near=+0.000  r_fire_out=+0.000  r_spread=-103.280
   Water drops: 858 total, 439 hit, 419 miss (51% accuracy)  alt=44m [21-75]  dist=45m [3-116]
   FW shaping: surv=+0.0 bound=+0.0 alt_pen=+0.0 approach=+5.4 alt_shape=+300.9  avg_dist_scout=359m
   [SCOUT DIAG] ratio: 1.0000+/-0.0000 [1.0000,1.0000] | adv: -0.0991+/-1.0431 | alive=30000/30000
   [CMDR  DIAG] ratio: 1.0002+/-0.0969 [0.5582,1.8547] | adv: -0.0699+/-1.1983 | alive=716/726 | bc_coef=0.000
22:23:23 | Batch 0240 (Ep 07198) | R:   -692.4 (  -747.4)  Scout_R:   -39.0  Cmdr_R:  -653.3  Scout:100% Cmdr:94%  scout:[survived=120] cmdr:[survived=84 boundary=6] refills=587  NN_dec=2627/2970  fire: peak=253 final=240 supp=13 ext=34.3  73.5s
   Cmdr reward breakdown: r_extinguish=+179.333  r_water_waste=-8.800  r_water_near=+0.000  r_fire_out=+0.000  r_spread=-108.720
   Water drops: 1118 total, 538 hit, 580 miss (48% accuracy)  alt=43m [14-80]  dist=47m [2-97]
   FW shaping: surv=+0.0 bound=+0.0 alt_pen=+0.0 approach=-9.3 alt_shape=+293.9  avg_dist_scout=331m
   [SCOUT DIAG] ratio: 1.0000+/-0.0000 [1.0000,1.0000] | adv: -0.0006+/-0.8990 | alive=30000/30000
   [CMDR  DIAG] ratio: 1.0152+/-0.1737 [0.3485,2.8414] | adv: 0.1110+/-0.8973 | alive=675/726 | bc_coef=0.000
22:25:06 | Batch 0241 (Ep 07228) | R:   -875.3 (  -783.8)  Scout_R:   -42.2  Cmdr_R:  -833.1  Scout:100% Cmdr:96%  scout:[survived=120] cmdr:[survived=86 boundary=4] refills=499  NN_dec=2640/2970  fire: peak=192 final=174 supp=18 ext=29.5  79.6s
   Cmdr reward breakdown: r_extinguish=+165.000  r_water_waste=-6.117  r_water_near=+0.000  r_fire_out=+0.000  r_spread=-82.115
   Water drops: 893 total, 495 hit, 398 miss (55% accuracy)  alt=45m [17-80]  dist=40m [1-106]
   FW shaping: surv=+0.0 bound=+0.0 alt_pen=+0.0 approach=-32.2 alt_shape=+248.1  avg_dist_scout=350m
   [SCOUT DIAG] ratio: 1.0000+/-0.0000 [1.0000,1.0000] | adv: 0.0649+/-0.9209 | alive=30000/30000
   [CMDR  DIAG] ratio: 1.0020+/-0.1183 [0.5072,1.9644] | adv: 0.2642+/-0.5768 | alive=629/726 | bc_coef=0.000
22:26:40 | Batch 0242 (Ep 07258) | R:   -514.5 (  -694.9)  Scout_R:    -2.2  Cmdr_R:  -512.3  Scout:100% Cmdr:97%  scout:[survived=120] cmdr:[survived=87 boundary=3] refills=484  NN_dec=2773/2970  fire: peak=166 final=150 supp=17 ext=36.6  75.8s
   Cmdr reward breakdown: r_extinguish=+188.000  r_water_waste=-6.667  r_water_near=+0.000  r_fire_out=+0.000  r_spread=-81.380
   Water drops: 997 total, 564 hit, 433 miss (57% accuracy)  alt=44m [16-80]  dist=45m [5-84]
   FW shaping: surv=+0.0 bound=+0.0 alt_pen=+0.0 approach=+0.8 alt_shape=+306.9  avg_dist_scout=316m
   [SCOUT DIAG] ratio: 1.0000+/-0.0000 [1.0000,1.0000] | adv: 0.0013+/-0.9473 | alive=30000/30000
   [CMDR  DIAG] ratio: 1.0105+/-0.1394 [0.4976,2.0375] | adv: -0.2292+/-1.3721 | alive=703/726 | bc_coef=0.000
22:28:13 | Batch 0243 (Ep 07288) | R:   -687.1 (  -600.8)  Scout_R:   -44.4  Cmdr_R:  -642.8  Scout:100% Cmdr:96%  scout:[survived=120] cmdr:[survived=85 boundary=5] refills=349  NN_dec=2780/2970  fire: peak=229 final=214 supp=15 ext=33.2  74.7s
   Cmdr reward breakdown: r_extinguish=+155.000  r_water_waste=-5.183  r_water_near=+0.000  r_fire_out=+0.000  r_spread=-100.605
   Water drops: 803 total, 465 hit, 338 miss (58% accuracy)  alt=46m [16-76]  dist=43m [4-95]
   FW shaping: surv=+0.0 bound=+0.0 alt_pen=+0.0 approach=-15.1 alt_shape=+276.1  avg_dist_scout=347m
   [SCOUT DIAG] ratio: 1.0000+/-0.0000 [1.0000,1.0000] | adv: 0.0642+/-0.9413 | alive=30000/30000
   [CMDR  DIAG] ratio: 1.0085+/-0.1337 [0.0693,1.9429] | adv: -0.0444+/-1.0428 | alive=644/726 | bc_coef=0.000
22:29:50 | Batch 0244 (Ep 07318) | R:   -208.7 (  -447.9)  Scout_R:  +159.7  Cmdr_R:  -368.5  Scout:100% Cmdr:96%  scout:[survived=120] cmdr:[survived=85 boundary=5] refills=517  NN_dec=2720/2970  fire: peak=183 final=166 supp=17 ext=35.1  77.7s
   Cmdr reward breakdown: r_extinguish=+193.000  r_water_waste=-7.733  r_water_near=+0.000  r_fire_out=+0.000  r_spread=-85.210
   Water drops: 1086 total, 579 hit, 507 miss (53% accuracy)  alt=43m [5-80]  dist=44m [3-102]
   FW shaping: surv=+0.0 bound=+0.0 alt_pen=+0.0 approach=+1.1 alt_shape=+303.6  avg_dist_scout=305m
   [SCOUT DIAG] ratio: 1.0000+/-0.0000 [1.0000,1.0000] | adv: 0.0694+/-0.8240 | alive=30000/30000
   [CMDR  DIAG] ratio: 1.0076+/-0.1402 [0.5565,3.1706] | adv: 0.1244+/-0.8057 | alive=656/726 | bc_coef=0.000
22:31:31 | Batch 0245 (Ep 07348) | R:   -449.7 (  -329.2)  Scout_R:   +77.6  Cmdr_R:  -527.3  Scout:100% Cmdr:94%  scout:[survived=120] cmdr:[survived=84 boundary=6] refills=449  NN_dec=2722/2970  fire: peak=204 final=189 supp=15 ext=32.5  81.4s
   Cmdr reward breakdown: r_extinguish=+157.000  r_water_waste=-7.883  r_water_near=+0.000  r_fire_out=+5.000  r_spread=-88.555
   Water drops: 985 total, 471 hit, 514 miss (48% accuracy)  alt=41m [15-79]  dist=45m [8-97]
   FW shaping: surv=+0.0 bound=+0.0 alt_pen=+0.0 approach=-31.5 alt_shape=+269.4  avg_dist_scout=333m
   [SCOUT DIAG] ratio: 1.0000+/-0.0000 [1.0000,1.0000] | adv: 0.0025+/-0.9291 | alive=30000/30000
   [CMDR  DIAG] ratio: 1.0079+/-0.1671 [0.4865,1.8281] | adv: 0.2734+/-0.3230 | alive=667/726 | bc_coef=0.000
22:33:06 | Batch 0246 (Ep 07378) | R:   -889.1 (  -669.4)  Scout_R:  -184.9  Cmdr_R:  -704.3  Scout:100% Cmdr:94%  scout:[survived=120] cmdr:[survived=83 boundary=7] refills=365  NN_dec=2684/2970  fire: peak=229 final=211 supp=18 ext=32.4  75.4s
   Cmdr reward breakdown: r_extinguish=+147.333  r_water_waste=-5.150  r_water_near=+0.000  r_fire_out=+0.000  r_spread=-99.535
   Water drops: 785 total, 442 hit, 343 miss (56% accuracy)  alt=45m [15-79]  dist=46m [1-93]
   FW shaping: surv=+0.0 bound=+0.0 alt_pen=+0.0 approach=-67.5 alt_shape=+238.4  avg_dist_scout=363m
   [SCOUT DIAG] ratio: 1.0000+/-0.0000 [1.0000,1.0000] | adv: -0.0154+/-0.8901 | alive=30000/30000
   [CMDR  DIAG] ratio: 1.0167+/-0.1478 [0.5175,2.2665] | adv: -0.1250+/-1.0905 | alive=619/726 | bc_coef=0.000
22:34:40 | Batch 0247 (Ep 07408) | R:  -1020.3 (  -954.7)  Scout_R:   -18.5  Cmdr_R: -1001.7  Scout:100% Cmdr:99%  scout:[survived=120] cmdr:[survived=89 boundary=1] refills=495  NN_dec=2723/2970  fire: peak=228 final=214 supp=15 ext=29.8  76.3s
   Cmdr reward breakdown: r_extinguish=+150.333  r_water_waste=-5.650  r_water_near=+0.000  r_fire_out=+0.000  r_spread=-103.905
   Water drops: 816 total, 451 hit, 365 miss (55% accuracy)  alt=44m [17-78]  dist=44m [5-92]
   FW shaping: surv=+0.0 bound=+0.0 alt_pen=+0.0 approach=-44.8 alt_shape=+259.2  avg_dist_scout=369m
   [SCOUT DIAG] ratio: 1.0000+/-0.0000 [1.0000,1.0000] | adv: -0.0824+/-1.0439 | alive=30000/30000
   [CMDR  DIAG] ratio: 1.0046+/-0.1100 [0.4792,1.8591] | adv: -0.2417+/-1.2566 | alive=658/726 | bc_coef=0.000
22:36:13 | Batch 0248 (Ep 07438) | R:   -593.2 (  -806.7)  Scout_R:   -78.6  Cmdr_R:  -514.6  Scout:100% Cmdr:96%  scout:[survived=120] cmdr:[survived=85 boundary=5] refills=308  NN_dec=2797/2970  fire: peak=169 final=141 supp=28 ext=34.6  74.3s
   Cmdr reward breakdown: r_extinguish=+169.000  r_water_waste=-6.367  r_water_near=+0.000  r_fire_out=+0.000  r_spread=-80.670
   Water drops: 926 total, 507 hit, 419 miss (55% accuracy)  alt=44m [14-80]  dist=45m [3-98]
   FW shaping: surv=+0.0 bound=+0.0 alt_pen=+0.0 approach=-8.1 alt_shape=+343.3  avg_dist_scout=295m
   [SCOUT DIAG] ratio: 1.0000+/-0.0000 [1.0000,1.0000] | adv: -0.0547+/-1.0109 | alive=30000/30000
   [CMDR  DIAG] ratio: 1.0074+/-0.1559 [0.3238,2.8138] | adv: -0.2019+/-1.3442 | alive=703/726 | bc_coef=0.000
22:37:45 | Batch 0249 (Ep 07468) | R:   -660.0 (  -626.6)  Scout_R:   -11.0  Cmdr_R:  -649.0  Scout:100% Cmdr:97%  scout:[survived=120] cmdr:[survived=87 boundary=3] refills=434  NN_dec=2807/2970  fire: peak=191 final=170 supp=21 ext=42.1  74.3s
   Cmdr reward breakdown: r_extinguish=+179.333  r_water_waste=-6.167  r_water_near=+0.000  r_fire_out=+0.000  r_spread=-92.370
   Water drops: 941 total, 538 hit, 403 miss (57% accuracy)  alt=44m [14-80]  dist=43m [2-97]
   FW shaping: surv=+0.0 bound=+0.0 alt_pen=+0.0 approach=+2.5 alt_shape=+308.4  avg_dist_scout=326m
   [SCOUT DIAG] ratio: 1.0000+/-0.0000 [1.0000,1.0000] | adv: -0.0030+/-0.9842 | alive=30000/30000
   [CMDR  DIAG] ratio: 1.0065+/-0.1343 [0.3155,2.2484] | adv: 0.0863+/-0.7291 | alive=696/726 | bc_coef=0.000
22:39:16 | Batch 0250 (Ep 07498) | R:   -390.3 (  -525.1)  Scout_R:   -81.9  Cmdr_R:  -308.4  Scout:100% Cmdr:95%  scout:[survived=120] cmdr:[survived=84 boundary=6] refills=441  NN_dec=2739/2970  fire: peak=199 final=176 supp=23 ext=34.4  72.2s
   Cmdr reward breakdown: r_extinguish=+174.333  r_water_waste=-7.367  r_water_near=+0.000  r_fire_out=+0.000  r_spread=-85.775
   Water drops: 1006 total, 523 hit, 483 miss (52% accuracy)  alt=43m [18-80]  dist=44m [4-101]
   FW shaping: surv=+0.0 bound=+0.0 alt_pen=+0.0 approach=+1.6 alt_shape=+338.9  avg_dist_scout=288m
   [SCOUT DIAG] ratio: 1.0000+/-0.0000 [1.0000,1.0000] | adv: 0.0355+/-0.8385 | alive=30000/30000
   [CMDR  DIAG] ratio: 1.0037+/-0.1304 [0.3155,2.3047] | adv: 0.0745+/-1.1103 | alive=687/726 | bc_coef=0.000
22:40:57 | Batch 0251 (Ep 07528) | R:   -589.1 (  -489.7)  Scout_R:   +43.4  Cmdr_R:  -632.6  Scout:100% Cmdr:93%  scout:[survived=120] cmdr:[survived=82 boundary=8] refills=580  NN_dec=2531/2970  fire: peak=270 final=254 supp=15 ext=25.6  77.2s
   Cmdr reward breakdown: r_extinguish=+139.667  r_water_waste=-6.950  r_water_near=+0.000  r_fire_out=+0.000  r_spread=-107.910
   Water drops: 877 total, 419 hit, 458 miss (48% accuracy)  alt=41m [18-79]  dist=48m [11-94]
   FW shaping: surv=+0.0 bound=+0.0 alt_pen=+0.0 approach=-65.5 alt_shape=+189.8  avg_dist_scout=393m
   [SCOUT DIAG] ratio: 1.0000+/-0.0000 [1.0000,1.0000] | adv: -0.1415+/-1.1350 | alive=30000/30000
   [CMDR  DIAG] ratio: 0.9950+/-0.0870 [0.5500,1.6086] | adv: -0.2551+/-1.2943 | alive=654/726 | bc_coef=0.000
22:42:31 | Batch 0252 (Ep 07558) | R:   -966.2 (  -777.7)  Scout_R:  -113.1  Cmdr_R:  -853.1  Scout:100% Cmdr:99%  scout:[survived=120] cmdr:[survived=89 boundary=1] refills=433  NN_dec=2813/2970  fire: peak=262 final=234 supp=28 ext=38.1  74.7s
   Cmdr reward breakdown: r_extinguish=+170.000  r_water_waste=-6.083  r_water_near=+0.000  r_fire_out=+5.000  r_spread=-120.590
   Water drops: 905 total, 510 hit, 395 miss (56% accuracy)  alt=46m [19-80]  dist=43m [1-90]
   FW shaping: surv=+0.0 bound=+0.0 alt_pen=+0.0 approach=-18.4 alt_shape=+246.2  avg_dist_scout=378m
   [SCOUT DIAG] ratio: 1.0000+/-0.0000 [1.0000,1.0000] | adv: -0.0214+/-1.0317 | alive=30000/30000
   [CMDR  DIAG] ratio: 1.0090+/-0.1120 [0.6171,2.0302] | adv: -0.0142+/-0.9835 | alive=677/726 | bc_coef=0.000
22:44:08 | Batch 0253 (Ep 07588) | R:  -1067.0 ( -1016.6)  Scout_R:  -145.0  Cmdr_R:  -922.0  Scout:100% Cmdr:96%  scout:[survived=120] cmdr:[survived=85 boundary=5] refills=496  NN_dec=2613/2970  fire: peak=291 final=276 supp=15 ext=25.9  77.3s
   Cmdr reward breakdown: r_extinguish=+137.000  r_water_waste=-6.200  r_water_near=+0.000  r_fire_out=+0.000  r_spread=-117.915
   Water drops: 818 total, 411 hit, 407 miss (50% accuracy)  alt=44m [17-80]  dist=47m [4-97]
   FW shaping: surv=+0.0 bound=+0.0 alt_pen=+0.0 approach=-69.4 alt_shape=+213.8  avg_dist_scout=383m
   [SCOUT DIAG] ratio: 1.0000+/-0.0000 [1.0000,1.0000] | adv: -0.1831+/-1.0797 | alive=30000/30000
   [CMDR  DIAG] ratio: 1.0003+/-0.0964 [0.4413,1.9243] | adv: 0.2950+/-0.4692 | alive=621/726 | bc_coef=0.000
22:45:37 | Batch 0254 (Ep 07618) | R:   -867.8 (  -967.4)  Scout_R:  -101.8  Cmdr_R:  -766.0  Scout:100% Cmdr:94%  scout:[survived=120] cmdr:[survived=82 boundary=7 ground_crash=1] refills=360  NN_dec=2719/2970  fire: peak=231 final=209 supp=22 ext=25.7  70.8s
   Cmdr reward breakdown: r_extinguish=+141.667  r_water_waste=-5.850  r_water_near=+0.000  r_fire_out=+10.000  r_spread=-92.495
   Water drops: 802 total, 425 hit, 377 miss (53% accuracy)  alt=41m [17-80]  dist=47m [4-116]
   FW shaping: surv=+0.0 bound=+0.0 alt_pen=+0.0 approach=+9.7 alt_shape=+237.1  avg_dist_scout=369m
   [SCOUT DIAG] ratio: 1.0000+/-0.0000 [1.0000,1.0000] | adv: 0.1193+/-0.8821 | alive=30000/30000
   [CMDR  DIAG] ratio: 1.0050+/-0.1431 [0.2688,1.9582] | adv: -0.0141+/-1.0465 | alive=631/726 | bc_coef=0.000
22:47:08 | Batch 0255 (Ep 07648) | R:   -997.9 (  -932.9)  Scout_R:  -214.1  Cmdr_R:  -783.8  Scout:100% Cmdr:98%  scout:[survived=120] cmdr:[survived=88 boundary=2] refills=343  NN_dec=2852/2970  fire: peak=215 final=192 supp=23 ext=33.8  73.1s
   Cmdr reward breakdown: r_extinguish=+163.667  r_water_waste=-5.817  r_water_near=+0.000  r_fire_out=+0.000  r_spread=-100.485
   Water drops: 867 total, 491 hit, 376 miss (57% accuracy)  alt=45m [16-80]  dist=44m [6-113]
   FW shaping: surv=+0.0 bound=+0.0 alt_pen=+0.0 approach=-1.1 alt_shape=+306.5  avg_dist_scout=340m
   [SCOUT DIAG] ratio: 1.0000+/-0.0000 [1.0000,1.0000] | adv: -0.1097+/-1.1236 | alive=30000/30000
   [CMDR  DIAG] ratio: 1.0107+/-0.1039 [0.5764,1.8305] | adv: 0.0258+/-0.9837 | alive=689/726 | bc_coef=0.000
22:48:41 | Batch 0256 (Ep 07678) | R:   -827.4 (  -912.7)  Scout_R:    -2.0  Cmdr_R:  -825.4  Scout:100% Cmdr:98%  scout:[survived=120] cmdr:[survived=88 boundary=2] refills=459  NN_dec=2786/2970  fire: peak=211 final=196 supp=15 ext=29.5  74.4s
   Cmdr reward breakdown: r_extinguish=+159.333  r_water_waste=-7.717  r_water_near=+0.000  r_fire_out=+0.000  r_spread=-92.815
   Water drops: 978 total, 478 hit, 500 miss (49% accuracy)  alt=44m [14-79]  dist=45m [4-96]
   FW shaping: surv=+0.0 bound=+0.0 alt_pen=+0.0 approach=-5.6 alt_shape=+263.2  avg_dist_scout=362m
   [SCOUT DIAG] ratio: 1.0000+/-0.0000 [1.0000,1.0000] | adv: 0.1284+/-0.9848 | alive=30000/30000
   [CMDR  DIAG] ratio: 1.0038+/-0.1402 [0.3166,2.4973] | adv: 0.2806+/-0.4586 | alive=689/726 | bc_coef=0.000
22:50:11 | Batch 0257 (Ep 07708) | R:   -733.6 (  -780.5)  Scout_R:   -35.3  Cmdr_R:  -698.3  Scout:100% Cmdr:94%  scout:[survived=120] cmdr:[survived=83 boundary=7] refills=457  NN_dec=2703/2970  fire: peak=201 final=168 supp=33 ext=36.0  71.9s
   Cmdr reward breakdown: r_extinguish=+176.667  r_water_waste=-6.333  r_water_near=+0.000  r_fire_out=+0.000  r_spread=-90.060
   Water drops: 940 total, 530 hit, 410 miss (56% accuracy)  alt=45m [14-78]  dist=43m [1-102]
   FW shaping: surv=+0.0 bound=+0.0 alt_pen=+0.0 approach=-15.5 alt_shape=+278.6  avg_dist_scout=346m
   [SCOUT DIAG] ratio: 1.0000+/-0.0000 [1.0000,1.0000] | adv: -0.1764+/-1.0713 | alive=30000/30000
   [CMDR  DIAG] ratio: 1.0042+/-0.1422 [0.2751,1.9767] | adv: 0.1680+/-0.7169 | alive=651/726 | bc_coef=0.000
22:51:42 | Batch 0258 (Ep 07738) | R:   -727.4 (  -730.5)  Scout_R:  -233.9  Cmdr_R:  -493.5  Scout:100% Cmdr:98%  scout:[survived=120] cmdr:[survived=87 boundary=2 ground_crash=1] refills=447  NN_dec=2758/2970  fire: peak=241 final=231 supp=10 ext=36.0  73.2s
   Cmdr reward breakdown: r_extinguish=+159.667  r_water_waste=-7.283  r_water_near=+0.000  r_fire_out=+0.000  r_spread=-110.960
   Water drops: 951 total, 479 hit, 472 miss (50% accuracy)  alt=43m [15-80]  dist=46m [3-103]
   FW shaping: surv=+0.0 bound=+0.0 alt_pen=+0.0 approach=+0.2 alt_shape=+311.0  avg_dist_scout=331m
   [SCOUT DIAG] ratio: 1.0000+/-0.0000 [1.0000,1.0000] | adv: 0.0991+/-0.9489 | alive=30000/30000
   [CMDR  DIAG] ratio: 1.0054+/-0.1103 [0.5135,1.9394] | adv: 0.0053+/-1.0185 | alive=647/726 | bc_coef=0.000
22:53:14 | Batch 0259 (Ep 07768) | R:   -700.5 (  -714.0)  Scout_R:  -119.6  Cmdr_R:  -580.9  Scout:100% Cmdr:97%  scout:[survived=120] cmdr:[survived=87 boundary=3] refills=456  NN_dec=2724/2970  fire: peak=241 final=222 supp=19 ext=35.4  74.0s
   Cmdr reward breakdown: r_extinguish=+174.000  r_water_waste=-5.617  r_water_near=+0.000  r_fire_out=+0.000  r_spread=-109.895
   Water drops: 895 total, 522 hit, 373 miss (58% accuracy)  alt=46m [17-79]  dist=45m [2-103]
   FW shaping: surv=+0.0 bound=+0.0 alt_pen=+0.0 approach=-6.3 alt_shape=+285.6  avg_dist_scout=330m
   [SCOUT DIAG] ratio: 1.0000+/-0.0000 [1.0000,1.0000] | adv: 0.1926+/-0.8343 | alive=30000/30000
   [CMDR  DIAG] ratio: 1.0047+/-0.1056 [0.5223,1.5869] | adv: 0.1810+/-0.4792 | alive=680/726 | bc_coef=0.000
22:54:48 | Batch 0260 (Ep 07798) | R:   -451.6 (  -576.1)  Scout_R:    -2.5  Cmdr_R:  -449.1  Scout:100% Cmdr:96%  scout:[survived=120] cmdr:[survived=85 boundary=5] refills=457  NN_dec=2717/2970  fire: peak=222 final=199 supp=23 ext=33.5  75.2s
   Cmdr reward breakdown: r_extinguish=+180.333  r_water_waste=-7.533  r_water_near=+0.000  r_fire_out=+0.000  r_spread=-96.820
   Water drops: 1033 total, 541 hit, 492 miss (52% accuracy)  alt=46m [12-79]  dist=46m [3-91]
   FW shaping: surv=+0.0 bound=+0.0 alt_pen=+0.0 approach=+4.1 alt_shape=+302.4  avg_dist_scout=319m
   [SCOUT DIAG] ratio: 1.0000+/-0.0000 [1.0000,1.0000] | adv: -0.0139+/-0.9348 | alive=30000/30000
   [CMDR  DIAG] ratio: 1.0086+/-0.1381 [0.3280,2.5968] | adv: 0.0136+/-1.0082 | alive=709/726 | bc_coef=0.000
22:56:21 | Batch 0261 (Ep 07828) | R:   -816.9 (  -634.3)  Scout_R:  -123.6  Cmdr_R:  -693.4  Scout:100% Cmdr:97%  scout:[survived=120] cmdr:[survived=87 boundary=3] refills=516  NN_dec=2684/2970  fire: peak=235 final=214 supp=20 ext=28.1  70.5s
   Cmdr reward breakdown: r_extinguish=+149.333  r_water_waste=-6.367  r_water_near=+0.000  r_fire_out=+0.000  r_spread=-106.855
   Water drops: 860 total, 448 hit, 412 miss (52% accuracy)  alt=47m [17-79]  dist=42m [3-97]
   FW shaping: surv=+0.0 bound=+0.0 alt_pen=+0.0 approach=-44.9 alt_shape=+249.1  avg_dist_scout=370m
   [SCOUT DIAG] ratio: 1.0000+/-0.0000 [1.0000,1.0000] | adv: -0.2012+/-1.1742 | alive=30000/30000
   [CMDR  DIAG] ratio: 1.0132+/-0.1423 [0.5909,3.0307] | adv: 0.2335+/-0.5182 | alive=634/726 | bc_coef=0.000
22:57:55 | Batch 0262 (Ep 07858) | R:   -866.6 (  -841.8)  Scout_R:  -100.7  Cmdr_R:  -765.9  Scout:100% Cmdr:96%  scout:[survived=120] cmdr:[survived=86 boundary=4] refills=429  NN_dec=2768/2970  fire: peak=225 final=208 supp=17 ext=39.1  75.9s
   Cmdr reward breakdown: r_extinguish=+195.667  r_water_waste=-6.233  r_water_near=+0.000  r_fire_out=+10.000  r_spread=-103.145
   Water drops: 997 total, 587 hit, 410 miss (59% accuracy)  alt=43m [21-80]  dist=43m [0-96]
   FW shaping: surv=+0.0 bound=+0.0 alt_pen=+0.0 approach=-8.8 alt_shape=+294.7  avg_dist_scout=369m
   [SCOUT DIAG] ratio: 1.0000+/-0.0000 [1.0000,1.0000] | adv: -0.1537+/-1.0635 | alive=30000/30000
   [CMDR  DIAG] ratio: 1.0010+/-0.1384 [0.4885,1.8996] | adv: -0.0850+/-1.1904 | alive=708/726 | bc_coef=0.000
22:59:26 | Batch 0263 (Ep 07888) | R:   -665.3 (  -765.9)  Scout_R:   +13.2  Cmdr_R:  -678.5  Scout:100% Cmdr:98%  scout:[survived=120] cmdr:[survived=87 boundary=3] refills=452  NN_dec=2775/2970  fire: peak=194 final=166 supp=29 ext=31.7  73.2s
   Cmdr reward breakdown: r_extinguish=+168.333  r_water_waste=-7.050  r_water_near=+0.000  r_fire_out=+10.000  r_spread=-89.225
   Water drops: 963 total, 505 hit, 458 miss (52% accuracy)  alt=46m [15-79]  dist=47m [3-100]
   FW shaping: surv=+0.0 bound=+0.0 alt_pen=+0.0 approach=+5.9 alt_shape=+292.4  avg_dist_scout=322m
   [SCOUT DIAG] ratio: 1.0000+/-0.0000 [1.0000,1.0000] | adv: -0.0244+/-1.1157 | alive=30000/30000
   [CMDR  DIAG] ratio: 1.0059+/-0.1212 [0.4440,1.8826] | adv: -0.0742+/-0.9910 | alive=686/726 | bc_coef=0.000
23:01:03 | Batch 0264 (Ep 07918) | R:   -785.8 (  -725.5)  Scout_R:    -4.1  Cmdr_R:  -781.7  Scout:100% Cmdr:96%  scout:[survived=120] cmdr:[survived=85 boundary=5] refills=493  NN_dec=2628/2970  fire: peak=218 final=203 supp=15 ext=33.6  78.5s
   Cmdr reward breakdown: r_extinguish=+175.667  r_water_waste=-5.567  r_water_near=+0.000  r_fire_out=+0.000  r_spread=-97.145
   Water drops: 885 total, 527 hit, 358 miss (60% accuracy)  alt=46m [22-80]  dist=42m [1-101]
   FW shaping: surv=+0.0 bound=+0.0 alt_pen=+0.0 approach=-47.1 alt_shape=+264.6  avg_dist_scout=364m
   [SCOUT DIAG] ratio: 1.0000+/-0.0000 [1.0000,1.0000] | adv: 0.0971+/-0.9682 | alive=30000/30000
   [CMDR  DIAG] ratio: 1.0068+/-0.1892 [0.4085,3.1252] | adv: -0.2328+/-1.3872 | alive=622/726 | bc_coef=0.000
23:02:40 | Batch 0265 (Ep 07948) | R:  -1101.0 (  -943.4)  Scout_R:  -285.2  Cmdr_R:  -815.8  Scout:100% Cmdr:98%  scout:[survived=120] cmdr:[survived=87 boundary=3] refills=360  NN_dec=2759/2970  fire: peak=209 final=190 supp=19 ext=23.4  78.2s
   Cmdr reward breakdown: r_extinguish=+116.333  r_water_waste=-5.183  r_water_near=+0.000  r_fire_out=+10.000  r_spread=-88.060
   Water drops: 686 total, 349 hit, 337 miss (51% accuracy)  alt=46m [14-79]  dist=45m [1-98]
   FW shaping: surv=+0.0 bound=+0.0 alt_pen=+0.0 approach=-17.6 alt_shape=+303.9  avg_dist_scout=318m
   [SCOUT DIAG] ratio: 1.0000+/-0.0000 [1.0000,1.0000] | adv: -0.0866+/-1.1110 | alive=30000/30000
   [CMDR  DIAG] ratio: 1.0017+/-0.1041 [0.6248,1.8272] | adv: 0.1266+/-0.8121 | alive=703/726 | bc_coef=0.000
23:04:14 | Batch 0266 (Ep 07978) | R:   -334.4 (  -717.7)  Scout_R:  -240.4  Cmdr_R:   -94.0  Scout:100% Cmdr:100%  scout:[survived=120] cmdr:[survived=90] refills=545  NN_dec=2767/2970  fire: peak=181 final=161 supp=20 ext=35.5  76.4s
   Cmdr reward breakdown: r_extinguish=+176.333  r_water_waste=-6.717  r_water_near=+0.000  r_fire_out=+10.000  r_spread=-91.230
   Water drops: 974 total, 529 hit, 445 miss (54% accuracy)  alt=45m [17-79]  dist=44m [3-98]
   FW shaping: surv=+0.0 bound=+0.0 alt_pen=+0.0 approach=+60.8 alt_shape=+345.9  avg_dist_scout=263m
   [SCOUT DIAG] ratio: 1.0000+/-0.0000 [1.0000,1.0000] | adv: 0.0390+/-0.9948 | alive=30000/30000
   [CMDR  DIAG] ratio: 1.0027+/-0.1210 [0.3404,1.7386] | adv: -0.0500+/-0.8425 | alive=644/726 | bc_coef=0.000
23:05:51 | Batch 0267 (Ep 08008) | R:   -741.2 (  -537.8)  Scout_R:   +40.0  Cmdr_R:  -781.2  Scout:100% Cmdr:95%  scout:[survived=120] cmdr:[survived=84 boundary=6] refills=451  NN_dec=2683/2970  fire: peak=226 final=206 supp=20 ext=34.5  78.2s
   Cmdr reward breakdown: r_extinguish=+178.333  r_water_waste=-5.850  r_water_near=+0.000  r_fire_out=+0.000  r_spread=-99.900
   Water drops: 919 total, 535 hit, 384 miss (58% accuracy)  alt=46m [18-80]  dist=43m [7-92]
   FW shaping: surv=+0.0 bound=+0.0 alt_pen=+0.0 approach=-41.2 alt_shape=+288.6  avg_dist_scout=350m
   [SCOUT DIAG] ratio: 1.0000+/-0.0000 [1.0000,1.0000] | adv: -0.1843+/-1.0960 | alive=30000/30000
   [CMDR  DIAG] ratio: 0.9962+/-0.1781 [0.3536,2.5122] | adv: -0.0407+/-0.8230 | alive=594/726 | bc_coef=0.000
23:07:26 | Batch 0268 (Ep 08038) | R:   -940.9 (  -841.1)  Scout_R:  -157.5  Cmdr_R:  -783.4  Scout:100% Cmdr:94%  scout:[survived=120] cmdr:[survived=83 boundary=7] refills=382  NN_dec=2680/2970  fire: peak=236 final=221 supp=15 ext=31.1  75.6s
   Cmdr reward breakdown: r_extinguish=+156.000  r_water_waste=-5.367  r_water_near=+0.000  r_fire_out=+5.000  r_spread=-99.310
   Water drops: 819 total, 468 hit, 351 miss (57% accuracy)  alt=45m [15-80]  dist=45m [7-93]
   FW shaping: surv=+0.0 bound=+0.0 alt_pen=+0.0 approach=-20.4 alt_shape=+235.6  avg_dist_scout=342m
   [SCOUT DIAG] ratio: 1.0000+/-0.0000 [1.0000,1.0000] | adv: 0.0499+/-0.8484 | alive=30000/30000
   [CMDR  DIAG] ratio: 1.0069+/-0.1965 [0.1954,2.8787] | adv: -0.1035+/-1.1963 | alive=655/726 | bc_coef=0.000
23:09:03 | Batch 0269 (Ep 08068) | R:   -850.8 (  -895.9)  Scout_R:   -67.8  Cmdr_R:  -783.0  Scout:100% Cmdr:97%  scout:[survived=120] cmdr:[survived=87 boundary=3] refills=499  NN_dec=2731/2970  fire: peak=293 final=265 supp=28 ext=36.1  76.9s
   Cmdr reward breakdown: r_extinguish=+190.667  r_water_waste=-5.950  r_water_near=+0.000  r_fire_out=+0.000  r_spread=-134.450
   Water drops: 963 total, 572 hit, 391 miss (59% accuracy)  alt=48m [20-80]  dist=43m [2-97]
   FW shaping: surv=+0.0 bound=+0.0 alt_pen=+0.0 approach=-47.6 alt_shape=+261.0  avg_dist_scout=366m
   [SCOUT DIAG] ratio: 1.0000+/-0.0000 [1.0000,1.0000] | adv: 0.0989+/-0.9057 | alive=30000/30000
   [CMDR  DIAG] ratio: 1.0070+/-0.1626 [0.5576,2.0764] | adv: -0.2211+/-1.1393 | alive=646/726 | bc_coef=0.000
23:10:34 | Batch 0270 (Ep 08098) | R:   -790.6 (  -820.7)  Scout_R:  -188.4  Cmdr_R:  -602.2  Scout:100% Cmdr:95%  scout:[survived=120] cmdr:[survived=85 boundary=5] refills=595  NN_dec=2657/2970  fire: peak=227 final=205 supp=22 ext=35.2  73.0s
   Cmdr reward breakdown: r_extinguish=+178.333  r_water_waste=-7.867  r_water_near=+0.000  r_fire_out=+0.000  r_spread=-108.885
   Water drops: 1051 total, 535 hit, 516 miss (51% accuracy)  alt=46m [18-76]  dist=45m [1-115]
   FW shaping: surv=+0.0 bound=+0.0 alt_pen=+0.0 approach=-25.4 alt_shape=+255.0  avg_dist_scout=354m
   [SCOUT DIAG] ratio: 1.0000+/-0.0000 [1.0000,1.0000] | adv: -0.0564+/-0.9346 | alive=30000/30000
   [CMDR  DIAG] ratio: 0.9994+/-0.1089 [0.1623,1.6260] | adv: -0.0703+/-0.8420 | alive=673/726 | bc_coef=0.000
23:12:11 | Batch 0271 (Ep 08128) | R:   -519.7 (  -655.2)  Scout_R:  +130.4  Cmdr_R:  -650.1  Scout:100% Cmdr:99%  scout:[survived=120] cmdr:[survived=89 boundary=1] refills=497  NN_dec=2792/2970  fire: peak=274 final=246 supp=28 ext=39.7  73.9s
   Cmdr reward breakdown: r_extinguish=+190.667  r_water_waste=-6.167  r_water_near=+0.000  r_fire_out=+0.000  r_spread=-126.750
   Water drops: 979 total, 572 hit, 407 miss (58% accuracy)  alt=45m [14-79]  dist=44m [0-105]
   FW shaping: surv=+0.0 bound=+0.0 alt_pen=+0.0 approach=-12.9 alt_shape=+249.4  avg_dist_scout=363m
   [SCOUT DIAG] ratio: 1.0000+/-0.0000 [1.0000,1.0000] | adv: -0.1516+/-1.1146 | alive=30000/30000
   [CMDR  DIAG] ratio: 1.0176+/-0.2104 [0.3485,2.6111] | adv: 0.0432+/-0.8426 | alive=693/726 | bc_coef=0.000
23:13:48 | Batch 0272 (Ep 08158) | R:   -531.2 (  -525.5)  Scout_R:   -74.4  Cmdr_R:  -456.8  Scout:100% Cmdr:98%  scout:[survived=120] cmdr:[survived=88 boundary=2] refills=357  NN_dec=2887/2970  fire: peak=195 final=174 supp=22 ext=37.2  78.3s
   Cmdr reward breakdown: r_extinguish=+175.333  r_water_waste=-7.017  r_water_near=+0.000  r_fire_out=+0.000  r_spread=-94.100
   Water drops: 986 total, 526 hit, 460 miss (53% accuracy)  alt=43m [17-77]  dist=42m [5-94]
   FW shaping: surv=+0.0 bound=+0.0 alt_pen=+0.0 approach=+8.8 alt_shape=+316.2  avg_dist_scout=319m
   [SCOUT DIAG] ratio: 1.0000+/-0.0000 [1.0000,1.0000] | adv: -0.0264+/-1.0495 | alive=30000/30000
   [CMDR  DIAG] ratio: 1.0009+/-0.1251 [0.5390,2.9793] | adv: -0.1869+/-1.2918 | alive=724/726 | bc_coef=0.000
23:15:26 | Batch 0273 (Ep 08188) | R:    +59.3 (  -236.0)  Scout_R:   +60.4  Cmdr_R:    -1.1  Scout:100% Cmdr:94%  scout:[survived=120] cmdr:[survived=84 boundary=6] refills=591  NN_dec=2683/2970  fire: peak=178 final=151 supp=27 ext=37.6  79.1s
   Cmdr reward breakdown: r_extinguish=+192.333  r_water_waste=-10.567  r_water_near=+0.000  r_fire_out=+5.000  r_spread=-77.820
   Water drops: 1264 total, 577 hit, 687 miss (46% accuracy)  alt=42m [10-79]  dist=45m [3-94]
   FW shaping: surv=+0.0 bound=+0.0 alt_pen=+0.0 approach=+19.4 alt_shape=+326.4  avg_dist_scout=272m
   [SCOUT DIAG] ratio: 1.0000+/-0.0000 [1.0000,1.0000] | adv: 0.0208+/-0.9603 | alive=30000/30000
   [CMDR  DIAG] ratio: 1.0048+/-0.1335 [0.5235,2.0286] | adv: 0.0702+/-0.6990 | alive=673/726 | bc_coef=0.000
23:17:08 | Batch 0274 (Ep 08218) | R:  -1132.7 (  -536.7)  Scout_R:  -124.9  Cmdr_R: -1007.8  Scout:100% Cmdr:96%  scout:[survived=120] cmdr:[survived=85 boundary=5] refills=365  NN_dec=2758/2970  fire: peak=253 final=237 supp=16 ext=30.7  82.4s
   Cmdr reward breakdown: r_extinguish=+152.667  r_water_waste=-6.517  r_water_near=+0.000  r_fire_out=+0.000  r_spread=-113.075
   Water drops: 888 total, 458 hit, 430 miss (52% accuracy)  alt=46m [19-80]  dist=44m [4-96]
   FW shaping: surv=+0.0 bound=+0.0 alt_pen=+0.0 approach=-39.4 alt_shape=+266.5  avg_dist_scout=366m
   [SCOUT DIAG] ratio: 1.0000+/-0.0000 [1.0000,1.0000] | adv: -0.0402+/-1.0607 | alive=30000/30000
   [CMDR  DIAG] ratio: 1.0009+/-0.1369 [0.4533,1.7430] | adv: 0.1144+/-0.9456 | alive=700/726 | bc_coef=0.000
23:18:45 | Batch 0275 (Ep 08248) | R:   -808.3 (  -970.5)  Scout_R:   +62.2  Cmdr_R:  -870.5  Scout:100% Cmdr:96%  scout:[survived=120] cmdr:[survived=86 boundary=4] refills=633  NN_dec=2601/2970  fire: peak=257 final=235 supp=22 ext=31.7  78.0s
   Cmdr reward breakdown: r_extinguish=+168.000  r_water_waste=-7.417  r_water_near=+0.000  r_fire_out=+0.000  r_spread=-112.525
   Water drops: 988 total, 504 hit, 484 miss (51% accuracy)  alt=44m [21-79]  dist=46m [2-111]
   FW shaping: surv=+0.0 bound=+0.0 alt_pen=+0.0 approach=-59.7 alt_shape=+240.1  avg_dist_scout=372m
   [SCOUT DIAG] ratio: 1.0000+/-0.0000 [1.0000,1.0000] | adv: 0.0472+/-0.8460 | alive=30000/30000
   [CMDR  DIAG] ratio: 1.0114+/-0.1021 [0.4824,1.8863] | adv: -0.0611+/-1.0222 | alive=659/726 | bc_coef=0.000
23:20:14 | Batch 0276 (Ep 08278) | R:   -326.9 (  -567.6)  Scout_R:   +28.2  Cmdr_R:  -355.2  Scout:100% Cmdr:100%  scout:[survived=120] cmdr:[survived=90] refills=502  NN_dec=2876/2970  fire: peak=261 final=231 supp=30 ext=35.6  71.2s
   Cmdr reward breakdown: r_extinguish=+197.333  r_water_waste=-9.333  r_water_near=+0.000  r_fire_out=+10.000  r_spread=-118.080
   Water drops: 1202 total, 592 hit, 610 miss (49% accuracy)  alt=45m [13-80]  dist=45m [4-92]
   FW shaping: surv=+0.0 bound=+0.0 alt_pen=+0.0 approach=+11.2 alt_shape=+319.7  avg_dist_scout=292m
   [SCOUT DIAG] ratio: 1.0000+/-0.0000 [1.0000,1.0000] | adv: -0.0575+/-0.9955 | alive=30000/30000
   [CMDR  DIAG] ratio: 1.0120+/-0.1147 [0.3671,2.1545] | adv: 0.0356+/-1.2561 | alive=672/726 | bc_coef=0.000
23:21:51 | Batch 0277 (Ep 08308) | R:   -419.6 (  -373.3)  Scout_R:   +31.1  Cmdr_R:  -450.7  Scout:100% Cmdr:96%  scout:[survived=120] cmdr:[survived=86 boundary=4] refills=523  NN_dec=2687/2970  fire: peak=298 final=273 supp=25 ext=38.0  78.7s
   Cmdr reward breakdown: r_extinguish=+184.333  r_water_waste=-7.017  r_water_near=+0.000  r_fire_out=+0.000  r_spread=-136.540
   Water drops: 1013 total, 553 hit, 460 miss (55% accuracy)  alt=46m [12-79]  dist=45m [5-92]
   FW shaping: surv=+0.0 bound=+0.0 alt_pen=+0.0 approach=+15.8 alt_shape=+244.4  avg_dist_scout=341m
   [SCOUT DIAG] ratio: 1.0000+/-0.0000 [1.0000,1.0000] | adv: 0.0894+/-0.9108 | alive=30000/30000
   [CMDR  DIAG] ratio: 0.9944+/-0.1335 [0.2042,2.6793] | adv: -0.3257+/-1.2904 | alive=689/726 | bc_coef=0.000
23:23:24 | Batch 0278 (Ep 08338) | R:   -524.8 (  -472.2)  Scout_R:   +49.9  Cmdr_R:  -574.7  Scout:100% Cmdr:96%  scout:[survived=120] cmdr:[survived=86 boundary=4] refills=398  NN_dec=2734/2970  fire: peak=214 final=193 supp=21 ext=32.4  74.7s
   Cmdr reward breakdown: r_extinguish=+162.333  r_water_waste=-5.783  r_water_near=+0.000  r_fire_out=+0.000  r_spread=-92.945
   Water drops: 867 total, 487 hit, 380 miss (56% accuracy)  alt=46m [14-80]  dist=43m [1-88]
   FW shaping: surv=+0.0 bound=+0.0 alt_pen=+0.0 approach=-21.2 alt_shape=+295.9  avg_dist_scout=342m
   [SCOUT DIAG] ratio: 1.0000+/-0.0000 [1.0000,1.0000] | adv: 0.0111+/-1.0214 | alive=30000/30000
   [CMDR  DIAG] ratio: 0.9937+/-0.1193 [0.3410,1.6785] | adv: -0.0920+/-0.9357 | alive=689/726 | bc_coef=0.000
23:24:57 | Batch 0279 (Ep 08368) | R:  -1415.6 (  -970.2)  Scout_R:  -112.2  Cmdr_R: -1303.4  Scout:100% Cmdr:93%  scout:[survived=120] cmdr:[survived=82 boundary=8] refills=468  NN_dec=2515/2970  fire: peak=267 final=256 supp=11 ext=29.3  75.0s
   Cmdr reward breakdown: r_extinguish=+155.667  r_water_waste=-4.650  r_water_near=+0.000  r_fire_out=+0.000  r_spread=-115.315
   Water drops: 770 total, 467 hit, 303 miss (61% accuracy)  alt=45m [21-79]  dist=43m [1-94]
   FW shaping: surv=+0.0 bound=+0.0 alt_pen=+0.0 approach=-118.8 alt_shape=+171.4  avg_dist_scout=433m
   [SCOUT DIAG] ratio: 1.0000+/-0.0000 [1.0000,1.0000] | adv: 0.0024+/-0.9296 | alive=30000/30000
   [CMDR  DIAG] ratio: 0.9988+/-0.1265 [0.2246,2.0687] | adv: -0.1456+/-1.0125 | alive=646/726 | bc_coef=0.000
23:26:31 | Batch 0280 (Ep 08398) | R:   -746.7 ( -1081.1)  Scout_R:   -28.7  Cmdr_R:  -718.0  Scout:100% Cmdr:95%  scout:[survived=120] cmdr:[survived=85 boundary=5] refills=555  NN_dec=2651/2970  fire: peak=250 final=228 supp=21 ext=38.5  76.3s
   Cmdr reward breakdown: r_extinguish=+197.333  r_water_waste=-7.850  r_water_near=+0.000  r_fire_out=+5.000  r_spread=-112.350
   Water drops: 1111 total, 592 hit, 519 miss (53% accuracy)  alt=44m [12-80]  dist=48m [1-118]
   FW shaping: surv=+0.0 bound=+0.0 alt_pen=+0.0 approach=-32.6 alt_shape=+302.6  avg_dist_scout=336m
   [SCOUT DIAG] ratio: 1.0000+/-0.0000 [1.0000,1.0000] | adv: -0.0731+/-0.9946 | alive=30000/30000
   [CMDR  DIAG] ratio: 1.0052+/-0.1674 [0.5231,3.3193] | adv: -0.0258+/-1.0699 | alive=620/726 | bc_coef=0.000
23:28:05 | Batch 0281 (Ep 08428) | R:   -835.1 (  -790.9)  Scout_R:   -59.4  Cmdr_R:  -775.7  Scout:100% Cmdr:95%  scout:[survived=120] cmdr:[survived=85 boundary=5] refills=416  NN_dec=2712/2970  fire: peak=242 final=218 supp=24 ext=36.5  71.2s
   Cmdr reward breakdown: r_extinguish=+176.333  r_water_waste=-6.267  r_water_near=+0.000  r_fire_out=+5.000  r_spread=-106.980
   Water drops: 934 total, 529 hit, 405 miss (57% accuracy)  alt=42m [13-79]  dist=43m [2-89]
   FW shaping: surv=+0.0 bound=+0.0 alt_pen=+0.0 approach=-45.1 alt_shape=+249.8  avg_dist_scout=363m
   [SCOUT DIAG] ratio: 1.0000+/-0.0000 [1.0000,1.0000] | adv: 0.0773+/-0.9002 | alive=30000/30000
   [CMDR  DIAG] ratio: 0.9983+/-0.1381 [0.2159,2.4481] | adv: 0.1774+/-0.8680 | alive=659/726 | bc_coef=0.000
23:29:33 | Batch 0282 (Ep 08458) | R:   -612.5 (  -723.8)  Scout_R:  -175.9  Cmdr_R:  -436.5  Scout:100% Cmdr:97%  scout:[survived=120] cmdr:[survived=87 boundary=3] refills=479  NN_dec=2766/2970  fire: peak=195 final=168 supp=27 ext=37.1  70.3s
   Cmdr reward breakdown: r_extinguish=+187.667  r_water_waste=-6.983  r_water_near=+0.000  r_fire_out=+0.000  r_spread=-94.230
   Water drops: 1020 total, 563 hit, 457 miss (55% accuracy)  alt=43m [19-79]  dist=44m [5-94]
   FW shaping: surv=+0.0 bound=+0.0 alt_pen=+0.0 approach=+17.9 alt_shape=+327.8  avg_dist_scout=307m
   [SCOUT DIAG] ratio: 1.0000+/-0.0000 [1.0000,1.0000] | adv: 0.0494+/-0.9610 | alive=30000/30000
   [CMDR  DIAG] ratio: 1.0023+/-0.1120 [0.5969,1.8705] | adv: 0.1736+/-0.4330 | alive=724/726 | bc_coef=0.000
23:31:09 | Batch 0283 (Ep 08488) | R:   -874.2 (  -743.3)  Scout_R:  -285.4  Cmdr_R:  -588.7  Scout:100% Cmdr:96%  scout:[survived=120] cmdr:[survived=85 boundary=5] refills=408  NN_dec=2730/2970  fire: peak=277 final=248 supp=29 ext=32.0  78.1s
   Cmdr reward breakdown: r_extinguish=+147.667  r_water_waste=-6.733  r_water_near=+0.000  r_fire_out=+5.000  r_spread=-120.280
   Water drops: 885 total, 443 hit, 442 miss (50% accuracy)  alt=46m [14-80]  dist=47m [7-97]
   FW shaping: surv=+0.0 bound=+0.0 alt_pen=+0.0 approach=-24.0 alt_shape=+266.9  avg_dist_scout=344m
   [SCOUT DIAG] ratio: 1.0000+/-0.0000 [1.0000,1.0000] | adv: -0.0190+/-1.0738 | alive=30000/30000
   [CMDR  DIAG] ratio: 1.0067+/-0.1462 [0.3691,2.2407] | adv: 0.0613+/-0.5392 | alive=675/726 | bc_coef=0.000
23:32:41 | Batch 0284 (Ep 08518) | R:   -302.2 (  -588.2)  Scout_R:   +53.5  Cmdr_R:  -355.6  Scout:100% Cmdr:98%  scout:[survived=120] cmdr:[survived=88 boundary=2] refills=616  NN_dec=2771/2970  fire: peak=186 final=156 supp=29 ext=38.7  73.4s
   Cmdr reward breakdown: r_extinguish=+203.667  r_water_waste=-8.533  r_water_near=+0.000  r_fire_out=+10.000  r_spread=-93.265
   Water drops: 1173 total, 611 hit, 562 miss (52% accuracy)  alt=44m [19-78]  dist=46m [4-113]
   FW shaping: surv=+0.0 bound=+0.0 alt_pen=+0.0 approach=+29.7 alt_shape=+342.4  avg_dist_scout=307m
   [SCOUT DIAG] ratio: 1.0000+/-0.0000 [1.0000,1.0000] | adv: 0.0670+/-0.9137 | alive=30000/30000
   [CMDR  DIAG] ratio: 1.0083+/-0.1596 [0.5035,2.5510] | adv: 0.0370+/-0.8917 | alive=593/726 | bc_coef=0.000
23:34:14 | Batch 0285 (Ep 08548) | R:   -431.8 (  -367.0)  Scout_R:   +38.9  Cmdr_R:  -470.7  Scout:100% Cmdr:95%  scout:[survived=120] cmdr:[survived=84 boundary=6] refills=538  NN_dec=2640/2970  fire: peak=213 final=189 supp=25 ext=37.0  74.4s
   Cmdr reward breakdown: r_extinguish=+192.000  r_water_waste=-7.483  r_water_near=+0.000  r_fire_out=+0.000  r_spread=-93.405
   Water drops: 1070 total, 576 hit, 494 miss (54% accuracy)  alt=43m [18-80]  dist=43m [0-104]
   FW shaping: surv=+0.0 bound=+0.0 alt_pen=+0.0 approach=-13.9 alt_shape=+289.5  avg_dist_scout=324m
   [SCOUT DIAG] ratio: 1.0000+/-0.0000 [1.0000,1.0000] | adv: 0.0949+/-0.8839 | alive=30000/30000
   [CMDR  DIAG] ratio: 1.0067+/-0.1105 [0.5980,1.8140] | adv: 0.1715+/-0.4048 | alive=657/726 | bc_coef=0.000
23:35:47 | Batch 0286 (Ep 08578) | R:   -515.1 (  -473.5)  Scout_R:   -67.0  Cmdr_R:  -448.1  Scout:100% Cmdr:95%  scout:[survived=120] cmdr:[survived=84 boundary=5 ground_crash=1] refills=580  NN_dec=2624/2970  fire: peak=266 final=241 supp=24 ext=38.5  75.2s
   Cmdr reward breakdown: r_extinguish=+183.667  r_water_waste=-8.517  r_water_near=+0.000  r_fire_out=+5.000  r_spread=-118.940
   Water drops: 1109 total, 551 hit, 558 miss (50% accuracy)  alt=44m [21-80]  dist=46m [4-96]
   FW shaping: surv=+0.0 bound=+0.0 alt_pen=+0.0 approach=-14.3 alt_shape=+289.3  avg_dist_scout=322m
   [SCOUT DIAG] ratio: 1.0000+/-0.0000 [1.0000,1.0000] | adv: 0.0959+/-0.9448 | alive=30000/30000
   [CMDR  DIAG] ratio: 1.0106+/-0.1152 [0.6145,1.8759] | adv: -0.2560+/-1.3766 | alive=654/726 | bc_coef=0.000
23:37:21 | Batch 0287 (Ep 08608) | R:   -490.5 (  -502.8)  Scout_R:   -36.6  Cmdr_R:  -453.9  Scout:100% Cmdr:98%  scout:[survived=120] cmdr:[survived=88 boundary=2] refills=397  NN_dec=2832/2970  fire: peak=183 final=158 supp=24 ext=34.8  75.8s
   Cmdr reward breakdown: r_extinguish=+171.000  r_water_waste=-6.483  r_water_near=+0.000  r_fire_out=+5.000  r_spread=-88.575
   Water drops: 942 total, 513 hit, 429 miss (54% accuracy)  alt=44m [17-79]  dist=44m [2-91]
   FW shaping: surv=+0.0 bound=+0.0 alt_pen=+0.0 approach=+7.2 alt_shape=+325.3  avg_dist_scout=321m
   [SCOUT DIAG] ratio: 1.0000+/-0.0000 [1.0000,1.0000] | adv: 0.0054+/-0.9316 | alive=30000/30000
   [CMDR  DIAG] ratio: 1.0029+/-0.1038 [0.4713,1.7172] | adv: -0.0768+/-1.0101 | alive=709/726 | bc_coef=0.000
23:38:52 | Batch 0288 (Ep 08638) | R:   -984.1 (  -737.3)  Scout_R:  -130.1  Cmdr_R:  -854.1  Scout:100% Cmdr:95%  scout:[survived=120] cmdr:[survived=84 boundary=6] refills=526  NN_dec=2611/2970  fire: peak=224 final=207 supp=17 ext=36.2  73.3s
   Cmdr reward breakdown: r_extinguish=+189.667  r_water_waste=-8.750  r_water_near=+0.000  r_fire_out=+0.000  r_spread=-96.050
   Water drops: 1136 total, 569 hit, 567 miss (50% accuracy)  alt=42m [15-79]  dist=47m [2-110]
   FW shaping: surv=+0.0 bound=+0.0 alt_pen=+0.0 approach=-29.2 alt_shape=+280.7  avg_dist_scout=357m
   [SCOUT DIAG] ratio: 1.0000+/-0.0000 [1.0000,1.0000] | adv: -0.0663+/-1.0212 | alive=30000/30000
   [CMDR  DIAG] ratio: 1.0115+/-0.1464 [0.4670,2.6327] | adv: -0.0289+/-1.0784 | alive=645/726 | bc_coef=0.000
23:40:23 | Batch 0289 (Ep 08668) | R:   -363.2 (  -673.7)  Scout_R:   -97.0  Cmdr_R:  -266.2  Scout:100% Cmdr:96%  scout:[survived=120] cmdr:[survived=85 boundary=5] refills=495  NN_dec=2729/2970  fire: peak=261 final=241 supp=21 ext=42.5  72.6s
   Cmdr reward breakdown: r_extinguish=+208.667  r_water_waste=-7.733  r_water_near=+0.000  r_fire_out=+0.000  r_spread=-119.300
   Water drops: 1131 total, 626 hit, 505 miss (55% accuracy)  alt=43m [14-79]  dist=44m [1-99]
   FW shaping: surv=+0.0 bound=+0.0 alt_pen=+0.0 approach=+5.0 alt_shape=+308.5  avg_dist_scout=315m
   [SCOUT DIAG] ratio: 1.0000+/-0.0000 [1.0000,1.0000] | adv: -0.0869+/-1.0606 | alive=30000/30000
   [CMDR  DIAG] ratio: 1.0046+/-0.1369 [0.4024,2.2850] | adv: -0.2315+/-1.3714 | alive=687/726 | bc_coef=0.000
23:41:56 | Batch 0290 (Ep 08698) | R:   -196.8 (  -280.0)  Scout_R:   +44.8  Cmdr_R:  -241.5  Scout:100% Cmdr:95%  scout:[survived=120] cmdr:[survived=85 boundary=5] refills=477  NN_dec=2754/2970  fire: peak=276 final=241 supp=34 ext=39.5  75.8s
   Cmdr reward breakdown: r_extinguish=+209.000  r_water_waste=-7.517  r_water_near=+0.000  r_fire_out=+0.000  r_spread=-111.680
   Water drops: 1119 total, 627 hit, 492 miss (56% accuracy)  alt=41m [12-80]  dist=43m [0-94]
   FW shaping: surv=+0.0 bound=+0.0 alt_pen=+0.0 approach=+12.7 alt_shape=+269.8  avg_dist_scout=311m
   [SCOUT DIAG] ratio: 1.0000+/-0.0000 [1.0000,1.0000] | adv: 0.0065+/-1.0219 | alive=30000/30000
   [CMDR  DIAG] ratio: 1.0053+/-0.1259 [0.4144,2.1952] | adv: 0.1487+/-0.3300 | alive=690/726 | bc_coef=0.000
23:43:35 | Batch 0291 (Ep 08728) | R:   -749.9 (  -473.3)  Scout_R:  -114.3  Cmdr_R:  -635.6  Scout:100% Cmdr:95%  scout:[survived=120] cmdr:[survived=83 boundary=7] refills=510  NN_dec=2667/2970  fire: peak=303 final=282 supp=21 ext=40.9  75.4s
   Cmdr reward breakdown: r_extinguish=+199.333  r_water_waste=-7.700  r_water_near=+0.000  r_fire_out=+0.000  r_spread=-133.275
   Water drops: 1099 total, 598 hit, 501 miss (54% accuracy)  alt=45m [13-79]  dist=45m [3-106]
   FW shaping: surv=+0.0 bound=+0.0 alt_pen=+0.0 approach=-40.1 alt_shape=+295.9  avg_dist_scout=321m
   [SCOUT DIAG] ratio: 1.0000+/-0.0000 [1.0000,1.0000] | adv: 0.0388+/-0.9788 | alive=30000/30000
   [CMDR  DIAG] ratio: 1.0080+/-0.1363 [0.2517,1.9239] | adv: 0.2161+/-0.3886 | alive=675/726 | bc_coef=0.000
23:45:07 | Batch 0292 (Ep 08758) | R:   -356.3 (  -553.1)  Scout_R:  -132.6  Cmdr_R:  -223.7  Scout:100% Cmdr:100%  scout:[survived=120] cmdr:[survived=90] refills=493  NN_dec=2881/2970  fire: peak=172 final=145 supp=27 ext=34.4  73.3s
   Cmdr reward breakdown: r_extinguish=+183.000  r_water_waste=-9.233  r_water_near=+0.000  r_fire_out=+5.000  r_spread=-81.465
   Water drops: 1151 total, 549 hit, 602 miss (48% accuracy)  alt=41m [11-80]  dist=46m [8-87]
   FW shaping: surv=+0.0 bound=+0.0 alt_pen=+0.0 approach=+66.3 alt_shape=+335.9  avg_dist_scout=287m
   [SCOUT DIAG] ratio: 1.0000+/-0.0000 [1.0000,1.0000] | adv: -0.1257+/-1.1369 | alive=30000/30000
   [CMDR  DIAG] ratio: 1.0074+/-0.1491 [0.5275,2.3180] | adv: 0.0769+/-0.6778 | alive=724/726 | bc_coef=0.000
23:46:41 | Batch 0293 (Ep 08788) | R:   -553.0 (  -454.6)  Scout_R:   +49.9  Cmdr_R:  -602.8  Scout:100% Cmdr:95%  scout:[survived=120] cmdr:[survived=85 boundary=5] refills=534  NN_dec=2609/2970  fire: peak=233 final=212 supp=21 ext=36.7  76.2s
   Cmdr reward breakdown: r_extinguish=+192.667  r_water_waste=-6.450  r_water_near=+0.000  r_fire_out=+10.000  r_spread=-99.145
   Water drops: 994 total, 578 hit, 416 miss (58% accuracy)  alt=45m [15-78]  dist=43m [3-89]
   FW shaping: surv=+0.0 bound=+0.0 alt_pen=+0.0 approach=-23.5 alt_shape=+295.0  avg_dist_scout=328m
   [SCOUT DIAG] ratio: 1.0000+/-0.0000 [1.0000,1.0000] | adv: 0.0256+/-1.0070 | alive=30000/30000
   [CMDR  DIAG] ratio: 1.0032+/-0.1611 [0.2691,2.5339] | adv: 0.1354+/-0.8267 | alive=634/726 | bc_coef=0.000
23:48:10 | Batch 0294 (Ep 08818) | R:  -1133.4 (  -843.2)  Scout_R:   -50.0  Cmdr_R: -1083.5  Scout:100% Cmdr:94%  scout:[survived=120] cmdr:[survived=83 boundary=7] refills=350  NN_dec=2639/2970  fire: peak=208 final=199 supp=9 ext=22.7  71.7s
   Cmdr reward breakdown: r_extinguish=+115.000  r_water_waste=-5.067  r_water_near=+0.000  r_fire_out=+5.000  r_spread=-80.435
   Water drops: 677 total, 345 hit, 332 miss (51% accuracy)  alt=43m [15-79]  dist=46m [7-91]
   FW shaping: surv=+0.0 bound=+0.0 alt_pen=+0.0 approach=-83.7 alt_shape=+219.5  avg_dist_scout=418m
   [SCOUT DIAG] ratio: 1.0000+/-0.0000 [1.0000,1.0000] | adv: 0.0370+/-0.8947 | alive=30000/30000
   [CMDR  DIAG] ratio: 1.0163+/-0.1558 [0.4086,2.0428] | adv: 0.0306+/-1.0212 | alive=663/726 | bc_coef=0.000
23:49:43 | Batch 0295 (Ep 08848) | R:   -880.5 ( -1007.0)  Scout_R:  -155.0  Cmdr_R:  -725.5  Scout:100% Cmdr:97%  scout:[survived=120] cmdr:[survived=87 boundary=3] refills=467  NN_dec=2744/2970  fire: peak=233 final=208 supp=25 ext=37.5  74.8s
   Cmdr reward breakdown: r_extinguish=+182.333  r_water_waste=-7.600  r_water_near=+0.000  r_fire_out=+0.000  r_spread=-103.000
   Water drops: 1036 total, 547 hit, 489 miss (53% accuracy)  alt=43m [13-79]  dist=45m [1-103]
   FW shaping: surv=+0.0 bound=+0.0 alt_pen=+0.0 approach=-25.8 alt_shape=+288.1  avg_dist_scout=355m
   [SCOUT DIAG] ratio: 1.0000+/-0.0000 [1.0000,1.0000] | adv: 0.0790+/-0.8997 | alive=30000/30000
   [CMDR  DIAG] ratio: 1.0090+/-0.1623 [0.1552,2.4811] | adv: -0.1714+/-1.2934 | alive=686/726 | bc_coef=0.000
23:51:17 | Batch 0296 (Ep 08878) | R:   -712.7 (  -796.6)  Scout_R:   -74.0  Cmdr_R:  -638.7  Scout:100% Cmdr:95%  scout:[survived=120] cmdr:[survived=85 boundary=5] refills=599  NN_dec=2645/2970  fire: peak=294 final=277 supp=17 ext=33.1  76.0s
   Cmdr reward breakdown: r_extinguish=+187.333  r_water_waste=-8.900  r_water_near=+0.000  r_fire_out=+0.000  r_spread=-131.085
   Water drops: 1152 total, 562 hit, 590 miss (49% accuracy)  alt=45m [21-79]  dist=49m [1-101]
   FW shaping: surv=+0.0 bound=+0.0 alt_pen=+0.0 approach=-39.1 alt_shape=+234.7  avg_dist_scout=363m
   [SCOUT DIAG] ratio: 1.0000+/-0.0000 [1.0000,1.0000] | adv: 0.2200+/-0.8224 | alive=30000/30000
   [CMDR  DIAG] ratio: 1.0164+/-0.1866 [0.0693,2.7068] | adv: 0.1131+/-0.7693 | alive=627/726 | bc_coef=0.000
23:52:48 | Batch 0297 (Ep 08908) | R:   -586.2 (  -649.5)  Scout_R:  -124.8  Cmdr_R:  -461.4  Scout:100% Cmdr:97%  scout:[survived=120] cmdr:[survived=87 boundary=3] refills=560  NN_dec=2752/2970  fire: peak=202 final=175 supp=26 ext=43.2  73.3s
   Cmdr reward breakdown: r_extinguish=+203.667  r_water_waste=-10.250  r_water_near=+0.000  r_fire_out=+0.000  r_spread=-98.485
   Water drops: 1275 total, 611 hit, 664 miss (48% accuracy)  alt=41m [13-78]  dist=45m [2-100]
   FW shaping: surv=+0.0 bound=+0.0 alt_pen=+0.0 approach=-12.2 alt_shape=+300.2  avg_dist_scout=312m
   [SCOUT DIAG] ratio: 1.0000+/-0.0000 [1.0000,1.0000] | adv: -0.1058+/-1.0223 | alive=30000/30000
   [CMDR  DIAG] ratio: 1.0018+/-0.1047 [0.4068,1.6386] | adv: -0.3050+/-1.5908 | alive=636/726 | bc_coef=0.000
23:54:21 | Batch 0298 (Ep 08938) | R:   -630.9 (  -608.5)  Scout_R:   +68.3  Cmdr_R:  -699.2  Scout:100% Cmdr:97%  scout:[survived=120] cmdr:[survived=87 boundary=3] refills=582  NN_dec=2731/2970  fire: peak=279 final=261 supp=18 ext=38.9  75.2s
   Cmdr reward breakdown: r_extinguish=+207.000  r_water_waste=-9.633  r_water_near=+0.000  r_fire_out=+0.000  r_spread=-126.430
   Water drops: 1253 total, 621 hit, 632 miss (50% accuracy)  alt=44m [13-80]  dist=46m [2-96]
   FW shaping: surv=+0.0 bound=+0.0 alt_pen=+0.0 approach=-17.2 alt_shape=+261.7  avg_dist_scout=354m
   [SCOUT DIAG] ratio: 1.0000+/-0.0000 [1.0000,1.0000] | adv: -0.0862+/-1.0599 | alive=30000/30000
   [CMDR  DIAG] ratio: 0.9962+/-0.1063 [0.2224,1.4799] | adv: 0.1354+/-0.7871 | alive=650/726 | bc_coef=0.000
23:55:54 | Batch 0299 (Ep 08968) | R:   -382.2 (  -506.6)  Scout_R:   -23.6  Cmdr_R:  -358.6  Scout:100% Cmdr:99%  scout:[survived=120] cmdr:[survived=89 boundary=1] refills=628  NN_dec=2702/2970  fire: peak=294 final=272 supp=22 ext=39.8  75.0s
   Cmdr reward breakdown: r_extinguish=+196.000  r_water_waste=-8.583  r_water_near=+0.000  r_fire_out=+0.000  r_spread=-132.590
   Water drops: 1153 total, 588 hit, 565 miss (51% accuracy)  alt=41m [13-78]  dist=46m [1-100]
   FW shaping: surv=+0.0 bound=+0.0 alt_pen=+0.0 approach=+14.6 alt_shape=+282.3  avg_dist_scout=341m
   [SCOUT DIAG] ratio: 1.0000+/-0.0000 [1.0000,1.0000] | adv: -0.0999+/-1.0382 | alive=30000/30000
   [CMDR  DIAG] ratio: 1.0038+/-0.1449 [0.1604,1.9863] | adv: 0.1830+/-0.3970 | alive=616/726 | bc_coef=0.000
23:57:25 | Batch 0300 (Ep 08998) | R:   -288.5 (  -335.4)  Scout_R:   -24.2  Cmdr_R:  -264.3  Scout:100% Cmdr:99%  scout:[survived=120] cmdr:[survived=89 boundary=1] refills=449  NN_dec=2861/2970  fire: peak=197 final=181 supp=16 ext=41.4  72.7s
   Cmdr reward breakdown: r_extinguish=+220.000  r_water_waste=-9.433  r_water_near=+0.000  r_fire_out=+5.000  r_spread=-102.670
   Water drops: 1274 total, 660 hit, 614 miss (52% accuracy)  alt=44m [13-80]  dist=47m [5-96]
   FW shaping: surv=+0.0 bound=+0.0 alt_pen=+0.0 approach=+33.1 alt_shape=+400.4  avg_dist_scout=252m
   [SCOUT DIAG] ratio: 1.0000+/-0.0000 [1.0000,1.0000] | adv: -0.0486+/-1.0122 | alive=30000/30000
   [CMDR  DIAG] ratio: 0.9974+/-0.1319 [0.3162,1.9526] | adv: 0.0455+/-0.6875 | alive=686/726 | bc_coef=0.000
23:59:05 | Batch 0301 (Ep 09028) | R:  -1586.2 (  -937.4)  Scout_R:   -63.5  Cmdr_R: -1522.7  Scout:100% Cmdr:97%  scout:[survived=120] cmdr:[survived=86 boundary=4] refills=459  NN_dec=2704/2970  fire: peak=310 final=286 supp=24 ext=32.4  76.2s
   Cmdr reward breakdown: r_extinguish=+154.000  r_water_waste=-6.033  r_water_near=+0.000  r_fire_out=+5.000  r_spread=-131.785
   Water drops: 854 total, 462 hit, 392 miss (54% accuracy)  alt=45m [10-79]  dist=43m [1-94]
   FW shaping: surv=+0.0 bound=+0.0 alt_pen=+0.0 approach=-75.3 alt_shape=+245.0  avg_dist_scout=419m
   [SCOUT DIAG] ratio: 1.0000+/-0.0000 [1.0000,1.0000] | adv: -0.2009+/-1.1624 | alive=30000/30000
   [CMDR  DIAG] ratio: 1.0034+/-0.1973 [0.2923,2.9204] | adv: -0.0914+/-1.1390 | alive=636/726 | bc_coef=0.000
00:00:36 | Batch 0302 (Ep 09058) | R:   -634.6 ( -1110.4)  Scout_R:  -138.2  Cmdr_R:  -496.3  Scout:100% Cmdr:97%  scout:[survived=120] cmdr:[survived=86 boundary=4] refills=346  NN_dec=2830/2970  fire: peak=257 final=244 supp=13 ext=34.0  73.3s
   Cmdr reward breakdown: r_extinguish=+165.667  r_water_waste=-5.633  r_water_near=+0.000  r_fire_out=+0.000  r_spread=-113.835
   Water drops: 863 total, 497 hit, 366 miss (58% accuracy)  alt=46m [18-80]  dist=44m [2-103]
   FW shaping: surv=+0.0 bound=+0.0 alt_pen=+0.0 approach=-6.9 alt_shape=+278.7  avg_dist_scout=326m
   [SCOUT DIAG] ratio: 1.0000+/-0.0000 [1.0000,1.0000] | adv: -0.0217+/-0.9587 | alive=30000/30000
   [CMDR  DIAG] ratio: 1.0072+/-0.1569 [0.2479,2.4238] | adv: -0.1758+/-1.0480 | alive=640/726 | bc_coef=0.000
00:02:10 | Batch 0303 (Ep 09088) | R:  -1132.8 (  -883.7)  Scout_R:   -61.3  Cmdr_R: -1071.5  Scout:100% Cmdr:98%  scout:[survived=120] cmdr:[survived=88 boundary=2] refills=468  NN_dec=2815/2970  fire: peak=284 final=253 supp=32 ext=36.4  75.6s
   Cmdr reward breakdown: r_extinguish=+174.000  r_water_waste=-7.500  r_water_near=+0.000  r_fire_out=+5.000  r_spread=-128.380
   Water drops: 1015 total, 522 hit, 493 miss (51% accuracy)  alt=43m [13-80]  dist=44m [6-90]
   FW shaping: surv=+0.0 bound=+0.0 alt_pen=+0.0 approach=-8.4 alt_shape=+263.3  avg_dist_scout=387m
   [SCOUT DIAG] ratio: 1.0000+/-0.0000 [1.0000,1.0000] | adv: -0.1049+/-1.0575 | alive=30000/30000
   [CMDR  DIAG] ratio: 1.0000+/-0.1158 [0.5280,2.0185] | adv: -0.1333+/-0.9950 | alive=705/726 | bc_coef=0.000
00:03:44 | Batch 0304 (Ep 09118) | R:   -679.3 (  -906.1)  Scout_R:  +138.5  Cmdr_R:  -817.8  Scout:100% Cmdr:93%  scout:[survived=120] cmdr:[survived=81 boundary=9] refills=597  NN_dec=2588/2970  fire: peak=267 final=240 supp=27 ext=42.3  76.7s
   Cmdr reward breakdown: r_extinguish=+221.333  r_water_waste=-7.750  r_water_near=+0.000  r_fire_out=+0.000  r_spread=-115.830
   Water drops: 1176 total, 664 hit, 512 miss (56% accuracy)  alt=44m [17-80]  dist=44m [5-110]
   FW shaping: surv=+0.0 bound=+0.0 alt_pen=+0.0 approach=-51.2 alt_shape=+272.3  avg_dist_scout=336m
   [SCOUT DIAG] ratio: 1.0000+/-0.0000 [1.0000,1.0000] | adv: -0.0692+/-1.1527 | alive=30000/30000
   [CMDR  DIAG] ratio: 1.0102+/-0.1227 [0.2283,1.7857] | adv: -0.1296+/-1.2892 | alive=698/726 | bc_coef=0.000
00:05:16 | Batch 0305 (Ep 09148) | R:   -412.6 (  -546.0)  Scout_R:   +30.0  Cmdr_R:  -442.6  Scout:100% Cmdr:100%  scout:[survived=120] cmdr:[survived=90] refills=577  NN_dec=2790/2970  fire: peak=207 final=184 supp=23 ext=43.5  73.0s
   Cmdr reward breakdown: r_extinguish=+222.333  r_water_waste=-8.850  r_water_near=+0.000  r_fire_out=+0.000  r_spread=-106.995
   Water drops: 1241 total, 667 hit, 574 miss (54% accuracy)  alt=43m [14-80]  dist=46m [3-106]
   FW shaping: surv=+0.0 bound=+0.0 alt_pen=+0.0 approach=+29.9 alt_shape=+363.2  avg_dist_scout=308m
   [SCOUT DIAG] ratio: 1.0000+/-0.0000 [1.0000,1.0000] | adv: 0.2082+/-0.8017 | alive=30000/30000
   [CMDR  DIAG] ratio: 1.0109+/-0.1997 [0.1930,3.0863] | adv: 0.1487+/-0.5553 | alive=696/726 | bc_coef=0.000
00:06:48 | Batch 0306 (Ep 09178) | R:   -517.9 (  -465.3)  Scout_R:   -41.9  Cmdr_R:  -476.1  Scout:100% Cmdr:97%  scout:[survived=120] cmdr:[survived=87 boundary=3] refills=573  NN_dec=2680/2970  fire: peak=274 final=242 supp=33 ext=41.7  74.1s
   Cmdr reward breakdown: r_extinguish=+195.000  r_water_waste=-7.650  r_water_near=+0.000  r_fire_out=+5.000  r_spread=-125.720
   Water drops: 1086 total, 585 hit, 501 miss (54% accuracy)  alt=46m [12-79]  dist=44m [1-90]
   FW shaping: surv=+0.0 bound=+0.0 alt_pen=+0.0 approach=-0.0 alt_shape=+289.5  avg_dist_scout=349m
   [SCOUT DIAG] ratio: 1.0000+/-0.0000 [1.0000,1.0000] | adv: -0.0502+/-1.0181 | alive=30000/30000
   [CMDR  DIAG] ratio: 1.0039+/-0.1336 [0.5593,2.0621] | adv: 0.1682+/-0.5286 | alive=670/726 | bc_coef=0.000
00:08:23 | Batch 0307 (Ep 09208) | R:   -648.1 (  -583.0)  Scout_R:   +89.4  Cmdr_R:  -737.6  Scout:100% Cmdr:97%  scout:[survived=120] cmdr:[survived=87 boundary=3] refills=518  NN_dec=2729/2970  fire: peak=228 final=210 supp=18 ext=37.1  78.0s
   Cmdr reward breakdown: r_extinguish=+196.333  r_water_waste=-8.267  r_water_near=+0.000  r_fire_out=+0.000  r_spread=-110.565
   Water drops: 1123 total, 589 hit, 534 miss (52% accuracy)  alt=45m [10-80]  dist=42m [1-98]
   FW shaping: surv=+0.0 bound=+0.0 alt_pen=+0.0 approach=-3.6 alt_shape=+334.6  avg_dist_scout=335m
   [SCOUT DIAG] ratio: 1.0000+/-0.0000 [1.0000,1.0000] | adv: -0.0306+/-1.0726 | alive=30000/30000
   [CMDR  DIAG] ratio: 1.0047+/-0.1036 [0.5371,2.1162] | adv: -0.0748+/-1.1209 | alive=672/726 | bc_coef=0.000
00:09:56 | Batch 0308 (Ep 09238) | R:  -1017.5 (  -832.8)  Scout_R:   -23.1  Cmdr_R:  -994.4  Scout:100% Cmdr:95%  scout:[survived=120] cmdr:[survived=85 boundary=5] refills=381  NN_dec=2752/2970  fire: peak=309 final=290 supp=18 ext=34.9  74.7s
   Cmdr reward breakdown: r_extinguish=+151.000  r_water_waste=-5.567  r_water_near=+0.000  r_fire_out=+0.000  r_spread=-132.710
   Water drops: 822 total, 453 hit, 369 miss (55% accuracy)  alt=43m [18-80]  dist=45m [2-93]
   FW shaping: surv=+0.0 bound=+0.0 alt_pen=+0.0 approach=-74.3 alt_shape=+207.7  avg_dist_scout=406m
   [SCOUT DIAG] ratio: 1.0000+/-0.0000 [1.0000,1.0000] | adv: -0.1236+/-1.0351 | alive=30000/30000
   [CMDR  DIAG] ratio: 1.0064+/-0.1319 [0.3936,2.0594] | adv: -0.1800+/-1.3114 | alive=658/726 | bc_coef=0.000
00:11:26 | Batch 0309 (Ep 09268) | R:   -903.2 (  -960.3)  Scout_R:  -203.2  Cmdr_R:  -700.0  Scout:100% Cmdr:97%  scout:[survived=120] cmdr:[survived=86 boundary=4] refills=525  NN_dec=2722/2970  fire: peak=254 final=238 supp=16 ext=43.1  72.8s
   Cmdr reward breakdown: r_extinguish=+196.333  r_water_waste=-7.500  r_water_near=+0.000  r_fire_out=+0.000  r_spread=-125.160
   Water drops: 1078 total, 589 hit, 489 miss (55% accuracy)  alt=44m [18-80]  dist=47m [4-111]
   FW shaping: surv=+0.0 bound=+0.0 alt_pen=+0.0 approach=-35.4 alt_shape=+283.5  avg_dist_scout=344m
   [SCOUT DIAG] ratio: 1.0000+/-0.0000 [1.0000,1.0000] | adv: -0.0339+/-1.0449 | alive=30000/30000
   [CMDR  DIAG] ratio: 0.9908+/-0.1297 [0.1156,2.0528] | adv: -0.1091+/-1.1755 | alive=654/726 | bc_coef=0.000
00:12:57 | Batch 0310 (Ep 09298) | R:   -531.2 (  -717.2)  Scout_R:   -22.0  Cmdr_R:  -509.2  Scout:100% Cmdr:97%  scout:[survived=120] cmdr:[survived=87 boundary=3] refills=541  NN_dec=2752/2970  fire: peak=297 final=266 supp=30 ext=42.9  73.1s
   Cmdr reward breakdown: r_extinguish=+210.000  r_water_waste=-7.767  r_water_near=+0.000  r_fire_out=+0.000  r_spread=-132.425
   Water drops: 1135 total, 630 hit, 505 miss (56% accuracy)  alt=45m [15-79]  dist=46m [0-97]
   FW shaping: surv=+0.0 bound=+0.0 alt_pen=+0.0 approach=-0.5 alt_shape=+293.1  avg_dist_scout=319m
   [SCOUT DIAG] ratio: 1.0000+/-0.0000 [1.0000,1.0000] | adv: 0.0274+/-0.9820 | alive=30000/30000
   [CMDR  DIAG] ratio: 1.0038+/-0.1199 [0.4970,1.7522] | adv: 0.1110+/-0.5752 | alive=721/726 | bc_coef=0.000
00:14:35 | Batch 0311 (Ep 09328) | R:  -1150.7 (  -840.9)  Scout_R:   -28.3  Cmdr_R: -1122.4  Scout:100% Cmdr:97%  scout:[survived=119 ceiling=1] cmdr:[survived=87 boundary=3] refills=409  NN_dec=2811/2970  fire: peak=338 final=318 supp=20 ext=40.3  74.0s
   Cmdr reward breakdown: r_extinguish=+175.333  r_water_waste=-6.567  r_water_near=+0.000  r_fire_out=+0.000  r_spread=-152.210
   Water drops: 955 total, 526 hit, 429 miss (55% accuracy)  alt=44m [14-80]  dist=41m [1-88]
   FW shaping: surv=+0.0 bound=+0.0 alt_pen=+0.0 approach=-42.0 alt_shape=+238.2  avg_dist_scout=391m
   [SCOUT DIAG] ratio: 1.0000+/-0.0000 [1.0000,1.0000] | adv: 0.0601+/-0.9780 | alive=30000/30000
   [CMDR  DIAG] ratio: 1.0028+/-0.0817 [0.6190,1.5303] | adv: 0.2313+/-0.5367 | alive=664/726 | bc_coef=0.000
00:16:10 | Batch 0312 (Ep 09358) | R:   -583.4 (  -867.1)  Scout_R:   +31.0  Cmdr_R:  -614.4  Scout:100% Cmdr:97%  scout:[survived=120] cmdr:[survived=87 boundary=3] refills=434  NN_dec=2738/2970  fire: peak=307 final=290 supp=17 ext=36.6  77.4s
   Cmdr reward breakdown: r_extinguish=+171.333  r_water_waste=-6.317  r_water_near=+0.000  r_fire_out=+0.000  r_spread=-131.335
   Water drops: 924 total, 514 hit, 410 miss (56% accuracy)  alt=43m [20-80]  dist=43m [5-92]
   FW shaping: surv=+0.0 bound=+0.0 alt_pen=+0.0 approach=-35.5 alt_shape=+221.0  avg_dist_scout=371m
   [SCOUT DIAG] ratio: 1.0000+/-0.0000 [1.0000,1.0000] | adv: 0.0554+/-0.8824 | alive=30000/30000
   [CMDR  DIAG] ratio: 1.0058+/-0.0927 [0.6785,2.0615] | adv: 0.0903+/-0.8274 | alive=711/726 | bc_coef=0.000
00:17:38 | Batch 0313 (Ep 09388) | R:   -748.4 (  -665.9)  Scout_R:   -22.9  Cmdr_R:  -725.5  Scout:100% Cmdr:98%  scout:[survived=120] cmdr:[survived=88 boundary=2] refills=441  NN_dec=2750/2970  fire: peak=226 final=210 supp=16 ext=33.3  69.9s
   Cmdr reward breakdown: r_extinguish=+161.667  r_water_waste=-5.983  r_water_near=+0.000  r_fire_out=+5.000  r_spread=-100.890
   Water drops: 877 total, 485 hit, 392 miss (55% accuracy)  alt=43m [16-78]  dist=43m [10-102]
   FW shaping: surv=+0.0 bound=+0.0 alt_pen=+0.0 approach=-18.9 alt_shape=+251.1  avg_dist_scout=373m
   [SCOUT DIAG] ratio: 1.0000+/-0.0000 [1.0000,1.0000] | adv: 0.1334+/-0.8108 | alive=30000/30000
   [CMDR  DIAG] ratio: 1.0016+/-0.1416 [0.0961,2.2624] | adv: 0.1446+/-0.7956 | alive=713/726 | bc_coef=0.000
00:19:12 | Batch 0314 (Ep 09418) | R:    +20.0 (  -364.2)  Scout_R:  +141.8  Cmdr_R:  -121.8  Scout:100% Cmdr:97%  scout:[survived=120] cmdr:[survived=86 boundary=4] refills=501  NN_dec=2740/2970  fire: peak=272 final=246 supp=26 ext=41.8  76.3s
   Cmdr reward breakdown: r_extinguish=+211.000  r_water_waste=-7.850  r_water_near=+0.000  r_fire_out=+0.000  r_spread=-121.610
   Water drops: 1143 total, 633 hit, 510 miss (55% accuracy)  alt=44m [13-79]  dist=46m [1-96]
   FW shaping: surv=+0.0 bound=+0.0 alt_pen=+0.0 approach=+23.1 alt_shape=+359.8  avg_dist_scout=290m
   [SCOUT DIAG] ratio: 1.0000+/-0.0000 [1.0000,1.0000] | adv: -0.0807+/-1.1064 | alive=30000/30000
   [CMDR  DIAG] ratio: 0.9999+/-0.1235 [0.4807,1.7707] | adv: -0.0521+/-1.0856 | alive=659/726 | bc_coef=0.000
00:20:48 | Batch 0315 (Ep 09448) | R:   -804.2 (  -392.1)  Scout_R:    +0.9  Cmdr_R:  -805.1  Scout:100% Cmdr:94%  scout:[survived=120] cmdr:[survived=83 boundary=7] refills=538  NN_dec=2631/2970  fire: peak=256 final=241 supp=16 ext=40.1  77.4s
   Cmdr reward breakdown: r_extinguish=+188.333  r_water_waste=-8.267  r_water_near=+0.000  r_fire_out=+0.000  r_spread=-119.515
   Water drops: 1109 total, 565 hit, 544 miss (51% accuracy)  alt=42m [13-79]  dist=47m [6-107]
   FW shaping: surv=+0.0 bound=+0.0 alt_pen=+0.0 approach=-47.2 alt_shape=+226.4  avg_dist_scout=371m
   [SCOUT DIAG] ratio: 1.0000+/-0.0000 [1.0000,1.0000] | adv: -0.0913+/-1.0278 | alive=30000/30000
   [CMDR  DIAG] ratio: 1.0061+/-0.1166 [0.5253,2.1468] | adv: -0.0510+/-0.8990 | alive=634/726 | bc_coef=0.000
00:22:21 | Batch 0316 (Ep 09478) | R:  -1208.1 ( -1006.1)  Scout_R:    -6.5  Cmdr_R: -1201.6  Scout:100% Cmdr:95%  scout:[survived=120] cmdr:[survived=84 boundary=6] refills=403  NN_dec=2698/2970  fire: peak=269 final=252 supp=16 ext=32.6  75.1s
   Cmdr reward breakdown: r_extinguish=+148.667  r_water_waste=-6.850  r_water_near=+0.000  r_fire_out=+0.000  r_spread=-112.335
   Water drops: 891 total, 446 hit, 445 miss (50% accuracy)  alt=42m [14-79]  dist=42m [3-106]
   FW shaping: surv=+0.0 bound=+0.0 alt_pen=+0.0 approach=-35.9 alt_shape=+259.4  avg_dist_scout=386m
   [SCOUT DIAG] ratio: 1.0000+/-0.0000 [1.0000,1.0000] | adv: -0.0746+/-1.0403 | alive=30000/30000
   [CMDR  DIAG] ratio: 0.9992+/-0.1554 [0.3747,2.3666] | adv: -0.0889+/-1.1555 | alive=660/726 | bc_coef=0.000
00:23:55 | Batch 0317 (Ep 09508) | R:   -900.4 ( -1054.2)  Scout_R:   +10.2  Cmdr_R:  -910.6  Scout:100% Cmdr:97%  scout:[survived=120] cmdr:[survived=86 boundary=4] refills=586  NN_dec=2635/2970  fire: peak=351 final=328 supp=22 ext=28.3  75.8s
   Cmdr reward breakdown: r_extinguish=+169.667  r_water_waste=-7.017  r_water_near=+0.000  r_fire_out=+0.000  r_spread=-145.730
   Water drops: 968 total, 509 hit, 459 miss (53% accuracy)  alt=45m [18-80]  dist=47m [1-94]
   FW shaping: surv=+0.0 bound=+0.0 alt_pen=+0.0 approach=-49.8 alt_shape=+239.1  avg_dist_scout=372m
   [SCOUT DIAG] ratio: 1.0000+/-0.0000 [1.0000,1.0000] | adv: -0.0638+/-1.1267 | alive=30000/30000
   [CMDR  DIAG] ratio: 1.0060+/-0.1486 [0.2817,2.0476] | adv: -0.1013+/-1.1200 | alive=673/726 | bc_coef=0.000
00:25:27 | Batch 0318 (Ep 09538) | R:   -696.9 (  -798.6)  Scout_R:   +80.1  Cmdr_R:  -776.9  Scout:100% Cmdr:97%  scout:[survived=120] cmdr:[survived=87 boundary=3] refills=326  NN_dec=2784/2970  fire: peak=261 final=233 supp=28 ext=31.3  74.5s
   Cmdr reward breakdown: r_extinguish=+141.667  r_water_waste=-6.117  r_water_near=+0.000  r_fire_out=+5.000  r_spread=-111.545
   Water drops: 820 total, 425 hit, 395 miss (52% accuracy)  alt=43m [20-79]  dist=46m [2-109]
   FW shaping: surv=+0.0 bound=+0.0 alt_pen=+0.0 approach=-25.7 alt_shape=+266.4  avg_dist_scout=338m
   [SCOUT DIAG] ratio: 1.0000+/-0.0000 [1.0000,1.0000] | adv: -0.0512+/-1.0496 | alive=30000/30000
   [CMDR  DIAG] ratio: 1.0058+/-0.1755 [0.4207,2.7110] | adv: 0.0719+/-0.8950 | alive=687/726 | bc_coef=0.000
00:27:01 | Batch 0319 (Ep 09568) | R:   -991.4 (  -844.2)  Scout_R:   +21.6  Cmdr_R: -1013.0  Scout:100% Cmdr:97%  scout:[survived=120] cmdr:[survived=87 boundary=3] refills=477  NN_dec=2665/2970  fire: peak=342 final=322 supp=19 ext=35.0  75.8s
   Cmdr reward breakdown: r_extinguish=+160.333  r_water_waste=-6.567  r_water_near=+0.000  r_fire_out=+0.000  r_spread=-146.240
   Water drops: 917 total, 481 hit, 436 miss (52% accuracy)  alt=45m [19-79]  dist=45m [1-107]
   FW shaping: surv=+0.0 bound=+0.0 alt_pen=+0.0 approach=-36.8 alt_shape=+236.9  avg_dist_scout=380m
   [SCOUT DIAG] ratio: 1.0000+/-0.0000 [1.0000,1.0000] | adv: 0.1271+/-0.8848 | alive=30000/30000
   [CMDR  DIAG] ratio: 1.0122+/-0.3278 [0.3263,8.2531] | adv: 0.2316+/-0.7961 | alive=614/726 | bc_coef=0.000
00:28:31 | Batch 0320 (Ep 09598) | R:   -364.0 (  -677.7)  Scout_R:  -103.2  Cmdr_R:  -260.8  Scout:100% Cmdr:99%  scout:[survived=120] cmdr:[survived=88 boundary=2] refills=543  NN_dec=2819/2970  fire: peak=286 final=262 supp=24 ext=49.0  72.0s
   Cmdr reward breakdown: r_extinguish=+245.667  r_water_waste=-10.317  r_water_near=+0.000  r_fire_out=+0.000  r_spread=-135.660
   Water drops: 1407 total, 737 hit, 670 miss (52% accuracy)  alt=43m [16-80]  dist=45m [1-105]
   FW shaping: surv=+0.0 bound=+0.0 alt_pen=+0.0 approach=+15.9 alt_shape=+334.9  avg_dist_scout=284m
   [SCOUT DIAG] ratio: 1.0000+/-0.0000 [1.0000,1.0000] | adv: -0.0026+/-0.9660 | alive=30000/30000
   [CMDR  DIAG] ratio: 1.0083+/-0.1395 [0.5496,2.2392] | adv: -0.0319+/-0.9924 | alive=693/726 | bc_coef=0.000
00:30:09 | Batch 0321 (Ep 09628) | R:  -1057.8 (  -710.9)  Scout_R:   -20.3  Cmdr_R: -1037.5  Scout:100% Cmdr:95%  scout:[survived=120] cmdr:[survived=84 boundary=6] refills=564  NN_dec=2718/2970  fire: peak=328 final=303 supp=25 ext=40.9  74.8s
   Cmdr reward breakdown: r_extinguish=+215.667  r_water_waste=-9.350  r_water_near=+0.000  r_fire_out=+0.000  r_spread=-142.245
   Water drops: 1251 total, 647 hit, 604 miss (52% accuracy)  alt=45m [15-80]  dist=47m [3-95]
   FW shaping: surv=+0.0 bound=+0.0 alt_pen=+0.0 approach=-35.5 alt_shape=+280.9  avg_dist_scout=377m
   [SCOUT DIAG] ratio: 1.0000+/-0.0000 [1.0000,1.0000] | adv: 0.0662+/-0.9345 | alive=30000/30000
   [CMDR  DIAG] ratio: 1.0097+/-0.1402 [0.3880,2.1193] | adv: 0.0879+/-0.9140 | alive=658/726 | bc_coef=0.000
00:31:42 | Batch 0322 (Ep 09658) | R:   -159.6 (  -608.7)  Scout_R:  +215.7  Cmdr_R:  -375.3  Scout:100% Cmdr:97%  scout:[survived=120] cmdr:[survived=86 boundary=4] refills=643  NN_dec=2702/2970  fire: peak=269 final=241 supp=28 ext=39.2  75.1s
   Cmdr reward breakdown: r_extinguish=+185.667  r_water_waste=-7.100  r_water_near=+0.000  r_fire_out=+5.000  r_spread=-116.510
   Water drops: 1020 total, 557 hit, 463 miss (55% accuracy)  alt=39m [14-75]  dist=43m [1-99]
   FW shaping: surv=+0.0 bound=+0.0 alt_pen=+0.0 approach=-12.6 alt_shape=+227.6  avg_dist_scout=359m
   [SCOUT DIAG] ratio: 1.0000+/-0.0000 [1.0000,1.0000] | adv: -0.1038+/-1.1725 | alive=30000/30000
   [CMDR  DIAG] ratio: 1.0005+/-0.0954 [0.3557,1.5564] | adv: -0.0345+/-0.9557 | alive=686/726 | bc_coef=0.000
00:33:13 | Batch 0323 (Ep 09688) | R:    -30.4 (   -95.0)  Scout_R:  +111.8  Cmdr_R:  -142.2  Scout:100% Cmdr:100%  scout:[survived=120] cmdr:[survived=90] refills=595  NN_dec=2800/2970  fire: peak=270 final=250 supp=20 ext=45.7  73.0s
   Cmdr reward breakdown: r_extinguish=+228.667  r_water_waste=-9.400  r_water_near=+0.000  r_fire_out=+0.000  r_spread=-130.260
   Water drops: 1306 total, 686 hit, 620 miss (53% accuracy)  alt=42m [12-79]  dist=47m [5-109]
   FW shaping: surv=+0.0 bound=+0.0 alt_pen=+0.0 approach=+43.2 alt_shape=+316.3  avg_dist_scout=280m
   [SCOUT DIAG] ratio: 1.0000+/-0.0000 [1.0000,1.0000] | adv: -0.1318+/-1.1837 | alive=30000/30000
   [CMDR  DIAG] ratio: 1.0041+/-0.1565 [0.4865,2.9235] | adv: 0.0581+/-0.9974 | alive=640/726 | bc_coef=0.000
00:34:43 | Batch 0324 (Ep 09718) | R:   -949.9 (  -490.2)  Scout_R:   +14.3  Cmdr_R:  -964.2  Scout:100% Cmdr:95%  scout:[survived=120] cmdr:[survived=85 boundary=5] refills=602  NN_dec=2537/2970  fire: peak=287 final=261 supp=26 ext=41.3  72.5s
   Cmdr reward breakdown: r_extinguish=+187.667  r_water_waste=-6.117  r_water_near=+0.000  r_fire_out=+0.000  r_spread=-129.820
   Water drops: 963 total, 563 hit, 400 miss (58% accuracy)  alt=47m [16-80]  dist=45m [0-94]
   FW shaping: surv=+0.0 bound=+0.0 alt_pen=+0.0 approach=-63.0 alt_shape=+222.3  avg_dist_scout=394m
   [SCOUT DIAG] ratio: 1.0000+/-0.0000 [1.0000,1.0000] | adv: -0.2022+/-1.1517 | alive=30000/30000
   [CMDR  DIAG] ratio: 1.0153+/-0.4075 [0.4127,8.9246] | adv: 0.0103+/-0.9971 | alive=680/726 | bc_coef=0.000
00:36:15 | Batch 0325 (Ep 09748) | R:   -625.1 (  -787.5)  Scout_R:   -29.9  Cmdr_R:  -595.3  Scout:100% Cmdr:98%  scout:[survived=120] cmdr:[survived=88 boundary=2] refills=442  NN_dec=2859/2970  fire: peak=242 final=217 supp=24 ext=36.0  73.3s
   Cmdr reward breakdown: r_extinguish=+184.667  r_water_waste=-8.133  r_water_near=+0.000  r_fire_out=+5.000  r_spread=-104.555
   Water drops: 1084 total, 554 hit, 530 miss (51% accuracy)  alt=43m [11-79]  dist=46m [3-118]
   FW shaping: surv=+0.0 bound=+0.0 alt_pen=+0.0 approach=+15.6 alt_shape=+297.5  avg_dist_scout=335m
   [SCOUT DIAG] ratio: 1.0000+/-0.0000 [1.0000,1.0000] | adv: -0.1223+/-1.1798 | alive=30000/30000
   [CMDR  DIAG] ratio: 1.0074+/-0.1512 [0.4989,2.2764] | adv: 0.1557+/-0.6719 | alive=643/726 | bc_coef=0.000
00:37:47 | Batch 0326 (Ep 09778) | R:   -671.7 (  -648.4)  Scout_R:   -47.1  Cmdr_R:  -624.6  Scout:100% Cmdr:97%  scout:[survived=120] cmdr:[survived=87 boundary=3] refills=573  NN_dec=2678/2970  fire: peak=248 final=222 supp=25 ext=37.1  74.4s
   Cmdr reward breakdown: r_extinguish=+198.000  r_water_waste=-7.900  r_water_near=+0.000  r_fire_out=+0.000  r_spread=-112.600
   Water drops: 1111 total, 594 hit, 517 miss (53% accuracy)  alt=44m [20-80]  dist=45m [2-105]
   FW shaping: surv=+0.0 bound=+0.0 alt_pen=+0.0 approach=-3.9 alt_shape=+304.0  avg_dist_scout=338m
   [SCOUT DIAG] ratio: 1.0000+/-0.0000 [1.0000,1.0000] | adv: -0.0881+/-1.1493 | alive=30000/30000
   [CMDR  DIAG] ratio: 1.0002+/-0.1353 [0.2961,2.0005] | adv: -0.4012+/-1.5509 | alive=690/726 | bc_coef=0.000
00:39:21 | Batch 0327 (Ep 09808) | R:   -253.3 (  -462.5)  Scout_R:  +134.9  Cmdr_R:  -388.3  Scout:100% Cmdr:98%  scout:[survived=120] cmdr:[survived=87 boundary=3] refills=439  NN_dec=2777/2970  fire: peak=200 final=180 supp=20 ext=33.2  76.0s
   Cmdr reward breakdown: r_extinguish=+176.000  r_water_waste=-8.217  r_water_near=+0.000  r_fire_out=+0.000  r_spread=-85.180
   Water drops: 1061 total, 528 hit, 533 miss (50% accuracy)  alt=42m [15-80]  dist=47m [4-108]
   FW shaping: surv=+0.0 bound=+0.0 alt_pen=+0.0 approach=-9.9 alt_shape=+301.5  avg_dist_scout=307m
   [SCOUT DIAG] ratio: 1.0000+/-0.0000 [1.0000,1.0000] | adv: -0.2162+/-1.1746 | alive=30000/30000
   [CMDR  DIAG] ratio: 0.9985+/-0.1292 [0.4818,1.8888] | adv: 0.0350+/-0.6484 | alive=700/726 | bc_coef=0.000
00:40:50 | Batch 0328 (Ep 09838) | R:   -924.8 (  -589.1)  Scout_R:    -8.6  Cmdr_R:  -916.2  Scout:100% Cmdr:97%  scout:[survived=120] cmdr:[survived=87 boundary=3] refills=569  NN_dec=2695/2970  fire: peak=285 final=265 supp=20 ext=32.6  71.3s
   Cmdr reward breakdown: r_extinguish=+164.333  r_water_waste=-7.350  r_water_near=+0.000  r_fire_out=+0.000  r_spread=-121.815
   Water drops: 978 total, 493 hit, 485 miss (50% accuracy)  alt=43m [20-79]  dist=46m [8-90]
   FW shaping: surv=+0.0 bound=+0.0 alt_pen=+0.0 approach=-46.3 alt_shape=+268.8  avg_dist_scout=366m
   [SCOUT DIAG] ratio: 1.0000+/-0.0000 [1.0000,1.0000] | adv: -0.2532+/-1.1437 | alive=30000/30000
   [CMDR  DIAG] ratio: 1.0001+/-0.1180 [0.4750,2.1996] | adv: 0.0849+/-0.7603 | alive=670/726 | bc_coef=0.000
00:42:20 | Batch 0329 (Ep 09868) | R:   -446.5 (  -685.7)  Scout_R:   -81.4  Cmdr_R:  -365.1  Scout:100% Cmdr:99%  scout:[survived=120] cmdr:[survived=89 boundary=1] refills=606  NN_dec=2805/2970  fire: peak=238 final=218 supp=20 ext=40.5  72.4s
   Cmdr reward breakdown: r_extinguish=+219.333  r_water_waste=-8.700  r_water_near=+0.000  r_fire_out=+0.000  r_spread=-116.425
   Water drops: 1231 total, 658 hit, 573 miss (53% accuracy)  alt=44m [17-79]  dist=46m [1-94]
   FW shaping: surv=+0.0 bound=+0.0 alt_pen=+0.0 approach=+31.3 alt_shape=+359.7  avg_dist_scout=272m
   [SCOUT DIAG] ratio: 1.0000+/-0.0000 [1.0000,1.0000] | adv: -0.0085+/-1.0258 | alive=30000/30000
   [CMDR  DIAG] ratio: 1.0057+/-0.1465 [0.3437,2.4797] | adv: 0.0685+/-0.8822 | alive=673/726 | bc_coef=0.000
00:43:53 | Batch 0330 (Ep 09898) | R:   -548.3 (  -497.4)  Scout_R:   +63.0  Cmdr_R:  -611.3  Scout:100% Cmdr:99%  scout:[survived=120] cmdr:[survived=89 boundary=1] refills=469  NN_dec=2856/2970  fire: peak=299 final=272 supp=27 ext=48.2  74.6s
   Cmdr reward breakdown: r_extinguish=+216.667  r_water_waste=-7.683  r_water_near=+0.000  r_fire_out=+0.000  r_spread=-145.000
   Water drops: 1160 total, 650 hit, 510 miss (56% accuracy)  alt=44m [14-80]  dist=47m [1-106]
   FW shaping: surv=+0.0 bound=+0.0 alt_pen=+0.0 approach=+31.7 alt_shape=+281.8  avg_dist_scout=335m
   [SCOUT DIAG] ratio: 1.0000+/-0.0000 [1.0000,1.0000] | adv: 0.1036+/-0.9205 | alive=30000/30000
   [CMDR  DIAG] ratio: 1.0004+/-0.1139 [0.1875,1.8331] | adv: -0.0442+/-0.9523 | alive=717/726 | bc_coef=0.000
00:45:30 | Batch 0331 (Ep 09928) | R:   -816.9 (  -682.6)  Scout_R:  +125.7  Cmdr_R:  -942.6  Scout:100% Cmdr:93%  scout:[survived=120] cmdr:[survived=81 boundary=9] refills=527  NN_dec=2656/2970  fire: peak=297 final=277 supp=20 ext=40.1  73.5s
   Cmdr reward breakdown: r_extinguish=+200.333  r_water_waste=-8.000  r_water_near=+0.000  r_fire_out=+0.000  r_spread=-122.580
   Water drops: 1132 total, 601 hit, 531 miss (53% accuracy)  alt=43m [13-80]  dist=46m [0-93]
   FW shaping: surv=+0.0 bound=+0.0 alt_pen=+0.0 approach=-62.3 alt_shape=+271.6  avg_dist_scout=356m
   [SCOUT DIAG] ratio: 1.0000+/-0.0000 [1.0000,1.0000] | adv: 0.0127+/-1.0250 | alive=30000/30000
   [CMDR  DIAG] ratio: 0.9968+/-0.1049 [0.5088,1.4490] | adv: 0.0302+/-0.9645 | alive=577/726 | bc_coef=0.000
00:47:03 | Batch 0332 (Ep 09958) | R:   -823.8 (  -820.4)  Scout_R:  -110.9  Cmdr_R:  -712.9  Scout:100% Cmdr:98%  scout:[survived=120] cmdr:[survived=88 boundary=2] refills=533  NN_dec=2783/2970  fire: peak=313 final=298 supp=15 ext=36.8  75.1s
   Cmdr reward breakdown: r_extinguish=+196.333  r_water_waste=-7.350  r_water_near=+0.000  r_fire_out=+5.000  r_spread=-142.585
   Water drops: 1073 total, 589 hit, 484 miss (55% accuracy)  alt=43m [10-80]  dist=46m [2-91]
   FW shaping: surv=+0.0 bound=+0.0 alt_pen=+0.0 approach=-70.1 alt_shape=+261.1  avg_dist_scout=345m
   [SCOUT DIAG] ratio: 1.0000+/-0.0000 [1.0000,1.0000] | adv: -0.0431+/-1.0151 | alive=30000/30000
   [CMDR  DIAG] ratio: 1.0012+/-0.1413 [0.4811,1.9971] | adv: -0.0538+/-1.1264 | alive=700/726 | bc_coef=0.000
00:48:40 | Batch 0333 (Ep 09988) | R:   -357.0 (  -590.4)  Scout_R:   +87.4  Cmdr_R:  -444.4  Scout:100% Cmdr:98%  scout:[survived=120] cmdr:[survived=88 boundary=2] refills=540  NN_dec=2774/2970  fire: peak=234 final=205 supp=29 ext=35.6  79.1s
   Cmdr reward breakdown: r_extinguish=+188.667  r_water_waste=-8.100  r_water_near=+0.000  r_fire_out=+0.000  r_spread=-109.320
   Water drops: 1093 total, 566 hit, 527 miss (52% accuracy)  alt=42m [13-79]  dist=46m [3-104]
   FW shaping: surv=+0.0 bound=+0.0 alt_pen=+0.0 approach=+11.7 alt_shape=+293.4  avg_dist_scout=325m
   [SCOUT DIAG] ratio: 1.0000+/-0.0000 [1.0000,1.0000] | adv: 0.0676+/-0.9451 | alive=30000/30000
   [CMDR  DIAG] ratio: 0.9985+/-0.1773 [0.4597,2.6377] | adv: -0.1659+/-1.1624 | alive=713/726 | bc_coef=0.000
00:50:11 | Batch 0334 (Ep 10018) | R:   -867.0 (  -612.0)  Scout_R:  +118.2  Cmdr_R:  -985.1  Scout:100% Cmdr:96%  scout:[survived=120] cmdr:[survived=85 boundary=5] refills=519  NN_dec=2736/2970  fire: peak=293 final=263 supp=30 ext=37.7  71.9s
   Cmdr reward breakdown: r_extinguish=+178.333  r_water_waste=-7.767  r_water_near=+0.000  r_fire_out=+0.000  r_spread=-125.190
   Water drops: 1041 total, 535 hit, 506 miss (51% accuracy)  alt=42m [16-80]  dist=45m [5-94]
   FW shaping: surv=+0.0 bound=+0.0 alt_pen=+0.0 approach=-45.3 alt_shape=+265.6  avg_dist_scout=361m
   [SCOUT DIAG] ratio: 1.0000+/-0.0000 [1.0000,1.0000] | adv: -0.0506+/-1.0571 | alive=30000/30000
   [CMDR  DIAG] ratio: 1.0050+/-0.1249 [0.1727,1.8843] | adv: 0.1590+/-0.7379 | alive=682/726 | bc_coef=0.000
00:51:40 | Batch 0335 (Ep 10048) | R:   -435.2 (  -651.1)  Scout_R:  -187.5  Cmdr_R:  -247.7  Scout:100% Cmdr:96%  scout:[survived=120] cmdr:[survived=85 boundary=5] refills=432  NN_dec=2694/2970  fire: peak=226 final=200 supp=26 ext=31.9  71.0s
   Cmdr reward breakdown: r_extinguish=+153.333  r_water_waste=-6.417  r_water_near=+0.000  r_fire_out=+5.000  r_spread=-95.550
   Water drops: 877 total, 460 hit, 417 miss (52% accuracy)  alt=44m [18-80]  dist=46m [3-99]
   FW shaping: surv=+0.0 bound=+0.0 alt_pen=+0.0 approach=-28.0 alt_shape=+292.8  avg_dist_scout=314m
   [SCOUT DIAG] ratio: 1.0000+/-0.0000 [1.0000,1.0000] | adv: -0.0672+/-1.0546 | alive=30000/30000
   [CMDR  DIAG] ratio: 1.0064+/-0.1501 [0.3560,2.0377] | adv: 0.0951+/-0.5713 | alive=691/726 | bc_coef=0.000
00:53:13 | Batch 0336 (Ep 10078) | R:  -1385.3 (  -910.2)  Scout_R:   +92.6  Cmdr_R: -1477.9  Scout:100% Cmdr:100%  scout:[survived=120] cmdr:[survived=90] refills=433  NN_dec=2868/2970  fire: peak=344 final=328 supp=15 ext=32.4  74.6s
   Cmdr reward breakdown: r_extinguish=+168.333  r_water_waste=-5.417  r_water_near=+0.000  r_fire_out=+0.000  r_spread=-150.570
   Water drops: 854 total, 505 hit, 349 miss (59% accuracy)  alt=44m [11-79]  dist=44m [2-90]
   FW shaping: surv=+0.0 bound=+0.0 alt_pen=+0.0 approach=-100.4 alt_shape=+222.4  avg_dist_scout=432m
   [SCOUT DIAG] ratio: 1.0000+/-0.0000 [1.0000,1.0000] | adv: -0.0608+/-1.0206 | alive=30000/30000
   [CMDR  DIAG] ratio: 1.0101+/-0.1165 [0.4394,2.7376] | adv: -0.0692+/-1.0952 | alive=675/726 | bc_coef=0.000
00:54:43 | Batch 0337 (Ep 10108) | R:   -648.3 ( -1016.8)  Scout_R:   +92.7  Cmdr_R:  -741.0  Scout:100% Cmdr:94%  scout:[survived=120] cmdr:[survived=83 boundary=7] refills=475  NN_dec=2645/2970  fire: peak=286 final=268 supp=18 ext=36.5  72.5s
   Cmdr reward breakdown: r_extinguish=+165.333  r_water_waste=-6.617  r_water_near=+0.000  r_fire_out=+0.000  r_spread=-118.945
   Water drops: 930 total, 496 hit, 434 miss (53% accuracy)  alt=43m [16-79]  dist=45m [2-89]
   FW shaping: surv=+0.0 bound=+0.0 alt_pen=+0.0 approach=-99.0 alt_shape=+258.7  avg_dist_scout=350m
   [SCOUT DIAG] ratio: 1.0000+/-0.0000 [1.0000,1.0000] | adv: 0.1227+/-0.7464 | alive=30000/30000
   [CMDR  DIAG] ratio: 1.0109+/-0.1180 [0.4019,2.0177] | adv: -0.0272+/-1.0565 | alive=643/726 | bc_coef=0.000
00:56:16 | Batch 0338 (Ep 10138) | R:   -829.5 (  -738.9)  Scout_R:    -6.8  Cmdr_R:  -822.7  Scout:100% Cmdr:96%  scout:[survived=120] cmdr:[survived=85 boundary=5] refills=510  NN_dec=2683/2970  fire: peak=347 final=328 supp=19 ext=33.5  75.1s
   Cmdr reward breakdown: r_extinguish=+187.667  r_water_waste=-7.917  r_water_near=+0.000  r_fire_out=+5.000  r_spread=-151.055
   Water drops: 1083 total, 563 hit, 520 miss (52% accuracy)  alt=44m [19-80]  dist=47m [1-120]
   FW shaping: surv=+0.0 bound=+0.0 alt_pen=+0.0 approach=-58.4 alt_shape=+265.8  avg_dist_scout=363m
   [SCOUT DIAG] ratio: 1.0000+/-0.0000 [1.0000,1.0000] | adv: -0.0842+/-1.0388 | alive=30000/30000
   [CMDR  DIAG] ratio: 1.0097+/-0.1412 [0.2277,2.9809] | adv: 0.3302+/-0.1406 | alive=687/726 | bc_coef=0.000
00:57:47 | Batch 0339 (Ep 10168) | R:   -419.8 (  -624.7)  Scout_R:   +17.3  Cmdr_R:  -437.1  Scout:100% Cmdr:98%  scout:[survived=120] cmdr:[survived=88 boundary=2] refills=413  NN_dec=2828/2970  fire: peak=255 final=238 supp=18 ext=41.4  72.4s
   Cmdr reward breakdown: r_extinguish=+193.333  r_water_waste=-6.167  r_water_near=+0.000  r_fire_out=+10.000  r_spread=-120.130
   Water drops: 979 total, 580 hit, 399 miss (59% accuracy)  alt=44m [11-80]  dist=42m [3-89]
   FW shaping: surv=+0.0 bound=+0.0 alt_pen=+0.0 approach=-39.4 alt_shape=+343.4  avg_dist_scout=287m
   [SCOUT DIAG] ratio: 1.0000+/-0.0000 [1.0000,1.0000] | adv: -0.1622+/-1.1259 | alive=30000/30000
   [CMDR  DIAG] ratio: 1.0049+/-0.1189 [0.3175,1.9040] | adv: -0.0364+/-1.0225 | alive=695/726 | bc_coef=0.000
00:59:18 | Batch 0340 (Ep 10198) | R:   -664.0 (  -541.9)  Scout_R:   +53.7  Cmdr_R:  -717.7  Scout:100% Cmdr:95%  scout:[survived=120] cmdr:[survived=84 boundary=6] refills=476  NN_dec=2651/2970  fire: peak=361 final=337 supp=24 ext=42.5  72.5s
   Cmdr reward breakdown: r_extinguish=+184.333  r_water_waste=-7.333  r_water_near=+0.000  r_fire_out=+5.000  r_spread=-157.275
   Water drops: 1027 total, 553 hit, 474 miss (54% accuracy)  alt=43m [13-80]  dist=45m [2-102]
   FW shaping: surv=+0.0 bound=+0.0 alt_pen=+0.0 approach=-64.4 alt_shape=+252.6  avg_dist_scout=348m
   [SCOUT DIAG] ratio: 1.0000+/-0.0000 [1.0000,1.0000] | adv: -0.0287+/-1.0170 | alive=30000/30000
   [CMDR  DIAG] ratio: 1.0005+/-0.1414 [0.3001,2.0037] | adv: 0.1822+/-0.6948 | alive=698/726 | bc_coef=0.000
01:00:53 | Batch 0341 (Ep 10228) | R:   -478.4 (  -571.2)  Scout_R:   +77.3  Cmdr_R:  -555.7  Scout:100% Cmdr:92%  scout:[survived=120] cmdr:[survived=81 boundary=9] refills=550  NN_dec=2501/2970  fire: peak=250 final=239 supp=11 ext=29.2  71.0s
   Cmdr reward breakdown: r_extinguish=+161.333  r_water_waste=-7.300  r_water_near=+0.000  r_fire_out=+0.000  r_spread=-97.605
   Water drops: 955 total, 484 hit, 471 miss (51% accuracy)  alt=42m [12-75]  dist=45m [4-99]
   FW shaping: surv=+0.0 bound=+0.0 alt_pen=+0.0 approach=-97.0 alt_shape=+243.8  avg_dist_scout=337m
   [SCOUT DIAG] ratio: 1.0000+/-0.0000 [1.0000,1.0000] | adv: 0.1633+/-0.7898 | alive=30000/30000
   [CMDR  DIAG] ratio: 1.0028+/-0.1106 [0.5379,1.6500] | adv: 0.0003+/-0.9913 | alive=594/726 | bc_coef=0.000
01:02:29 | Batch 0342 (Ep 10258) | R:   -464.0 (  -471.2)  Scout_R:    +7.5  Cmdr_R:  -471.5  Scout:100% Cmdr:98%  scout:[survived=120] cmdr:[survived=88 boundary=2] refills=487  NN_dec=2822/2970  fire: peak=278 final=250 supp=27 ext=38.1  77.7s
   Cmdr reward breakdown: r_extinguish=+192.667  r_water_waste=-6.933  r_water_near=+0.000  r_fire_out=+0.000  r_spread=-126.725
   Water drops: 1034 total, 578 hit, 456 miss (56% accuracy)  alt=41m [16-79]  dist=44m [2-93]
   FW shaping: surv=+0.0 bound=+0.0 alt_pen=+0.0 approach=-26.8 alt_shape=+308.6  avg_dist_scout=310m
   [SCOUT DIAG] ratio: 1.0000+/-0.0000 [1.0000,1.0000] | adv: -0.0272+/-0.9439 | alive=30000/30000
   [CMDR  DIAG] ratio: 1.0024+/-0.1423 [0.4319,2.2347] | adv: -0.1109+/-1.2459 | alive=709/726 | bc_coef=0.000
01:04:03 | Batch 0343 (Ep 10288) | R:   -708.6 (  -586.3)  Scout_R:   +17.2  Cmdr_R:  -725.8  Scout:100% Cmdr:98%  scout:[survived=120] cmdr:[survived=87 boundary=3] refills=377  NN_dec=2855/2970  fire: peak=254 final=230 supp=24 ext=32.4  76.0s
   Cmdr reward breakdown: r_extinguish=+175.333  r_water_waste=-7.467  r_water_near=+0.000  r_fire_out=+0.000  r_spread=-113.555
   Water drops: 1009 total, 526 hit, 483 miss (52% accuracy)  alt=40m [14-78]  dist=45m [3-100]
   FW shaping: surv=+0.0 bound=+0.0 alt_pen=+0.0 approach=-13.1 alt_shape=+293.1  avg_dist_scout=347m
   [SCOUT DIAG] ratio: 1.0000+/-0.0000 [1.0000,1.0000] | adv: 0.1816+/-0.8719 | alive=30000/30000
   [CMDR  DIAG] ratio: 0.9992+/-0.1589 [0.4563,2.6189] | adv: 0.2470+/-0.3474 | alive=715/726 | bc_coef=0.000
01:05:38 | Batch 0344 (Ep 10318) | R:   -357.9 (  -533.3)  Scout_R:  +251.9  Cmdr_R:  -609.8  Scout:100% Cmdr:98%  scout:[survived=120] cmdr:[survived=88 boundary=2] refills=535  NN_dec=2804/2970  fire: peak=331 final=305 supp=26 ext=39.4  75.9s
   Cmdr reward breakdown: r_extinguish=+193.667  r_water_waste=-8.583  r_water_near=+0.000  r_fire_out=+0.000  r_spread=-145.795
   Water drops: 1143 total, 581 hit, 562 miss (51% accuracy)  alt=43m [17-79]  dist=46m [1-101]
   FW shaping: surv=+0.0 bound=+0.0 alt_pen=+0.0 approach=-36.4 alt_shape=+291.3  avg_dist_scout=354m
   [SCOUT DIAG] ratio: 1.0000+/-0.0000 [1.0000,1.0000] | adv: -0.0025+/-1.0745 | alive=30000/30000
   [CMDR  DIAG] ratio: 0.9964+/-0.1196 [0.4466,2.1343] | adv: -0.1318+/-1.3709 | alive=683/726 | bc_coef=0.000
01:07:09 | Batch 0345 (Ep 10348) | R:   -596.1 (  -477.0)  Scout_R:   +45.7  Cmdr_R:  -641.8  Scout:100% Cmdr:96%  scout:[survived=120] cmdr:[survived=86 boundary=4] refills=568  NN_dec=2683/2970  fire: peak=325 final=313 supp=12 ext=37.3  72.6s
   Cmdr reward breakdown: r_extinguish=+180.000  r_water_waste=-7.717  r_water_near=+0.000  r_fire_out=+0.000  r_spread=-143.125
   Water drops: 1036 total, 540 hit, 496 miss (52% accuracy)  alt=44m [13-80]  dist=46m [1-97]
   FW shaping: surv=+0.0 bound=+0.0 alt_pen=+0.0 approach=-76.2 alt_shape=+251.0  avg_dist_scout=379m
   [SCOUT DIAG] ratio: 1.0000+/-0.0000 [1.0000,1.0000] | adv: 0.0824+/-0.8460 | alive=30000/30000
   [CMDR  DIAG] ratio: 1.0010+/-0.1133 [0.4408,2.4350] | adv: -0.0073+/-0.6937 | alive=701/726 | bc_coef=0.000
01:08:40 | Batch 0346 (Ep 10378) | R:  -1102.9 (  -849.5)  Scout_R:  +124.6  Cmdr_R: -1227.4  Scout:100% Cmdr:100%  scout:[survived=120] cmdr:[survived=90] refills=376  NN_dec=2859/2970  fire: peak=318 final=294 supp=23 ext=41.3  73.1s
   Cmdr reward breakdown: r_extinguish=+167.667  r_water_waste=-4.850  r_water_near=+0.000  r_fire_out=+0.000  r_spread=-141.675
   Water drops: 820 total, 503 hit, 317 miss (61% accuracy)  alt=43m [12-79]  dist=47m [7-101]
   FW shaping: surv=+0.0 bound=+0.0 alt_pen=+0.0 approach=-120.9 alt_shape=+212.4  avg_dist_scout=421m
   [SCOUT DIAG] ratio: 1.0000+/-0.0000 [1.0000,1.0000] | adv: -0.0699+/-0.8936 | alive=30000/30000
   [CMDR  DIAG] ratio: 1.0033+/-0.1055 [0.5510,1.8067] | adv: -0.0993+/-1.0635 | alive=708/726 | bc_coef=0.000
01:10:10 | Batch 0347 (Ep 10408) | R:  -1000.3 ( -1051.6)  Scout_R:   +51.6  Cmdr_R: -1051.9  Scout:100% Cmdr:96%  scout:[survived=120] cmdr:[survived=85 boundary=5] refills=496  NN_dec=2660/2970  fire: peak=371 final=362 supp=9 ext=26.7  71.4s
   Cmdr reward breakdown: r_extinguish=+163.000  r_water_waste=-6.800  r_water_near=+0.000  r_fire_out=+0.000  r_spread=-146.065
   Water drops: 936 total, 489 hit, 447 miss (52% accuracy)  alt=45m [16-80]  dist=44m [1-90]
   FW shaping: surv=+0.0 bound=+0.0 alt_pen=+0.0 approach=-107.0 alt_shape=+252.6  avg_dist_scout=369m
   [SCOUT DIAG] ratio: 1.0000+/-0.0000 [1.0000,1.0000] | adv: -0.0496+/-0.9977 | alive=30000/30000
   [CMDR  DIAG] ratio: 1.0066+/-0.1779 [0.3123,2.7150] | adv: 0.0657+/-1.0968 | alive=598/726 | bc_coef=0.000
01:11:43 | Batch 0348 (Ep 10438) | R:   -589.6 (  -794.9)  Scout_R:   +86.7  Cmdr_R:  -676.3  Scout:100% Cmdr:97%  scout:[survived=120] cmdr:[survived=87 boundary=3] refills=717  NN_dec=2601/2970  fire: peak=374 final=350 supp=24 ext=33.4  74.4s
   Cmdr reward breakdown: r_extinguish=+186.000  r_water_waste=-7.583  r_water_near=+0.000  r_fire_out=+0.000  r_spread=-156.975
   Water drops: 1053 total, 558 hit, 495 miss (53% accuracy)  alt=43m [14-79]  dist=45m [1-90]
   FW shaping: surv=+0.0 bound=+0.0 alt_pen=+0.0 approach=-40.9 alt_shape=+230.6  avg_dist_scout=371m
   [SCOUT DIAG] ratio: 1.0000+/-0.0000 [1.0000,1.0000] | adv: 0.0741+/-0.9263 | alive=30000/30000
   [CMDR  DIAG] ratio: 1.0072+/-0.1177 [0.2310,1.9423] | adv: 0.0641+/-1.0975 | alive=593/726 | bc_coef=0.000
01:13:14 | Batch 0349 (Ep 10468) | R:   -260.2 (  -424.9)  Scout_R:   +87.0  Cmdr_R:  -347.2  Scout:100% Cmdr:92%  scout:[survived=120] cmdr:[survived=81 boundary=9] refills=507  NN_dec=2616/2970  fire: peak=292 final=263 supp=29 ext=37.9  72.7s
   Cmdr reward breakdown: r_extinguish=+193.667  r_water_waste=-7.933  r_water_near=+0.000  r_fire_out=+0.000  r_spread=-126.490
   Water drops: 1107 total, 581 hit, 526 miss (52% accuracy)  alt=42m [10-79]  dist=45m [2-99]
   FW shaping: surv=+0.0 bound=+0.0 alt_pen=+0.0 approach=-28.6 alt_shape=+300.3  avg_dist_scout=291m
   [SCOUT DIAG] ratio: 1.0000+/-0.0000 [1.0000,1.0000] | adv: -0.0546+/-0.9304 | alive=30000/30000
   [CMDR  DIAG] ratio: 1.0161+/-0.1729 [0.3954,2.6702] | adv: -0.0706+/-1.0524 | alive=659/726 | bc_coef=0.000
01:14:44 | Batch 0350 (Ep 10498) | R:   -208.7 (  -234.5)  Scout_R:  +191.3  Cmdr_R:  -400.0  Scout:100% Cmdr:97%  scout:[survived=120] cmdr:[survived=87 boundary=3] refills=544  NN_dec=2729/2970  fire: peak=279 final=264 supp=15 ext=40.9  71.7s
   Cmdr reward breakdown: r_extinguish=+202.333  r_water_waste=-6.850  r_water_near=+0.000  r_fire_out=+0.000  r_spread=-126.350
   Water drops: 1061 total, 607 hit, 454 miss (57% accuracy)  alt=44m [11-79]  dist=43m [0-100]
   FW shaping: surv=+0.0 bound=+0.0 alt_pen=+0.0 approach=-45.9 alt_shape=+287.0  avg_dist_scout=320m
   [SCOUT DIAG] ratio: 1.0000+/-0.0000 [1.0000,1.0000] | adv: -0.1358+/-1.1118 | alive=30000/30000
   [CMDR  DIAG] ratio: 0.9977+/-0.1168 [0.4080,1.7912] | adv: -0.0227+/-0.9248 | alive=707/726 | bc_coef=0.000
01:16:20 | Batch 0351 (Ep 10528) | R:   -746.6 (  -477.7)  Scout_R:  +195.3  Cmdr_R:  -941.9  Scout:100% Cmdr:95%  scout:[survived=120] cmdr:[survived=84 boundary=6] refills=490  NN_dec=2673/2970  fire: peak=301 final=285 supp=16 ext=31.6  72.2s
   Cmdr reward breakdown: r_extinguish=+165.667  r_water_waste=-7.950  r_water_near=+0.000  r_fire_out=+0.000  r_spread=-120.825
   Water drops: 1021 total, 497 hit, 524 miss (49% accuracy)  alt=42m [17-79]  dist=45m [5-84]
   FW shaping: surv=+0.0 bound=+0.0 alt_pen=+0.0 approach=-100.2 alt_shape=+248.6  avg_dist_scout=367m
   [SCOUT DIAG] ratio: 1.0000+/-0.0000 [1.0000,1.0000] | adv: -0.0812+/-1.2098 | alive=30000/30000
   [CMDR  DIAG] ratio: 0.9910+/-0.1239 [0.3843,1.6585] | adv: 0.1648+/-0.5425 | alive=670/726 | bc_coef=0.000
01:17:54 | Batch 0352 (Ep 10558) | R:   -971.4 (  -859.0)  Scout_R:   +30.9  Cmdr_R: -1002.3  Scout:100% Cmdr:95%  scout:[survived=120] cmdr:[survived=85 boundary=5] refills=410  NN_dec=2744/2970  fire: peak=322 final=308 supp=14 ext=41.5  75.5s
   Cmdr reward breakdown: r_extinguish=+205.667  r_water_waste=-6.183  r_water_near=+0.000  r_fire_out=+0.000  r_spread=-140.965
   Water drops: 1023 total, 617 hit, 406 miss (60% accuracy)  alt=42m [14-79]  dist=42m [3-100]
   FW shaping: surv=+0.0 bound=+0.0 alt_pen=+0.0 approach=-89.3 alt_shape=+262.5  avg_dist_scout=382m
   [SCOUT DIAG] ratio: 1.0000+/-0.0000 [1.0000,1.0000] | adv: 0.2097+/-0.7759 | alive=30000/30000
   [CMDR  DIAG] ratio: 0.9963+/-0.1189 [0.5141,1.6744] | adv: -0.0197+/-1.0256 | alive=695/726 | bc_coef=0.000
01:19:24 | Batch 0353 (Ep 10588) | R:   -681.3 (  -826.3)  Scout_R:   +65.3  Cmdr_R:  -746.6  Scout:100% Cmdr:96%  scout:[survived=120] cmdr:[survived=86 boundary=4] refills=533  NN_dec=2680/2970  fire: peak=342 final=334 supp=8 ext=39.8  71.6s
   Cmdr reward breakdown: r_extinguish=+185.333  r_water_waste=-7.383  r_water_near=+0.000  r_fire_out=+0.000  r_spread=-152.850
   Water drops: 1040 total, 556 hit, 484 miss (53% accuracy)  alt=44m [9-79]  dist=45m [2-107]
   FW shaping: surv=+0.0 bound=+0.0 alt_pen=+0.0 approach=-53.7 alt_shape=+280.1  avg_dist_scout=344m
   [SCOUT DIAG] ratio: 1.0000+/-0.0000 [1.0000,1.0000] | adv: 0.0860+/-0.8759 | alive=30000/30000
   [CMDR  DIAG] ratio: 1.0030+/-0.0911 [0.4802,1.5679] | adv: 0.1209+/-0.8686 | alive=650/726 | bc_coef=0.000
01:20:55 | Batch 0354 (Ep 10618) | R:   -646.3 (  -663.8)  Scout_R:   +45.1  Cmdr_R:  -691.5  Scout:100% Cmdr:96%  scout:[survived=120] cmdr:[survived=85 boundary=5] refills=406  NN_dec=2777/2970  fire: peak=333 final=319 supp=14 ext=41.4  72.5s
   Cmdr reward breakdown: r_extinguish=+186.667  r_water_waste=-5.867  r_water_near=+0.000  r_fire_out=+0.000  r_spread=-143.690
   Water drops: 944 total, 560 hit, 384 miss (59% accuracy)  alt=44m [20-79]  dist=44m [5-90]
   FW shaping: surv=+0.0 bound=+0.0 alt_pen=+0.0 approach=-67.3 alt_shape=+281.5  avg_dist_scout=336m
   [SCOUT DIAG] ratio: 1.0000+/-0.0000 [1.0000,1.0000] | adv: -0.2019+/-1.2215 | alive=30000/30000
   [CMDR  DIAG] ratio: 1.0086+/-0.1366 [0.4916,2.3131] | adv: 0.2849+/-0.4817 | alive=698/726 | bc_coef=0.000
01:22:26 | Batch 0355 (Ep 10648) | R:   -459.4 (  -552.9)  Scout_R:   +83.5  Cmdr_R:  -542.8  Scout:100% Cmdr:88%  scout:[survived=120] cmdr:[survived=77 boundary=13] refills=527  NN_dec=2475/2970  fire: peak=310 final=286 supp=24 ext=38.6  73.6s
   Cmdr reward breakdown: r_extinguish=+197.333  r_water_waste=-7.833  r_water_near=+0.000  r_fire_out=+0.000  r_spread=-119.600
   Water drops: 1097 total, 592 hit, 505 miss (54% accuracy)  alt=41m [19-77]  dist=45m [1-102]
   FW shaping: surv=+0.0 bound=+0.0 alt_pen=+0.0 approach=-106.1 alt_shape=+287.6  avg_dist_scout=315m
   [SCOUT DIAG] ratio: 1.0000+/-0.0000 [1.0000,1.0000] | adv: -0.1231+/-1.1087 | alive=30000/30000
   [CMDR  DIAG] ratio: 0.9982+/-0.1140 [0.5360,1.5935] | adv: 0.1973+/-0.7263 | alive=604/726 | bc_coef=0.000
01:23:59 | Batch 0356 (Ep 10678) | R:   -515.1 (  -487.2)  Scout_R:  +133.0  Cmdr_R:  -648.1  Scout:100% Cmdr:94%  scout:[survived=120] cmdr:[survived=84 boundary=6] refills=401  NN_dec=2706/2970  fire: peak=311 final=283 supp=28 ext=35.5  74.3s
   Cmdr reward breakdown: r_extinguish=+174.000  r_water_waste=-5.783  r_water_near=+0.000  r_fire_out=+0.000  r_spread=-130.680
   Water drops: 904 total, 522 hit, 382 miss (58% accuracy)  alt=42m [13-79]  dist=44m [2-111]
   FW shaping: surv=+0.0 bound=+0.0 alt_pen=+0.0 approach=-52.2 alt_shape=+278.9  avg_dist_scout=320m
   [SCOUT DIAG] ratio: 1.0000+/-0.0000 [1.0000,1.0000] | adv: -0.0950+/-1.1421 | alive=30000/30000
   [CMDR  DIAG] ratio: 1.0001+/-0.1115 [0.5369,1.8246] | adv: 0.0881+/-0.9648 | alive=695/726 | bc_coef=0.000
01:25:31 | Batch 0357 (Ep 10708) | R:   -195.6 (  -355.4)  Scout_R:  +166.8  Cmdr_R:  -362.5  Scout:100% Cmdr:97%  scout:[survived=120] cmdr:[survived=87 boundary=3] refills=496  NN_dec=2762/2970  fire: peak=248 final=225 supp=22 ext=39.1  74.4s
   Cmdr reward breakdown: r_extinguish=+190.667  r_water_waste=-8.583  r_water_near=+0.000  r_fire_out=+5.000  r_spread=-108.805
   Water drops: 1128 total, 572 hit, 556 miss (51% accuracy)  alt=43m [18-75]  dist=44m [4-94]
   FW shaping: surv=+0.0 bound=+0.0 alt_pen=+0.0 approach=-33.6 alt_shape=+328.7  avg_dist_scout=288m
   [SCOUT DIAG] ratio: 1.0000+/-0.0000 [1.0000,1.0000] | adv: -0.0832+/-1.0316 | alive=30000/30000
   [CMDR  DIAG] ratio: 0.9823+/-0.1854 [0.0739,1.9244] | adv: -0.1009+/-1.3131 | alive=696/726 | bc_coef=0.000
01:27:00 | Batch 0358 (Ep 10738) | R:    +22.1 (   -86.7)  Scout_R:   +88.0  Cmdr_R:   -65.9  Scout:100% Cmdr:99%  scout:[survived=120] cmdr:[survived=89 boundary=1] refills=634  NN_dec=2745/2970  fire: peak=287 final=264 supp=23 ext=44.1  70.4s
   Cmdr reward breakdown: r_extinguish=+233.667  r_water_waste=-9.083  r_water_near=+0.000  r_fire_out=+0.000  r_spread=-140.380
   Water drops: 1291 total, 701 hit, 590 miss (54% accuracy)  alt=43m [11-80]  dist=46m [1-111]
   FW shaping: surv=+0.0 bound=+0.0 alt_pen=+0.0 approach=+27.4 alt_shape=+317.3  avg_dist_scout=291m
   [SCOUT DIAG] ratio: 1.0000+/-0.0000 [1.0000,1.0000] | adv: 0.0478+/-0.9063 | alive=30000/30000
   [CMDR  DIAG] ratio: 1.0061+/-0.1117 [0.5293,2.0634] | adv: -0.1542+/-0.9194 | alive=706/726 | bc_coef=0.000
01:28:34 | Batch 0359 (Ep 10768) | R:   -326.3 (  -152.1)  Scout_R:  +107.1  Cmdr_R:  -433.4  Scout:100% Cmdr:96%  scout:[survived=120] cmdr:[survived=86 boundary=4] refills=555  NN_dec=2734/2970  fire: peak=291 final=267 supp=24 ext=46.1  75.5s
   Cmdr reward breakdown: r_extinguish=+231.000  r_water_waste=-7.967  r_water_near=+0.000  r_fire_out=+0.000  r_spread=-131.330
   Water drops: 1212 total, 693 hit, 519 miss (57% accuracy)  alt=45m [18-79]  dist=45m [4-115]
   FW shaping: surv=+0.0 bound=+0.0 alt_pen=+0.0 approach=-3.7 alt_shape=+323.7  avg_dist_scout=298m
   [SCOUT DIAG] ratio: 1.0000+/-0.0000 [1.0000,1.0000] | adv: 0.0175+/-0.9004 | alive=30000/30000
   [CMDR  DIAG] ratio: 0.9999+/-0.1043 [0.2584,1.7207] | adv: 0.1223+/-0.8906 | alive=693/726 | bc_coef=0.000
01:30:05 | Batch 0360 (Ep 10798) | R:   -613.0 (  -469.6)  Scout_R:  +102.5  Cmdr_R:  -715.5  Scout:100% Cmdr:96%  scout:[survived=120] cmdr:[survived=85 boundary=5] refills=589  NN_dec=2612/2970  fire: peak=302 final=281 supp=20 ext=38.7  73.4s
   Cmdr reward breakdown: r_extinguish=+188.000  r_water_waste=-7.700  r_water_near=+0.000  r_fire_out=+0.000  r_spread=-131.620
   Water drops: 1066 total, 564 hit, 502 miss (53% accuracy)  alt=42m [10-79]  dist=44m [7-99]
   FW shaping: surv=+0.0 bound=+0.0 alt_pen=+0.0 approach=-64.3 alt_shape=+268.8  avg_dist_scout=343m
   [SCOUT DIAG] ratio: 1.0000+/-0.0000 [1.0000,1.0000] | adv: -0.0066+/-1.0309 | alive=30000/30000
   [CMDR  DIAG] ratio: 0.9997+/-0.1123 [0.3862,1.5880] | adv: -0.0626+/-1.0160 | alive=653/726 | bc_coef=0.000
01:31:41 | Batch 0361 (Ep 10828) | R:   -752.8 (  -682.9)  Scout_R:    -5.3  Cmdr_R:  -747.5  Scout:100% Cmdr:97%  scout:[survived=120] cmdr:[survived=86 boundary=4] refills=503  NN_dec=2766/2970  fire: peak=333 final=321 supp=12 ext=42.1  71.6s
   Cmdr reward breakdown: r_extinguish=+207.667  r_water_waste=-7.450  r_water_near=+0.000  r_fire_out=+0.000  r_spread=-148.300
   Water drops: 1104 total, 623 hit, 481 miss (56% accuracy)  alt=43m [15-79]  dist=43m [1-91]
   FW shaping: surv=+0.0 bound=+0.0 alt_pen=+0.0 approach=-83.2 alt_shape=+304.3  avg_dist_scout=329m
   [SCOUT DIAG] ratio: 1.0000+/-0.0000 [1.0000,1.0000] | adv: -0.0133+/-1.0988 | alive=30000/30000
   [CMDR  DIAG] ratio: 0.9984+/-0.1396 [0.3430,2.1149] | adv: -0.2046+/-1.1984 | alive=699/726 | bc_coef=0.000
01:33:11 | Batch 0362 (Ep 10858) | R:   -992.9 (  -872.9)  Scout_R:   -57.9  Cmdr_R:  -935.0  Scout:100% Cmdr:94%  scout:[survived=120] cmdr:[survived=82 boundary=8] refills=455  NN_dec=2628/2970  fire: peak=307 final=289 supp=18 ext=35.7  71.9s
   Cmdr reward breakdown: r_extinguish=+160.667  r_water_waste=-6.133  r_water_near=+0.000  r_fire_out=+0.000  r_spread=-126.715
   Water drops: 881 total, 482 hit, 399 miss (55% accuracy)  alt=44m [15-79]  dist=44m [2-93]
   FW shaping: surv=+0.0 bound=+0.0 alt_pen=+0.0 approach=-113.5 alt_shape=+274.8  avg_dist_scout=359m
   [SCOUT DIAG] ratio: 1.0000+/-0.0000 [1.0000,1.0000] | adv: 0.0008+/-0.9035 | alive=30000/30000
   [CMDR  DIAG] ratio: 0.9950+/-0.1403 [0.4249,1.8581] | adv: -0.0488+/-1.0164 | alive=652/726 | bc_coef=0.000
01:34:45 | Batch 0363 (Ep 10888) | R:   -667.2 (  -830.1)  Scout_R:  +116.3  Cmdr_R:  -783.5  Scout:100% Cmdr:99%  scout:[survived=120] cmdr:[survived=89 boundary=1] refills=589  NN_dec=2709/2970  fire: peak=264 final=242 supp=22 ext=42.2  75.8s
   Cmdr reward breakdown: r_extinguish=+217.667  r_water_waste=-8.117  r_water_near=+0.000  r_fire_out=+5.000  r_spread=-119.370
   Water drops: 1180 total, 653 hit, 527 miss (55% accuracy)  alt=45m [21-80]  dist=45m [5-95]
   FW shaping: surv=+0.0 bound=+0.0 alt_pen=+0.0 approach=-45.5 alt_shape=+309.9  avg_dist_scout=341m
   [SCOUT DIAG] ratio: 1.0000+/-0.0000 [1.0000,1.0000] | adv: -0.0547+/-0.9763 | alive=30000/30000
   [CMDR  DIAG] ratio: 1.0001+/-0.0999 [0.5573,1.5079] | adv: 0.3022+/-0.2882 | alive=670/726 | bc_coef=0.000
01:36:20 | Batch 0364 (Ep 10918) | R:   -723.1 (  -695.2)  Scout_R:   +56.2  Cmdr_R:  -779.3  Scout:100% Cmdr:97%  scout:[survived=120] cmdr:[survived=87 boundary=3] refills=425  NN_dec=2778/2970  fire: peak=332 final=313 supp=19 ext=30.8  76.8s
   Cmdr reward breakdown: r_extinguish=+167.667  r_water_waste=-6.533  r_water_near=+0.000  r_fire_out=+5.000  r_spread=-140.990
   Water drops: 928 total, 503 hit, 425 miss (54% accuracy)  alt=47m [24-80]  dist=43m [3-107]
   FW shaping: surv=+0.0 bound=+0.0 alt_pen=+0.0 approach=-54.1 alt_shape=+287.8  avg_dist_scout=353m
   [SCOUT DIAG] ratio: 1.0000+/-0.0000 [1.0000,1.0000] | adv: -0.0608+/-1.0381 | alive=30000/30000
   [CMDR  DIAG] ratio: 1.0038+/-0.0930 [0.5987,1.6411] | adv: -0.0380+/-1.0247 | alive=690/726 | bc_coef=0.000
01:37:54 | Batch 0365 (Ep 10948) | R:   -582.2 (  -652.6)  Scout_R:  +214.7  Cmdr_R:  -796.9  Scout:100% Cmdr:94%  scout:[survived=120] cmdr:[survived=83 boundary=7] refills=507  NN_dec=2644/2970  fire: peak=314 final=295 supp=19 ext=36.6  75.2s
   Cmdr reward breakdown: r_extinguish=+191.667  r_water_waste=-8.183  r_water_near=+0.000  r_fire_out=+5.000  r_spread=-125.785
   Water drops: 1112 total, 575 hit, 537 miss (52% accuracy)  alt=44m [14-80]  dist=43m [3-112]
   FW shaping: surv=+0.0 bound=+0.0 alt_pen=+0.0 approach=-92.7 alt_shape=+251.8  avg_dist_scout=355m
   [SCOUT DIAG] ratio: 1.0000+/-0.0000 [1.0000,1.0000] | adv: 0.0757+/-0.9275 | alive=30000/30000
   [CMDR  DIAG] ratio: 1.0002+/-0.1046 [0.2871,1.7087] | adv: 0.2724+/-0.5864 | alive=656/726 | bc_coef=0.000
01:39:25 | Batch 0366 (Ep 10978) | R:   -179.7 (  -380.9)  Scout_R:  +175.0  Cmdr_R:  -354.6  Scout:100% Cmdr:97%  scout:[survived=120] cmdr:[survived=86 boundary=3 ground_crash=1] refills=657  NN_dec=2716/2970  fire: peak=287 final=265 supp=22 ext=43.5  73.0s
   Cmdr reward breakdown: r_extinguish=+231.000  r_water_waste=-8.833  r_water_near=+0.000  r_fire_out=+0.000  r_spread=-125.855
   Water drops: 1272 total, 693 hit, 579 miss (54% accuracy)  alt=43m [10-79]  dist=43m [3-99]
   FW shaping: surv=+0.0 bound=+0.0 alt_pen=+0.0 approach=-29.5 alt_shape=+318.2  avg_dist_scout=314m
   [SCOUT DIAG] ratio: 1.0000+/-0.0000 [1.0000,1.0000] | adv: 0.0343+/-1.0032 | alive=30000/30000
   [CMDR  DIAG] ratio: 1.0127+/-0.1438 [0.4916,2.3751] | adv: 0.1599+/-0.6613 | alive=685/726 | bc_coef=0.000
01:41:01 | Batch 0367 (Ep 11008) | R:   -433.3 (  -306.5)  Scout_R:   +58.2  Cmdr_R:  -491.5  Scout:100% Cmdr:96%  scout:[survived=120] cmdr:[survived=85 boundary=5] refills=479  NN_dec=2768/2970  fire: peak=310 final=281 supp=28 ext=42.2  77.8s
   Cmdr reward breakdown: r_extinguish=+215.667  r_water_waste=-8.967  r_water_near=+0.000  r_fire_out=+5.000  r_spread=-134.800
   Water drops: 1232 total, 647 hit, 585 miss (53% accuracy)  alt=43m [21-80]  dist=41m [1-91]
   FW shaping: surv=+0.0 bound=+0.0 alt_pen=+0.0 approach=-31.5 alt_shape=+309.3  avg_dist_scout=319m
   [SCOUT DIAG] ratio: 1.0000+/-0.0000 [1.0000,1.0000] | adv: 0.0927+/-0.9424 | alive=30000/30000
   [CMDR  DIAG] ratio: 1.0035+/-0.0739 [0.7035,1.4437] | adv: 0.2123+/-0.5329 | alive=685/726 | bc_coef=0.000
01:42:30 | Batch 0368 (Ep 11038) | R:   -497.1 (  -465.2)  Scout_R:   -48.8  Cmdr_R:  -448.4  Scout:100% Cmdr:97%  scout:[survived=120] cmdr:[survived=87 boundary=3] refills=522  NN_dec=2785/2970  fire: peak=292 final=262 supp=30 ext=43.8  70.2s
   Cmdr reward breakdown: r_extinguish=+224.333  r_water_waste=-8.283  r_water_near=+0.000  r_fire_out=+0.000  r_spread=-134.405
   Water drops: 1217 total, 673 hit, 544 miss (55% accuracy)  alt=42m [15-79]  dist=45m [2-110]
   FW shaping: surv=+0.0 bound=+0.0 alt_pen=+0.0 approach=+26.1 alt_shape=+305.6  avg_dist_scout=313m
   [SCOUT DIAG] ratio: 1.0000+/-0.0000 [1.0000,1.0000] | adv: 0.0477+/-0.9797 | alive=30000/30000
   [CMDR  DIAG] ratio: 0.9900+/-0.1690 [0.3003,1.9508] | adv: -0.4293+/-1.5139 | alive=696/726 | bc_coef=0.000
01:44:02 | Batch 0369 (Ep 11068) | R:  -1256.5 (  -876.8)  Scout_R:  -100.1  Cmdr_R: -1156.4  Scout:100% Cmdr:95%  scout:[survived=120] cmdr:[survived=84 boundary=6] refills=476  NN_dec=2647/2970  fire: peak=364 final=349 supp=15 ext=28.8  73.7s
   Cmdr reward breakdown: r_extinguish=+146.667  r_water_waste=-6.800  r_water_near=+0.000  r_fire_out=+0.000  r_spread=-144.535
   Water drops: 885 total, 440 hit, 445 miss (50% accuracy)  alt=42m [19-80]  dist=45m [5-90]
   FW shaping: surv=+0.0 bound=+0.0 alt_pen=+0.0 approach=-134.4 alt_shape=+212.8  avg_dist_scout=412m
   [SCOUT DIAG] ratio: 1.0000+/-0.0000 [1.0000,1.0000] | adv: -0.1687+/-1.0948 | alive=30000/30000
   [CMDR  DIAG] ratio: 1.0015+/-0.0900 [0.5793,1.4811] | adv: -0.1238+/-1.1988 | alive=659/726 | bc_coef=0.000
01:45:36 | Batch 0370 (Ep 11098) | R:   -572.9 (  -914.7)  Scout_R:  +193.7  Cmdr_R:  -766.6  Scout:100% Cmdr:98%  scout:[survived=120] cmdr:[survived=88 boundary=2] refills=627  NN_dec=2744/2970  fire: peak=311 final=297 supp=14 ext=41.5  75.8s
   Cmdr reward breakdown: r_extinguish=+206.667  r_water_waste=-8.050  r_water_near=+0.000  r_fire_out=+0.000  r_spread=-142.940
   Water drops: 1151 total, 620 hit, 531 miss (54% accuracy)  alt=43m [13-80]  dist=45m [1-97]
   FW shaping: surv=+0.0 bound=+0.0 alt_pen=+0.0 approach=-53.4 alt_shape=+305.3  avg_dist_scout=342m
   [SCOUT DIAG] ratio: 1.0000+/-0.0000 [1.0000,1.0000] | adv: 0.0348+/-0.8493 | alive=30000/30000
   [CMDR  DIAG] ratio: 0.9981+/-0.1100 [0.2692,1.6843] | adv: 0.1733+/-0.8841 | alive=630/726 | bc_coef=0.000
01:47:13 | Batch 0371 (Ep 11128) | R:   -185.2 (  -379.1)  Scout_R:  +169.0  Cmdr_R:  -354.2  Scout:100% Cmdr:97%  scout:[survived=120] cmdr:[survived=87 boundary=3] refills=606  NN_dec=2731/2970  fire: peak=248 final=214 supp=34 ext=45.5  73.4s
   Cmdr reward breakdown: r_extinguish=+231.000  r_water_waste=-8.700  r_water_near=+0.000  r_fire_out=+5.000  r_spread=-115.145
   Water drops: 1261 total, 693 hit, 568 miss (55% accuracy)  alt=43m [15-79]  dist=43m [1-94]
   FW shaping: surv=+0.0 bound=+0.0 alt_pen=+0.0 approach=+12.8 alt_shape=+329.8  avg_dist_scout=295m
   [SCOUT DIAG] ratio: 1.0000+/-0.0000 [1.0000,1.0000] | adv: -0.0330+/-1.0410 | alive=30000/30000
   [CMDR  DIAG] ratio: 1.0062+/-0.1746 [0.2989,2.8235] | adv: -0.0561+/-1.2955 | alive=658/726 | bc_coef=0.000
01:48:43 | Batch 0372 (Ep 11158) | R:   -662.9 (  -424.0)  Scout_R:   +99.7  Cmdr_R:  -762.6  Scout:100% Cmdr:96%  scout:[survived=120] cmdr:[survived=86 boundary=4] refills=491  NN_dec=2725/2970  fire: peak=315 final=281 supp=34 ext=44.4  71.7s
   Cmdr reward breakdown: r_extinguish=+207.667  r_water_waste=-6.700  r_water_near=+0.000  r_fire_out=+0.000  r_spread=-133.885
   Water drops: 1064 total, 623 hit, 441 miss (59% accuracy)  alt=43m [13-80]  dist=42m [6-108]
   FW shaping: surv=+0.0 bound=+0.0 alt_pen=+0.0 approach=-56.9 alt_shape=+299.2  avg_dist_scout=350m
   [SCOUT DIAG] ratio: 1.0000+/-0.0000 [1.0000,1.0000] | adv: -0.0876+/-1.1180 | alive=30000/30000
   [CMDR  DIAG] ratio: 1.0004+/-0.1114 [0.1905,1.4600] | adv: -0.1258+/-1.2545 | alive=689/726 | bc_coef=0.000
01:50:13 | Batch 0373 (Ep 11188) | R:   -545.7 (  -604.3)  Scout_R:   +80.8  Cmdr_R:  -626.5  Scout:100% Cmdr:97%  scout:[survived=120] cmdr:[survived=87 boundary=3] refills=557  NN_dec=2739/2970  fire: peak=297 final=280 supp=18 ext=42.8  71.3s
   Cmdr reward breakdown: r_extinguish=+219.667  r_water_waste=-8.333  r_water_near=+0.000  r_fire_out=+0.000  r_spread=-138.265
   Water drops: 1203 total, 659 hit, 544 miss (55% accuracy)  alt=43m [12-79]  dist=44m [3-118]
   FW shaping: surv=+0.0 bound=+0.0 alt_pen=+0.0 approach=-52.7 alt_shape=+323.0  avg_dist_scout=317m
   [SCOUT DIAG] ratio: 1.0000+/-0.0000 [1.0000,1.0000] | adv: 0.1536+/-0.6591 | alive=30000/30000
   [CMDR  DIAG] ratio: 1.0096+/-0.1394 [0.2725,2.0689] | adv: -0.0601+/-1.0925 | alive=705/726 | bc_coef=0.000
01:51:45 | Batch 0374 (Ep 11218) | R:   -741.7 (  -643.7)  Scout_R:  +179.4  Cmdr_R:  -921.1  Scout:100% Cmdr:100%  scout:[survived=120] cmdr:[survived=90] refills=695  NN_dec=2763/2970  fire: peak=349 final=326 supp=23 ext=46.9  73.4s
   Cmdr reward breakdown: r_extinguish=+238.333  r_water_waste=-9.817  r_water_near=+0.000  r_fire_out=+0.000  r_spread=-161.190
   Water drops: 1359 total, 715 hit, 644 miss (53% accuracy)  alt=42m [13-79]  dist=45m [3-95]
   FW shaping: surv=+0.0 bound=+0.0 alt_pen=+0.0 approach=-48.9 alt_shape=+317.1  avg_dist_scout=351m
   [SCOUT DIAG] ratio: 1.0000+/-0.0000 [1.0000,1.0000] | adv: -0.1549+/-1.1683 | alive=30000/30000
   [CMDR  DIAG] ratio: 0.9976+/-0.1056 [0.4084,1.9169] | adv: -0.1738+/-1.1704 | alive=687/726 | bc_coef=0.000
01:53:13 | Batch 0375 (Ep 11248) | R:   -420.2 (  -581.0)  Scout_R:    -4.8  Cmdr_R:  -415.4  Scout:100% Cmdr:97%  scout:[survived=120] cmdr:[survived=86 boundary=4] refills=542  NN_dec=2721/2970  fire: peak=274 final=247 supp=27 ext=37.1  70.3s
   Cmdr reward breakdown: r_extinguish=+189.000  r_water_waste=-6.950  r_water_near=+0.000  r_fire_out=+0.000  r_spread=-117.770
   Water drops: 1022 total, 567 hit, 455 miss (55% accuracy)  alt=42m [14-79]  dist=41m [6-96]
   FW shaping: surv=+0.0 bound=+0.0 alt_pen=+0.0 approach=-17.6 alt_shape=+287.5  avg_dist_scout=318m
   [SCOUT DIAG] ratio: 1.0000+/-0.0000 [1.0000,1.0000] | adv: 0.0427+/-0.9751 | alive=30000/30000
   [CMDR  DIAG] ratio: 1.0039+/-0.1268 [0.4157,1.7086] | adv: 0.0731+/-0.8756 | alive=686/726 | bc_coef=0.000
01:54:45 | Batch 0376 (Ep 11278) | R:   -605.0 (  -512.6)  Scout_R:   +31.1  Cmdr_R:  -636.1  Scout:100% Cmdr:96%  scout:[survived=120] cmdr:[survived=86 boundary=4] refills=503  NN_dec=2675/2970  fire: peak=249 final=220 supp=29 ext=34.1  73.2s
   Cmdr reward breakdown: r_extinguish=+188.333  r_water_waste=-7.800  r_water_near=+0.000  r_fire_out=+5.000  r_spread=-110.220
   Water drops: 1074 total, 565 hit, 509 miss (53% accuracy)  alt=43m [11-80]  dist=47m [0-122]
   FW shaping: surv=+0.0 bound=+0.0 alt_pen=+0.0 approach=-16.1 alt_shape=+301.7  avg_dist_scout=313m
   [SCOUT DIAG] ratio: 1.0000+/-0.0000 [1.0000,1.0000] | adv: -0.0185+/-1.0576 | alive=30000/30000
   [CMDR  DIAG] ratio: 0.9946+/-0.1013 [0.2358,1.9643] | adv: -0.1976+/-1.2436 | alive=672/726 | bc_coef=0.000
01:56:14 | Batch 0377 (Ep 11308) | R:   -962.9 (  -784.0)  Scout_R:   +24.0  Cmdr_R:  -986.9  Scout:100% Cmdr:96%  scout:[survived=120] cmdr:[survived=85 boundary=5] refills=461  NN_dec=2733/2970  fire: peak=297 final=271 supp=26 ext=38.1  70.7s
   Cmdr reward breakdown: r_extinguish=+184.667  r_water_waste=-6.333  r_water_near=+0.000  r_fire_out=+10.000  r_spread=-128.300
   Water drops: 971 total, 554 hit, 417 miss (57% accuracy)  alt=43m [17-79]  dist=45m [1-101]
   FW shaping: surv=+0.0 bound=+0.0 alt_pen=+0.0 approach=-73.2 alt_shape=+282.1  avg_dist_scout=347m
   [SCOUT DIAG] ratio: 1.0000+/-0.0000 [1.0000,1.0000] | adv: -0.0242+/-0.8432 | alive=30000/30000
   [CMDR  DIAG] ratio: 1.0234+/-0.2631 [0.3175,6.2713] | adv: -0.0271+/-1.0334 | alive=635/726 | bc_coef=0.000
01:57:43 | Batch 0378 (Ep 11338) | R:   -509.5 (  -736.2)  Scout_R:  +168.1  Cmdr_R:  -677.6  Scout:100% Cmdr:93%  scout:[survived=120] cmdr:[survived=82 boundary=8] refills=555  NN_dec=2621/2970  fire: peak=340 final=323 supp=17 ext=39.8  70.7s
   Cmdr reward breakdown: r_extinguish=+205.000  r_water_waste=-7.933  r_water_near=+0.000  r_fire_out=+5.000  r_spread=-143.880
   Water drops: 1130 total, 615 hit, 515 miss (54% accuracy)  alt=41m [15-79]  dist=43m [2-93]
   FW shaping: surv=+0.0 bound=+0.0 alt_pen=+0.0 approach=-86.8 alt_shape=+262.1  avg_dist_scout=339m
   [SCOUT DIAG] ratio: 1.0000+/-0.0000 [1.0000,1.0000] | adv: -0.0488+/-1.0219 | alive=30000/30000
   [CMDR  DIAG] ratio: 1.0097+/-0.1282 [0.2197,2.1725] | adv: 0.1998+/-0.4999 | alive=649/726 | bc_coef=0.000
01:59:14 | Batch 0379 (Ep 11368) | R:   -236.9 (  -373.2)  Scout_R:  +116.7  Cmdr_R:  -353.6  Scout:100% Cmdr:99%  scout:[survived=120] cmdr:[survived=89 boundary=1] refills=598  NN_dec=2696/2970  fire: peak=235 final=213 supp=22 ext=34.1  72.8s
   Cmdr reward breakdown: r_extinguish=+173.333  r_water_waste=-7.100  r_water_near=+0.000  r_fire_out=+5.000  r_spread=-102.665
   Water drops: 982 total, 520 hit, 462 miss (53% accuracy)  alt=44m [16-79]  dist=45m [2-102]
   FW shaping: surv=+0.0 bound=+0.0 alt_pen=+0.0 approach=-34.4 alt_shape=+300.2  avg_dist_scout=334m
   [SCOUT DIAG] ratio: 1.0000+/-0.0000 [1.0000,1.0000] | adv: -0.2428+/-1.2539 | alive=30000/30000
   [CMDR  DIAG] ratio: 1.0103+/-0.1029 [0.5872,1.6464] | adv: 0.0120+/-1.2647 | alive=641/726 | bc_coef=0.000
02:00:45 | Batch 0380 (Ep 11398) | R:   -150.3 (  -193.6)  Scout_R:  +128.9  Cmdr_R:  -279.2  Scout:100% Cmdr:96%  scout:[survived=120] cmdr:[survived=86 boundary=4] refills=472  NN_dec=2750/2970  fire: peak=319 final=300 supp=19 ext=46.2  72.3s
   Cmdr reward breakdown: r_extinguish=+220.333  r_water_waste=-10.517  r_water_near=+0.000  r_fire_out=+0.000  r_spread=-146.045
   Water drops: 1338 total, 661 hit, 677 miss (49% accuracy)  alt=44m [17-76]  dist=46m [4-97]
   FW shaping: surv=+0.0 bound=+0.0 alt_pen=+0.0 approach=+13.6 alt_shape=+337.9  avg_dist_scout=283m
   [SCOUT DIAG] ratio: 1.0000+/-0.0000 [1.0000,1.0000] | adv: 0.0909+/-0.8885 | alive=30000/30000
   [CMDR  DIAG] ratio: 1.0009+/-0.0930 [0.4599,1.6739] | adv: -0.2452+/-1.4767 | alive=687/726 | bc_coef=0.000
02:02:20 | Batch 0381 (Ep 11428) | R:  -1114.9 (  -632.6)  Scout_R:   -24.6  Cmdr_R: -1090.3  Scout:100% Cmdr:98%  scout:[survived=120] cmdr:[survived=88 boundary=2] refills=373  NN_dec=2806/2970  fire: peak=290 final=276 supp=14 ext=32.9  70.2s
   Cmdr reward breakdown: r_extinguish=+147.000  r_water_waste=-5.433  r_water_near=+0.000  r_fire_out=+0.000  r_spread=-134.275
   Water drops: 792 total, 441 hit, 351 miss (56% accuracy)  alt=44m [13-79]  dist=43m [2-108]
   FW shaping: surv=+0.0 bound=+0.0 alt_pen=+0.0 approach=-73.1 alt_shape=+288.3  avg_dist_scout=357m
   [SCOUT DIAG] ratio: 1.0000+/-0.0000 [1.0000,1.0000] | adv: 0.0250+/-1.0605 | alive=30000/30000
   [CMDR  DIAG] ratio: 1.0047+/-0.2103 [0.1107,4.1382] | adv: -0.0795+/-1.0436 | alive=720/726 | bc_coef=0.000
02:03:49 | Batch 0382 (Ep 11458) | R:   -807.8 (  -961.4)  Scout_R:  +193.2  Cmdr_R: -1001.0  Scout:100% Cmdr:98%  scout:[survived=120] cmdr:[survived=88 boundary=2] refills=364  NN_dec=2801/2970  fire: peak=276 final=254 supp=22 ext=37.0  71.4s
   Cmdr reward breakdown: r_extinguish=+178.333  r_water_waste=-5.783  r_water_near=+0.000  r_fire_out=+5.000  r_spread=-120.790
   Water drops: 901 total, 535 hit, 366 miss (59% accuracy)  alt=44m [17-79]  dist=45m [1-113]
   FW shaping: surv=+0.0 bound=+0.0 alt_pen=+0.0 approach=-63.6 alt_shape=+276.3  avg_dist_scout=334m
   [SCOUT DIAG] ratio: 1.0000+/-0.0000 [1.0000,1.0000] | adv: 0.0063+/-0.9851 | alive=30000/30000
   [CMDR  DIAG] ratio: 1.0092+/-0.1182 [0.5479,2.0676] | adv: 0.1495+/-0.8257 | alive=692/726 | bc_coef=0.000
02:05:22 | Batch 0383 (Ep 11488) | R:  -1078.2 (  -943.0)  Scout_R:   +68.4  Cmdr_R: -1146.7  Scout:100% Cmdr:100%  scout:[survived=120] cmdr:[survived=89 boundary=1] refills=466  NN_dec=2820/2970  fire: peak=342 final=327 supp=15 ext=38.9  74.3s
   Cmdr reward breakdown: r_extinguish=+192.333  r_water_waste=-8.150  r_water_near=+0.000  r_fire_out=+0.000  r_spread=-158.190
   Water drops: 1120 total, 577 hit, 543 miss (52% accuracy)  alt=46m [20-78]  dist=47m [2-119]
   FW shaping: surv=+0.0 bound=+0.0 alt_pen=+0.0 approach=-54.8 alt_shape=+323.7  avg_dist_scout=363m
   [SCOUT DIAG] ratio: 1.0000+/-0.0000 [1.0000,1.0000] | adv: 0.0450+/-0.7805 | alive=30000/30000
   [CMDR  DIAG] ratio: 1.0018+/-0.1697 [0.1980,2.5473] | adv: -0.3440+/-1.3065 | alive=675/726 | bc_coef=0.000
02:06:54 | Batch 0384 (Ep 11518) | R:   -339.7 (  -709.0)  Scout_R:  +152.7  Cmdr_R:  -492.5  Scout:100% Cmdr:97%  scout:[survived=120] cmdr:[survived=86 boundary=4] refills=557  NN_dec=2705/2970  fire: peak=294 final=284 supp=10 ext=36.9  73.5s
   Cmdr reward breakdown: r_extinguish=+183.000  r_water_waste=-8.050  r_water_near=+0.000  r_fire_out=+0.000  r_spread=-130.410
   Water drops: 1070 total, 549 hit, 521 miss (51% accuracy)  alt=43m [16-77]  dist=45m [3-113]
   FW shaping: surv=+0.0 bound=+0.0 alt_pen=+0.0 approach=-53.2 alt_shape=+282.5  avg_dist_scout=340m
   [SCOUT DIAG] ratio: 1.0000+/-0.0000 [1.0000,1.0000] | adv: 0.0619+/-0.9299 | alive=30000/30000
   [CMDR  DIAG] ratio: 1.0052+/-0.1038 [0.6413,1.5655] | adv: 0.3037+/-0.2994 | alive=638/726 | bc_coef=0.000
02:08:25 | Batch 0385 (Ep 11548) | R:   -607.7 (  -473.7)  Scout_R:   +94.7  Cmdr_R:  -702.5  Scout:100% Cmdr:99%  scout:[survived=120] cmdr:[survived=89 boundary=1] refills=555  NN_dec=2835/2970  fire: peak=331 final=307 supp=24 ext=43.6  73.2s
   Cmdr reward breakdown: r_extinguish=+193.000  r_water_waste=-8.650  r_water_near=+0.000  r_fire_out=+0.000  r_spread=-151.930
   Water drops: 1139 total, 579 hit, 560 miss (51% accuracy)  alt=42m [18-80]  dist=46m [4-120]
   FW shaping: surv=+0.0 bound=+0.0 alt_pen=+0.0 approach=+2.9 alt_shape=+303.1  avg_dist_scout=326m
   [SCOUT DIAG] ratio: 1.0000+/-0.0000 [1.0000,1.0000] | adv: -0.1058+/-1.0587 | alive=30000/30000
   [CMDR  DIAG] ratio: 1.0015+/-0.1397 [0.3155,2.7029] | adv: 0.1365+/-0.9455 | alive=702/726 | bc_coef=0.000
02:09:58 | Batch 0386 (Ep 11578) | R:   -606.8 (  -607.2)  Scout_R:  +180.9  Cmdr_R:  -787.7  Scout:100% Cmdr:93%  scout:[survived=120] cmdr:[survived=82 boundary=8] refills=481  NN_dec=2588/2970  fire: peak=332 final=318 supp=14 ext=31.0  74.5s
   Cmdr reward breakdown: r_extinguish=+150.000  r_water_waste=-8.183  r_water_near=+0.000  r_fire_out=+0.000  r_spread=-135.645
   Water drops: 983 total, 450 hit, 533 miss (46% accuracy)  alt=42m [14-79]  dist=45m [0-96]
   FW shaping: surv=+0.0 bound=+0.0 alt_pen=+0.0 approach=-103.5 alt_shape=+250.7  avg_dist_scout=356m
   [SCOUT DIAG] ratio: 1.0000+/-0.0000 [1.0000,1.0000] | adv: 0.1314+/-0.7597 | alive=30000/30000
   [CMDR  DIAG] ratio: 0.9994+/-0.1363 [0.3947,2.7549] | adv: -0.3377+/-1.4805 | alive=639/726 | bc_coef=0.000
02:11:26 | Batch 0387 (Ep 11608) | R:   -325.8 (  -466.3)  Scout_R:  +180.1  Cmdr_R:  -505.9  Scout:100% Cmdr:97%  scout:[survived=120] cmdr:[survived=87 boundary=3] refills=512  NN_dec=2667/2970  fire: peak=240 final=219 supp=21 ext=39.3  70.0s
   Cmdr reward breakdown: r_extinguish=+202.667  r_water_waste=-7.000  r_water_near=+0.000  r_fire_out=+0.000  r_spread=-108.185
   Water drops: 1060 total, 608 hit, 452 miss (57% accuracy)  alt=44m [8-79]  dist=43m [1-96]
   FW shaping: surv=+0.0 bound=+0.0 alt_pen=+0.0 approach=-55.0 alt_shape=+296.7  avg_dist_scout=318m
   [SCOUT DIAG] ratio: 1.0000+/-0.0000 [1.0000,1.0000] | adv: -0.1442+/-1.0117 | alive=30000/30000
   [CMDR  DIAG] ratio: 1.0074+/-0.1141 [0.5701,1.8424] | adv: 0.2162+/-0.4149 | alive=623/726 | bc_coef=0.000
02:12:56 | Batch 0388 (Ep 11638) | R:   -734.3 (  -530.0)  Scout_R:  +172.3  Cmdr_R:  -906.6  Scout:100% Cmdr:97%  scout:[survived=120] cmdr:[survived=87 boundary=3] refills=417  NN_dec=2799/2970  fire: peak=231 final=215 supp=15 ext=42.7  71.4s
   Cmdr reward breakdown: r_extinguish=+199.333  r_water_waste=-6.950  r_water_near=+0.000  r_fire_out=+0.000  r_spread=-110.615
   Water drops: 1049 total, 598 hit, 451 miss (57% accuracy)  alt=42m [16-80]  dist=44m [2-109]
   FW shaping: surv=+0.0 bound=+0.0 alt_pen=+0.0 approach=-63.6 alt_shape=+318.5  avg_dist_scout=348m
   [SCOUT DIAG] ratio: 1.0000+/-0.0000 [1.0000,1.0000] | adv: -0.1646+/-1.1820 | alive=30000/30000
   [CMDR  DIAG] ratio: 1.0065+/-0.1216 [0.5240,2.0965] | adv: 0.0498+/-1.0452 | alive=657/726 | bc_coef=0.000
02:14:25 | Batch 0389 (Ep 11668) | R:  -1426.6 ( -1080.4)  Scout_R:  +112.0  Cmdr_R: -1538.5  Scout:100% Cmdr:96%  scout:[survived=120] cmdr:[survived=84 boundary=6] refills=404  NN_dec=2712/2970  fire: peak=314 final=293 supp=21 ext=32.3  70.6s
   Cmdr reward breakdown: r_extinguish=+171.333  r_water_waste=-6.533  r_water_near=+0.000  r_fire_out=+0.000  r_spread=-128.220
   Water drops: 946 total, 514 hit, 432 miss (54% accuracy)  alt=41m [14-79]  dist=42m [4-87]
   FW shaping: surv=+0.0 bound=+0.0 alt_pen=+0.0 approach=-132.8 alt_shape=+263.2  avg_dist_scout=392m
   [SCOUT DIAG] ratio: 1.0000+/-0.0000 [1.0000,1.0000] | adv: 0.0048+/-1.0318 | alive=30000/30000
   [CMDR  DIAG] ratio: 1.0041+/-0.1412 [0.3162,2.5370] | adv: -0.1950+/-1.0980 | alive=659/726 | bc_coef=0.000
02:15:55 | Batch 0390 (Ep 11698) | R:   -607.3 ( -1017.0)  Scout_R:   +11.5  Cmdr_R:  -618.9  Scout:100% Cmdr:94%  scout:[survived=120] cmdr:[survived=83 boundary=7] refills=594  NN_dec=2564/2970  fire: peak=286 final=264 supp=22 ext=49.0  72.5s
   Cmdr reward breakdown: r_extinguish=+213.667  r_water_waste=-8.917  r_water_near=+0.000  r_fire_out=+5.000  r_spread=-121.540
   Water drops: 1223 total, 641 hit, 582 miss (52% accuracy)  alt=42m [14-80]  dist=44m [2-94]
   FW shaping: surv=+0.0 bound=+0.0 alt_pen=+0.0 approach=-75.9 alt_shape=+283.0  avg_dist_scout=318m
   [SCOUT DIAG] ratio: 1.0000+/-0.0000 [1.0000,1.0000] | adv: -0.0239+/-1.0621 | alive=30000/30000
   [CMDR  DIAG] ratio: 1.0046+/-0.1059 [0.5434,2.1920] | adv: 0.0968+/-0.9078 | alive=601/726 | bc_coef=0.000
02:17:32 | Batch 0391 (Ep 11728) | R:   -896.7 (  -752.0)  Scout_R:  +103.2  Cmdr_R:  -999.9  Scout:100% Cmdr:94%  scout:[survived=120] cmdr:[survived=83 boundary=7] refills=508  NN_dec=2672/2970  fire: peak=412 final=393 supp=18 ext=35.5  72.3s
   Cmdr reward breakdown: r_extinguish=+179.333  r_water_waste=-9.633  r_water_near=+0.000  r_fire_out=+5.000  r_spread=-169.325
   Water drops: 1162 total, 538 hit, 624 miss (46% accuracy)  alt=43m [8-80]  dist=44m [1-95]
   FW shaping: surv=+0.0 bound=+0.0 alt_pen=+0.0 approach=-100.6 alt_shape=+282.4  avg_dist_scout=347m
   [SCOUT DIAG] ratio: 1.0000+/-0.0000 [1.0000,1.0000] | adv: 0.0746+/-0.8682 | alive=30000/30000
   [CMDR  DIAG] ratio: 1.0080+/-0.1266 [0.5709,2.3488] | adv: 0.0477+/-0.9404 | alive=658/726 | bc_coef=0.000
02:19:01 | Batch 0392 (Ep 11758) | R:   -814.7 (  -855.7)  Scout_R:  -105.4  Cmdr_R:  -709.3  Scout:100% Cmdr:96%  scout:[survived=120] cmdr:[survived=85 boundary=5] refills=515  NN_dec=2744/2970  fire: peak=264 final=243 supp=22 ext=39.0  70.2s
   Cmdr reward breakdown: r_extinguish=+201.333  r_water_waste=-6.700  r_water_near=+0.000  r_fire_out=+0.000  r_spread=-110.955
   Water drops: 1039 total, 604 hit, 435 miss (58% accuracy)  alt=44m [13-80]  dist=41m [2-88]
   FW shaping: surv=+0.0 bound=+0.0 alt_pen=+0.0 approach=-13.9 alt_shape=+287.1  avg_dist_scout=338m
   [SCOUT DIAG] ratio: 1.0000+/-0.0000 [1.0000,1.0000] | adv: -0.0330+/-1.0437 | alive=30000/30000
   [CMDR  DIAG] ratio: 1.0006+/-0.1320 [0.4236,2.0112] | adv: 0.1103+/-0.8796 | alive=709/726 | bc_coef=0.000
02:20:32 | Batch 0393 (Ep 11788) | R:   -293.2 (  -554.0)  Scout_R:   +31.1  Cmdr_R:  -324.3  Scout:100% Cmdr:100%  scout:[survived=120] cmdr:[survived=90] refills=480  NN_dec=2886/2970  fire: peak=256 final=236 supp=20 ext=41.8  73.3s
   Cmdr reward breakdown: r_extinguish=+214.667  r_water_waste=-8.517  r_water_near=+0.000  r_fire_out=+5.000  r_spread=-124.740
   Water drops: 1199 total, 644 hit, 555 miss (54% accuracy)  alt=42m [13-79]  dist=45m [1-97]
   FW shaping: surv=+0.0 bound=+0.0 alt_pen=+0.0 approach=-7.5 alt_shape=+344.7  avg_dist_scout=306m
   [SCOUT DIAG] ratio: 1.0000+/-0.0000 [1.0000,1.0000] | adv: 0.0206+/-1.0312 | alive=30000/30000
   [CMDR  DIAG] ratio: 1.0031+/-0.1815 [0.2425,2.7824] | adv: 0.0636+/-0.9050 | alive=694/726 | bc_coef=0.000
02:22:03 | Batch 0394 (Ep 11818) | R:   -694.3 (  -493.7)  Scout_R:   +90.3  Cmdr_R:  -784.5  Scout:100% Cmdr:98%  scout:[survived=120] cmdr:[survived=88 boundary=2] refills=636  NN_dec=2615/2970  fire: peak=331 final=310 supp=22 ext=32.6  72.5s
   Cmdr reward breakdown: r_extinguish=+161.000  r_water_waste=-6.117  r_water_near=+0.000  r_fire_out=+5.000  r_spread=-141.235
   Water drops: 890 total, 483 hit, 407 miss (54% accuracy)  alt=43m [14-79]  dist=47m [12-101]
   FW shaping: surv=+0.0 bound=+0.0 alt_pen=+0.0 approach=-105.5 alt_shape=+236.4  avg_dist_scout=357m
   [SCOUT DIAG] ratio: 1.0000+/-0.0000 [1.0000,1.0000] | adv: 0.0115+/-1.0271 | alive=30000/30000
   [CMDR  DIAG] ratio: 1.0079+/-0.1287 [0.4907,2.3198] | adv: 0.2610+/-0.4322 | alive=629/726 | bc_coef=0.000
02:23:35 | Batch 0395 (Ep 11848) | R:   -441.9 (  -568.1)  Scout_R:  +182.1  Cmdr_R:  -624.0  Scout:100% Cmdr:99%  scout:[survived=120] cmdr:[survived=89 boundary=1] refills=560  NN_dec=2767/2970  fire: peak=286 final=270 supp=15 ext=35.3  73.8s
   Cmdr reward breakdown: r_extinguish=+189.000  r_water_waste=-7.767  r_water_near=+0.000  r_fire_out=+0.000  r_spread=-129.645
   Water drops: 1076 total, 567 hit, 509 miss (53% accuracy)  alt=42m [9-78]  dist=44m [4-117]
   FW shaping: surv=+0.0 bound=+0.0 alt_pen=+0.0 approach=-32.4 alt_shape=+248.4  avg_dist_scout=380m
   [SCOUT DIAG] ratio: 1.0000+/-0.0000 [1.0000,1.0000] | adv: 0.0545+/-0.8184 | alive=30000/30000
   [CMDR  DIAG] ratio: 1.0112+/-0.1899 [0.4119,3.9770] | adv: 0.2449+/-0.3026 | alive=653/726 | bc_coef=0.000
02:25:06 | Batch 0396 (Ep 11878) | R:   -352.0 (  -397.0)  Scout_R:  +118.0  Cmdr_R:  -470.0  Scout:100% Cmdr:94%  scout:[survived=120] cmdr:[survived=83 boundary=7] refills=373  NN_dec=2706/2970  fire: peak=252 final=229 supp=23 ext=36.0  72.7s
   Cmdr reward breakdown: r_extinguish=+186.333  r_water_waste=-6.667  r_water_near=+0.000  r_fire_out=+0.000  r_spread=-101.385
   Water drops: 988 total, 559 hit, 429 miss (57% accuracy)  alt=41m [10-80]  dist=43m [6-99]
   FW shaping: surv=+0.0 bound=+0.0 alt_pen=+0.0 approach=-54.1 alt_shape=+292.5  avg_dist_scout=321m
   [SCOUT DIAG] ratio: 1.0000+/-0.0000 [1.0000,1.0000] | adv: 0.0024+/-0.9689 | alive=30000/30000
   [CMDR  DIAG] ratio: 0.9977+/-0.1734 [0.2115,2.7408] | adv: -0.0117+/-0.9811 | alive=696/726 | bc_coef=0.000
02:26:40 | Batch 0397 (Ep 11908) | R:   -825.7 (  -588.9)  Scout_R:  +179.9  Cmdr_R: -1005.6  Scout:100% Cmdr:96%  scout:[survived=120] cmdr:[survived=86 boundary=4] refills=494  NN_dec=2733/2970  fire: peak=324 final=293 supp=31 ext=46.6  75.9s
   Cmdr reward breakdown: r_extinguish=+204.000  r_water_waste=-6.900  r_water_near=+0.000  r_fire_out=+5.000  r_spread=-143.000
   Water drops: 1065 total, 612 hit, 453 miss (57% accuracy)  alt=42m [8-79]  dist=45m [5-102]
   FW shaping: surv=+0.0 bound=+0.0 alt_pen=+0.0 approach=-88.6 alt_shape=+258.1  avg_dist_scout=361m
   [SCOUT DIAG] ratio: 1.0000+/-0.0000 [1.0000,1.0000] | adv: -0.1017+/-1.2487 | alive=30000/30000
   [CMDR  DIAG] ratio: 0.9988+/-0.1311 [0.3780,2.0208] | adv: 0.2733+/-0.4443 | alive=619/726 | bc_coef=0.000
02:28:14 | Batch 0398 (Ep 11938) | R:   -687.2 (  -756.4)  Scout_R:   +55.7  Cmdr_R:  -742.8  Scout:100% Cmdr:97%  scout:[survived=120] cmdr:[survived=86 boundary=4] refills=459  NN_dec=2783/2970  fire: peak=343 final=322 supp=21 ext=41.2  75.6s
   Cmdr reward breakdown: r_extinguish=+186.667  r_water_waste=-7.233  r_water_near=+0.000  r_fire_out=+0.000  r_spread=-149.185
   Water drops: 1033 total, 560 hit, 473 miss (54% accuracy)  alt=43m [17-80]  dist=47m [0-110]
   FW shaping: surv=+0.0 bound=+0.0 alt_pen=+0.0 approach=-77.6 alt_shape=+277.2  avg_dist_scout=342m
   [SCOUT DIAG] ratio: 1.0000+/-0.0000 [1.0000,1.0000] | adv: 0.0469+/-0.9882 | alive=30000/30000
   [CMDR  DIAG] ratio: 0.9944+/-0.1778 [0.1596,2.1991] | adv: -0.1178+/-1.2422 | alive=687/726 | bc_coef=0.000
02:29:46 | Batch 0399 (Ep 11968) | R:   -713.4 (  -700.3)  Scout_R:   +21.6  Cmdr_R:  -735.0  Scout:100% Cmdr:95%  scout:[survived=120] cmdr:[survived=84 boundary=5 ground_crash=1] refills=646  NN_dec=2614/2970  fire: peak=316 final=289 supp=28 ext=48.0  74.8s
   Cmdr reward breakdown: r_extinguish=+224.667  r_water_waste=-8.583  r_water_near=+0.000  r_fire_out=+0.000  r_spread=-139.975
   Water drops: 1233 total, 674 hit, 559 miss (55% accuracy)  alt=42m [19-79]  dist=42m [2-103]
   FW shaping: surv=+0.0 bound=+0.0 alt_pen=+0.0 approach=-96.0 alt_shape=+291.9  avg_dist_scout=348m
   [SCOUT DIAG] ratio: 1.0000+/-0.0000 [1.0000,1.0000] | adv: -0.1830+/-1.2295 | alive=30000/30000
   [CMDR  DIAG] ratio: 0.9945+/-0.1370 [0.1816,1.7345] | adv: -0.0403+/-0.9550 | alive=599/726 | bc_coef=0.000
02:31:18 | Batch 0400 (Ep 11998) | R:   -494.1 (  -603.7)  Scout_R:   +52.7  Cmdr_R:  -546.7  Scout:100% Cmdr:96%  scout:[survived=120] cmdr:[survived=86 boundary=4] refills=458  NN_dec=2756/2970  fire: peak=270 final=244 supp=26 ext=37.4  73.0s
   Cmdr reward breakdown: r_extinguish=+185.667  r_water_waste=-7.733  r_water_near=+0.000  r_fire_out=+10.000  r_spread=-120.975
   Water drops: 1064 total, 557 hit, 507 miss (52% accuracy)  alt=44m [17-79]  dist=45m [3-112]
   FW shaping: surv=+0.0 bound=+0.0 alt_pen=+0.0 approach=-77.2 alt_shape=+295.4  avg_dist_scout=327m
   [SCOUT DIAG] ratio: 1.0000+/-0.0000 [1.0000,1.0000] | adv: 0.1190+/-0.9239 | alive=30000/30000
   [CMDR  DIAG] ratio: 0.9952+/-0.1269 [0.1677,1.9595] | adv: -0.2664+/-1.5045 | alive=698/726 | bc_coef=0.000
02:32:56 | Batch 0401 (Ep 12028) | R:   -568.7 (  -531.4)  Scout_R:  +117.8  Cmdr_R:  -686.5  Scout:100% Cmdr:96%  scout:[survived=120] cmdr:[survived=85 boundary=5] refills=624  NN_dec=2653/2970  fire: peak=362 final=340 supp=22 ext=54.2  73.3s
   Cmdr reward breakdown: r_extinguish=+240.667  r_water_waste=-8.767  r_water_near=+0.000  r_fire_out=+0.000  r_spread=-161.790
   Water drops: 1298 total, 722 hit, 576 miss (56% accuracy)  alt=42m [18-80]  dist=47m [3-121]
   FW shaping: surv=+0.0 bound=+0.0 alt_pen=+0.0 approach=-64.0 alt_shape=+290.0  avg_dist_scout=341m
   [SCOUT DIAG] ratio: 1.0000+/-0.0000 [1.0000,1.0000] | adv: -0.0200+/-1.0425 | alive=30000/30000
   [CMDR  DIAG] ratio: 1.0043+/-0.1592 [0.3457,2.1944] | adv: 0.1256+/-0.6112 | alive=622/726 | bc_coef=0.000
02:34:28 | Batch 0402 (Ep 12058) | R:   -888.7 (  -728.7)  Scout_R:  +115.4  Cmdr_R: -1004.1  Scout:100% Cmdr:99%  scout:[survived=120] cmdr:[survived=89 boundary=1] refills=471  NN_dec=2827/2970  fire: peak=361 final=343 supp=19 ext=43.6  74.0s
   Cmdr reward breakdown: r_extinguish=+195.667  r_water_waste=-5.900  r_water_near=+0.000  r_fire_out=+0.000  r_spread=-163.320
   Water drops: 972 total, 587 hit, 385 miss (60% accuracy)  alt=44m [14-79]  dist=44m [3-91]
   FW shaping: surv=+0.0 bound=+0.0 alt_pen=+0.0 approach=-104.0 alt_shape=+244.4  avg_dist_scout=392m
   [SCOUT DIAG] ratio: 1.0000+/-0.0000 [1.0000,1.0000] | adv: -0.1239+/-1.1961 | alive=30000/30000
   [CMDR  DIAG] ratio: 1.0059+/-0.1008 [0.5527,2.2462] | adv: 0.0970+/-0.9219 | alive=690/726 | bc_coef=0.000
02:36:00 | Batch 0403 (Ep 12088) | R:   -886.9 (  -887.8)  Scout_R:  +134.0  Cmdr_R: -1021.0  Scout:100% Cmdr:91%  scout:[survived=120] cmdr:[survived=78 boundary=12] refills=342  NN_dec=2631/2970  fire: peak=411 final=394 supp=17 ext=39.6  74.2s
   Cmdr reward breakdown: r_extinguish=+164.667  r_water_waste=-4.767  r_water_near=+0.000  r_fire_out=+0.000  r_spread=-158.165
   Water drops: 804 total, 494 hit, 310 miss (61% accuracy)  alt=43m [17-80]  dist=42m [1-99]
   FW shaping: surv=+0.0 bound=+0.0 alt_pen=+0.0 approach=-146.5 alt_shape=+222.1  avg_dist_scout=387m
   [SCOUT DIAG] ratio: 1.0000+/-0.0000 [1.0000,1.0000] | adv: 0.0905+/-0.9822 | alive=30000/30000
   [CMDR  DIAG] ratio: 1.0059+/-0.1279 [0.4646,1.8435] | adv: 0.0709+/-0.8689 | alive=607/726 | bc_coef=0.000
02:37:35 | Batch 0404 (Ep 12118) | R:   -505.2 (  -696.1)  Scout_R:  +105.1  Cmdr_R:  -610.3  Scout:100% Cmdr:98%  scout:[survived=120] cmdr:[survived=88 boundary=2] refills=625  NN_dec=2704/2970  fire: peak=324 final=301 supp=23 ext=45.8  77.6s
   Cmdr reward breakdown: r_extinguish=+214.667  r_water_waste=-6.817  r_water_near=+0.000  r_fire_out=+5.000  r_spread=-149.655
   Water drops: 1087 total, 644 hit, 443 miss (59% accuracy)  alt=42m [16-80]  dist=46m [2-103]
   FW shaping: surv=+0.0 bound=+0.0 alt_pen=+0.0 approach=-57.3 alt_shape=+250.7  avg_dist_scout=331m
   [SCOUT DIAG] ratio: 1.0000+/-0.0000 [1.0000,1.0000] | adv: -0.2053+/-1.1124 | alive=30000/30000
   [CMDR  DIAG] ratio: 0.9959+/-0.1519 [0.2913,2.5842] | adv: -0.1555+/-1.2537 | alive=658/726 | bc_coef=0.000
02:39:07 | Batch 0405 (Ep 12148) | R:    -29.7 (  -267.5)  Scout_R:  +134.4  Cmdr_R:  -164.1  Scout:100% Cmdr:98%  scout:[survived=120] cmdr:[survived=88 boundary=2] refills=539  NN_dec=2826/2970  fire: peak=262 final=240 supp=21 ext=46.5  73.0s
   Cmdr reward breakdown: r_extinguish=+231.667  r_water_waste=-8.450  r_water_near=+0.000  r_fire_out=+0.000  r_spread=-125.345
   Water drops: 1251 total, 695 hit, 556 miss (56% accuracy)  alt=41m [12-79]  dist=44m [1-100]
   FW shaping: surv=+0.0 bound=+0.0 alt_pen=+0.0 approach=+25.6 alt_shape=+323.2  avg_dist_scout=283m
   [SCOUT DIAG] ratio: 1.0000+/-0.0000 [1.0000,1.0000] | adv: -0.0246+/-0.9905 | alive=30000/30000
   [CMDR  DIAG] ratio: 1.0107+/-0.1191 [0.5286,1.9255] | adv: 0.1914+/-0.9017 | alive=661/726 | bc_coef=0.000
02:40:39 | Batch 0406 (Ep 12178) | R:   -435.1 (  -232.4)  Scout_R:   +44.4  Cmdr_R:  -479.5  Scout:100% Cmdr:94%  scout:[survived=120] cmdr:[survived=83 boundary=7] refills=419  NN_dec=2734/2970  fire: peak=366 final=352 supp=14 ext=51.6  73.6s
   Cmdr reward breakdown: r_extinguish=+229.667  r_water_waste=-7.267  r_water_near=+0.000  r_fire_out=+0.000  r_spread=-161.785
   Water drops: 1166 total, 689 hit, 477 miss (59% accuracy)  alt=42m [9-79]  dist=41m [1-87]
   FW shaping: surv=+0.0 bound=+0.0 alt_pen=+0.0 approach=-56.2 alt_shape=+311.6  avg_dist_scout=303m
   [SCOUT DIAG] ratio: 1.0000+/-0.0000 [1.0000,1.0000] | adv: 0.0503+/-0.9773 | alive=30000/30000
   [CMDR  DIAG] ratio: 1.0020+/-0.1110 [0.5282,1.8296] | adv: 0.0736+/-0.8594 | alive=648/726 | bc_coef=0.000
02:42:09 | Batch 0407 (Ep 12208) | R:   -781.2 (  -608.1)  Scout_R:   +85.9  Cmdr_R:  -867.1  Scout:100% Cmdr:98%  scout:[survived=120] cmdr:[survived=87 boundary=3] refills=559  NN_dec=2730/2970  fire: peak=257 final=232 supp=25 ext=40.1  71.9s
   Cmdr reward breakdown: r_extinguish=+204.667  r_water_waste=-7.750  r_water_near=+0.000  r_fire_out=+5.000  r_spread=-118.915
   Water drops: 1128 total, 614 hit, 514 miss (54% accuracy)  alt=44m [22-79]  dist=48m [4-110]
   FW shaping: surv=+0.0 bound=+0.0 alt_pen=+0.0 approach=-70.5 alt_shape=+296.5  avg_dist_scout=342m
   [SCOUT DIAG] ratio: 1.0000+/-0.0000 [1.0000,1.0000] | adv: -0.0845+/-1.0434 | alive=30000/30000
   [CMDR  DIAG] ratio: 1.0049+/-0.1252 [0.3587,1.8002] | adv: 0.3300+/-0.3262 | alive=668/726 | bc_coef=0.000
02:43:39 | Batch 0408 (Ep 12238) | R:   -152.2 (  -466.7)  Scout_R:  +153.0  Cmdr_R:  -305.1  Scout:100% Cmdr:98%  scout:[survived=120] cmdr:[survived=88 boundary=2] refills=593  NN_dec=2820/2970  fire: peak=275 final=248 supp=26 ext=46.2  71.7s
   Cmdr reward breakdown: r_extinguish=+235.000  r_water_waste=-10.750  r_water_near=+0.000  r_fire_out=+0.000  r_spread=-129.690
   Water drops: 1403 total, 705 hit, 698 miss (50% accuracy)  alt=41m [11-80]  dist=44m [1-96]
   FW shaping: surv=+0.0 bound=+0.0 alt_pen=+0.0 approach=+14.0 alt_shape=+307.6  avg_dist_scout=307m
   [SCOUT DIAG] ratio: 1.0000+/-0.0000 [1.0000,1.0000] | adv: 0.0803+/-0.9540 | alive=30000/30000
   [CMDR  DIAG] ratio: 0.9988+/-0.1807 [0.1555,2.6657] | adv: 0.1379+/-0.4669 | alive=689/726 | bc_coef=0.000
02:45:07 | Batch 0409 (Ep 12268) | R:   -164.1 (  -158.1)  Scout_R:  +151.2  Cmdr_R:  -315.3  Scout:100% Cmdr:98%  scout:[survived=120] cmdr:[survived=88 boundary=2] refills=563  NN_dec=2723/2970  fire: peak=323 final=302 supp=21 ext=41.2  70.2s
   Cmdr reward breakdown: r_extinguish=+196.333  r_water_waste=-8.783  r_water_near=+0.000  r_fire_out=+0.000  r_spread=-138.455
   Water drops: 1166 total, 589 hit, 577 miss (51% accuracy)  alt=42m [16-79]  dist=45m [2-109]
   FW shaping: surv=+0.0 bound=+0.0 alt_pen=+0.0 approach=-5.2 alt_shape=+296.9  avg_dist_scout=307m
   [SCOUT DIAG] ratio: 1.0000+/-0.0000 [1.0000,1.0000] | adv: -0.0358+/-1.0829 | alive=30000/30000
   [CMDR  DIAG] ratio: 1.0001+/-0.1056 [0.2921,2.1601] | adv: -0.0465+/-1.1172 | alive=690/726 | bc_coef=0.000
02:46:42 | Batch 0410 (Ep 12298) | R:   -280.3 (  -222.2)  Scout_R:  +205.6  Cmdr_R:  -485.9  Scout:100% Cmdr:96%  scout:[survived=120] cmdr:[survived=86 boundary=4] refills=537  NN_dec=2728/2970  fire: peak=218 final=200 supp=18 ext=45.8  76.6s
   Cmdr reward breakdown: r_extinguish=+216.667  r_water_waste=-8.717  r_water_near=+0.000  r_fire_out=+0.000  r_spread=-103.325
   Water drops: 1222 total, 650 hit, 572 miss (53% accuracy)  alt=43m [18-80]  dist=44m [3-112]
   FW shaping: surv=+0.0 bound=+0.0 alt_pen=+0.0 approach=-30.8 alt_shape=+348.8  avg_dist_scout=296m
   [SCOUT DIAG] ratio: 1.0000+/-0.0000 [1.0000,1.0000] | adv: -0.0663+/-1.1188 | alive=30000/30000
   [CMDR  DIAG] ratio: 1.0010+/-0.1887 [0.1859,4.6585] | adv: -0.0723+/-1.1027 | alive=720/726 | bc_coef=0.000
02:48:20 | Batch 0411 (Ep 12328) | R:  -1053.9 (  -667.1)  Scout_R:   +47.3  Cmdr_R: -1101.1  Scout:100% Cmdr:98%  scout:[survived=120] cmdr:[survived=88 boundary=2] refills=287  NN_dec=2885/2970  fire: peak=430 final=412 supp=18 ext=34.0  74.3s
   Cmdr reward breakdown: r_extinguish=+163.333  r_water_waste=-5.817  r_water_near=+0.000  r_fire_out=+5.000  r_spread=-183.305
   Water drops: 867 total, 490 hit, 377 miss (57% accuracy)  alt=43m [13-79]  dist=43m [2-99]
   FW shaping: surv=+0.0 bound=+0.0 alt_pen=+0.0 approach=-78.5 alt_shape=+253.6  avg_dist_scout=383m
   [SCOUT DIAG] ratio: 1.0000+/-0.0000 [1.0000,1.0000] | adv: -0.1515+/-1.1872 | alive=30000/30000
   [CMDR  DIAG] ratio: 1.0014+/-0.1129 [0.4332,2.2011] | adv: -0.0454+/-0.9626 | alive=718/726 | bc_coef=0.000
02:49:54 | Batch 0412 (Ep 12358) | R:   -333.5 (  -693.7)  Scout_R:  +148.9  Cmdr_R:  -482.3  Scout:100% Cmdr:98%  scout:[survived=120] cmdr:[survived=88 boundary=2] refills=472  NN_dec=2835/2970  fire: peak=350 final=328 supp=21 ext=40.2  75.3s
   Cmdr reward breakdown: r_extinguish=+215.333  r_water_waste=-8.017  r_water_near=+0.000  r_fire_out=+0.000  r_spread=-157.485
   Water drops: 1165 total, 646 hit, 519 miss (55% accuracy)  alt=43m [16-80]  dist=45m [4-92]
   FW shaping: surv=+0.0 bound=+0.0 alt_pen=+0.0 approach=+5.0 alt_shape=+291.6  avg_dist_scout=314m
   [SCOUT DIAG] ratio: 1.0000+/-0.0000 [1.0000,1.0000] | adv: -0.0041+/-0.9945 | alive=30000/30000
   [CMDR  DIAG] ratio: 1.0033+/-0.1250 [0.4045,2.1241] | adv: 0.1908+/-0.2984 | alive=721/726 | bc_coef=0.000
02:51:26 | Batch 0413 (Ep 12388) | R:   -301.8 (  -317.6)  Scout_R:   +57.1  Cmdr_R:  -358.9  Scout:100% Cmdr:99%  scout:[survived=120] cmdr:[survived=89 boundary=1] refills=428  NN_dec=2850/2970  fire: peak=287 final=268 supp=19 ext=40.5  73.4s
   Cmdr reward breakdown: r_extinguish=+206.667  r_water_waste=-7.850  r_water_near=+0.000  r_fire_out=+0.000  r_spread=-134.335
   Water drops: 1129 total, 620 hit, 509 miss (55% accuracy)  alt=44m [15-80]  dist=44m [2-99]
   FW shaping: surv=+0.0 bound=+0.0 alt_pen=+0.0 approach=-41.3 alt_shape=+295.2  avg_dist_scout=305m
   [SCOUT DIAG] ratio: 1.0000+/-0.0000 [1.0000,1.0000] | adv: 0.0415+/-0.9726 | alive=30000/30000
   [CMDR  DIAG] ratio: 0.9976+/-0.1504 [0.4330,2.9408] | adv: 0.1246+/-0.8443 | alive=703/726 | bc_coef=0.000
02:52:58 | Batch 0414 (Ep 12418) | R:   -889.6 (  -595.7)  Scout_R:   +45.0  Cmdr_R:  -934.6  Scout:100% Cmdr:96%  scout:[survived=120] cmdr:[survived=86 boundary=4] refills=551  NN_dec=2660/2970  fire: peak=382 final=360 supp=22 ext=39.8  74.1s
   Cmdr reward breakdown: r_extinguish=+191.000  r_water_waste=-7.550  r_water_near=+0.000  r_fire_out=+0.000  r_spread=-160.465
   Water drops: 1062 total, 573 hit, 489 miss (54% accuracy)  alt=42m [11-80]  dist=43m [1-99]
   FW shaping: surv=+0.0 bound=+0.0 alt_pen=+0.0 approach=-71.2 alt_shape=+254.1  avg_dist_scout=351m
   [SCOUT DIAG] ratio: 1.0000+/-0.0000 [1.0000,1.0000] | adv: -0.1522+/-1.1492 | alive=30000/30000
   [CMDR  DIAG] ratio: 1.0040+/-0.1510 [0.1386,2.7262] | adv: -0.0084+/-1.1253 | alive=611/726 | bc_coef=0.000
02:54:27 | Batch 0415 (Ep 12448) | R:   -475.2 (  -682.4)  Scout_R:   +92.5  Cmdr_R:  -567.7  Scout:100% Cmdr:97%  scout:[survived=120] cmdr:[survived=86 boundary=4] refills=464  NN_dec=2808/2970  fire: peak=325 final=304 supp=21 ext=48.5  71.1s
   Cmdr reward breakdown: r_extinguish=+214.333  r_water_waste=-7.817  r_water_near=+0.000  r_fire_out=+0.000  r_spread=-143.165
   Water drops: 1150 total, 643 hit, 507 miss (56% accuracy)  alt=41m [15-79]  dist=44m [1-111]
   FW shaping: surv=+0.0 bound=+0.0 alt_pen=+0.0 approach=-47.5 alt_shape=+308.5  avg_dist_scout=310m
   [SCOUT DIAG] ratio: 1.0000+/-0.0000 [1.0000,1.0000] | adv: 0.0854+/-0.8560 | alive=30000/30000
   [CMDR  DIAG] ratio: 0.9999+/-0.1592 [0.3077,2.0960] | adv: 0.0717+/-0.7479 | alive=694/726 | bc_coef=0.000
02:55:56 | Batch 0416 (Ep 12478) | R:    -44.7 (  -260.0)  Scout_R:  +181.7  Cmdr_R:  -226.4  Scout:100% Cmdr:96%  scout:[survived=120] cmdr:[survived=86 boundary=4] refills=516  NN_dec=2749/2970  fire: peak=264 final=238 supp=26 ext=44.6  70.9s
   Cmdr reward breakdown: r_extinguish=+202.000  r_water_waste=-7.767  r_water_near=+0.000  r_fire_out=+0.000  r_spread=-119.460
   Water drops: 1114 total, 606 hit, 508 miss (54% accuracy)  alt=41m [9-79]  dist=43m [1-108]
   FW shaping: surv=+0.0 bound=+0.0 alt_pen=+0.0 approach=-11.9 alt_shape=+321.2  avg_dist_scout=288m
   [SCOUT DIAG] ratio: 1.0000+/-0.0000 [1.0000,1.0000] | adv: 0.0402+/-0.7914 | alive=30000/30000
   [CMDR  DIAG] ratio: 1.0076+/-0.1261 [0.4276,2.2508] | adv: 0.1369+/-0.4495 | alive=632/726 | bc_coef=0.000
02:57:28 | Batch 0417 (Ep 12508) | R:   -224.3 (  -134.5)  Scout_R:  +223.9  Cmdr_R:  -448.2  Scout:100% Cmdr:99%  scout:[survived=120] cmdr:[survived=89 boundary=1] refills=708  NN_dec=2699/2970  fire: peak=382 final=365 supp=17 ext=44.3  74.3s
   Cmdr reward breakdown: r_extinguish=+224.000  r_water_waste=-8.717  r_water_near=+0.000  r_fire_out=+0.000  r_spread=-178.130
   Water drops: 1241 total, 672 hit, 569 miss (54% accuracy)  alt=44m [17-79]  dist=44m [3-100]
   FW shaping: surv=+0.0 bound=+0.0 alt_pen=+0.0 approach=-18.2 alt_shape=+299.6  avg_dist_scout=316m
   [SCOUT DIAG] ratio: 1.0000+/-0.0000 [1.0000,1.0000] | adv: 0.0020+/-1.0685 | alive=30000/30000
   [CMDR  DIAG] ratio: 0.9950+/-0.1547 [0.2625,2.2482] | adv: -0.0539+/-0.7955 | alive=674/726 | bc_coef=0.000
02:58:59 | Batch 0418 (Ep 12538) | R:   -415.8 (  -320.0)  Scout_R:  +159.6  Cmdr_R:  -575.3  Scout:100% Cmdr:97%  scout:[survived=120] cmdr:[survived=87 boundary=3] refills=506  NN_dec=2790/2970  fire: peak=352 final=318 supp=34 ext=47.5  72.6s
   Cmdr reward breakdown: r_extinguish=+213.667  r_water_waste=-7.917  r_water_near=+0.000  r_fire_out=+5.000  r_spread=-156.105
   Water drops: 1162 total, 641 hit, 521 miss (55% accuracy)  alt=44m [8-80]  dist=46m [3-107]
   FW shaping: surv=+0.0 bound=+0.0 alt_pen=+0.0 approach=-32.5 alt_shape=+313.6  avg_dist_scout=304m
   [SCOUT DIAG] ratio: 1.0000+/-0.0000 [1.0000,1.0000] | adv: -0.1355+/-0.9778 | alive=30000/30000
   [CMDR  DIAG] ratio: 1.0099+/-0.1657 [0.2769,2.2302] | adv: 0.2418+/-0.3824 | alive=671/726 | bc_coef=0.000
03:00:35 | Batch 0419 (Ep 12568) | R:  -1068.1 (  -741.9)  Scout_R:   +93.7  Cmdr_R: -1161.8  Scout:100% Cmdr:95%  scout:[survived=120] cmdr:[survived=85 boundary=5] refills=421  NN_dec=2668/2970  fire: peak=395 final=378 supp=17 ext=34.6  77.7s
   Cmdr reward breakdown: r_extinguish=+165.333  r_water_waste=-6.167  r_water_near=+0.000  r_fire_out=+0.000  r_spread=-162.710
   Water drops: 904 total, 496 hit, 408 miss (55% accuracy)  alt=44m [10-79]  dist=44m [3-98]
   FW shaping: surv=+0.0 bound=+0.0 alt_pen=+0.0 approach=-87.4 alt_shape=+217.6  avg_dist_scout=385m
   [SCOUT DIAG] ratio: 1.0000+/-0.0000 [1.0000,1.0000] | adv: 0.0465+/-0.9081 | alive=30000/30000
   [CMDR  DIAG] ratio: 1.0031+/-0.1009 [0.6330,1.5880] | adv: -0.1515+/-1.1328 | alive=622/726 | bc_coef=0.000
03:02:06 | Batch 0420 (Ep 12598) | R:   -647.2 (  -857.7)  Scout_R:   +52.1  Cmdr_R:  -699.4  Scout:100% Cmdr:97%  scout:[survived=120] cmdr:[survived=87 boundary=3] refills=533  NN_dec=2728/2970  fire: peak=343 final=325 supp=18 ext=45.0  72.8s
   Cmdr reward breakdown: r_extinguish=+212.667  r_water_waste=-7.550  r_water_near=+0.000  r_fire_out=+5.000  r_spread=-153.560
   Water drops: 1130 total, 638 hit, 492 miss (56% accuracy)  alt=44m [14-80]  dist=44m [5-106]
   FW shaping: surv=+0.0 bound=+0.0 alt_pen=+0.0 approach=-53.9 alt_shape=+333.9  avg_dist_scout=313m
   [SCOUT DIAG] ratio: 1.0000+/-0.0000 [1.0000,1.0000] | adv: -0.1441+/-1.1007 | alive=30000/30000
   [CMDR  DIAG] ratio: 0.9985+/-0.1351 [0.3295,3.0505] | adv: -0.1427+/-1.1500 | alive=712/726 | bc_coef=0.000
03:03:42 | Batch 0421 (Ep 12628) | R:   -662.4 (  -654.8)  Scout_R:  +113.9  Cmdr_R:  -776.2  Scout:100% Cmdr:97%  scout:[survived=120] cmdr:[survived=87 boundary=3] refills=570  NN_dec=2718/2970  fire: peak=384 final=357 supp=27 ext=45.8  72.5s
   Cmdr reward breakdown: r_extinguish=+217.667  r_water_waste=-9.233  r_water_near=+0.000  r_fire_out=+0.000  r_spread=-174.695
   Water drops: 1252 total, 653 hit, 599 miss (52% accuracy)  alt=43m [11-79]  dist=45m [1-99]
   FW shaping: surv=+0.0 bound=+0.0 alt_pen=+0.0 approach=-54.5 alt_shape=+266.9  avg_dist_scout=350m
   [SCOUT DIAG] ratio: 1.0000+/-0.0000 [1.0000,1.0000] | adv: -0.0672+/-0.9773 | alive=30000/30000
   [CMDR  DIAG] ratio: 1.0144+/-0.1539 [0.4844,2.0660] | adv: 0.0675+/-0.7411 | alive=685/726 | bc_coef=0.000
03:05:12 | Batch 0422 (Ep 12658) | R:   -697.3 (  -679.8)  Scout_R:   -17.1  Cmdr_R:  -680.2  Scout:100% Cmdr:95%  scout:[survived=120] cmdr:[survived=83 boundary=6 ground_crash=1] refills=431  NN_dec=2674/2970  fire: peak=354 final=334 supp=20 ext=34.7  71.5s
   Cmdr reward breakdown: r_extinguish=+172.333  r_water_waste=-7.433  r_water_near=+0.000  r_fire_out=+0.000  r_spread=-150.900
   Water drops: 1003 total, 517 hit, 486 miss (52% accuracy)  alt=43m [13-79]  dist=48m [4-100]
   FW shaping: surv=+0.0 bound=+0.0 alt_pen=+0.0 approach=-54.5 alt_shape=+286.0  avg_dist_scout=328m
   [SCOUT DIAG] ratio: 1.0000+/-0.0000 [1.0000,1.0000] | adv: -0.0913+/-1.1185 | alive=30000/30000
   [CMDR  DIAG] ratio: 1.0030+/-0.0909 [0.5196,1.5937] | adv: -0.0521+/-1.0228 | alive=598/726 | bc_coef=0.000
03:06:41 | Batch 0423 (Ep 12688) | R:   -879.0 (  -788.2)  Scout_R:   -75.6  Cmdr_R:  -803.4  Scout:100% Cmdr:95%  scout:[survived=120] cmdr:[survived=84 boundary=6] refills=507  NN_dec=2688/2970  fire: peak=388 final=376 supp=13 ext=33.3  70.6s
   Cmdr reward breakdown: r_extinguish=+166.667  r_water_waste=-6.917  r_water_near=+0.000  r_fire_out=+0.000  r_spread=-162.875
   Water drops: 950 total, 500 hit, 450 miss (53% accuracy)  alt=43m [15-79]  dist=47m [1-105]
   FW shaping: surv=+0.0 bound=+0.0 alt_pen=+0.0 approach=-74.3 alt_shape=+261.7  avg_dist_scout=354m
   [SCOUT DIAG] ratio: 1.0000+/-0.0000 [1.0000,1.0000] | adv: 0.0975+/-0.9754 | alive=30000/30000
   [CMDR  DIAG] ratio: 1.0119+/-0.1345 [0.4718,2.2774] | adv: 0.1038+/-0.9077 | alive=643/726 | bc_coef=0.000
03:08:17 | Batch 0424 (Ep 12718) | R:   -590.0 (  -734.5)  Scout_R:  +219.4  Cmdr_R:  -809.4  Scout:100% Cmdr:95%  scout:[survived=120] cmdr:[survived=84 boundary=6] refills=530  NN_dec=2687/2970  fire: peak=360 final=336 supp=23 ext=39.4  77.6s
   Cmdr reward breakdown: r_extinguish=+196.000  r_water_waste=-6.600  r_water_near=+0.000  r_fire_out=+0.000  r_spread=-150.955
   Water drops: 1016 total, 588 hit, 428 miss (58% accuracy)  alt=41m [16-80]  dist=43m [2-87]
   FW shaping: surv=+0.0 bound=+0.0 alt_pen=+0.0 approach=-61.1 alt_shape=+243.1  avg_dist_scout=356m
   [SCOUT DIAG] ratio: 1.0000+/-0.0000 [1.0000,1.0000] | adv: -0.1668+/-1.0380 | alive=30000/30000
   [CMDR  DIAG] ratio: 1.0044+/-0.0845 [0.6180,1.6798] | adv: 0.2092+/-0.5091 | alive=610/726 | bc_coef=0.000
03:09:47 | Batch 0425 (Ep 12748) | R:  -1053.6 (  -821.8)  Scout_R:    +2.2  Cmdr_R: -1055.7  Scout:100% Cmdr:94%  scout:[survived=120] cmdr:[survived=84 boundary=6] refills=412  NN_dec=2668/2970  fire: peak=364 final=350 supp=14 ext=29.2  72.3s
   Cmdr reward breakdown: r_extinguish=+132.667  r_water_waste=-6.750  r_water_near=+0.000  r_fire_out=+0.000  r_spread=-148.120
   Water drops: 841 total, 398 hit, 443 miss (47% accuracy)  alt=40m [6-73]  dist=47m [1-96]
   FW shaping: surv=+0.0 bound=+0.0 alt_pen=+0.0 approach=-71.6 alt_shape=+253.2  avg_dist_scout=383m
   [SCOUT DIAG] ratio: 1.0000+/-0.0000 [1.0000,1.0000] | adv: -0.0275+/-0.9629 | alive=30000/30000
   [CMDR  DIAG] ratio: 1.0050+/-0.1439 [0.3510,2.4906] | adv: -0.0935+/-1.1445 | alive=634/726 | bc_coef=0.000
03:11:16 | Batch 0426 (Ep 12778) | R:   -383.6 (  -718.6)  Scout_R:  +124.3  Cmdr_R:  -507.9  Scout:100% Cmdr:97%  scout:[survived=120] cmdr:[survived=86 boundary=4] refills=521  NN_dec=2694/2970  fire: peak=326 final=304 supp=22 ext=45.5  71.1s
   Cmdr reward breakdown: r_extinguish=+227.333  r_water_waste=-8.483  r_water_near=+0.000  r_fire_out=+0.000  r_spread=-144.850
   Water drops: 1233 total, 682 hit, 551 miss (55% accuracy)  alt=43m [13-78]  dist=43m [7-94]
   FW shaping: surv=+0.0 bound=+0.0 alt_pen=+0.0 approach=-58.1 alt_shape=+313.7  avg_dist_scout=314m
   [SCOUT DIAG] ratio: 1.0000+/-0.0000 [1.0000,1.0000] | adv: 0.0940+/-0.9278 | alive=30000/30000
   [CMDR  DIAG] ratio: 0.9946+/-0.1191 [0.2708,1.6421] | adv: -0.0516+/-0.9604 | alive=660/726 | bc_coef=0.000
03:12:47 | Batch 0427 (Ep 12808) | R:   -267.8 (  -325.7)  Scout_R:   +97.1  Cmdr_R:  -364.9  Scout:100% Cmdr:95%  scout:[survived=120] cmdr:[survived=85 boundary=5] refills=485  NN_dec=2678/2970  fire: peak=327 final=296 supp=31 ext=40.0  72.1s
   Cmdr reward breakdown: r_extinguish=+202.000  r_water_waste=-6.200  r_water_near=+0.000  r_fire_out=+0.000  r_spread=-139.410
   Water drops: 1012 total, 606 hit, 406 miss (60% accuracy)  alt=43m [10-79]  dist=43m [1-94]
   FW shaping: surv=+0.0 bound=+0.0 alt_pen=+0.0 approach=-37.5 alt_shape=+300.6  avg_dist_scout=295m
   [SCOUT DIAG] ratio: 1.0000+/-0.0000 [1.0000,1.0000] | adv: -0.0750+/-1.0190 | alive=30000/30000
   [CMDR  DIAG] ratio: 1.0122+/-0.2856 [0.4823,7.7209] | adv: 0.1271+/-0.5777 | alive=668/726 | bc_coef=0.000
03:14:21 | Batch 0428 (Ep 12838) | R:   -499.6 (  -383.7)  Scout_R:  +246.1  Cmdr_R:  -745.7  Scout:100% Cmdr:96%  scout:[survived=120] cmdr:[survived=86 boundary=4] refills=563  NN_dec=2735/2970  fire: peak=325 final=307 supp=18 ext=45.9  75.8s
   Cmdr reward breakdown: r_extinguish=+230.000  r_water_waste=-8.617  r_water_near=+0.000  r_fire_out=+0.000  r_spread=-149.760
   Water drops: 1253 total, 690 hit, 563 miss (55% accuracy)  alt=43m [17-79]  dist=43m [3-114]
   FW shaping: surv=+0.0 bound=+0.0 alt_pen=+0.0 approach=-44.3 alt_shape=+320.0  avg_dist_scout=327m
   [SCOUT DIAG] ratio: 1.0000+/-0.0000 [1.0000,1.0000] | adv: -0.0210+/-0.9421 | alive=30000/30000
   [CMDR  DIAG] ratio: 1.0052+/-0.1529 [0.5133,2.6086] | adv: 0.1702+/-0.8537 | alive=668/726 | bc_coef=0.000
03:15:53 | Batch 0429 (Ep 12868) | R:   -562.6 (  -531.1)  Scout_R:   +95.0  Cmdr_R:  -657.6  Scout:100% Cmdr:98%  scout:[survived=120] cmdr:[survived=87 boundary=2 ground_crash=1] refills=463  NN_dec=2813/2970  fire: peak=318 final=300 supp=18 ext=40.2  73.9s
   Cmdr reward breakdown: r_extinguish=+193.000  r_water_waste=-7.367  r_water_near=+0.000  r_fire_out=+10.000  r_spread=-141.745
   Water drops: 1061 total, 579 hit, 482 miss (55% accuracy)  alt=43m [16-80]  dist=42m [3-88]
   FW shaping: surv=+0.0 bound=+0.0 alt_pen=+0.0 approach=-16.2 alt_shape=+315.5  avg_dist_scout=324m
   [SCOUT DIAG] ratio: 1.0000+/-0.0000 [1.0000,1.0000] | adv: -0.0024+/-0.9929 | alive=30000/30000
   [CMDR  DIAG] ratio: 1.0005+/-0.1133 [0.4105,1.7851] | adv: -0.1926+/-1.3831 | alive=694/726 | bc_coef=0.000
03:17:24 | Batch 0430 (Ep 12898) | R:   -915.6 (  -739.1)  Scout_R:   -65.5  Cmdr_R:  -850.0  Scout:100% Cmdr:96%  scout:[survived=120] cmdr:[survived=85 boundary=5] refills=469  NN_dec=2702/2970  fire: peak=399 final=395 supp=4 ext=30.4  73.1s
   Cmdr reward breakdown: r_extinguish=+141.333  r_water_waste=-6.700  r_water_near=+0.000  r_fire_out=+0.000  r_spread=-166.650
   Water drops: 860 total, 424 hit, 436 miss (49% accuracy)  alt=41m [14-80]  dist=45m [5-105]
   FW shaping: surv=+0.0 bound=+0.0 alt_pen=+0.0 approach=-104.4 alt_shape=+255.8  avg_dist_scout=370m
   [SCOUT DIAG] ratio: 1.0000+/-0.0000 [1.0000,1.0000] | adv: -0.0638+/-1.1445 | alive=30000/30000
   [CMDR  DIAG] ratio: 1.0047+/-0.2035 [0.3069,4.3941] | adv: 0.0303+/-1.0981 | alive=658/726 | bc_coef=0.000
03:19:00 | Batch 0431 (Ep 12928) | R:   -456.2 (  -685.9)  Scout_R:   +97.6  Cmdr_R:  -553.8  Scout:100% Cmdr:97%  scout:[survived=120] cmdr:[survived=86 boundary=4] refills=434  NN_dec=2779/2970  fire: peak=288 final=253 supp=35 ext=43.4  70.8s
   Cmdr reward breakdown: r_extinguish=+188.333  r_water_waste=-8.033  r_water_near=+0.000  r_fire_out=+10.000  r_spread=-126.545
   Water drops: 1081 total, 565 hit, 516 miss (52% accuracy)  alt=43m [21-79]  dist=45m [2-96]
   FW shaping: surv=+0.0 bound=+0.0 alt_pen=+0.0 approach=-62.1 alt_shape=+318.0  avg_dist_scout=293m
   [SCOUT DIAG] ratio: 1.0000+/-0.0000 [1.0000,1.0000] | adv: -0.1000+/-1.0809 | alive=30000/30000
   [CMDR  DIAG] ratio: 0.9944+/-0.1617 [0.3782,3.6862] | adv: 0.0762+/-0.6504 | alive=720/726 | bc_coef=0.000
03:20:32 | Batch 0432 (Ep 12958) | R:   -298.8 (  -377.5)  Scout_R:  +299.3  Cmdr_R:  -598.0  Scout:100% Cmdr:97%  scout:[survived=120] cmdr:[survived=87 boundary=3] refills=642  NN_dec=2694/2970  fire: peak=300 final=275 supp=25 ext=50.9  73.6s
   Cmdr reward breakdown: r_extinguish=+237.667  r_water_waste=-7.567  r_water_near=+0.000  r_fire_out=+0.000  r_spread=-138.345
   Water drops: 1204 total, 713 hit, 491 miss (59% accuracy)  alt=43m [13-79]  dist=43m [5-92]
   FW shaping: surv=+0.0 bound=+0.0 alt_pen=+0.0 approach=-26.2 alt_shape=+293.9  avg_dist_scout=334m
   [SCOUT DIAG] ratio: 1.0000+/-0.0000 [1.0000,1.0000] | adv: -0.0870+/-1.0680 | alive=30000/30000
   [CMDR  DIAG] ratio: 0.9993+/-0.1146 [0.1581,1.7179] | adv: -0.1439+/-1.2288 | alive=664/726 | bc_coef=0.000
03:22:04 | Batch 0433 (Ep 12988) | R:   -439.7 (  -369.2)  Scout_R:   +78.5  Cmdr_R:  -518.2  Scout:100% Cmdr:96%  scout:[survived=120] cmdr:[survived=85 boundary=5] refills=423  NN_dec=2732/2970  fire: peak=350 final=323 supp=27 ext=38.9  73.7s
   Cmdr reward breakdown: r_extinguish=+189.667  r_water_waste=-6.683  r_water_near=+0.000  r_fire_out=+0.000  r_spread=-140.760
   Water drops: 997 total, 569 hit, 428 miss (57% accuracy)  alt=44m [15-76]  dist=43m [1-88]
   FW shaping: surv=+0.0 bound=+0.0 alt_pen=+0.0 approach=-46.1 alt_shape=+302.8  avg_dist_scout=333m
   [SCOUT DIAG] ratio: 1.0000+/-0.0000 [1.0000,1.0000] | adv: -0.0757+/-1.0661 | alive=30000/30000
   [CMDR  DIAG] ratio: 1.0056+/-0.1971 [0.3556,2.9880] | adv: -0.0922+/-1.2410 | alive=677/726 | bc_coef=0.000
03:23:35 | Batch 0434 (Ep 13018) | R:   -815.1 (  -627.4)  Scout_R:   +53.9  Cmdr_R:  -869.0  Scout:100% Cmdr:99%  scout:[survived=120] cmdr:[survived=89 boundary=1] refills=506  NN_dec=2781/2970  fire: peak=366 final=350 supp=16 ext=41.4  73.4s
   Cmdr reward breakdown: r_extinguish=+207.000  r_water_waste=-7.750  r_water_near=+0.000  r_fire_out=+0.000  r_spread=-165.920
   Water drops: 1127 total, 621 hit, 506 miss (55% accuracy)  alt=43m [17-79]  dist=44m [6-105]
   FW shaping: surv=+0.0 bound=+0.0 alt_pen=+0.0 approach=-36.3 alt_shape=+269.7  avg_dist_scout=344m
   [SCOUT DIAG] ratio: 1.0000+/-0.0000 [1.0000,1.0000] | adv: 0.0592+/-0.9498 | alive=30000/30000
   [CMDR  DIAG] ratio: 0.9990+/-0.1207 [0.4448,2.2826] | adv: -0.1503+/-1.2280 | alive=689/726 | bc_coef=0.000
03:25:04 | Batch 0435 (Ep 13048) | R:   -175.2 (  -495.1)  Scout_R:  +175.7  Cmdr_R:  -350.8  Scout:100% Cmdr:96%  scout:[survived=120] cmdr:[survived=85 boundary=5] refills=547  NN_dec=2700/2970  fire: peak=302 final=270 supp=32 ext=44.0  70.6s
   Cmdr reward breakdown: r_extinguish=+216.000  r_water_waste=-9.883  r_water_near=+0.000  r_fire_out=+0.000  r_spread=-132.460
   Water drops: 1287 total, 648 hit, 639 miss (50% accuracy)  alt=42m [6-79]  dist=43m [0-104]
   FW shaping: surv=+0.0 bound=+0.0 alt_pen=+0.0 approach=-35.7 alt_shape=+346.4  avg_dist_scout=273m
   [SCOUT DIAG] ratio: 1.0000+/-0.0000 [1.0000,1.0000] | adv: 0.0756+/-0.9466 | alive=30000/30000
   [CMDR  DIAG] ratio: 1.0034+/-0.1286 [0.3781,2.0401] | adv: 0.2378+/-0.1352 | alive=654/726 | bc_coef=0.000
03:26:38 | Batch 0436 (Ep 13078) | R:   -998.7 (  -586.9)  Scout_R:   +19.2  Cmdr_R: -1017.9  Scout:100% Cmdr:98%  scout:[survived=120] cmdr:[survived=87 boundary=2 ground_crash=1] refills=541  NN_dec=2724/2970  fire: peak=325 final=307 supp=18 ext=35.7  75.7s
   Cmdr reward breakdown: r_extinguish=+170.667  r_water_waste=-6.567  r_water_near=+0.000  r_fire_out=+5.000  r_spread=-141.675
   Water drops: 946 total, 512 hit, 434 miss (54% accuracy)  alt=42m [12-79]  dist=44m [3-93]
   FW shaping: surv=+0.0 bound=+0.0 alt_pen=+0.0 approach=-88.1 alt_shape=+242.5  avg_dist_scout=370m
   [SCOUT DIAG] ratio: 1.0000+/-0.0000 [1.0000,1.0000] | adv: 0.0215+/-0.9512 | alive=30000/30000
   [CMDR  DIAG] ratio: 1.0164+/-0.1655 [0.6013,3.8035] | adv: -0.2900+/-1.1923 | alive=646/726 | bc_coef=0.000
03:28:12 | Batch 0437 (Ep 13108) | R:   -394.2 (  -696.5)  Scout_R:  +134.3  Cmdr_R:  -528.6  Scout:100% Cmdr:99%  scout:[survived=120] cmdr:[survived=89 boundary=1] refills=437  NN_dec=2878/2970  fire: peak=363 final=342 supp=21 ext=42.8  75.9s
   Cmdr reward breakdown: r_extinguish=+203.000  r_water_waste=-8.683  r_water_near=+0.000  r_fire_out=+0.000  r_spread=-163.920
   Water drops: 1181 total, 609 hit, 572 miss (52% accuracy)  alt=42m [16-76]  dist=46m [5-99]
   FW shaping: surv=+0.0 bound=+0.0 alt_pen=+0.0 approach=-4.0 alt_shape=+321.9  avg_dist_scout=301m
   [SCOUT DIAG] ratio: 1.0000+/-0.0000 [1.0000,1.0000] | adv: -0.0007+/-1.0666 | alive=30000/30000
   [CMDR  DIAG] ratio: 1.0029+/-0.0957 [0.5028,1.6564] | adv: 0.0769+/-0.8963 | alive=687/726 | bc_coef=0.000
03:29:42 | Batch 0438 (Ep 13138) | R:   -514.0 (  -454.1)  Scout_R:   +80.5  Cmdr_R:  -594.5  Scout:100% Cmdr:99%  scout:[survived=120] cmdr:[survived=89 boundary=1] refills=394  NN_dec=2899/2970  fire: peak=315 final=294 supp=22 ext=40.3  71.7s
   Cmdr reward breakdown: r_extinguish=+200.000  r_water_waste=-7.000  r_water_near=+0.000  r_fire_out=+5.000  r_spread=-143.790
   Water drops: 1056 total, 600 hit, 456 miss (57% accuracy)  alt=41m [8-80]  dist=44m [2-95]
   FW shaping: surv=+0.0 bound=+0.0 alt_pen=+0.0 approach=-40.1 alt_shape=+275.5  avg_dist_scout=347m
   [SCOUT DIAG] ratio: 1.0000+/-0.0000 [1.0000,1.0000] | adv: 0.0744+/-0.9577 | alive=30000/30000
   [CMDR  DIAG] ratio: 1.0085+/-0.2133 [0.2646,4.9488] | adv: -0.0373+/-1.0746 | alive=717/726 | bc_coef=0.000
03:31:13 | Batch 0439 (Ep 13168) | R:   -725.0 (  -619.5)  Scout_R:   +55.1  Cmdr_R:  -780.1  Scout:100% Cmdr:98%  scout:[survived=120] cmdr:[survived=88 boundary=2] refills=411  NN_dec=2771/2970  fire: peak=362 final=339 supp=23 ext=32.5  73.0s
   Cmdr reward breakdown: r_extinguish=+163.000  r_water_waste=-6.267  r_water_near=+0.000  r_fire_out=+0.000  r_spread=-157.660
   Water drops: 898 total, 489 hit, 409 miss (54% accuracy)  alt=44m [18-79]  dist=45m [8-88]
   FW shaping: surv=+0.0 bound=+0.0 alt_pen=+0.0 approach=-72.9 alt_shape=+266.5  avg_dist_scout=338m
   [SCOUT DIAG] ratio: 1.0000+/-0.0000 [1.0000,1.0000] | adv: -0.0154+/-1.0098 | alive=30000/30000
   [CMDR  DIAG] ratio: 1.0055+/-0.1272 [0.2946,1.8379] | adv: 0.2063+/-0.5092 | alive=674/726 | bc_coef=0.000
03:32:43 | Batch 0440 (Ep 13198) | R:   -395.0 (  -560.0)  Scout_R:  +111.3  Cmdr_R:  -506.2  Scout:100% Cmdr:99%  scout:[survived=120] cmdr:[survived=89 boundary=1] refills=527  NN_dec=2835/2970  fire: peak=308 final=287 supp=20 ext=50.5  71.4s
   Cmdr reward breakdown: r_extinguish=+242.333  r_water_waste=-8.517  r_water_near=+0.000  r_fire_out=+5.000  r_spread=-145.845
   Water drops: 1287 total, 727 hit, 560 miss (56% accuracy)  alt=43m [13-79]  dist=44m [5-108]
   FW shaping: surv=+0.0 bound=+0.0 alt_pen=+0.0 approach=+2.6 alt_shape=+329.4  avg_dist_scout=306m
   [SCOUT DIAG] ratio: 1.0000+/-0.0000 [1.0000,1.0000] | adv: -0.1120+/-1.1333 | alive=30000/30000
   [CMDR  DIAG] ratio: 1.0078+/-0.1934 [0.4160,3.2146] | adv: -0.1053+/-1.0737 | alive=711/726 | bc_coef=0.000
03:34:20 | Batch 0441 (Ep 13228) | R:   -206.8 (  -300.9)  Scout_R:  +174.7  Cmdr_R:  -381.5  Scout:100% Cmdr:96%  scout:[survived=120] cmdr:[survived=85 boundary=5] refills=535  NN_dec=2705/2970  fire: peak=299 final=272 supp=27 ext=46.0  72.4s
   Cmdr reward breakdown: r_extinguish=+206.333  r_water_waste=-9.183  r_water_near=+0.000  r_fire_out=+0.000  r_spread=-128.485
   Water drops: 1217 total, 619 hit, 598 miss (51% accuracy)  alt=42m [18-80]  dist=45m [4-103]
   FW shaping: surv=+0.0 bound=+0.0 alt_pen=+0.0 approach=-11.9 alt_shape=+320.6  avg_dist_scout=287m
   [SCOUT DIAG] ratio: 1.0000+/-0.0000 [1.0000,1.0000] | adv: 0.0178+/-1.0857 | alive=30000/30000
   [CMDR  DIAG] ratio: 1.0037+/-0.0810 [0.4606,1.4041] | adv: -0.2172+/-1.2508 | alive=680/726 | bc_coef=0.000
03:35:50 | Batch 0442 (Ep 13258) | R:   -357.2 (  -282.0)  Scout_R:   +34.3  Cmdr_R:  -391.5  Scout:100% Cmdr:99%  scout:[survived=120] cmdr:[survived=89 boundary=1] refills=505  NN_dec=2783/2970  fire: peak=299 final=270 supp=28 ext=35.3  71.7s
   Cmdr reward breakdown: r_extinguish=+192.000  r_water_waste=-7.583  r_water_near=+0.000  r_fire_out=+0.000  r_spread=-133.925
   Water drops: 1064 total, 576 hit, 488 miss (54% accuracy)  alt=43m [18-79]  dist=42m [1-105]
   FW shaping: surv=+0.0 bound=+0.0 alt_pen=+0.0 approach=-47.7 alt_shape=+288.4  avg_dist_scout=336m
   [SCOUT DIAG] ratio: 1.0000+/-0.0000 [1.0000,1.0000] | adv: 0.0527+/-0.9139 | alive=30000/30000
   [CMDR  DIAG] ratio: 1.0027+/-0.1025 [0.3656,1.6813] | adv: 0.0552+/-0.7899 | alive=693/726 | bc_coef=0.000
03:37:21 | Batch 0443 (Ep 13288) | R:   -825.3 (  -591.2)  Scout_R:   +22.5  Cmdr_R:  -847.8  Scout:100% Cmdr:96%  scout:[survived=120] cmdr:[survived=86 boundary=4] refills=318  NN_dec=2776/2970  fire: peak=356 final=336 supp=20 ext=33.8  73.0s
   Cmdr reward breakdown: r_extinguish=+153.000  r_water_waste=-4.750  r_water_near=+0.000  r_fire_out=+5.000  r_spread=-150.005
   Water drops: 767 total, 459 hit, 308 miss (60% accuracy)  alt=43m [16-79]  dist=43m [1-103]
   FW shaping: surv=+0.0 bound=+0.0 alt_pen=+0.0 approach=-94.8 alt_shape=+244.6  avg_dist_scout=378m
   [SCOUT DIAG] ratio: 1.0000+/-0.0000 [1.0000,1.0000] | adv: 0.0489+/-0.9789 | alive=30000/30000
   [CMDR  DIAG] ratio: 1.0038+/-0.1358 [0.3412,2.4519] | adv: 0.1956+/-0.8644 | alive=673/726 | bc_coef=0.000
03:38:53 | Batch 0444 (Ep 13318) | R:   -578.5 (  -701.9)  Scout_R:   -40.6  Cmdr_R:  -537.9  Scout:100% Cmdr:94%  scout:[survived=120] cmdr:[survived=83 boundary=7] refills=581  NN_dec=2515/2970  fire: peak=464 final=445 supp=19 ext=41.3  73.7s
   Cmdr reward breakdown: r_extinguish=+182.000  r_water_waste=-7.567  r_water_near=+0.000  r_fire_out=+0.000  r_spread=-185.655
   Water drops: 1035 total, 546 hit, 489 miss (53% accuracy)  alt=45m [15-80]  dist=46m [2-105]
   FW shaping: surv=+0.0 bound=+0.0 alt_pen=+0.0 approach=-102.4 alt_shape=+254.3  avg_dist_scout=325m
   [SCOUT DIAG] ratio: 1.0000+/-0.0000 [1.0000,1.0000] | adv: 0.0913+/-1.0268 | alive=30000/30000
   [CMDR  DIAG] ratio: 0.9947+/-0.1234 [0.4358,1.7949] | adv: 0.0417+/-0.9348 | alive=632/726 | bc_coef=0.000
03:40:27 | Batch 0445 (Ep 13348) | R:    -52.4 (  -315.5)  Scout_R:  +206.0  Cmdr_R:  -258.4  Scout:100% Cmdr:99%  scout:[survived=120] cmdr:[survived=89 boundary=1] refills=587  NN_dec=2733/2970  fire: peak=326 final=308 supp=19 ext=41.0  75.6s
   Cmdr reward breakdown: r_extinguish=+215.333  r_water_waste=-8.350  r_water_near=+0.000  r_fire_out=+0.000  r_spread=-146.090
   Water drops: 1194 total, 646 hit, 548 miss (54% accuracy)  alt=44m [22-80]  dist=43m [8-97]
   FW shaping: surv=+0.0 bound=+0.0 alt_pen=+0.0 approach=-49.5 alt_shape=+339.0  avg_dist_scout=304m
   [SCOUT DIAG] ratio: 1.0000+/-0.0000 [1.0000,1.0000] | adv: 0.0743+/-0.8420 | alive=30000/30000
   [CMDR  DIAG] ratio: 0.9989+/-0.1351 [0.3040,2.5925] | adv: -0.2056+/-1.5806 | alive=655/726 | bc_coef=0.000
03:41:55 | Batch 0446 (Ep 13378) | R:   -658.6 (  -355.5)  Scout_R:  +130.2  Cmdr_R:  -788.8  Scout:100% Cmdr:98%  scout:[survived=120] cmdr:[survived=88 boundary=2] refills=458  NN_dec=2714/2970  fire: peak=304 final=283 supp=21 ext=38.7  70.3s
   Cmdr reward breakdown: r_extinguish=+173.000  r_water_waste=-5.833  r_water_near=+0.000  r_fire_out=+0.000  r_spread=-132.695
   Water drops: 902 total, 519 hit, 383 miss (58% accuracy)  alt=44m [16-79]  dist=41m [1-103]
   FW shaping: surv=+0.0 bound=+0.0 alt_pen=+0.0 approach=-56.7 alt_shape=+264.4  avg_dist_scout=334m
   [SCOUT DIAG] ratio: 1.0000+/-0.0000 [1.0000,1.0000] | adv: -0.3037+/-1.2505 | alive=30000/30000
   [CMDR  DIAG] ratio: 1.0069+/-0.1074 [0.4833,1.6115] | adv: -0.0330+/-1.0173 | alive=724/726 | bc_coef=0.000
03:43:27 | Batch 0447 (Ep 13408) | R:   -736.8 (  -697.7)  Scout_R:  +268.3  Cmdr_R: -1005.1  Scout:100% Cmdr:95%  scout:[survived=120] cmdr:[survived=84 boundary=6] refills=411  NN_dec=2709/2970  fire: peak=423 final=403 supp=20 ext=34.3  73.2s
   Cmdr reward breakdown: r_extinguish=+177.333  r_water_waste=-5.950  r_water_near=+0.000  r_fire_out=+0.000  r_spread=-166.000
   Water drops: 918 total, 532 hit, 386 miss (58% accuracy)  alt=43m [9-80]  dist=45m [3-109]
   FW shaping: surv=+0.0 bound=+0.0 alt_pen=+0.0 approach=-104.0 alt_shape=+232.5  avg_dist_scout=350m
   [SCOUT DIAG] ratio: 1.0000+/-0.0000 [1.0000,1.0000] | adv: 0.1299+/-0.9401 | alive=30000/30000
   [CMDR  DIAG] ratio: 0.9936+/-0.1819 [0.1458,2.6885] | adv: -0.1280+/-1.0962 | alive=685/726 | bc_coef=0.000
03:44:59 | Batch 0448 (Ep 13438) | R:   -836.4 (  -786.6)  Scout_R:    +2.3  Cmdr_R:  -838.7  Scout:100% Cmdr:98%  scout:[survived=120] cmdr:[survived=87 boundary=3] refills=461  NN_dec=2824/2970  fire: peak=324 final=299 supp=25 ext=40.0  73.8s
   Cmdr reward breakdown: r_extinguish=+177.667  r_water_waste=-7.050  r_water_near=+0.000  r_fire_out=+5.000  r_spread=-143.515
   Water drops: 996 total, 533 hit, 463 miss (54% accuracy)  alt=43m [14-79]  dist=41m [2-92]
   FW shaping: surv=+0.0 bound=+0.0 alt_pen=+0.0 approach=-69.7 alt_shape=+289.4  avg_dist_scout=367m
   [SCOUT DIAG] ratio: 1.0000+/-0.0000 [1.0000,1.0000] | adv: -0.0072+/-0.9606 | alive=30000/30000
   [CMDR  DIAG] ratio: 1.0127+/-0.1952 [0.1929,3.4827] | adv: 0.2483+/-0.5242 | alive=692/726 | bc_coef=0.000
03:46:29 | Batch 0449 (Ep 13468) | R:   -619.4 (  -727.9)  Scout_R:   +59.1  Cmdr_R:  -678.5  Scout:100% Cmdr:95%  scout:[survived=120] cmdr:[survived=84 boundary=5 ground_crash=1] refills=480  NN_dec=2672/2970  fire: peak=302 final=274 supp=28 ext=46.0  72.1s
   Cmdr reward breakdown: r_extinguish=+206.333  r_water_waste=-7.367  r_water_near=+0.000  r_fire_out=+0.000  r_spread=-127.640
   Water drops: 1103 total, 619 hit, 484 miss (56% accuracy)  alt=44m [11-79]  dist=45m [1-100]
   FW shaping: surv=+0.0 bound=+0.0 alt_pen=+0.0 approach=-49.5 alt_shape=+298.9  avg_dist_scout=328m
   [SCOUT DIAG] ratio: 1.0000+/-0.0000 [1.0000,1.0000] | adv: -0.0369+/-1.1605 | alive=30000/30000
   [CMDR  DIAG] ratio: 1.0018+/-0.1080 [0.5154,2.0756] | adv: -0.0545+/-1.0992 | alive=645/726 | bc_coef=0.000
03:48:03 | Batch 0450 (Ep 13498) | R:   -796.6 (  -708.0)  Scout_R:  +104.8  Cmdr_R:  -901.3  Scout:100% Cmdr:96%  scout:[survived=120] cmdr:[survived=85 boundary=5] refills=515  NN_dec=2698/2970  fire: peak=456 final=441 supp=15 ext=43.3  75.7s
   Cmdr reward breakdown: r_extinguish=+188.667  r_water_waste=-7.650  r_water_near=+0.000  r_fire_out=+0.000  r_spread=-190.070
   Water drops: 1074 total, 566 hit, 508 miss (53% accuracy)  alt=43m [13-79]  dist=45m [3-92]
   FW shaping: surv=+0.0 bound=+0.0 alt_pen=+0.0 approach=-76.9 alt_shape=+264.2  avg_dist_scout=372m
   [SCOUT DIAG] ratio: 1.0000+/-0.0000 [1.0000,1.0000] | adv: 0.0560+/-0.9066 | alive=30000/30000
   [CMDR  DIAG] ratio: 1.0037+/-0.1714 [0.0112,2.5000] | adv: -0.3846+/-1.4476 | alive=658/726 | bc_coef=0.000
03:49:42 | Batch 0451 (Ep 13528) | R:   -237.5 (  -517.0)  Scout_R:   +17.5  Cmdr_R:  -255.0  Scout:100% Cmdr:100%  scout:[survived=120] cmdr:[survived=90] refills=454  NN_dec=2888/2970  fire: peak=258 final=236 supp=22 ext=47.1  74.0s
   Cmdr reward breakdown: r_extinguish=+212.333  r_water_waste=-7.417  r_water_near=+0.000  r_fire_out=+5.000  r_spread=-130.290
   Water drops: 1108 total, 637 hit, 471 miss (57% accuracy)  alt=45m [16-79]  dist=46m [4-94]
   FW shaping: surv=+0.0 bound=+0.0 alt_pen=+0.0 approach=+5.2 alt_shape=+361.4  avg_dist_scout=271m
   [SCOUT DIAG] ratio: 1.0000+/-0.0000 [1.0000,1.0000] | adv: -0.0021+/-1.0490 | alive=30000/30000
   [CMDR  DIAG] ratio: 0.9987+/-0.0953 [0.5061,1.5555] | adv: -0.0173+/-1.2612 | alive=703/726 | bc_coef=0.000
03:51:12 | Batch 0452 (Ep 13558) | R:   -957.7 (  -597.6)  Scout_R:  +140.4  Cmdr_R: -1098.1  Scout:100% Cmdr:97%  scout:[survived=120] cmdr:[survived=86 boundary=4] refills=477  NN_dec=2741/2970  fire: peak=347 final=325 supp=21 ext=37.0  72.0s
   Cmdr reward breakdown: r_extinguish=+188.333  r_water_waste=-5.967  r_water_near=+0.000  r_fire_out=+0.000  r_spread=-150.265
   Water drops: 946 total, 565 hit, 381 miss (60% accuracy)  alt=44m [19-79]  dist=45m [2-104]
   FW shaping: surv=+0.0 bound=+0.0 alt_pen=+0.0 approach=-64.2 alt_shape=+301.5  avg_dist_scout=357m
   [SCOUT DIAG] ratio: 1.0000+/-0.0000 [1.0000,1.0000] | adv: -0.0034+/-1.0203 | alive=30000/30000
   [CMDR  DIAG] ratio: 1.0019+/-0.1169 [0.3964,1.8424] | adv: 0.0251+/-1.0004 | alive=661/726 | bc_coef=0.000
03:52:43 | Batch 0453 (Ep 13588) | R:   -457.3 (  -707.5)  Scout_R:  +130.1  Cmdr_R:  -587.3  Scout:100% Cmdr:96%  scout:[survived=120] cmdr:[survived=85 boundary=5] refills=372  NN_dec=2701/2970  fire: peak=379 final=359 supp=20 ext=34.0  73.0s
   Cmdr reward breakdown: r_extinguish=+166.000  r_water_waste=-4.133  r_water_near=+0.000  r_fire_out=+0.000  r_spread=-148.610
   Water drops: 771 total, 498 hit, 273 miss (65% accuracy)  alt=46m [21-80]  dist=42m [2-91]
   FW shaping: surv=+0.0 bound=+0.0 alt_pen=+0.0 approach=-61.8 alt_shape=+290.1  avg_dist_scout=307m
   [SCOUT DIAG] ratio: 1.0000+/-0.0000 [1.0000,1.0000] | adv: -0.1019+/-1.1598 | alive=30000/30000
   [CMDR  DIAG] ratio: 0.9967+/-0.1841 [0.2032,2.6878] | adv: 0.1627+/-0.6107 | alive=652/726 | bc_coef=0.000
03:54:16 | Batch 0454 (Ep 13618) | R:   -659.2 (  -558.2)  Scout_R:  +127.4  Cmdr_R:  -786.6  Scout:100% Cmdr:99%  scout:[survived=120] cmdr:[survived=89 boundary=1] refills=482  NN_dec=2822/2970  fire: peak=388 final=366 supp=22 ext=45.3  74.7s
   Cmdr reward breakdown: r_extinguish=+199.667  r_water_waste=-6.933  r_water_near=+0.000  r_fire_out=+0.000  r_spread=-171.865
   Water drops: 1053 total, 599 hit, 454 miss (57% accuracy)  alt=42m [15-79]  dist=45m [1-91]
   FW shaping: surv=+0.0 bound=+0.0 alt_pen=+0.0 approach=-41.8 alt_shape=+262.5  avg_dist_scout=354m
   [SCOUT DIAG] ratio: 1.0000+/-0.0000 [1.0000,1.0000] | adv: 0.0523+/-0.9071 | alive=30000/30000
   [CMDR  DIAG] ratio: 1.0033+/-0.1478 [0.3167,2.0346] | adv: -0.0002+/-1.0688 | alive=718/726 | bc_coef=0.000
03:55:48 | Batch 0455 (Ep 13648) | R:   -252.2 (  -455.7)  Scout_R:   +91.1  Cmdr_R:  -343.3  Scout:100% Cmdr:98%  scout:[survived=120] cmdr:[survived=88 boundary=2] refills=564  NN_dec=2820/2970  fire: peak=329 final=312 supp=17 ext=43.9  73.0s
   Cmdr reward breakdown: r_extinguish=+225.000  r_water_waste=-10.233  r_water_near=+0.000  r_fire_out=+0.000  r_spread=-151.255
   Water drops: 1338 total, 675 hit, 663 miss (50% accuracy)  alt=42m [16-80]  dist=45m [1-100]
   FW shaping: surv=+0.0 bound=+0.0 alt_pen=+0.0 approach=-16.0 alt_shape=+343.7  avg_dist_scout=277m
   [SCOUT DIAG] ratio: 1.0000+/-0.0000 [1.0000,1.0000] | adv: 0.0218+/-1.0305 | alive=30000/30000
   [CMDR  DIAG] ratio: 0.9881+/-0.1832 [0.0695,2.8187] | adv: -0.2831+/-1.4481 | alive=714/726 | bc_coef=0.000
03:57:17 | Batch 0456 (Ep 13678) | R:   -454.1 (  -353.1)  Scout_R:   +76.6  Cmdr_R:  -530.6  Scout:100% Cmdr:97%  scout:[survived=120] cmdr:[survived=86 boundary=4] refills=543  NN_dec=2759/2970  fire: peak=338 final=317 supp=21 ext=40.6  71.2s
   Cmdr reward breakdown: r_extinguish=+194.667  r_water_waste=-7.850  r_water_near=+0.000  r_fire_out=+0.000  r_spread=-145.100
   Water drops: 1099 total, 584 hit, 515 miss (53% accuracy)  alt=43m [7-80]  dist=43m [2-96]
   FW shaping: surv=+0.0 bound=+0.0 alt_pen=+0.0 approach=-52.9 alt_shape=+299.8  avg_dist_scout=331m
   [SCOUT DIAG] ratio: 1.0000+/-0.0000 [1.0000,1.0000] | adv: 0.0699+/-0.8916 | alive=30000/30000
   [CMDR  DIAG] ratio: 1.0057+/-0.1379 [0.5608,3.1096] | adv: -0.0379+/-1.0082 | alive=667/726 | bc_coef=0.000
03:58:49 | Batch 0457 (Ep 13708) | R:   -445.9 (  -450.0)  Scout_R:   +90.8  Cmdr_R:  -536.8  Scout:100% Cmdr:92%  scout:[survived=120] cmdr:[survived=81 boundary=9] refills=427  NN_dec=2628/2970  fire: peak=427 final=413 supp=14 ext=44.8  74.0s
   Cmdr reward breakdown: r_extinguish=+198.000  r_water_waste=-7.850  r_water_near=+0.000  r_fire_out=+0.000  r_spread=-173.685
   Water drops: 1094 total, 594 hit, 500 miss (54% accuracy)  alt=44m [11-79]  dist=44m [2-127]
   FW shaping: surv=+0.0 bound=+0.0 alt_pen=+0.0 approach=-82.6 alt_shape=+273.0  avg_dist_scout=312m
   [SCOUT DIAG] ratio: 1.0000+/-0.0000 [1.0000,1.0000] | adv: -0.0828+/-1.0919 | alive=30000/30000
   [CMDR  DIAG] ratio: 1.0103+/-0.1797 [0.3049,3.4759] | adv: 0.3174+/-0.3377 | alive=663/726 | bc_coef=0.000
04:00:22 | Batch 0458 (Ep 13738) | R:   -946.3 (  -696.1)  Scout_R:   +78.4  Cmdr_R: -1024.7  Scout:100% Cmdr:98%  scout:[survived=120] cmdr:[survived=87 boundary=3] refills=396  NN_dec=2798/2970  fire: peak=353 final=330 supp=23 ext=34.9  74.5s
   Cmdr reward breakdown: r_extinguish=+167.667  r_water_waste=-6.817  r_water_near=+0.000  r_fire_out=+0.000  r_spread=-147.440
   Water drops: 944 total, 503 hit, 441 miss (53% accuracy)  alt=44m [18-80]  dist=44m [1-90]
   FW shaping: surv=+0.0 bound=+0.0 alt_pen=+0.0 approach=-81.7 alt_shape=+263.7  avg_dist_scout=344m
   [SCOUT DIAG] ratio: 1.0000+/-0.0000 [1.0000,1.0000] | adv: 0.0204+/-0.9295 | alive=30000/30000
   [CMDR  DIAG] ratio: 1.0049+/-0.1306 [0.4866,2.7416] | adv: 0.2968+/-0.4256 | alive=689/726 | bc_coef=0.000
04:01:56 | Batch 0459 (Ep 13768) | R:   -409.6 (  -677.9)  Scout_R:   +56.8  Cmdr_R:  -466.4  Scout:100% Cmdr:98%  scout:[survived=120] cmdr:[survived=87 boundary=2 ground_crash=1] refills=517  NN_dec=2792/2970  fire: peak=348 final=310 supp=38 ext=42.0  75.2s
   Cmdr reward breakdown: r_extinguish=+200.000  r_water_waste=-6.850  r_water_near=+0.000  r_fire_out=+0.000  r_spread=-153.295
   Water drops: 1046 total, 600 hit, 446 miss (57% accuracy)  alt=43m [22-76]  dist=43m [2-91]
   FW shaping: surv=+0.0 bound=+0.0 alt_pen=+0.0 approach=-19.3 alt_shape=+308.1  avg_dist_scout=322m
   [SCOUT DIAG] ratio: 1.0000+/-0.0000 [1.0000,1.0000] | adv: -0.0476+/-1.1304 | alive=30000/30000
   [CMDR  DIAG] ratio: 1.0066+/-0.1540 [0.1684,3.4132] | adv: 0.1289+/-0.9779 | alive=687/726 | bc_coef=0.000
04:03:26 | Batch 0460 (Ep 13798) | R:   -492.8 (  -451.2)  Scout_R:   +15.2  Cmdr_R:  -508.0  Scout:100% Cmdr:93%  scout:[survived=120] cmdr:[survived=82 boundary=8] refills=369  NN_dec=2702/2970  fire: peak=317 final=302 supp=15 ext=38.8  71.7s
   Cmdr reward breakdown: r_extinguish=+179.667  r_water_waste=-7.717  r_water_near=+0.000  r_fire_out=+0.000  r_spread=-133.560
   Water drops: 1042 total, 539 hit, 503 miss (52% accuracy)  alt=43m [15-79]  dist=45m [2-87]
   FW shaping: surv=+0.0 bound=+0.0 alt_pen=+0.0 approach=-51.9 alt_shape=+303.0  avg_dist_scout=289m
   [SCOUT DIAG] ratio: 1.0000+/-0.0000 [1.0000,1.0000] | adv: -0.0487+/-1.0873 | alive=30000/30000
   [CMDR  DIAG] ratio: 1.0014+/-0.1099 [0.4234,1.9645] | adv: -0.0437+/-1.1276 | alive=671/726 | bc_coef=0.000
04:05:02 | Batch 0461 (Ep 13828) | R:   -567.3 (  -530.0)  Scout_R:    +8.7  Cmdr_R:  -576.0  Scout:100% Cmdr:98%  scout:[survived=120] cmdr:[survived=88 boundary=2] refills=557  NN_dec=2763/2970  fire: peak=289 final=272 supp=17 ext=31.9  71.4s
   Cmdr reward breakdown: r_extinguish=+163.667  r_water_waste=-7.917  r_water_near=+0.000  r_fire_out=+0.000  r_spread=-125.660
   Water drops: 1013 total, 491 hit, 522 miss (48% accuracy)  alt=41m [14-79]  dist=46m [8-93]
   FW shaping: surv=+0.0 bound=+0.0 alt_pen=+0.0 approach=-78.6 alt_shape=+251.8  avg_dist_scout=351m
   [SCOUT DIAG] ratio: 1.0000+/-0.0000 [1.0000,1.0000] | adv: 0.0697+/-0.9931 | alive=30000/30000
   [CMDR  DIAG] ratio: 1.0089+/-0.1437 [0.2857,2.1641] | adv: 0.0542+/-0.8368 | alive=670/726 | bc_coef=0.000
04:06:32 | Batch 0462 (Ep 13858) | R:   -269.7 (  -418.5)  Scout_R:   +97.3  Cmdr_R:  -367.0  Scout:100% Cmdr:99%  scout:[survived=120] cmdr:[survived=89 boundary=1] refills=558  NN_dec=2816/2970  fire: peak=356 final=329 supp=27 ext=44.4  71.7s
   Cmdr reward breakdown: r_extinguish=+211.000  r_water_waste=-8.483  r_water_near=+0.000  r_fire_out=+0.000  r_spread=-161.035
   Water drops: 1188 total, 633 hit, 555 miss (53% accuracy)  alt=43m [8-80]  dist=45m [4-108]
   FW shaping: surv=+0.0 bound=+0.0 alt_pen=+0.0 approach=-31.9 alt_shape=+335.9  avg_dist_scout=290m
   [SCOUT DIAG] ratio: 1.0000+/-0.0000 [1.0000,1.0000] | adv: -0.0760+/-0.9966 | alive=30000/30000
   [CMDR  DIAG] ratio: 1.0063+/-0.1674 [0.4454,4.5726] | adv: 0.1632+/-0.3558 | alive=693/726 | bc_coef=0.000
04:08:06 | Batch 0463 (Ep 13888) | R:  -1312.7 (  -791.2)  Scout_R:   -96.4  Cmdr_R: -1216.3  Scout:100% Cmdr:97%  scout:[survived=120] cmdr:[survived=87 boundary=3] refills=624  NN_dec=2691/2970  fire: peak=349 final=334 supp=15 ext=40.2  75.3s
   Cmdr reward breakdown: r_extinguish=+212.667  r_water_waste=-11.300  r_water_near=+0.000  r_fire_out=+0.000  r_spread=-152.390
   Water drops: 1373 total, 638 hit, 735 miss (46% accuracy)  alt=43m [14-79]  dist=44m [3-111]
   FW shaping: surv=+0.0 bound=+0.0 alt_pen=+0.0 approach=-112.9 alt_shape=+292.8  avg_dist_scout=374m
   [SCOUT DIAG] ratio: 1.0000+/-0.0000 [1.0000,1.0000] | adv: -0.0409+/-0.9171 | alive=30000/30000
   [CMDR  DIAG] ratio: 1.0012+/-0.1014 [0.2734,1.5229] | adv: -0.1617+/-1.1268 | alive=655/726 | bc_coef=0.000
04:09:38 | Batch 0464 (Ep 13918) | R:   -845.6 ( -1079.2)  Scout_R:    +5.2  Cmdr_R:  -850.8  Scout:100% Cmdr:95%  scout:[survived=120] cmdr:[survived=84 boundary=6] refills=435  NN_dec=2683/2970  fire: peak=348 final=326 supp=22 ext=37.0  73.3s
   Cmdr reward breakdown: r_extinguish=+175.333  r_water_waste=-6.817  r_water_near=+0.000  r_fire_out=+0.000  r_spread=-142.100
   Water drops: 966 total, 526 hit, 440 miss (54% accuracy)  alt=43m [5-79]  dist=44m [1-104]
   FW shaping: surv=+0.0 bound=+0.0 alt_pen=+0.0 approach=-68.5 alt_shape=+283.1  avg_dist_scout=339m
   [SCOUT DIAG] ratio: 1.0000+/-0.0000 [1.0000,1.0000] | adv: -0.0283+/-1.0577 | alive=30000/30000
   [CMDR  DIAG] ratio: 0.9997+/-0.1462 [0.3666,2.0358] | adv: 0.0243+/-0.9748 | alive=698/726 | bc_coef=0.000
04:11:07 | Batch 0465 (Ep 13948) | R:   -496.3 (  -671.0)  Scout_R:   +93.1  Cmdr_R:  -589.5  Scout:100% Cmdr:98%  scout:[survived=120] cmdr:[survived=88 boundary=2] refills=493  NN_dec=2812/2970  fire: peak=315 final=294 supp=21 ext=42.1  71.1s
   Cmdr reward breakdown: r_extinguish=+205.667  r_water_waste=-7.050  r_water_near=+0.000  r_fire_out=+5.000  r_spread=-146.020
   Water drops: 1081 total, 617 hit, 464 miss (57% accuracy)  alt=44m [15-79]  dist=43m [1-101]
   FW shaping: surv=+0.0 bound=+0.0 alt_pen=+0.0 approach=-75.0 alt_shape=+301.5  avg_dist_scout=334m
   [SCOUT DIAG] ratio: 1.0000+/-0.0000 [1.0000,1.0000] | adv: -0.2856+/-1.3813 | alive=30000/30000
   [CMDR  DIAG] ratio: 1.0000+/-0.1159 [0.4184,3.1967] | adv: -0.3983+/-1.5173 | alive=722/726 | bc_coef=0.000
04:12:38 | Batch 0466 (Ep 13978) | R:   -623.0 (  -559.7)  Scout_R:   +25.6  Cmdr_R:  -648.6  Scout:100% Cmdr:96%  scout:[survived=120] cmdr:[survived=86 boundary=4] refills=450  NN_dec=2745/2970  fire: peak=326 final=300 supp=26 ext=45.5  72.6s
   Cmdr reward breakdown: r_extinguish=+207.333  r_water_waste=-8.467  r_water_near=+0.000  r_fire_out=+0.000  r_spread=-143.140
   Water drops: 1173 total, 622 hit, 551 miss (53% accuracy)  alt=43m [17-78]  dist=46m [5-100]
   FW shaping: surv=+0.0 bound=+0.0 alt_pen=+0.0 approach=-24.2 alt_shape=+300.6  avg_dist_scout=306m
   [SCOUT DIAG] ratio: 1.0000+/-0.0000 [1.0000,1.0000] | adv: 0.1598+/-0.8035 | alive=30000/30000
   [CMDR  DIAG] ratio: 1.0008+/-0.1031 [0.1524,1.7625] | adv: -0.0248+/-1.2387 | alive=666/726 | bc_coef=0.000
04:14:09 | Batch 0467 (Ep 14008) | R:   -441.0 (  -532.0)  Scout_R:  +142.9  Cmdr_R:  -583.8  Scout:100% Cmdr:98%  scout:[survived=120] cmdr:[survived=88 boundary=2] refills=365  NN_dec=2787/2970  fire: peak=333 final=302 supp=31 ext=37.5  72.7s
   Cmdr reward breakdown: r_extinguish=+162.333  r_water_waste=-5.350  r_water_near=+0.000  r_fire_out=+0.000  r_spread=-145.195
   Water drops: 836 total, 487 hit, 349 miss (58% accuracy)  alt=45m [15-80]  dist=44m [3-103]
   FW shaping: surv=+0.0 bound=+0.0 alt_pen=+0.0 approach=-79.4 alt_shape=+308.8  avg_dist_scout=327m
   [SCOUT DIAG] ratio: 1.0000+/-0.0000 [1.0000,1.0000] | adv: 0.1105+/-0.9444 | alive=30000/30000
   [CMDR  DIAG] ratio: 0.9930+/-0.1052 [0.3022,1.5713] | adv: -0.1293+/-1.1932 | alive=701/726 | bc_coef=0.000
04:15:41 | Batch 0468 (Ep 14038) | R:   -354.6 (  -397.8)  Scout_R:  +197.0  Cmdr_R:  -551.6  Scout:100% Cmdr:98%  scout:[survived=120] cmdr:[survived=87 boundary=3] refills=562  NN_dec=2802/2970  fire: peak=295 final=269 supp=26 ext=36.8  73.4s
   Cmdr reward breakdown: r_extinguish=+190.000  r_water_waste=-8.650  r_water_near=+0.000  r_fire_out=+5.000  r_spread=-125.125
   Water drops: 1138 total, 570 hit, 568 miss (50% accuracy)  alt=42m [19-80]  dist=45m [1-110]
   FW shaping: surv=+0.0 bound=+0.0 alt_pen=+0.0 approach=-20.5 alt_shape=+298.3  avg_dist_scout=319m
   [SCOUT DIAG] ratio: 1.0000+/-0.0000 [1.0000,1.0000] | adv: 0.0192+/-1.1576 | alive=30000/30000
   [CMDR  DIAG] ratio: 0.9911+/-0.1457 [0.0203,1.8484] | adv: -0.0933+/-0.9746 | alive=686/726 | bc_coef=0.000
04:17:10 | Batch 0469 (Ep 14068) | R:   -703.0 (  -528.8)  Scout_R:  +137.2  Cmdr_R:  -840.1  Scout:100% Cmdr:99%  scout:[survived=120] cmdr:[survived=89 boundary=1] refills=473  NN_dec=2789/2970  fire: peak=345 final=319 supp=26 ext=41.0  71.1s
   Cmdr reward breakdown: r_extinguish=+194.667  r_water_waste=-6.817  r_water_near=+0.000  r_fire_out=+5.000  r_spread=-154.555
   Water drops: 1027 total, 584 hit, 443 miss (57% accuracy)  alt=45m [17-76]  dist=42m [1-94]
   FW shaping: surv=+0.0 bound=+0.0 alt_pen=+0.0 approach=-34.9 alt_shape=+309.9  avg_dist_scout=337m
   [SCOUT DIAG] ratio: 1.0000+/-0.0000 [1.0000,1.0000] | adv: -0.0590+/-1.1425 | alive=30000/30000
   [CMDR  DIAG] ratio: 1.0038+/-0.1487 [0.3489,1.9777] | adv: -0.0359+/-0.8773 | alive=680/726 | bc_coef=0.000
04:18:44 | Batch 0470 (Ep 14098) | R:   -260.3 (  -481.6)  Scout_R:   +58.7  Cmdr_R:  -318.9  Scout:100% Cmdr:98%  scout:[survived=120] cmdr:[survived=88 boundary=2] refills=567  NN_dec=2799/2970  fire: peak=346 final=326 supp=20 ext=43.9  75.4s
   Cmdr reward breakdown: r_extinguish=+214.000  r_water_waste=-8.433  r_water_near=+0.000  r_fire_out=+0.000  r_spread=-160.495
   Water drops: 1194 total, 642 hit, 552 miss (54% accuracy)  alt=42m [11-80]  dist=45m [1-114]
   FW shaping: surv=+0.0 bound=+0.0 alt_pen=+0.0 approach=-11.1 alt_shape=+323.5  avg_dist_scout=303m
   [SCOUT DIAG] ratio: 1.0000+/-0.0000 [1.0000,1.0000] | adv: -0.0044+/-0.8869 | alive=30000/30000
   [CMDR  DIAG] ratio: 1.0019+/-0.1201 [0.4794,1.6489] | adv: 0.0157+/-0.9878 | alive=682/726 | bc_coef=0.000
04:20:23 | Batch 0471 (Ep 14128) | R:    -40.4 (  -150.3)  Scout_R:  +214.7  Cmdr_R:  -255.0  Scout:100% Cmdr:96%  scout:[survived=120] cmdr:[survived=86 boundary=4] refills=566  NN_dec=2740/2970  fire: peak=307 final=269 supp=38 ext=54.8  73.7s
   Cmdr reward breakdown: r_extinguish=+256.333  r_water_waste=-7.650  r_water_near=+0.000  r_fire_out=+0.000  r_spread=-140.665
   Water drops: 1265 total, 769 hit, 496 miss (61% accuracy)  alt=44m [20-79]  dist=43m [3-91]
   FW shaping: surv=+0.0 bound=+0.0 alt_pen=+0.0 approach=+2.5 alt_shape=+320.0  avg_dist_scout=285m
   [SCOUT DIAG] ratio: 1.0000+/-0.0000 [1.0000,1.0000] | adv: -0.1795+/-1.2818 | alive=30000/30000
   [CMDR  DIAG] ratio: 1.0019+/-0.1764 [0.3289,3.4882] | adv: -0.0536+/-0.9747 | alive=676/726 | bc_coef=0.000
04:21:54 | Batch 0472 (Ep 14158) | R:   -270.1 (  -155.2)  Scout_R:   +72.8  Cmdr_R:  -342.9  Scout:100% Cmdr:97%  scout:[survived=120] cmdr:[survived=86 boundary=4] refills=550  NN_dec=2708/2970  fire: peak=304 final=277 supp=27 ext=49.3  73.5s
   Cmdr reward breakdown: r_extinguish=+241.667  r_water_waste=-7.850  r_water_near=+0.000  r_fire_out=+5.000  r_spread=-133.440
   Water drops: 1244 total, 725 hit, 519 miss (58% accuracy)  alt=42m [19-78]  dist=43m [1-93]
   FW shaping: surv=+0.0 bound=+0.0 alt_pen=+0.0 approach=-8.7 alt_shape=+342.3  avg_dist_scout=291m
   [SCOUT DIAG] ratio: 1.0000+/-0.0000 [1.0000,1.0000] | adv: 0.0877+/-0.8968 | alive=30000/30000
   [CMDR  DIAG] ratio: 1.0091+/-0.1506 [0.2092,3.0388] | adv: 0.0184+/-1.0231 | alive=629/726 | bc_coef=0.000
04:23:25 | Batch 0473 (Ep 14188) | R:   -838.5 (  -554.3)  Scout_R:   -30.6  Cmdr_R:  -808.0  Scout:100% Cmdr:97%  scout:[survived=120] cmdr:[survived=86 boundary=4] refills=487  NN_dec=2703/2970  fire: peak=375 final=358 supp=16 ext=39.6  72.9s
   Cmdr reward breakdown: r_extinguish=+190.000  r_water_waste=-7.250  r_water_near=+0.000  r_fire_out=+0.000  r_spread=-160.845
   Water drops: 1038 total, 570 hit, 468 miss (55% accuracy)  alt=44m [16-80]  dist=45m [1-105]
   FW shaping: surv=+0.0 bound=+0.0 alt_pen=+0.0 approach=-77.3 alt_shape=+271.1  avg_dist_scout=353m
   [SCOUT DIAG] ratio: 1.0000+/-0.0000 [1.0000,1.0000] | adv: 0.0008+/-1.0088 | alive=30000/30000
   [CMDR  DIAG] ratio: 1.0003+/-0.1036 [0.2327,1.5943] | adv: 0.0462+/-0.8988 | alive=635/726 | bc_coef=0.000
04:24:58 | Batch 0474 (Ep 14218) | R:   -798.4 (  -818.5)  Scout_R:  +164.3  Cmdr_R:  -962.7  Scout:100% Cmdr:97%  scout:[survived=120] cmdr:[survived=87 boundary=3] refills=497  NN_dec=2704/2970  fire: peak=481 final=465 supp=16 ext=37.5  74.7s
   Cmdr reward breakdown: r_extinguish=+177.333  r_water_waste=-5.933  r_water_near=+0.000  r_fire_out=+0.000  r_spread=-197.770
   Water drops: 916 total, 532 hit, 384 miss (58% accuracy)  alt=43m [18-80]  dist=44m [7-91]
   FW shaping: surv=+0.0 bound=+0.0 alt_pen=+0.0 approach=-68.6 alt_shape=+218.2  avg_dist_scout=393m
   [SCOUT DIAG] ratio: 1.0000+/-0.0000 [1.0000,1.0000] | adv: 0.0164+/-1.0069 | alive=30000/30000
   [CMDR  DIAG] ratio: 1.0012+/-0.0998 [0.2258,2.3368] | adv: 0.0192+/-0.7909 | alive=621/726 | bc_coef=0.000
04:26:33 | Batch 0475 (Ep 14248) | R:   -618.4 (  -708.4)  Scout_R:   +70.7  Cmdr_R:  -689.1  Scout:100% Cmdr:97%  scout:[survived=120] cmdr:[survived=86 boundary=4] refills=449  NN_dec=2740/2970  fire: peak=326 final=303 supp=23 ext=48.6  76.9s
   Cmdr reward breakdown: r_extinguish=+218.000  r_water_waste=-6.133  r_water_near=+0.000  r_fire_out=+5.000  r_spread=-154.615
   Water drops: 1048 total, 654 hit, 394 miss (62% accuracy)  alt=46m [19-80]  dist=43m [1-107]
   FW shaping: surv=+0.0 bound=+0.0 alt_pen=+0.0 approach=-54.8 alt_shape=+295.7  avg_dist_scout=314m
   [SCOUT DIAG] ratio: 1.0000+/-0.0000 [1.0000,1.0000] | adv: -0.1723+/-1.2297 | alive=30000/30000
   [CMDR  DIAG] ratio: 1.0021+/-0.1526 [0.2638,1.9279] | adv: -0.0308+/-1.0694 | alive=722/726 | bc_coef=0.000
04:28:02 | Batch 0476 (Ep 14278) | R:   -636.9 (  -627.7)  Scout_R:  +121.5  Cmdr_R:  -758.5  Scout:100% Cmdr:98%  scout:[survived=120] cmdr:[survived=87 boundary=3] refills=498  NN_dec=2789/2970  fire: peak=382 final=362 supp=20 ext=39.4  71.5s
   Cmdr reward breakdown: r_extinguish=+188.667  r_water_waste=-8.267  r_water_near=+0.000  r_fire_out=+0.000  r_spread=-170.185
   Water drops: 1108 total, 566 hit, 542 miss (51% accuracy)  alt=43m [19-80]  dist=45m [5-105]
   FW shaping: surv=+0.0 bound=+0.0 alt_pen=+0.0 approach=-73.7 alt_shape=+293.6  avg_dist_scout=324m
   [SCOUT DIAG] ratio: 1.0000+/-0.0000 [1.0000,1.0000] | adv: -0.0888+/-1.0323 | alive=30000/30000
   [CMDR  DIAG] ratio: 1.0037+/-0.1193 [0.2294,1.8114] | adv: -0.2083+/-1.3098 | alive=699/726 | bc_coef=0.000
04:29:35 | Batch 0477 (Ep 14308) | R:   -697.7 (  -667.3)  Scout_R:  +134.0  Cmdr_R:  -831.7  Scout:100% Cmdr:96%  scout:[survived=120] cmdr:[survived=85 boundary=5] refills=459  NN_dec=2791/2970  fire: peak=411 final=386 supp=24 ext=41.5  74.4s
   Cmdr reward breakdown: r_extinguish=+197.000  r_water_waste=-8.333  r_water_near=+0.000  r_fire_out=+5.000  r_spread=-167.335
   Water drops: 1133 total, 591 hit, 542 miss (52% accuracy)  alt=44m [11-76]  dist=44m [6-94]
   FW shaping: surv=+0.0 bound=+0.0 alt_pen=+0.0 approach=-35.6 alt_shape=+310.1  avg_dist_scout=315m
   [SCOUT DIAG] ratio: 1.0000+/-0.0000 [1.0000,1.0000] | adv: 0.0639+/-0.9598 | alive=30000/30000
   [CMDR  DIAG] ratio: 1.0074+/-0.1992 [0.2966,3.0133] | adv: -0.0113+/-1.0396 | alive=686/726 | bc_coef=0.000
04:31:08 | Batch 0478 (Ep 14338) | R:   -727.4 (  -712.6)  Scout_R:   +14.7  Cmdr_R:  -742.2  Scout:100% Cmdr:97%  scout:[survived=120] cmdr:[survived=86 boundary=4] refills=432  NN_dec=2774/2970  fire: peak=427 final=417 supp=10 ext=31.8  75.2s
   Cmdr reward breakdown: r_extinguish=+156.333  r_water_waste=-6.483  r_water_near=+0.000  r_fire_out=+0.000  r_spread=-174.045
   Water drops: 886 total, 469 hit, 417 miss (53% accuracy)  alt=44m [20-80]  dist=43m [6-115]
   FW shaping: surv=+0.0 bound=+0.0 alt_pen=+0.0 approach=-64.2 alt_shape=+313.5  avg_dist_scout=315m
   [SCOUT DIAG] ratio: 1.0000+/-0.0000 [1.0000,1.0000] | adv: 0.0570+/-0.9726 | alive=30000/30000
   [CMDR  DIAG] ratio: 1.0031+/-0.1163 [0.2073,1.8945] | adv: 0.0717+/-1.0486 | alive=670/726 | bc_coef=0.000
04:32:42 | Batch 0479 (Ep 14368) | R:   -276.0 (  -501.7)  Scout_R:  +214.1  Cmdr_R:  -490.1  Scout:100% Cmdr:95%  scout:[survived=120] cmdr:[survived=84 boundary=6] refills=630  NN_dec=2538/2970  fire: peak=301 final=279 supp=22 ext=38.7  75.3s
   Cmdr reward breakdown: r_extinguish=+187.333  r_water_waste=-7.167  r_water_near=+0.000  r_fire_out=+0.000  r_spread=-128.945
   Water drops: 1030 total, 562 hit, 468 miss (55% accuracy)  alt=45m [19-80]  dist=44m [1-105]
   FW shaping: surv=+0.0 bound=+0.0 alt_pen=+0.0 approach=-70.6 alt_shape=+281.0  avg_dist_scout=316m
   [SCOUT DIAG] ratio: 1.0000+/-0.0000 [1.0000,1.0000] | adv: 0.0613+/-0.7580 | alive=30000/30000
   [CMDR  DIAG] ratio: 1.0054+/-0.1523 [0.3609,2.2345] | adv: 0.1426+/-0.7126 | alive=670/726 | bc_coef=0.000
04:34:13 | Batch 0480 (Ep 14398) | R:   -351.5 (  -313.8)  Scout_R:  +155.6  Cmdr_R:  -507.1  Scout:100% Cmdr:100%  scout:[survived=120] cmdr:[survived=90] refills=555  NN_dec=2773/2970  fire: peak=281 final=251 supp=29 ext=40.8  73.5s
   Cmdr reward breakdown: r_extinguish=+199.000  r_water_waste=-7.950  r_water_near=+0.000  r_fire_out=+0.000  r_spread=-131.310
   Water drops: 1125 total, 597 hit, 528 miss (53% accuracy)  alt=44m [11-80]  dist=44m [5-119]
   FW shaping: surv=+0.0 bound=+0.0 alt_pen=+0.0 approach=-26.5 alt_shape=+342.3  avg_dist_scout=294m
   [SCOUT DIAG] ratio: 1.0000+/-0.0000 [1.0000,1.0000] | adv: -0.0519+/-1.0684 | alive=30000/30000
   [CMDR  DIAG] ratio: 1.0053+/-0.1448 [0.3021,2.8910] | adv: 0.0284+/-0.7548 | alive=675/726 | bc_coef=0.000
04:35:51 | Batch 0481 (Ep 14428) | R:   -832.2 (  -591.9)  Scout_R:  +135.3  Cmdr_R:  -967.5  Scout:100% Cmdr:94%  scout:[survived=120] cmdr:[survived=83 boundary=7] refills=479  NN_dec=2690/2970  fire: peak=352 final=338 supp=14 ext=38.6  71.9s
   Cmdr reward breakdown: r_extinguish=+180.333  r_water_waste=-7.767  r_water_near=+0.000  r_fire_out=+0.000  r_spread=-149.490
   Water drops: 1049 total, 541 hit, 508 miss (52% accuracy)  alt=41m [14-80]  dist=46m [2-119]
   FW shaping: surv=+0.0 bound=+0.0 alt_pen=+0.0 approach=-55.5 alt_shape=+265.2  avg_dist_scout=354m
   [SCOUT DIAG] ratio: 1.0000+/-0.0000 [1.0000,1.0000] | adv: 0.1837+/-0.7377 | alive=30000/30000
   [CMDR  DIAG] ratio: 1.0059+/-0.1301 [0.4561,2.3485] | adv: -0.0377+/-1.0466 | alive=702/726 | bc_coef=0.000
04:37:20 | Batch 0482 (Ep 14458) | R:   -372.7 (  -602.5)  Scout_R:   -18.0  Cmdr_R:  -354.7  Scout:100% Cmdr:99%  scout:[survived=120] cmdr:[survived=89 boundary=1] refills=425  NN_dec=2850/2970  fire: peak=329 final=315 supp=14 ext=46.0  71.1s
   Cmdr reward breakdown: r_extinguish=+211.000  r_water_waste=-7.800  r_water_near=+0.000  r_fire_out=+0.000  r_spread=-161.295
   Water drops: 1145 total, 633 hit, 512 miss (55% accuracy)  alt=43m [19-79]  dist=43m [3-108]
   FW shaping: surv=+0.0 bound=+0.0 alt_pen=+0.0 approach=-20.7 alt_shape=+357.9  avg_dist_scout=289m
   [SCOUT DIAG] ratio: 1.0000+/-0.0000 [1.0000,1.0000] | adv: 0.1835+/-0.8205 | alive=30000/30000
   [CMDR  DIAG] ratio: 1.0121+/-0.1600 [0.3893,2.4821] | adv: -0.0837+/-1.3322 | alive=705/726 | bc_coef=0.000
04:38:50 | Batch 0483 (Ep 14488) | R:   -520.1 (  -446.4)  Scout_R:   -81.8  Cmdr_R:  -438.3  Scout:100% Cmdr:95%  scout:[survived=120] cmdr:[survived=85 boundary=5] refills=474  NN_dec=2673/2970  fire: peak=310 final=287 supp=23 ext=36.1  72.6s
   Cmdr reward breakdown: r_extinguish=+177.667  r_water_waste=-7.467  r_water_near=+0.000  r_fire_out=+0.000  r_spread=-132.290
   Water drops: 1022 total, 533 hit, 489 miss (52% accuracy)  alt=44m [15-80]  dist=45m [4-90]
   FW shaping: surv=+0.0 bound=+0.0 alt_pen=+0.0 approach=-55.7 alt_shape=+314.1  avg_dist_scout=303m
   [SCOUT DIAG] ratio: 1.0000+/-0.0000 [1.0000,1.0000] | adv: -0.1881+/-1.1547 | alive=30000/30000
   [CMDR  DIAG] ratio: 1.0029+/-0.1113 [0.3517,2.1153] | adv: 0.0020+/-1.1701 | alive=617/726 | bc_coef=0.000
04:40:23 | Batch 0484 (Ep 14518) | R:   -985.1 (  -752.6)  Scout_R:   +27.6  Cmdr_R: -1012.7  Scout:100% Cmdr:94%  scout:[survived=120] cmdr:[survived=83 boundary=7] refills=431  NN_dec=2644/2970  fire: peak=352 final=333 supp=18 ext=36.5  74.2s
   Cmdr reward breakdown: r_extinguish=+173.333  r_water_waste=-6.517  r_water_near=+0.000  r_fire_out=+0.000  r_spread=-146.665
   Water drops: 934 total, 520 hit, 414 miss (56% accuracy)  alt=43m [16-79]  dist=45m [3-100]
   FW shaping: surv=+0.0 bound=+0.0 alt_pen=+0.0 approach=-100.4 alt_shape=+248.9  avg_dist_scout=387m
   [SCOUT DIAG] ratio: 1.0000+/-0.0000 [1.0000,1.0000] | adv: -0.1130+/-1.1287 | alive=30000/30000
   [CMDR  DIAG] ratio: 1.0002+/-0.0947 [0.4221,1.6048] | adv: -0.0043+/-1.0320 | alive=689/726 | bc_coef=0.000
04:41:54 | Batch 0485 (Ep 14548) | R:   -578.7 (  -781.9)  Scout_R:  +101.3  Cmdr_R:  -680.1  Scout:100% Cmdr:96%  scout:[survived=120] cmdr:[survived=85 boundary=4 ground_crash=1] refills=438  NN_dec=2704/2970  fire: peak=341 final=321 supp=20 ext=46.9  73.3s
   Cmdr reward breakdown: r_extinguish=+213.333  r_water_waste=-5.617  r_water_near=+0.000  r_fire_out=+0.000  r_spread=-150.380
   Water drops: 1010 total, 640 hit, 370 miss (63% accuracy)  alt=45m [23-79]  dist=45m [2-104]
   FW shaping: surv=+0.0 bound=+0.0 alt_pen=+0.0 approach=-64.6 alt_shape=+271.0  avg_dist_scout=342m
   [SCOUT DIAG] ratio: 1.0000+/-0.0000 [1.0000,1.0000] | adv: 0.0465+/-0.8663 | alive=30000/30000
   [CMDR  DIAG] ratio: 1.0085+/-0.1204 [0.4093,2.4307] | adv: 0.1006+/-0.8525 | alive=672/726 | bc_coef=0.000
04:43:27 | Batch 0486 (Ep 14578) | R:   -830.5 (  -704.6)  Scout_R:   -64.3  Cmdr_R:  -766.2  Scout:100% Cmdr:95%  scout:[survived=120] cmdr:[survived=84 boundary=6] refills=543  NN_dec=2631/2970  fire: peak=383 final=361 supp=22 ext=39.4  74.8s
   Cmdr reward breakdown: r_extinguish=+183.667  r_water_waste=-7.217  r_water_near=+0.000  r_fire_out=+0.000  r_spread=-160.180
   Water drops: 1023 total, 551 hit, 472 miss (54% accuracy)  alt=42m [16-79]  dist=47m [3-100]
   FW shaping: surv=+0.0 bound=+0.0 alt_pen=+0.0 approach=-93.8 alt_shape=+275.2  avg_dist_scout=333m
   [SCOUT DIAG] ratio: 1.0000+/-0.0000 [1.0000,1.0000] | adv: -0.0902+/-1.0646 | alive=30000/30000
   [CMDR  DIAG] ratio: 1.0151+/-0.6780 [0.2776,18.2168] | adv: -0.0077+/-0.9913 | alive=672/726 | bc_coef=0.000
04:44:58 | Batch 0487 (Ep 14608) | R:   -420.0 (  -625.3)  Scout_R:   -45.9  Cmdr_R:  -374.1  Scout:100% Cmdr:96%  scout:[survived=120] cmdr:[survived=85 boundary=5] refills=390  NN_dec=2792/2970  fire: peak=274 final=248 supp=26 ext=39.7  73.0s
   Cmdr reward breakdown: r_extinguish=+196.333  r_water_waste=-7.067  r_water_near=+0.000  r_fire_out=+8.333  r_spread=-123.645
   Water drops: 1045 total, 589 hit, 456 miss (56% accuracy)  alt=43m [6-79]  dist=43m [0-98]
   FW shaping: surv=+0.0 bound=+0.0 alt_pen=+0.0 approach=-21.5 alt_shape=+342.6  avg_dist_scout=285m
   [SCOUT DIAG] ratio: 1.0000+/-0.0000 [1.0000,1.0000] | adv: -0.1076+/-1.1458 | alive=30000/30000
   [CMDR  DIAG] ratio: 0.9897+/-0.1801 [0.0998,3.2919] | adv: -0.1810+/-1.0064 | alive=618/726 | bc_coef=0.000
04:46:31 | Batch 0488 (Ep 14638) | R:   -569.6 (  -494.8)  Scout_R:  +119.9  Cmdr_R:  -689.6  Scout:100% Cmdr:99%  scout:[survived=120] cmdr:[survived=89 boundary=1] refills=555  NN_dec=2793/2970  fire: peak=383 final=364 supp=19 ext=39.4  74.9s
   Cmdr reward breakdown: r_extinguish=+201.667  r_water_waste=-8.483  r_water_near=+0.000  r_fire_out=+5.000  r_spread=-169.650
   Water drops: 1159 total, 605 hit, 554 miss (52% accuracy)  alt=44m [9-79]  dist=46m [4-103]
   FW shaping: surv=+0.0 bound=+0.0 alt_pen=+0.0 approach=-19.3 alt_shape=+291.4  avg_dist_scout=347m
   [SCOUT DIAG] ratio: 1.0000+/-0.0000 [1.0000,1.0000] | adv: -0.0638+/-1.0220 | alive=30000/30000
   [CMDR  DIAG] ratio: 0.9965+/-0.0946 [0.4963,1.7551] | adv: -0.1667+/-1.1758 | alive=693/726 | bc_coef=0.000
04:48:04 | Batch 0489 (Ep 14668) | R:   -764.5 (  -667.0)  Scout_R:    -6.5  Cmdr_R:  -758.0  Scout:100% Cmdr:97%  scout:[survived=120] cmdr:[survived=86 boundary=4] refills=353  NN_dec=2755/2970  fire: peak=431 final=406 supp=25 ext=33.9  74.5s
   Cmdr reward breakdown: r_extinguish=+149.667  r_water_waste=-5.967  r_water_near=+0.000  r_fire_out=+0.000  r_spread=-182.445
   Water drops: 840 total, 449 hit, 391 miss (53% accuracy)  alt=46m [13-80]  dist=45m [7-96]
   FW shaping: surv=+0.0 bound=+0.0 alt_pen=+0.0 approach=-56.7 alt_shape=+287.3  avg_dist_scout=318m
   [SCOUT DIAG] ratio: 1.0000+/-0.0000 [1.0000,1.0000] | adv: 0.0907+/-0.8796 | alive=30000/30000
   [CMDR  DIAG] ratio: 1.0006+/-0.1520 [0.4414,2.9086] | adv: 0.0542+/-0.8858 | alive=639/726 | bc_coef=0.000
04:49:36 | Batch 0490 (Ep 14698) | R:  -1118.0 (  -941.2)  Scout_R:  +126.5  Cmdr_R: -1244.5  Scout:100% Cmdr:94%  scout:[survived=120] cmdr:[survived=83 boundary=7] refills=371  NN_dec=2676/2970  fire: peak=390 final=380 supp=10 ext=31.5  74.4s
   Cmdr reward breakdown: r_extinguish=+155.000  r_water_waste=-7.117  r_water_near=+0.000  r_fire_out=+0.000  r_spread=-155.575
   Water drops: 928 total, 465 hit, 463 miss (50% accuracy)  alt=44m [18-79]  dist=45m [2-106]
   FW shaping: surv=+0.0 bound=+0.0 alt_pen=+0.0 approach=-123.1 alt_shape=+241.7  avg_dist_scout=382m
   [SCOUT DIAG] ratio: 1.0000+/-0.0000 [1.0000,1.0000] | adv: -0.1731+/-1.1936 | alive=30000/30000
   [CMDR  DIAG] ratio: 1.0027+/-0.1073 [0.6674,1.8756] | adv: -0.2061+/-1.1926 | alive=601/726 | bc_coef=0.000
04:51:15 | Batch 0491 (Ep 14728) | R:   -774.7 (  -946.4)  Scout_R:  +152.5  Cmdr_R:  -927.3  Scout:100% Cmdr:92%  scout:[survived=120] cmdr:[survived=80 boundary=10] refills=582  NN_dec=2612/2970  fire: peak=384 final=358 supp=26 ext=43.7  74.3s
   Cmdr reward breakdown: r_extinguish=+210.000  r_water_waste=-7.950  r_water_near=+0.000  r_fire_out=+0.000  r_spread=-161.425
   Water drops: 1143 total, 630 hit, 513 miss (55% accuracy)  alt=43m [11-80]  dist=49m [5-111]
   FW shaping: surv=+0.0 bound=+0.0 alt_pen=+0.0 approach=-91.2 alt_shape=+288.2  avg_dist_scout=336m
   [SCOUT DIAG] ratio: 1.0000+/-0.0000 [1.0000,1.0000] | adv: 0.2101+/-0.6365 | alive=30000/30000
   [CMDR  DIAG] ratio: 1.0093+/-0.1510 [0.5251,3.2778] | adv: -0.0458+/-0.9930 | alive=620/726 | bc_coef=0.000
04:52:46 | Batch 0492 (Ep 14758) | R:   -618.7 (  -696.7)  Scout_R:   +38.4  Cmdr_R:  -657.1  Scout:100% Cmdr:96%  scout:[survived=120] cmdr:[survived=86 boundary=4] refills=394  NN_dec=2770/2970  fire: peak=376 final=348 supp=28 ext=43.2  73.5s
   Cmdr reward breakdown: r_extinguish=+191.000  r_water_waste=-6.633  r_water_near=+0.000  r_fire_out=+0.000  r_spread=-158.285
   Water drops: 1004 total, 573 hit, 431 miss (57% accuracy)  alt=45m [21-79]  dist=46m [2-112]
   FW shaping: surv=+0.0 bound=+0.0 alt_pen=+0.0 approach=-81.5 alt_shape=+303.6  avg_dist_scout=324m
   [SCOUT DIAG] ratio: 1.0000+/-0.0000 [1.0000,1.0000] | adv: -0.1332+/-1.0083 | alive=30000/30000
   [CMDR  DIAG] ratio: 0.9965+/-0.1151 [0.4117,1.9848] | adv: 0.1687+/-0.8208 | alive=696/726 | bc_coef=0.000
04:54:16 | Batch 0493 (Ep 14788) | R:   -647.1 (  -632.9)  Scout_R:   -16.3  Cmdr_R:  -630.8  Scout:100% Cmdr:98%  scout:[survived=120] cmdr:[survived=88 boundary=2] refills=419  NN_dec=2847/2970  fire: peak=336 final=320 supp=16 ext=37.5  71.4s
   Cmdr reward breakdown: r_extinguish=+196.000  r_water_waste=-7.083  r_water_near=+0.000  r_fire_out=+0.000  r_spread=-152.285
   Water drops: 1047 total, 588 hit, 459 miss (56% accuracy)  alt=45m [15-79]  dist=46m [3-116]
   FW shaping: surv=+0.0 bound=+0.0 alt_pen=+0.0 approach=-22.1 alt_shape=+326.0  avg_dist_scout=312m
   [SCOUT DIAG] ratio: 1.0000+/-0.0000 [1.0000,1.0000] | adv: 0.0548+/-0.9840 | alive=30000/30000
   [CMDR  DIAG] ratio: 1.0016+/-0.1443 [0.3536,1.9604] | adv: 0.1768+/-0.4782 | alive=693/726 | bc_coef=0.000
04:55:46 | Batch 0494 (Ep 14818) | R:   -561.5 (  -604.3)  Scout_R:  +101.9  Cmdr_R:  -663.4  Scout:100% Cmdr:96%  scout:[survived=120] cmdr:[survived=85 boundary=5] refills=506  NN_dec=2642/2970  fire: peak=410 final=384 supp=26 ext=39.8  72.7s
   Cmdr reward breakdown: r_extinguish=+192.333  r_water_waste=-5.850  r_water_near=+0.000  r_fire_out=+0.000  r_spread=-170.165
   Water drops: 958 total, 577 hit, 381 miss (60% accuracy)  alt=46m [22-77]  dist=43m [6-94]
   FW shaping: surv=+0.0 bound=+0.0 alt_pen=+0.0 approach=-55.9 alt_shape=+299.0  avg_dist_scout=315m
   [SCOUT DIAG] ratio: 1.0000+/-0.0000 [1.0000,1.0000] | adv: 0.0309+/-1.0381 | alive=30000/30000
   [CMDR  DIAG] ratio: 0.9951+/-0.1427 [0.3723,2.2852] | adv: -0.1204+/-0.8648 | alive=630/726 | bc_coef=0.000
04:57:18 | Batch 0495 (Ep 14848) | R:   -460.4 (  -511.0)  Scout_R:  +141.3  Cmdr_R:  -601.8  Scout:100% Cmdr:97%  scout:[survived=120] cmdr:[survived=86 boundary=3 ground_crash=1] refills=469  NN_dec=2663/2970  fire: peak=427 final=403 supp=24 ext=48.3  73.7s
   Cmdr reward breakdown: r_extinguish=+196.667  r_water_waste=-7.300  r_water_near=+0.000  r_fire_out=+0.000  r_spread=-182.825
   Water drops: 1067 total, 590 hit, 477 miss (55% accuracy)  alt=44m [11-79]  dist=46m [3-106]
   FW shaping: surv=+0.0 bound=+0.0 alt_pen=+0.0 approach=-73.0 alt_shape=+283.7  avg_dist_scout=324m
   [SCOUT DIAG] ratio: 1.0000+/-0.0000 [1.0000,1.0000] | adv: 0.0638+/-1.0170 | alive=30000/30000
   [CMDR  DIAG] ratio: 1.0045+/-0.1221 [0.4928,1.8974] | adv: 0.0595+/-0.8744 | alive=690/726 | bc_coef=0.000
04:58:50 | Batch 0496 (Ep 14878) | R:   -362.0 (  -411.2)  Scout_R:  +168.4  Cmdr_R:  -530.5  Scout:100% Cmdr:96%  scout:[survived=120] cmdr:[survived=86 boundary=4] refills=498  NN_dec=2710/2970  fire: peak=312 final=292 supp=20 ext=43.4  73.8s
   Cmdr reward breakdown: r_extinguish=+204.000  r_water_waste=-7.917  r_water_near=+0.000  r_fire_out=+0.000  r_spread=-148.470
   Water drops: 1130 total, 612 hit, 518 miss (54% accuracy)  alt=46m [16-80]  dist=44m [3-108]
   FW shaping: surv=+0.0 bound=+0.0 alt_pen=+0.0 approach=-9.9 alt_shape=+338.5  avg_dist_scout=289m
   [SCOUT DIAG] ratio: 1.0000+/-0.0000 [1.0000,1.0000] | adv: -0.1213+/-1.0948 | alive=30000/30000
   [CMDR  DIAG] ratio: 1.0064+/-0.1293 [0.1799,2.0837] | adv: -0.0443+/-1.0614 | alive=695/726 | bc_coef=0.000
05:00:21 | Batch 0497 (Ep 14908) | R:   -485.8 (  -423.9)  Scout_R:  +132.8  Cmdr_R:  -618.6  Scout:100% Cmdr:95%  scout:[survived=120] cmdr:[survived=84 boundary=6] refills=403  NN_dec=2710/2970  fire: peak=350 final=321 supp=29 ext=36.2  74.0s
   Cmdr reward breakdown: r_extinguish=+173.000  r_water_waste=-5.167  r_water_near=+0.000  r_fire_out=+0.000  r_spread=-141.685
   Water drops: 854 total, 519 hit, 335 miss (61% accuracy)  alt=44m [18-79]  dist=43m [2-104]
   FW shaping: surv=+0.0 bound=+0.0 alt_pen=+0.0 approach=-26.9 alt_shape=+272.5  avg_dist_scout=327m
   [SCOUT DIAG] ratio: 1.0000+/-0.0000 [1.0000,1.0000] | adv: -0.0837+/-1.0651 | alive=30000/30000
   [CMDR  DIAG] ratio: 0.9986+/-0.1114 [0.4561,1.9149] | adv: 0.0179+/-0.6122 | alive=684/726 | bc_coef=0.000
05:01:52 | Batch 0498 (Ep 14938) | R:   -524.1 (  -504.9)  Scout_R:   +60.3  Cmdr_R:  -584.4  Scout:100% Cmdr:94%  scout:[survived=120] cmdr:[survived=83 boundary=7] refills=443  NN_dec=2657/2970  fire: peak=334 final=315 supp=20 ext=34.6  72.6s
   Cmdr reward breakdown: r_extinguish=+182.333  r_water_waste=-7.867  r_water_near=+0.000  r_fire_out=+0.000  r_spread=-142.995
   Water drops: 1053 total, 547 hit, 506 miss (52% accuracy)  alt=45m [9-77]  dist=44m [5-99]
   FW shaping: surv=+0.0 bound=+0.0 alt_pen=+0.0 approach=-67.0 alt_shape=+306.2  avg_dist_scout=327m
   [SCOUT DIAG] ratio: 1.0000+/-0.0000 [1.0000,1.0000] | adv: 0.1007+/-0.8270 | alive=30000/30000
   [CMDR  DIAG] ratio: 0.9947+/-0.1550 [0.2331,1.7751] | adv: 0.2906+/-0.2291 | alive=629/726 | bc_coef=0.000
05:03:28 | Batch 0499 (Ep 14968) | R:   -782.4 (  -653.2)  Scout_R:  +114.1  Cmdr_R:  -896.4  Scout:100% Cmdr:95%  scout:[survived=120] cmdr:[survived=84 boundary=5 ground_crash=1] refills=391  NN_dec=2763/2970  fire: peak=405 final=390 supp=15 ext=28.4  77.5s
   Cmdr reward breakdown: r_extinguish=+148.000  r_water_waste=-6.050  r_water_near=+0.000  r_fire_out=+0.000  r_spread=-160.130
   Water drops: 837 total, 444 hit, 393 miss (53% accuracy)  alt=43m [14-78]  dist=46m [3-88]
   FW shaping: surv=+0.0 bound=+0.0 alt_pen=+0.0 approach=-63.3 alt_shape=+251.1  avg_dist_scout=370m
   [SCOUT DIAG] ratio: 1.0000+/-0.0000 [1.0000,1.0000] | adv: -0.1217+/-1.1109 | alive=30000/30000
   [CMDR  DIAG] ratio: 1.0015+/-0.1329 [0.4431,1.8929] | adv: -0.0312+/-1.0084 | alive=694/726 | bc_coef=0.000
05:04:59 | Batch 0500 (Ep 14998) | R:   -356.7 (  -569.5)  Scout_R:  +141.6  Cmdr_R:  -498.3  Scout:100% Cmdr:95%  scout:[survived=120] cmdr:[survived=84 boundary=6] refills=621  NN_dec=2621/2970  fire: peak=367 final=341 supp=26 ext=49.3  72.8s
   Cmdr reward breakdown: r_extinguish=+241.000  r_water_waste=-8.633  r_water_near=+0.000  r_fire_out=+5.000  r_spread=-153.780
   Water drops: 1285 total, 723 hit, 562 miss (56% accuracy)  alt=43m [13-80]  dist=42m [6-102]
   FW shaping: surv=+0.0 bound=+0.0 alt_pen=+0.0 approach=-40.7 alt_shape=+322.4  avg_dist_scout=292m
   [SCOUT DIAG] ratio: 1.0000+/-0.0000 [1.0000,1.0000] | adv: 0.0555+/-0.9639 | alive=30000/30000
   [CMDR  DIAG] ratio: 1.0052+/-0.1152 [0.5394,1.9349] | adv: 0.2753+/-0.2482 | alive=640/726 | bc_coef=0.000
05:06:36 | Batch 0501 (Ep 15028) | R:   -300.9 (  -328.8)  Scout_R:  +257.6  Cmdr_R:  -558.4  Scout:100% Cmdr:96%  scout:[survived=120] cmdr:[survived=84 boundary=6] refills=529  NN_dec=2653/2970  fire: peak=336 final=324 supp=12 ext=40.2  72.2s
   Cmdr reward breakdown: r_extinguish=+204.333  r_water_waste=-8.333  r_water_near=+0.000  r_fire_out=+0.000  r_spread=-140.200
   Water drops: 1150 total, 613 hit, 537 miss (53% accuracy)  alt=47m [17-79]  dist=47m [3-107]
   FW shaping: surv=+0.0 bound=+0.0 alt_pen=+0.0 approach=-52.9 alt_shape=+288.7  avg_dist_scout=328m
   [SCOUT DIAG] ratio: 1.0000+/-0.0000 [1.0000,1.0000] | adv: 0.0118+/-1.0094 | alive=30000/30000
   [CMDR  DIAG] ratio: 1.0076+/-0.1421 [0.4548,2.0865] | adv: 0.1796+/-0.6085 | alive=663/726 | bc_coef=0.000
05:08:09 | Batch 0502 (Ep 15058) | R:   -611.5 (  -456.2)  Scout_R:  +120.0  Cmdr_R:  -731.5  Scout:100% Cmdr:96%  scout:[survived=120] cmdr:[survived=86 boundary=4] refills=499  NN_dec=2696/2970  fire: peak=374 final=361 supp=13 ext=41.8  74.9s
   Cmdr reward breakdown: r_extinguish=+201.667  r_water_waste=-6.833  r_water_near=+0.000  r_fire_out=+0.000  r_spread=-159.645
   Water drops: 1049 total, 605 hit, 444 miss (58% accuracy)  alt=45m [23-79]  dist=45m [6-110]
   FW shaping: surv=+0.0 bound=+0.0 alt_pen=+0.0 approach=-70.3 alt_shape=+284.4  avg_dist_scout=334m
   [SCOUT DIAG] ratio: 1.0000+/-0.0000 [1.0000,1.0000] | adv: -0.2671+/-1.1797 | alive=30000/30000
   [CMDR  DIAG] ratio: 1.0028+/-0.1774 [0.3881,3.4453] | adv: -0.0208+/-1.0677 | alive=638/726 | bc_coef=0.000
05:09:47 | Batch 0503 (Ep 15088) | R:   -670.0 (  -640.7)  Scout_R:  +145.6  Cmdr_R:  -815.5  Scout:100% Cmdr:96%  scout:[survived=120] cmdr:[survived=86 boundary=4] refills=450  NN_dec=2704/2970  fire: peak=352 final=337 supp=15 ext=34.2  79.9s
   Cmdr reward breakdown: r_extinguish=+178.667  r_water_waste=-5.950  r_water_near=+0.000  r_fire_out=+5.000  r_spread=-147.530
   Water drops: 927 total, 536 hit, 391 miss (58% accuracy)  alt=45m [22-80]  dist=46m [9-97]
   FW shaping: surv=+0.0 bound=+0.0 alt_pen=+0.0 approach=-81.9 alt_shape=+265.5  avg_dist_scout=346m
   [SCOUT DIAG] ratio: 1.0000+/-0.0000 [1.0000,1.0000] | adv: 0.0323+/-1.0318 | alive=30000/30000
   [CMDR  DIAG] ratio: 0.9901+/-0.1594 [0.2896,2.1710] | adv: -0.0461+/-1.0489 | alive=637/726 | bc_coef=0.000
05:11:19 | Batch 0504 (Ep 15118) | R:   -557.5 (  -613.7)  Scout_R:  -125.4  Cmdr_R:  -432.1  Scout:100% Cmdr:94%  scout:[survived=120] cmdr:[survived=83 boundary=7] refills=427  NN_dec=2664/2970  fire: peak=386 final=370 supp=16 ext=36.1  73.0s
   Cmdr reward breakdown: r_extinguish=+182.667  r_water_waste=-6.000  r_water_near=+0.000  r_fire_out=+5.000  r_spread=-156.205
   Water drops: 935 total, 548 hit, 387 miss (59% accuracy)  alt=46m [12-79]  dist=46m [6-103]
   FW shaping: surv=+0.0 bound=+0.0 alt_pen=+0.0 approach=-52.3 alt_shape=+304.1  avg_dist_scout=280m
   [SCOUT DIAG] ratio: 1.0000+/-0.0000 [1.0000,1.0000] | adv: -0.0616+/-1.0772 | alive=30000/30000
   [CMDR  DIAG] ratio: 0.9979+/-0.1267 [0.3918,1.8021] | adv: 0.1362+/-0.5518 | alive=648/726 | bc_coef=0.000
05:12:50 | Batch 0505 (Ep 15148) | R:   -459.0 (  -508.2)  Scout_R:  +114.3  Cmdr_R:  -573.3  Scout:100% Cmdr:98%  scout:[survived=120] cmdr:[survived=87 boundary=3] refills=430  NN_dec=2735/2970  fire: peak=303 final=275 supp=28 ext=46.8  73.0s
   Cmdr reward breakdown: r_extinguish=+204.000  r_water_waste=-5.683  r_water_near=+0.000  r_fire_out=+0.000  r_spread=-141.725
   Water drops: 983 total, 612 hit, 371 miss (62% accuracy)  alt=44m [17-79]  dist=43m [2-90]
   FW shaping: surv=+0.0 bound=+0.0 alt_pen=+0.0 approach=-46.8 alt_shape=+290.4  avg_dist_scout=317m
   [SCOUT DIAG] ratio: 1.0000+/-0.0000 [1.0000,1.0000] | adv: -0.0244+/-1.0141 | alive=30000/30000
   [CMDR  DIAG] ratio: 1.0099+/-0.1333 [0.5917,1.9243] | adv: 0.1685+/-0.8288 | alive=656/726 | bc_coef=0.000
05:14:21 | Batch 0506 (Ep 15178) | R:   -338.1 (  -398.5)  Scout_R:  +140.8  Cmdr_R:  -478.9  Scout:100% Cmdr:96%  scout:[survived=120] cmdr:[survived=85 boundary=5] refills=449  NN_dec=2723/2970  fire: peak=287 final=269 supp=18 ext=40.8  72.6s
   Cmdr reward breakdown: r_extinguish=+200.333  r_water_waste=-6.067  r_water_near=+0.000  r_fire_out=+0.000  r_spread=-126.485
   Water drops: 1001 total, 601 hit, 400 miss (60% accuracy)  alt=45m [8-79]  dist=43m [2-103]
   FW shaping: surv=+0.0 bound=+0.0 alt_pen=+0.0 approach=-46.5 alt_shape=+329.9  avg_dist_scout=300m
   [SCOUT DIAG] ratio: 1.0000+/-0.0000 [1.0000,1.0000] | adv: -0.1180+/-1.0364 | alive=30000/30000
   [CMDR  DIAG] ratio: 0.9989+/-0.1435 [0.1202,2.0828] | adv: 0.0162+/-1.0103 | alive=714/726 | bc_coef=0.000
05:15:52 | Batch 0507 (Ep 15208) | R:   -623.1 (  -480.6)  Scout_R:  +199.8  Cmdr_R:  -822.9  Scout:100% Cmdr:94%  scout:[survived=120] cmdr:[survived=84 boundary=6] refills=402  NN_dec=2641/2970  fire: peak=457 final=443 supp=14 ext=28.9  72.7s
   Cmdr reward breakdown: r_extinguish=+142.667  r_water_waste=-4.683  r_water_near=+0.000  r_fire_out=+5.000  r_spread=-180.870
   Water drops: 733 total, 428 hit, 305 miss (58% accuracy)  alt=48m [14-79]  dist=45m [6-92]
   FW shaping: surv=+0.0 bound=+0.0 alt_pen=+0.0 approach=-95.3 alt_shape=+268.7  avg_dist_scout=322m
   [SCOUT DIAG] ratio: 1.0000+/-0.0000 [1.0000,1.0000] | adv: 0.0633+/-0.9794 | alive=30000/30000
   [CMDR  DIAG] ratio: 1.0085+/-0.1819 [0.3547,2.4036] | adv: -0.0680+/-1.0003 | alive=622/726 | bc_coef=0.000
05:17:27 | Batch 0508 (Ep 15238) | R:   -993.6 (  -808.3)  Scout_R:   -48.3  Cmdr_R:  -945.2  Scout:100% Cmdr:96%  scout:[survived=120] cmdr:[survived=86 boundary=4] refills=461  NN_dec=2740/2970  fire: peak=417 final=404 supp=13 ext=31.3  77.4s
   Cmdr reward breakdown: r_extinguish=+157.000  r_water_waste=-6.100  r_water_near=+0.000  r_fire_out=+0.000  r_spread=-180.060
   Water drops: 867 total, 471 hit, 396 miss (54% accuracy)  alt=45m [17-80]  dist=46m [6-114]
   FW shaping: surv=+0.0 bound=+0.0 alt_pen=+0.0 approach=-52.4 alt_shape=+270.1  avg_dist_scout=370m
   [SCOUT DIAG] ratio: 1.0000+/-0.0000 [1.0000,1.0000] | adv: 0.0798+/-0.9427 | alive=30000/30000
   [CMDR  DIAG] ratio: 1.0058+/-0.1394 [0.3378,1.8702] | adv: 0.0937+/-0.8841 | alive=659/726 | bc_coef=0.000
05:19:00 | Batch 0509 (Ep 15268) | R:   -445.3 (  -719.4)  Scout_R:  +163.2  Cmdr_R:  -608.4  Scout:100% Cmdr:99%  scout:[survived=120] cmdr:[survived=89 boundary=1] refills=423  NN_dec=2821/2970  fire: peak=340 final=328 supp=12 ext=36.4  75.0s
   Cmdr reward breakdown: r_extinguish=+179.667  r_water_waste=-7.150  r_water_near=+0.000  r_fire_out=+0.000  r_spread=-154.725
   Water drops: 1001 total, 539 hit, 462 miss (54% accuracy)  alt=44m [8-80]  dist=45m [4-97]
   FW shaping: surv=+0.0 bound=+0.0 alt_pen=+0.0 approach=-20.5 alt_shape=+331.9  avg_dist_scout=315m
   [SCOUT DIAG] ratio: 1.0000+/-0.0000 [1.0000,1.0000] | adv: -0.0276+/-1.0269 | alive=30000/30000
   [CMDR  DIAG] ratio: 0.9981+/-0.1467 [0.3856,1.7817] | adv: -0.2302+/-1.3821 | alive=661/726 | bc_coef=0.000
05:20:37 | Batch 0510 (Ep 15298) | R:    -79.4 (  -262.3)  Scout_R:  +267.7  Cmdr_R:  -347.0  Scout:100% Cmdr:99%  scout:[survived=120] cmdr:[survived=89 boundary=1] refills=467  NN_dec=2763/2970  fire: peak=279 final=261 supp=18 ext=37.7  79.2s
   Cmdr reward breakdown: r_extinguish=+198.667  r_water_waste=-6.517  r_water_near=+0.000  r_fire_out=+5.000  r_spread=-125.270
   Water drops: 1028 total, 596 hit, 432 miss (58% accuracy)  alt=44m [17-80]  dist=44m [3-95]
   FW shaping: surv=+0.0 bound=+0.0 alt_pen=+0.0 approach=-51.9 alt_shape=+318.8  avg_dist_scout=304m
   [SCOUT DIAG] ratio: 1.0000+/-0.0000 [1.0000,1.0000] | adv: 0.1096+/-0.7601 | alive=30000/30000
   [CMDR  DIAG] ratio: 1.0091+/-0.1703 [0.2045,2.0829] | adv: -0.3089+/-1.4086 | alive=704/726 | bc_coef=0.000
05:22:17 | Batch 0511 (Ep 15328) | R:   -647.4 (  -363.4)  Scout_R:  +128.7  Cmdr_R:  -776.1  Scout:100% Cmdr:94%  scout:[survived=120] cmdr:[survived=84 boundary=6] refills=482  NN_dec=2660/2970  fire: peak=326 final=302 supp=24 ext=40.4  74.2s
   Cmdr reward breakdown: r_extinguish=+207.333  r_water_waste=-7.167  r_water_near=+0.000  r_fire_out=+0.000  r_spread=-137.090
   Water drops: 1089 total, 622 hit, 467 miss (57% accuracy)  alt=43m [15-77]  dist=46m [2-96]
   FW shaping: surv=+0.0 bound=+0.0 alt_pen=+0.0 approach=-58.7 alt_shape=+308.3  avg_dist_scout=337m
   [SCOUT DIAG] ratio: 1.0000+/-0.0000 [1.0000,1.0000] | adv: 0.0764+/-1.0119 | alive=30000/30000
   [CMDR  DIAG] ratio: 1.0061+/-0.1190 [0.4359,1.6917] | adv: -0.1715+/-1.1052 | alive=616/726 | bc_coef=0.000
05:23:47 | Batch 0512 (Ep 15358) | R:   -656.5 (  -652.0)  Scout_R:   +33.5  Cmdr_R:  -690.0  Scout:100% Cmdr:94%  scout:[survived=120] cmdr:[survived=83 boundary=7] refills=474  NN_dec=2704/2970  fire: peak=417 final=394 supp=23 ext=49.9  72.3s
   Cmdr reward breakdown: r_extinguish=+219.667  r_water_waste=-8.033  r_water_near=+0.000  r_fire_out=+0.000  r_spread=-178.450
   Water drops: 1185 total, 659 hit, 526 miss (56% accuracy)  alt=45m [15-80]  dist=46m [6-101]
   FW shaping: surv=+0.0 bound=+0.0 alt_pen=+0.0 approach=-24.9 alt_shape=+308.0  avg_dist_scout=317m
   [SCOUT DIAG] ratio: 1.0000+/-0.0000 [1.0000,1.0000] | adv: -0.0957+/-1.0976 | alive=30000/30000
   [CMDR  DIAG] ratio: 1.0012+/-0.1618 [0.3447,2.6092] | adv: -0.3116+/-1.3617 | alive=659/726 | bc_coef=0.000
05:25:18 | Batch 0513 (Ep 15388) | R:   -584.4 (  -620.5)  Scout_R:  -116.2  Cmdr_R:  -468.2  Scout:100% Cmdr:97%  scout:[survived=120] cmdr:[survived=87 boundary=3] refills=458  NN_dec=2791/2970  fire: peak=282 final=263 supp=19 ext=40.8  72.6s
   Cmdr reward breakdown: r_extinguish=+212.333  r_water_waste=-7.717  r_water_near=+0.000  r_fire_out=+13.333  r_spread=-134.620
   Water drops: 1138 total, 637 hit, 501 miss (56% accuracy)  alt=46m [21-80]  dist=45m [2-104]
   FW shaping: surv=+0.0 bound=+0.0 alt_pen=+0.0 approach=-5.0 alt_shape=+336.6  avg_dist_scout=281m
   [SCOUT DIAG] ratio: 1.0000+/-0.0000 [1.0000,1.0000] | adv: -0.0016+/-1.0489 | alive=30000/30000
   [CMDR  DIAG] ratio: 1.0063+/-0.2389 [0.3324,6.5543] | adv: 0.0061+/-1.0486 | alive=716/726 | bc_coef=0.000
05:26:49 | Batch 0514 (Ep 15418) | R:   -947.7 (  -766.0)  Scout_R:   -28.3  Cmdr_R:  -919.4  Scout:100% Cmdr:93%  scout:[survived=120] cmdr:[survived=82 boundary=8] refills=456  NN_dec=2633/2970  fire: peak=345 final=323 supp=22 ext=44.1  72.7s
   Cmdr reward breakdown: r_extinguish=+195.333  r_water_waste=-5.983  r_water_near=+0.000  r_fire_out=+5.000  r_spread=-142.350
   Water drops: 974 total, 586 hit, 388 miss (60% accuracy)  alt=45m [19-80]  dist=43m [0-83]
   FW shaping: surv=+0.0 bound=+0.0 alt_pen=+0.0 approach=-94.7 alt_shape=+284.0  avg_dist_scout=354m
   [SCOUT DIAG] ratio: 1.0000+/-0.0000 [1.0000,1.0000] | adv: -0.1283+/-1.0590 | alive=30000/30000
   [CMDR  DIAG] ratio: 0.9944+/-0.1503 [0.3737,1.7948] | adv: -0.0017+/-1.0884 | alive=621/726 | bc_coef=0.000
05:28:22 | Batch 0515 (Ep 15448) | R:   -994.0 (  -970.8)  Scout_R:  +147.5  Cmdr_R: -1141.4  Scout:100% Cmdr:98%  scout:[survived=120] cmdr:[survived=88 boundary=2] refills=474  NN_dec=2720/2970  fire: peak=365 final=348 supp=17 ext=35.7  74.8s
   Cmdr reward breakdown: r_extinguish=+167.333  r_water_waste=-5.217  r_water_near=+0.000  r_fire_out=+5.000  r_spread=-156.175
   Water drops: 844 total, 502 hit, 342 miss (59% accuracy)  alt=45m [15-80]  dist=44m [3-85]
   FW shaping: surv=+0.0 bound=+0.0 alt_pen=+0.0 approach=-53.9 alt_shape=+259.5  avg_dist_scout=372m
   [SCOUT DIAG] ratio: 1.0000+/-0.0000 [1.0000,1.0000] | adv: -0.0848+/-1.0924 | alive=30000/30000
   [CMDR  DIAG] ratio: 1.0147+/-0.2216 [0.4167,3.8485] | adv: 0.1438+/-0.7545 | alive=655/726 | bc_coef=0.000
05:29:56 | Batch 0516 (Ep 15478) | R:   -124.8 (  -559.4)  Scout_R:  +153.6  Cmdr_R:  -278.5  Scout:100% Cmdr:95%  scout:[survived=118 ceiling=2] cmdr:[survived=85 boundary=5] refills=466  NN_dec=2750/2970  fire: peak=336 final=318 supp=18 ext=44.4  76.2s
   Cmdr reward breakdown: r_extinguish=+215.333  r_water_waste=-7.733  r_water_near=+0.000  r_fire_out=+0.000  r_spread=-149.820
   Water drops: 1160 total, 646 hit, 514 miss (56% accuracy)  alt=46m [17-78]  dist=46m [3-103]
   FW shaping: surv=+0.0 bound=+0.0 alt_pen=+0.0 approach=-0.7 alt_shape=+340.3  avg_dist_scout=278m
   [SCOUT DIAG] ratio: 1.0000+/-0.0000 [1.0000,1.0000] | adv: 0.0774+/-0.9858 | alive=29963/30000
   [CMDR  DIAG] ratio: 1.0140+/-0.1587 [0.0615,2.2196] | adv: 0.1934+/-0.2614 | alive=696/726 | bc_coef=0.000
05:31:28 | Batch 0517 (Ep 15508) | R:   -416.4 (  -270.6)  Scout_R:  +139.4  Cmdr_R:  -555.8  Scout:100% Cmdr:98%  scout:[survived=120] cmdr:[survived=88 boundary=2] refills=456  NN_dec=2808/2970  fire: peak=292 final=266 supp=26 ext=39.9  73.2s
   Cmdr reward breakdown: r_extinguish=+207.333  r_water_waste=-6.617  r_water_near=+0.000  r_fire_out=+0.000  r_spread=-137.080
   Water drops: 1058 total, 622 hit, 436 miss (59% accuracy)  alt=44m [16-78]  dist=43m [2-102]
   FW shaping: surv=+0.0 bound=+0.0 alt_pen=+0.0 approach=-23.7 alt_shape=+345.9  avg_dist_scout=303m
   [SCOUT DIAG] ratio: 1.0000+/-0.0000 [1.0000,1.0000] | adv: 0.0235+/-0.8430 | alive=30000/30000
   [CMDR  DIAG] ratio: 0.9981+/-0.1896 [0.1765,2.8318] | adv: -0.1170+/-1.1636 | alive=694/726 | bc_coef=0.000
05:32:59 | Batch 0518 (Ep 15538) | R:   -591.6 (  -504.0)  Scout_R:   +60.3  Cmdr_R:  -651.9  Scout:100% Cmdr:96%  scout:[survived=120] cmdr:[survived=86 boundary=4] refills=438  NN_dec=2715/2970  fire: peak=361 final=336 supp=25 ext=36.0  73.7s
   Cmdr reward breakdown: r_extinguish=+165.333  r_water_waste=-6.300  r_water_near=+0.000  r_fire_out=+0.000  r_spread=-147.295
   Water drops: 906 total, 496 hit, 410 miss (55% accuracy)  alt=46m [21-80]  dist=44m [7-85]
   FW shaping: surv=+0.0 bound=+0.0 alt_pen=+0.0 approach=-47.0 alt_shape=+278.4  avg_dist_scout=341m
   [SCOUT DIAG] ratio: 1.0000+/-0.0000 [1.0000,1.0000] | adv: 0.0462+/-0.9963 | alive=30000/30000
   [CMDR  DIAG] ratio: 1.0091+/-0.1094 [0.3546,1.6843] | adv: 0.2477+/-0.5849 | alive=666/726 | bc_coef=0.000
05:34:34 | Batch 0519 (Ep 15568) | R:   -548.3 (  -570.0)  Scout_R:  +123.9  Cmdr_R:  -672.3  Scout:100% Cmdr:96%  scout:[survived=120] cmdr:[survived=86 boundary=4] refills=467  NN_dec=2772/2970  fire: peak=450 final=430 supp=20 ext=43.8  76.1s
   Cmdr reward breakdown: r_extinguish=+185.667  r_water_waste=-8.050  r_water_near=+0.000  r_fire_out=+0.000  r_spread=-190.265
   Water drops: 1084 total, 557 hit, 527 miss (51% accuracy)  alt=45m [17-80]  dist=48m [1-136]
   FW shaping: surv=+0.0 bound=+0.0 alt_pen=+0.0 approach=-67.5 alt_shape=+270.3  avg_dist_scout=349m
   [SCOUT DIAG] ratio: 1.0000+/-0.0000 [1.0000,1.0000] | adv: -0.0143+/-0.9116 | alive=30000/30000
   [CMDR  DIAG] ratio: 1.0034+/-0.1142 [0.4717,1.6710] | adv: 0.1406+/-0.8124 | alive=691/726 | bc_coef=0.000
05:36:11 | Batch 0520 (Ep 15598) | R:   -218.5 (  -383.4)  Scout_R:  +149.1  Cmdr_R:  -367.6  Scout:100% Cmdr:99%  scout:[survived=120] cmdr:[survived=89 boundary=1] refills=476  NN_dec=2819/2970  fire: peak=335 final=308 supp=26 ext=40.4  79.7s
   Cmdr reward breakdown: r_extinguish=+200.000  r_water_waste=-6.967  r_water_near=+0.000  r_fire_out=+0.000  r_spread=-147.790
   Water drops: 1046 total, 600 hit, 446 miss (57% accuracy)  alt=43m [11-79]  dist=45m [2-98]
   FW shaping: surv=+0.0 bound=+0.0 alt_pen=+0.0 approach=-30.0 alt_shape=+306.6  avg_dist_scout=327m
   [SCOUT DIAG] ratio: 1.0000+/-0.0000 [1.0000,1.0000] | adv: 0.0340+/-1.0691 | alive=30000/30000
   [CMDR  DIAG] ratio: 1.0096+/-0.1674 [0.2139,2.0286] | adv: 0.0524+/-1.2458 | alive=671/726 | bc_coef=0.000
05:37:49 | Batch 0521 (Ep 15628) | R:   -624.8 (  -421.7)  Scout_R:  +123.0  Cmdr_R:  -747.8  Scout:100% Cmdr:96%  scout:[survived=120] cmdr:[survived=85 boundary=5] refills=437  NN_dec=2740/2970  fire: peak=390 final=374 supp=17 ext=39.0  72.1s
   Cmdr reward breakdown: r_extinguish=+187.333  r_water_waste=-6.800  r_water_near=+0.000  r_fire_out=+0.000  r_spread=-162.815
   Water drops: 1013 total, 562 hit, 451 miss (55% accuracy)  alt=46m [17-79]  dist=46m [2-117]
   FW shaping: surv=+0.0 bound=+0.0 alt_pen=+0.0 approach=-71.3 alt_shape=+280.5  avg_dist_scout=333m
   [SCOUT DIAG] ratio: 1.0000+/-0.0000 [1.0000,1.0000] | adv: 0.1529+/-0.7978 | alive=30000/30000
   [CMDR  DIAG] ratio: 1.0051+/-0.1480 [0.2459,1.9930] | adv: -0.0866+/-1.1452 | alive=686/726 | bc_coef=0.000
05:39:22 | Batch 0522 (Ep 15658) | R:   -253.2 (  -439.0)  Scout_R:  +158.0  Cmdr_R:  -411.1  Scout:100% Cmdr:95%  scout:[survived=120] cmdr:[survived=85 boundary=5] refills=554  NN_dec=2648/2970  fire: peak=372 final=342 supp=30 ext=49.2  75.1s
   Cmdr reward breakdown: r_extinguish=+228.333  r_water_waste=-7.467  r_water_near=+0.000  r_fire_out=+0.000  r_spread=-160.620
   Water drops: 1176 total, 685 hit, 491 miss (58% accuracy)  alt=45m [17-80]  dist=46m [2-99]
   FW shaping: surv=+0.0 bound=+0.0 alt_pen=+0.0 approach=-34.1 alt_shape=+288.5  avg_dist_scout=308m
   [SCOUT DIAG] ratio: 1.0000+/-0.0000 [1.0000,1.0000] | adv: -0.0375+/-0.9735 | alive=30000/30000
   [CMDR  DIAG] ratio: 1.0022+/-0.1778 [0.2551,2.7997] | adv: -0.2621+/-1.1394 | alive=663/726 | bc_coef=0.000
05:40:54 | Batch 0523 (Ep 15688) | R:   -541.0 (  -397.1)  Scout_R:   +81.1  Cmdr_R:  -622.1  Scout:100% Cmdr:99%  scout:[survived=120] cmdr:[survived=89 boundary=1] refills=395  NN_dec=2841/2970  fire: peak=375 final=363 supp=12 ext=36.3  74.3s
   Cmdr reward breakdown: r_extinguish=+172.000  r_water_waste=-5.333  r_water_near=+0.000  r_fire_out=+5.000  r_spread=-164.480
   Water drops: 863 total, 516 hit, 347 miss (60% accuracy)  alt=45m [15-79]  dist=42m [3-108]
   FW shaping: surv=+0.0 bound=+0.0 alt_pen=+0.0 approach=-44.4 alt_shape=+301.3  avg_dist_scout=318m
   [SCOUT DIAG] ratio: 1.0000+/-0.0000 [1.0000,1.0000] | adv: -0.0169+/-0.9545 | alive=30000/30000
   [CMDR  DIAG] ratio: 0.9977+/-0.1945 [0.2670,3.8826] | adv: -0.2483+/-1.3157 | alive=690/726 | bc_coef=0.000
05:42:24 | Batch 0524 (Ep 15718) | R:   -122.2 (  -331.6)  Scout_R:  +191.2  Cmdr_R:  -313.4  Scout:100% Cmdr:98%  scout:[survived=120] cmdr:[survived=88 boundary=2] refills=461  NN_dec=2765/2970  fire: peak=326 final=299 supp=28 ext=44.3  72.8s
   Cmdr reward breakdown: r_extinguish=+206.667  r_water_waste=-7.200  r_water_near=+0.000  r_fire_out=+0.000  r_spread=-148.590
   Water drops: 1086 total, 620 hit, 466 miss (57% accuracy)  alt=43m [18-79]  dist=45m [1-102]
   FW shaping: surv=+0.0 bound=+0.0 alt_pen=+0.0 approach=-20.3 alt_shape=+347.4  avg_dist_scout=282m
   [SCOUT DIAG] ratio: 1.0000+/-0.0000 [1.0000,1.0000] | adv: -0.0400+/-1.0677 | alive=30000/30000
   [CMDR  DIAG] ratio: 0.9939+/-0.1175 [0.4146,2.2064] | adv: -0.4385+/-1.7359 | alive=656/726 | bc_coef=0.000
05:43:56 | Batch 0525 (Ep 15748) | R:  -1028.4 (  -575.3)  Scout_R:   +42.5  Cmdr_R: -1070.9  Scout:100% Cmdr:96%  scout:[survived=120] cmdr:[survived=86 boundary=4] refills=382  NN_dec=2797/2970  fire: peak=473 final=465 supp=8 ext=38.8  74.1s
   Cmdr reward breakdown: r_extinguish=+166.000  r_water_waste=-4.383  r_water_near=+0.000  r_fire_out=+0.000  r_spread=-201.075
   Water drops: 786 total, 498 hit, 288 miss (63% accuracy)  alt=47m [19-76]  dist=44m [2-109]
   FW shaping: surv=+0.0 bound=+0.0 alt_pen=+0.0 approach=-79.6 alt_shape=+259.4  avg_dist_scout=368m
   [SCOUT DIAG] ratio: 1.0000+/-0.0000 [1.0000,1.0000] | adv: 0.1834+/-0.6857 | alive=30000/30000
   [CMDR  DIAG] ratio: 1.0125+/-0.1772 [0.1638,4.1455] | adv: 0.1463+/-0.8566 | alive=713/726 | bc_coef=0.000
05:45:25 | Batch 0526 (Ep 15778) | R:   -286.2 (  -657.3)  Scout_R:  +146.4  Cmdr_R:  -432.6  Scout:100% Cmdr:99%  scout:[survived=120] cmdr:[survived=89 boundary=1] refills=583  NN_dec=2779/2970  fire: peak=308 final=280 supp=28 ext=46.5  71.9s
   Cmdr reward breakdown: r_extinguish=+245.333  r_water_waste=-6.167  r_water_near=+0.000  r_fire_out=+0.000  r_spread=-142.930
   Water drops: 1139 total, 736 hit, 403 miss (65% accuracy)  alt=46m [19-79]  dist=42m [3-86]
   FW shaping: surv=+0.0 bound=+0.0 alt_pen=+0.0 approach=-17.2 alt_shape=+361.8  avg_dist_scout=279m
   [SCOUT DIAG] ratio: 1.0000+/-0.0000 [1.0000,1.0000] | adv: -0.0655+/-1.0908 | alive=30000/30000
   [CMDR  DIAG] ratio: 0.9942+/-0.1397 [0.2693,1.8820] | adv: -0.1528+/-1.1952 | alive=720/726 | bc_coef=0.000
05:46:57 | Batch 0527 (Ep 15808) | R:   -593.2 (  -439.7)  Scout_R:   +23.2  Cmdr_R:  -616.4  Scout:100% Cmdr:94%  scout:[survived=120] cmdr:[survived=83 boundary=7] refills=404  NN_dec=2688/2970  fire: peak=272 final=257 supp=14 ext=38.4  74.0s
   Cmdr reward breakdown: r_extinguish=+198.333  r_water_waste=-6.417  r_water_near=+0.000  r_fire_out=+5.000  r_spread=-121.005
   Water drops: 1011 total, 595 hit, 416 miss (59% accuracy)  alt=45m [19-80]  dist=46m [2-102]
   FW shaping: surv=+0.0 bound=+0.0 alt_pen=+0.0 approach=-13.0 alt_shape=+274.8  avg_dist_scout=354m
   [SCOUT DIAG] ratio: 1.0000+/-0.0000 [1.0000,1.0000] | adv: -0.0694+/-1.1603 | alive=30000/30000
   [CMDR  DIAG] ratio: 0.9998+/-0.1221 [0.2227,2.3018] | adv: -0.0663+/-1.0624 | alive=657/726 | bc_coef=0.000
05:48:28 | Batch 0528 (Ep 15838) | R:   -511.2 (  -552.2)  Scout_R:  +123.2  Cmdr_R:  -634.3  Scout:100% Cmdr:96%  scout:[survived=120] cmdr:[survived=85 boundary=5] refills=438  NN_dec=2705/2970  fire: peak=328 final=315 supp=13 ext=40.7  73.1s
   Cmdr reward breakdown: r_extinguish=+206.000  r_water_waste=-7.617  r_water_near=+0.000  r_fire_out=+0.000  r_spread=-143.110
   Water drops: 1116 total, 618 hit, 498 miss (55% accuracy)  alt=44m [15-80]  dist=46m [4-107]
   FW shaping: surv=+0.0 bound=+0.0 alt_pen=+0.0 approach=-82.7 alt_shape=+316.9  avg_dist_scout=309m
   [SCOUT DIAG] ratio: 1.0000+/-0.0000 [1.0000,1.0000] | adv: 0.0360+/-0.8834 | alive=30000/30000
   [CMDR  DIAG] ratio: 1.0022+/-0.1164 [0.4251,1.6926] | adv: 0.0415+/-1.0475 | alive=691/726 | bc_coef=0.000
05:50:03 | Batch 0529 (Ep 15868) | R:   -440.5 (  -475.8)  Scout_R:  +131.0  Cmdr_R:  -571.5  Scout:100% Cmdr:97%  scout:[survived=120] cmdr:[survived=87 boundary=3] refills=478  NN_dec=2727/2970  fire: peak=366 final=340 supp=25 ext=39.7  77.2s
   Cmdr reward breakdown: r_extinguish=+188.000  r_water_waste=-7.450  r_water_near=+0.000  r_fire_out=+0.000  r_spread=-162.010
   Water drops: 1050 total, 564 hit, 486 miss (54% accuracy)  alt=44m [13-79]  dist=46m [7-101]
   FW shaping: surv=+0.0 bound=+0.0 alt_pen=+0.0 approach=-66.2 alt_shape=+279.0  avg_dist_scout=341m
   [SCOUT DIAG] ratio: 1.0000+/-0.0000 [1.0000,1.0000] | adv: -0.0899+/-1.0604 | alive=30000/30000
   [CMDR  DIAG] ratio: 1.0069+/-0.0849 [0.4951,1.6779] | adv: 0.0742+/-0.8581 | alive=663/726 | bc_coef=0.000
05:51:34 | Batch 0530 (Ep 15898) | R:   -329.3 (  -384.9)  Scout_R:   -23.0  Cmdr_R:  -306.3  Scout:100% Cmdr:99%  scout:[survived=120] cmdr:[survived=89 boundary=1] refills=502  NN_dec=2791/2970  fire: peak=263 final=246 supp=17 ext=37.8  73.2s
   Cmdr reward breakdown: r_extinguish=+205.000  r_water_waste=-7.783  r_water_near=+0.000  r_fire_out=+0.000  r_spread=-125.225
   Water drops: 1119 total, 615 hit, 504 miss (55% accuracy)  alt=45m [14-79]  dist=46m [2-97]
   FW shaping: surv=+0.0 bound=+0.0 alt_pen=+0.0 approach=-2.0 alt_shape=+331.7  avg_dist_scout=281m
   [SCOUT DIAG] ratio: 1.0000+/-0.0000 [1.0000,1.0000] | adv: -0.1833+/-1.2096 | alive=30000/30000
   [CMDR  DIAG] ratio: 1.0145+/-0.2091 [0.2930,3.2543] | adv: -0.0587+/-1.0694 | alive=651/726 | bc_coef=0.000
05:53:10 | Batch 0531 (Ep 15928) | R:   -658.9 (  -494.1)  Scout_R:    -5.4  Cmdr_R:  -653.5  Scout:100% Cmdr:93%  scout:[survived=120] cmdr:[survived=82 boundary=8] refills=356  NN_dec=2681/2970  fire: peak=319 final=302 supp=17 ext=35.6  71.1s
   Cmdr reward breakdown: r_extinguish=+171.667  r_water_waste=-5.717  r_water_near=+0.000  r_fire_out=+0.000  r_spread=-128.330
   Water drops: 881 total, 515 hit, 366 miss (58% accuracy)  alt=45m [17-79]  dist=44m [2-104]
   FW shaping: surv=+0.0 bound=+0.0 alt_pen=+0.0 approach=-76.2 alt_shape=+300.9  avg_dist_scout=309m
   [SCOUT DIAG] ratio: 1.0000+/-0.0000 [1.0000,1.0000] | adv: -0.0820+/-1.1322 | alive=30000/30000
   [CMDR  DIAG] ratio: 0.9970+/-0.1589 [0.2995,2.0628] | adv: -0.1765+/-1.1468 | alive=657/726 | bc_coef=0.000
05:54:41 | Batch 0532 (Ep 15958) | R:   -694.1 (  -676.5)  Scout_R:  +102.7  Cmdr_R:  -796.8  Scout:100% Cmdr:94%  scout:[survived=120] cmdr:[survived=83 boundary=7] refills=389  NN_dec=2692/2970  fire: peak=387 final=364 supp=23 ext=37.4  73.1s
   Cmdr reward breakdown: r_extinguish=+175.667  r_water_waste=-5.867  r_water_near=+0.000  r_fire_out=+5.000  r_spread=-158.855
   Water drops: 911 total, 527 hit, 384 miss (58% accuracy)  alt=44m [13-78]  dist=43m [5-96]
   FW shaping: surv=+0.0 bound=+0.0 alt_pen=+0.0 approach=-44.7 alt_shape=+288.7  avg_dist_scout=328m
   [SCOUT DIAG] ratio: 1.0000+/-0.0000 [1.0000,1.0000] | adv: -0.0791+/-1.0794 | alive=30000/30000
   [CMDR  DIAG] ratio: 1.0080+/-0.1388 [0.4630,1.9889] | adv: 0.2583+/-0.3863 | alive=608/726 | bc_coef=0.000
05:56:09 | Batch 0533 (Ep 15988) | R:   -997.4 (  -845.7)  Scout_R:  -132.9  Cmdr_R:  -864.5  Scout:100% Cmdr:94%  scout:[survived=120] cmdr:[survived=83 boundary=7] refills=265  NN_dec=2743/2970  fire: peak=333 final=312 supp=21 ext=39.5  70.4s
   Cmdr reward breakdown: r_extinguish=+171.000  r_water_waste=-5.417  r_water_near=+0.000  r_fire_out=+0.000  r_spread=-140.710
   Water drops: 858 total, 513 hit, 345 miss (60% accuracy)  alt=45m [19-78]  dist=41m [6-107]
   FW shaping: surv=+0.0 bound=+0.0 alt_pen=+0.0 approach=-86.0 alt_shape=+310.0  avg_dist_scout=323m
   [SCOUT DIAG] ratio: 1.0000+/-0.0000 [1.0000,1.0000] | adv: 0.0220+/-0.9207 | alive=30000/30000
   [CMDR  DIAG] ratio: 1.0025+/-0.1468 [0.5322,2.0720] | adv: 0.3152+/-0.2849 | alive=672/726 | bc_coef=0.000
05:57:40 | Batch 0534 (Ep 16018) | R:   -116.0 (  -556.7)  Scout_R:  +228.3  Cmdr_R:  -344.4  Scout:100% Cmdr:96%  scout:[survived=120] cmdr:[survived=86 boundary=4] refills=509  NN_dec=2761/2970  fire: peak=335 final=322 supp=13 ext=38.5  73.5s
   Cmdr reward breakdown: r_extinguish=+209.333  r_water_waste=-8.850  r_water_near=+0.000  r_fire_out=+0.000  r_spread=-151.785
   Water drops: 1208 total, 628 hit, 580 miss (52% accuracy)  alt=45m [22-77]  dist=48m [1-107]
   FW shaping: surv=+0.0 bound=+0.0 alt_pen=+0.0 approach=-29.8 alt_shape=+357.0  avg_dist_scout=282m
   [SCOUT DIAG] ratio: 1.0000+/-0.0000 [1.0000,1.0000] | adv: -0.2206+/-1.3157 | alive=30000/30000
   [CMDR  DIAG] ratio: 1.0051+/-0.1315 [0.3655,2.2001] | adv: -0.2593+/-1.3081 | alive=629/726 | bc_coef=0.000
05:59:14 | Batch 0535 (Ep 16048) | R:   -902.6 (  -509.3)  Scout_R:   +83.1  Cmdr_R:  -985.8  Scout:100% Cmdr:96%  scout:[survived=120] cmdr:[survived=86 boundary=4] refills=323  NN_dec=2803/2970  fire: peak=366 final=353 supp=14 ext=29.5  76.5s
   Cmdr reward breakdown: r_extinguish=+158.667  r_water_waste=-5.350  r_water_near=+0.000  r_fire_out=+0.000  r_spread=-153.345
   Water drops: 820 total, 476 hit, 344 miss (58% accuracy)  alt=45m [16-79]  dist=46m [9-94]
   FW shaping: surv=+0.0 bound=+0.0 alt_pen=+0.0 approach=-50.9 alt_shape=+303.0  avg_dist_scout=336m
   [SCOUT DIAG] ratio: 1.0000+/-0.0000 [1.0000,1.0000] | adv: 0.1306+/-0.9499 | alive=30000/30000
   [CMDR  DIAG] ratio: 1.0107+/-0.1340 [0.4592,2.2916] | adv: 0.1956+/-0.6922 | alive=686/726 | bc_coef=0.000
06:00:45 | Batch 0536 (Ep 16078) | R:   -659.8 (  -781.2)  Scout_R:   +20.6  Cmdr_R:  -680.4  Scout:100% Cmdr:99%  scout:[survived=120] cmdr:[survived=89 boundary=1] refills=447  NN_dec=2787/2970  fire: peak=438 final=424 supp=14 ext=33.5  73.5s
   Cmdr reward breakdown: r_extinguish=+150.333  r_water_waste=-6.567  r_water_near=+0.000  r_fire_out=+0.000  r_spread=-192.595
   Water drops: 883 total, 451 hit, 432 miss (51% accuracy)  alt=45m [15-78]  dist=43m [3-101]
   FW shaping: surv=+0.0 bound=+0.0 alt_pen=+0.0 approach=-41.1 alt_shape=+304.2  avg_dist_scout=324m
   [SCOUT DIAG] ratio: 1.0000+/-0.0000 [1.0000,1.0000] | adv: -0.0072+/-1.0177 | alive=30000/30000
   [CMDR  DIAG] ratio: 1.0058+/-0.1237 [0.5315,2.4164] | adv: 0.2255+/-0.4395 | alive=624/726 | bc_coef=0.000
06:02:18 | Batch 0537 (Ep 16108) | R:   -508.1 (  -583.9)  Scout_R:   +34.7  Cmdr_R:  -542.7  Scout:100% Cmdr:94%  scout:[survived=120] cmdr:[survived=83 boundary=7] refills=446  NN_dec=2700/2970  fire: peak=414 final=398 supp=16 ext=44.4  74.9s
   Cmdr reward breakdown: r_extinguish=+214.667  r_water_waste=-6.917  r_water_near=+0.000  r_fire_out=+0.000  r_spread=-167.770
   Water drops: 1099 total, 644 hit, 455 miss (59% accuracy)  alt=45m [15-77]  dist=44m [3-100]
   FW shaping: surv=+0.0 bound=+0.0 alt_pen=+0.0 approach=-24.6 alt_shape=+345.4  avg_dist_scout=288m
   [SCOUT DIAG] ratio: 1.0000+/-0.0000 [1.0000,1.0000] | adv: -0.1441+/-1.0993 | alive=30000/30000
   [CMDR  DIAG] ratio: 0.9979+/-0.1204 [0.4974,2.2015] | adv: -0.4114+/-1.6274 | alive=618/726 | bc_coef=0.000
06:03:56 | Batch 0538 (Ep 16138) | R:   -916.4 (  -712.3)  Scout_R:  +252.5  Cmdr_R: -1168.9  Scout:100% Cmdr:98%  scout:[survived=120] cmdr:[survived=88 boundary=2] refills=351  NN_dec=2847/2970  fire: peak=305 final=284 supp=20 ext=36.3  80.0s
   Cmdr reward breakdown: r_extinguish=+174.667  r_water_waste=-6.867  r_water_near=+0.000  r_fire_out=+0.000  r_spread=-136.480
   Water drops: 967 total, 524 hit, 443 miss (54% accuracy)  alt=44m [15-80]  dist=44m [2-121]
   FW shaping: surv=+0.0 bound=+0.0 alt_pen=+0.0 approach=-90.3 alt_shape=+267.6  avg_dist_scout=376m
   [SCOUT DIAG] ratio: 1.0000+/-0.0000 [1.0000,1.0000] | adv: 0.1675+/-0.9369 | alive=30000/30000
   [CMDR  DIAG] ratio: 1.0035+/-0.1470 [0.3243,3.0303] | adv: -0.1153+/-1.0672 | alive=720/726 | bc_coef=0.000
06:05:31 | Batch 0539 (Ep 16168) | R:   -533.3 (  -724.9)  Scout_R:   +60.4  Cmdr_R:  -593.7  Scout:100% Cmdr:96%  scout:[survived=120] cmdr:[survived=85 boundary=5] refills=525  NN_dec=2741/2970  fire: peak=330 final=306 supp=24 ext=47.5  77.4s
   Cmdr reward breakdown: r_extinguish=+213.000  r_water_waste=-10.350  r_water_near=+0.000  r_fire_out=+0.000  r_spread=-148.830
   Water drops: 1308 total, 639 hit, 669 miss (49% accuracy)  alt=45m [18-79]  dist=47m [1-121]
   FW shaping: surv=+0.0 bound=+0.0 alt_pen=+0.0 approach=-78.2 alt_shape=+337.8  avg_dist_scout=312m
   [SCOUT DIAG] ratio: 1.0000+/-0.0000 [1.0000,1.0000] | adv: 0.0814+/-0.9162 | alive=30000/30000
   [CMDR  DIAG] ratio: 1.0004+/-0.1522 [0.3997,2.3229] | adv: 0.0731+/-0.8220 | alive=668/726 | bc_coef=0.000
06:07:07 | Batch 0540 (Ep 16198) | R:   -381.1 (  -457.2)  Scout_R:   +23.8  Cmdr_R:  -405.0  Scout:100% Cmdr:96%  scout:[survived=120] cmdr:[survived=85 boundary=5] refills=523  NN_dec=2706/2970  fire: peak=333 final=322 supp=11 ext=37.5  77.6s
   Cmdr reward breakdown: r_extinguish=+183.000  r_water_waste=-10.000  r_water_near=+0.000  r_fire_out=+0.000  r_spread=-147.525
   Water drops: 1193 total, 549 hit, 644 miss (46% accuracy)  alt=46m [20-79]  dist=45m [2-101]
   FW shaping: surv=+0.0 bound=+0.0 alt_pen=+0.0 approach=-96.1 alt_shape=+335.7  avg_dist_scout=297m
   [SCOUT DIAG] ratio: 1.0000+/-0.0000 [1.0000,1.0000] | adv: 0.0379+/-0.9534 | alive=30000/30000
   [CMDR  DIAG] ratio: 1.0082+/-0.1097 [0.6099,2.2709] | adv: 0.0279+/-0.7736 | alive=647/726 | bc_coef=0.000
06:08:45 | Batch 0541 (Ep 16228) | R:    -67.2 (  -224.2)  Scout_R:  +292.1  Cmdr_R:  -359.3  Scout:100% Cmdr:99%  scout:[survived=120] cmdr:[survived=89 boundary=1] refills=669  NN_dec=2685/2970  fire: peak=369 final=352 supp=16 ext=53.3  73.3s
   Cmdr reward breakdown: r_extinguish=+237.000  r_water_waste=-8.033  r_water_near=+0.000  r_fire_out=+0.000  r_spread=-172.095
   Water drops: 1244 total, 711 hit, 533 miss (57% accuracy)  alt=46m [18-80]  dist=46m [2-117]
   FW shaping: surv=+0.0 bound=+0.0 alt_pen=+0.0 approach=-67.9 alt_shape=+315.2  avg_dist_scout=297m
   [SCOUT DIAG] ratio: 1.0000+/-0.0000 [1.0000,1.0000] | adv: -0.1251+/-1.0604 | alive=30000/30000
   [CMDR  DIAG] ratio: 1.0098+/-0.1230 [0.6061,1.8697] | adv: -0.1257+/-1.3300 | alive=690/726 | bc_coef=0.000
06:10:18 | Batch 0542 (Ep 16258) | R:   -793.0 (  -430.1)  Scout_R:  +148.8  Cmdr_R:  -941.8  Scout:100% Cmdr:98%  scout:[survived=120] cmdr:[survived=88 boundary=2] refills=422  NN_dec=2877/2970  fire: peak=357 final=330 supp=27 ext=43.3  74.7s
   Cmdr reward breakdown: r_extinguish=+182.000  r_water_waste=-6.550  r_water_near=+0.000  r_fire_out=+0.000  r_spread=-161.650
   Water drops: 976 total, 546 hit, 430 miss (56% accuracy)  alt=44m [15-79]  dist=45m [4-93]
   FW shaping: surv=+0.0 bound=+0.0 alt_pen=+0.0 approach=-42.7 alt_shape=+321.1  avg_dist_scout=320m
   [SCOUT DIAG] ratio: 1.0000+/-0.0000 [1.0000,1.0000] | adv: -0.0670+/-1.1282 | alive=30000/30000
   [CMDR  DIAG] ratio: 1.0077+/-0.1395 [0.3290,2.3195] | adv: -0.4112+/-1.3659 | alive=693/726 | bc_coef=0.000
06:11:52 | Batch 0543 (Ep 16288) | R:   -150.1 (  -471.6)  Scout_R:  +119.0  Cmdr_R:  -269.2  Scout:100% Cmdr:93%  scout:[survived=120] cmdr:[survived=83 boundary=7] refills=458  NN_dec=2651/2970  fire: peak=411 final=386 supp=25 ext=48.5  76.5s
   Cmdr reward breakdown: r_extinguish=+218.667  r_water_waste=-7.317  r_water_near=+0.000  r_fire_out=+0.000  r_spread=-179.725
   Water drops: 1127 total, 656 hit, 471 miss (58% accuracy)  alt=46m [19-80]  dist=44m [1-105]
   FW shaping: surv=+0.0 bound=+0.0 alt_pen=+0.0 approach=-6.5 alt_shape=+313.3  avg_dist_scout=276m
   [SCOUT DIAG] ratio: 1.0000+/-0.0000 [1.0000,1.0000] | adv: 0.1757+/-0.7509 | alive=30000/30000
   [CMDR  DIAG] ratio: 0.9987+/-0.1353 [0.3401,2.1796] | adv: -0.1013+/-1.2232 | alive=639/726 | bc_coef=0.000
06:13:23 | Batch 0544 (Ep 16318) | R:   -162.9 (  -156.5)  Scout_R:  +189.6  Cmdr_R:  -352.4  Scout:100% Cmdr:96%  scout:[survived=120] cmdr:[survived=86 boundary=4] refills=425  NN_dec=2784/2970  fire: peak=289 final=256 supp=33 ext=39.7  73.8s
   Cmdr reward breakdown: r_extinguish=+190.000  r_water_waste=-7.583  r_water_near=+0.000  r_fire_out=+0.000  r_spread=-127.200
   Water drops: 1064 total, 570 hit, 494 miss (54% accuracy)  alt=46m [18-80]  dist=48m [2-99]
   FW shaping: surv=+0.0 bound=+0.0 alt_pen=+0.0 approach=-7.1 alt_shape=+330.9  avg_dist_scout=284m
   [SCOUT DIAG] ratio: 1.0000+/-0.0000 [1.0000,1.0000] | adv: 0.1541+/-0.7767 | alive=30000/30000
   [CMDR  DIAG] ratio: 1.0057+/-0.1130 [0.4890,1.7214] | adv: 0.2721+/-0.4310 | alive=665/726 | bc_coef=0.000
06:14:54 | Batch 0545 (Ep 16348) | R:   -290.0 (  -226.4)  Scout_R:  +104.5  Cmdr_R:  -394.5  Scout:100% Cmdr:95%  scout:[survived=120] cmdr:[survived=84 boundary=6] refills=519  NN_dec=2668/2970  fire: peak=375 final=348 supp=27 ext=42.9  72.8s
   Cmdr reward breakdown: r_extinguish=+206.000  r_water_waste=-6.550  r_water_near=+0.000  r_fire_out=+5.000  r_spread=-164.580
   Water drops: 1040 total, 618 hit, 422 miss (59% accuracy)  alt=43m [16-80]  dist=45m [4-126]
   FW shaping: surv=+0.0 bound=+0.0 alt_pen=+0.0 approach=-58.3 alt_shape=+325.7  avg_dist_scout=290m
   [SCOUT DIAG] ratio: 1.0000+/-0.0000 [1.0000,1.0000] | adv: -0.2308+/-1.0601 | alive=30000/30000
   [CMDR  DIAG] ratio: 1.0149+/-0.1636 [0.3541,2.3735] | adv: 0.2563+/-0.2527 | alive=653/726 | bc_coef=0.000
06:16:26 | Batch 0546 (Ep 16378) | R:   -315.9 (  -302.9)  Scout_R:  +293.0  Cmdr_R:  -608.9  Scout:100% Cmdr:96%  scout:[survived=120] cmdr:[survived=85 boundary=5] refills=506  NN_dec=2717/2970  fire: peak=412 final=382 supp=30 ext=51.7  74.3s
   Cmdr reward breakdown: r_extinguish=+231.667  r_water_waste=-7.250  r_water_near=+0.000  r_fire_out=+0.000  r_spread=-181.155
   Water drops: 1165 total, 695 hit, 470 miss (60% accuracy)  alt=44m [18-80]  dist=44m [2-105]
   FW shaping: surv=+0.0 bound=+0.0 alt_pen=+0.0 approach=-60.3 alt_shape=+324.8  avg_dist_scout=294m
   [SCOUT DIAG] ratio: 1.0000+/-0.0000 [1.0000,1.0000] | adv: -0.0707+/-0.9680 | alive=30000/30000
   [CMDR  DIAG] ratio: 1.0069+/-0.1496 [0.3065,3.4713] | adv: 0.0014+/-0.9606 | alive=699/726 | bc_coef=0.000
06:17:55 | Batch 0547 (Ep 16408) | R:    -16.7 (  -166.3)  Scout_R:   +12.4  Cmdr_R:   -29.1  Scout:100% Cmdr:98%  scout:[survived=120] cmdr:[survived=88 boundary=2] refills=341  NN_dec=2893/2970  fire: peak=263 final=228 supp=34 ext=47.4  71.3s
   Cmdr reward breakdown: r_extinguish=+214.000  r_water_waste=-6.050  r_water_near=+0.000  r_fire_out=+0.000  r_spread=-121.245
   Water drops: 1039 total, 642 hit, 397 miss (62% accuracy)  alt=44m [14-80]  dist=44m [3-108]
   FW shaping: surv=+0.0 bound=+0.0 alt_pen=+0.0 approach=+28.2 alt_shape=+398.3  avg_dist_scout=238m
   [SCOUT DIAG] ratio: 1.0000+/-0.0000 [1.0000,1.0000] | adv: 0.0545+/-0.9988 | alive=30000/30000
   [CMDR  DIAG] ratio: 1.0140+/-0.1637 [0.3705,3.1051] | adv: 0.0097+/-1.1203 | alive=724/726 | bc_coef=0.000
06:19:27 | Batch 0548 (Ep 16438) | R:   -412.5 (  -214.6)  Scout_R:  +224.3  Cmdr_R:  -636.7  Scout:100% Cmdr:95%  scout:[survived=120] cmdr:[survived=85 boundary=5] refills=527  NN_dec=2659/2970  fire: peak=429 final=398 supp=31 ext=47.9  74.6s
   Cmdr reward breakdown: r_extinguish=+219.667  r_water_waste=-7.317  r_water_near=+0.000  r_fire_out=+0.000  r_spread=-180.440
   Water drops: 1135 total, 659 hit, 476 miss (58% accuracy)  alt=46m [10-80]  dist=46m [1-124]
   FW shaping: surv=+0.0 bound=+0.0 alt_pen=+0.0 approach=-67.0 alt_shape=+272.5  avg_dist_scout=328m
   [SCOUT DIAG] ratio: 1.0000+/-0.0000 [1.0000,1.0000] | adv: 0.1301+/-0.8824 | alive=30000/30000
   [CMDR  DIAG] ratio: 1.0075+/-0.1137 [0.2502,1.7487] | adv: 0.1383+/-0.8126 | alive=682/726 | bc_coef=0.000
06:21:01 | Batch 0549 (Ep 16468) | R:   -947.9 (  -680.2)  Scout_R:  +188.6  Cmdr_R: -1136.5  Scout:100% Cmdr:96%  scout:[survived=120] cmdr:[survived=86 boundary=4] refills=426  NN_dec=2715/2970  fire: peak=281 final=255 supp=27 ext=41.8  75.9s
   Cmdr reward breakdown: r_extinguish=+183.333  r_water_waste=-5.350  r_water_near=+0.000  r_fire_out=+0.000  r_spread=-127.235
   Water drops: 904 total, 550 hit, 354 miss (61% accuracy)  alt=44m [12-80]  dist=44m [1-94]
   FW shaping: surv=+0.0 bound=+0.0 alt_pen=+0.0 approach=-68.6 alt_shape=+261.8  avg_dist_scout=376m
   [SCOUT DIAG] ratio: 1.0000+/-0.0000 [1.0000,1.0000] | adv: -0.1152+/-1.0851 | alive=30000/30000
   [CMDR  DIAG] ratio: 1.0098+/-0.1152 [0.2872,1.9648] | adv: 0.2284+/-0.8079 | alive=645/726 | bc_coef=0.000
06:22:32 | Batch 0550 (Ep 16498) | R:   -330.3 (  -639.1)  Scout_R:  +152.4  Cmdr_R:  -482.7  Scout:100% Cmdr:99%  scout:[survived=120] cmdr:[survived=89 boundary=1] refills=422  NN_dec=2838/2970  fire: peak=338 final=321 supp=17 ext=47.4  74.2s
   Cmdr reward breakdown: r_extinguish=+212.667  r_water_waste=-6.500  r_water_near=+0.000  r_fire_out=+0.000  r_spread=-159.655
   Water drops: 1062 total, 638 hit, 424 miss (60% accuracy)  alt=44m [6-80]  dist=46m [1-95]
   FW shaping: surv=+0.0 bound=+0.0 alt_pen=+0.0 approach=+3.6 alt_shape=+340.7  avg_dist_scout=293m
   [SCOUT DIAG] ratio: 1.0000+/-0.0000 [1.0000,1.0000] | adv: 0.0428+/-0.9493 | alive=30000/30000
   [CMDR  DIAG] ratio: 1.0015+/-0.1321 [0.3494,2.1299] | adv: 0.0874+/-0.8705 | alive=679/726 | bc_coef=0.000
06:24:11 | Batch 0551 (Ep 16528) | R:   -558.8 (  -444.6)  Scout_R:  +220.5  Cmdr_R:  -779.3  Scout:100% Cmdr:97%  scout:[survived=120] cmdr:[survived=87 boundary=3] refills=438  NN_dec=2808/2970  fire: peak=317 final=285 supp=32 ext=48.8  73.1s
   Cmdr reward breakdown: r_extinguish=+226.667  r_water_waste=-6.933  r_water_near=+0.000  r_fire_out=+0.000  r_spread=-146.695
   Water drops: 1128 total, 680 hit, 448 miss (60% accuracy)  alt=46m [19-80]  dist=44m [2-98]
   FW shaping: surv=+0.0 bound=+0.0 alt_pen=+0.0 approach=-25.4 alt_shape=+343.1  avg_dist_scout=307m
   [SCOUT DIAG] ratio: 1.0000+/-0.0000 [1.0000,1.0000] | adv: -0.0057+/-1.0472 | alive=30000/30000
   [CMDR  DIAG] ratio: 1.0056+/-0.1240 [0.4520,2.3986] | adv: 0.0413+/-1.0339 | alive=686/726 | bc_coef=0.000
06:25:41 | Batch 0552 (Ep 16558) | R:   -375.4 (  -467.1)  Scout_R:   -15.3  Cmdr_R:  -360.2  Scout:100% Cmdr:98%  scout:[survived=120] cmdr:[survived=88 boundary=2] refills=452  NN_dec=2821/2970  fire: peak=323 final=296 supp=27 ext=55.3  72.8s
   Cmdr reward breakdown: r_extinguish=+239.667  r_water_waste=-8.583  r_water_near=+0.000  r_fire_out=+0.000  r_spread=-163.280
   Water drops: 1271 total, 719 hit, 552 miss (57% accuracy)  alt=46m [16-80]  dist=49m [5-107]
   FW shaping: surv=+0.0 bound=+0.0 alt_pen=+0.0 approach=+4.8 alt_shape=+364.6  avg_dist_scout=281m
   [SCOUT DIAG] ratio: 1.0000+/-0.0000 [1.0000,1.0000] | adv: 0.0282+/-0.8312 | alive=30000/30000
   [CMDR  DIAG] ratio: 1.0098+/-0.1365 [0.4255,2.2022] | adv: -0.2129+/-1.5512 | alive=685/726 | bc_coef=0.000
06:27:16 | Batch 0553 (Ep 16588) | R:   -390.0 (  -382.7)  Scout_R:  +152.8  Cmdr_R:  -542.7  Scout:100% Cmdr:96%  scout:[survived=120] cmdr:[survived=86 boundary=4] refills=436  NN_dec=2730/2970  fire: peak=307 final=287 supp=20 ext=35.2  76.4s
   Cmdr reward breakdown: r_extinguish=+189.000  r_water_waste=-5.983  r_water_near=+0.000  r_fire_out=+0.000  r_spread=-137.570
   Water drops: 956 total, 567 hit, 389 miss (59% accuracy)  alt=43m [15-79]  dist=45m [6-102]
   FW shaping: surv=+0.0 bound=+0.0 alt_pen=+0.0 approach=-48.5 alt_shape=+274.9  avg_dist_scout=333m
   [SCOUT DIAG] ratio: 1.0000+/-0.0000 [1.0000,1.0000] | adv: 0.0459+/-0.9615 | alive=30000/30000
   [CMDR  DIAG] ratio: 1.0084+/-0.1399 [0.1863,2.4328] | adv: 0.1075+/-0.9836 | alive=674/726 | bc_coef=0.000
06:28:46 | Batch 0554 (Ep 16618) | R:   -749.9 (  -569.9)  Scout_R:   +46.5  Cmdr_R:  -796.3  Scout:100% Cmdr:96%  scout:[survived=120] cmdr:[survived=86 boundary=4] refills=439  NN_dec=2787/2970  fire: peak=356 final=341 supp=14 ext=32.8  72.2s
   Cmdr reward breakdown: r_extinguish=+166.667  r_water_waste=-7.400  r_water_near=+0.000  r_fire_out=+0.000  r_spread=-148.705
   Water drops: 982 total, 500 hit, 482 miss (51% accuracy)  alt=43m [12-80]  dist=48m [4-113]
   FW shaping: surv=+0.0 bound=+0.0 alt_pen=+0.0 approach=-71.5 alt_shape=+298.8  avg_dist_scout=332m
   [SCOUT DIAG] ratio: 1.0000+/-0.0000 [1.0000,1.0000] | adv: -0.0419+/-1.1220 | alive=30000/30000
   [CMDR  DIAG] ratio: 1.0075+/-0.1439 [0.1396,2.4153] | adv: -0.0691+/-1.1935 | alive=675/726 | bc_coef=0.000
06:30:22 | Batch 0555 (Ep 16648) | R:   -429.3 (  -589.6)  Scout_R:  +157.0  Cmdr_R:  -586.3  Scout:100% Cmdr:99%  scout:[survived=120] cmdr:[survived=89 boundary=1] refills=410  NN_dec=2831/2970  fire: peak=317 final=297 supp=20 ext=36.2  78.0s
   Cmdr reward breakdown: r_extinguish=+174.333  r_water_waste=-6.350  r_water_near=+0.000  r_fire_out=+0.000  r_spread=-144.850
   Water drops: 928 total, 523 hit, 405 miss (56% accuracy)  alt=46m [4-80]  dist=45m [3-96]
   FW shaping: surv=+0.0 bound=+0.0 alt_pen=+0.0 approach=-2.4 alt_shape=+337.4  avg_dist_scout=285m
   [SCOUT DIAG] ratio: 1.0000+/-0.0000 [1.0000,1.0000] | adv: -0.0037+/-0.9348 | alive=30000/30000
   [CMDR  DIAG] ratio: 1.0031+/-0.1770 [0.3622,3.1081] | adv: -0.0971+/-1.2223 | alive=654/726 | bc_coef=0.000
06:31:55 | Batch 0556 (Ep 16678) | R:   -480.9 (  -455.1)  Scout_R:   +37.7  Cmdr_R:  -518.6  Scout:100% Cmdr:98%  scout:[survived=120] cmdr:[survived=88 boundary=2] refills=452  NN_dec=2806/2970  fire: peak=368 final=344 supp=24 ext=38.8  74.4s
   Cmdr reward breakdown: r_extinguish=+200.333  r_water_waste=-7.233  r_water_near=+0.000  r_fire_out=+0.000  r_spread=-163.685
   Water drops: 1074 total, 601 hit, 473 miss (56% accuracy)  alt=44m [17-79]  dist=46m [3-94]
   FW shaping: surv=+0.0 bound=+0.0 alt_pen=+0.0 approach=-51.8 alt_shape=+347.5  avg_dist_scout=309m
   [SCOUT DIAG] ratio: 1.0000+/-0.0000 [1.0000,1.0000] | adv: 0.0526+/-0.9608 | alive=30000/30000
   [CMDR  DIAG] ratio: 1.0012+/-0.1761 [0.3274,2.4399] | adv: -0.3130+/-1.5726 | alive=702/726 | bc_coef=0.000
06:33:24 | Batch 0557 (Ep 16708) | R:   -956.4 (  -718.7)  Scout_R:   +52.8  Cmdr_R: -1009.2  Scout:100% Cmdr:97%  scout:[survived=120] cmdr:[survived=87 boundary=3] refills=529  NN_dec=2668/2970  fire: peak=345 final=324 supp=22 ext=39.3  71.9s
   Cmdr reward breakdown: r_extinguish=+179.667  r_water_waste=-6.033  r_water_near=+0.000  r_fire_out=+0.000  r_spread=-153.095
   Water drops: 934 total, 539 hit, 395 miss (58% accuracy)  alt=46m [17-79]  dist=44m [3-124]
   FW shaping: surv=+0.0 bound=+0.0 alt_pen=+0.0 approach=-89.9 alt_shape=+271.9  avg_dist_scout=362m
   [SCOUT DIAG] ratio: 1.0000+/-0.0000 [1.0000,1.0000] | adv: 0.1029+/-0.8338 | alive=30000/30000
   [CMDR  DIAG] ratio: 1.0080+/-0.1641 [0.3677,2.6905] | adv: 0.0932+/-0.9217 | alive=599/726 | bc_coef=0.000
06:34:55 | Batch 0558 (Ep 16738) | R:  -1009.4 (  -982.9)  Scout_R:   -72.9  Cmdr_R:  -936.5  Scout:100% Cmdr:94%  scout:[survived=120] cmdr:[survived=84 boundary=6] refills=410  NN_dec=2689/2970  fire: peak=396 final=369 supp=27 ext=36.7  72.4s
   Cmdr reward breakdown: r_extinguish=+164.667  r_water_waste=-6.283  r_water_near=+0.000  r_fire_out=+0.000  r_spread=-164.690
   Water drops: 907 total, 494 hit, 413 miss (54% accuracy)  alt=47m [15-80]  dist=46m [3-121]
   FW shaping: surv=+0.0 bound=+0.0 alt_pen=+0.0 approach=-83.1 alt_shape=+261.5  avg_dist_scout=347m
   [SCOUT DIAG] ratio: 1.0000+/-0.0000 [1.0000,1.0000] | adv: 0.0356+/-1.0124 | alive=30000/30000
   [CMDR  DIAG] ratio: 1.0002+/-0.1296 [0.4195,1.8503] | adv: -0.1691+/-1.1304 | alive=678/726 | bc_coef=0.000
06:36:26 | Batch 0559 (Ep 16768) | R:   -249.6 (  -629.5)  Scout_R:   +58.7  Cmdr_R:  -308.4  Scout:100% Cmdr:99%  scout:[survived=120] cmdr:[survived=89 boundary=1] refills=530  NN_dec=2851/2970  fire: peak=284 final=262 supp=22 ext=46.8  72.6s
   Cmdr reward breakdown: r_extinguish=+242.333  r_water_waste=-9.100  r_water_near=+0.000  r_fire_out=+0.000  r_spread=-138.910
   Water drops: 1319 total, 727 hit, 592 miss (55% accuracy)  alt=43m [12-78]  dist=46m [3-116]
   FW shaping: surv=+0.0 bound=+0.0 alt_pen=+0.0 approach=-5.2 alt_shape=+378.3  avg_dist_scout=287m
   [SCOUT DIAG] ratio: 1.0000+/-0.0000 [1.0000,1.0000] | adv: 0.0797+/-0.8404 | alive=30000/30000
   [CMDR  DIAG] ratio: 1.0079+/-0.1229 [0.4573,1.8663] | adv: 0.0353+/-0.8296 | alive=720/726 | bc_coef=0.000
06:37:56 | Batch 0560 (Ep 16798) | R:   -915.5 (  -582.6)  Scout_R:   +17.2  Cmdr_R:  -932.7  Scout:100% Cmdr:93%  scout:[survived=120] cmdr:[survived=81 boundary=8 ground_crash=1] refills=306  NN_dec=2706/2970  fire: peak=407 final=396 supp=12 ext=30.5  72.4s
   Cmdr reward breakdown: r_extinguish=+163.667  r_water_waste=-6.433  r_water_near=+0.000  r_fire_out=+0.000  r_spread=-165.060
   Water drops: 908 total, 491 hit, 417 miss (54% accuracy)  alt=45m [15-80]  dist=46m [5-104]
   FW shaping: surv=+0.0 bound=+0.0 alt_pen=+0.0 approach=-75.8 alt_shape=+310.4  avg_dist_scout=314m
   [SCOUT DIAG] ratio: 1.0000+/-0.0000 [1.0000,1.0000] | adv: 0.0755+/-0.9503 | alive=30000/30000
   [CMDR  DIAG] ratio: 1.0086+/-0.1004 [0.4642,1.6158] | adv: 0.2730+/-0.5996 | alive=649/726 | bc_coef=0.000
06:39:36 | Batch 0561 (Ep 16828) | R:    +12.8 (  -451.3)  Scout_R:   +91.3  Cmdr_R:   -78.5  Scout:100% Cmdr:97%  scout:[survived=120] cmdr:[survived=87 boundary=3] refills=496  NN_dec=2734/2970  fire: peak=299 final=278 supp=21 ext=38.4  73.4s
   Cmdr reward breakdown: r_extinguish=+188.000  r_water_waste=-7.017  r_water_near=+0.000  r_fire_out=+5.000  r_spread=-129.395
   Water drops: 1019 total, 564 hit, 455 miss (55% accuracy)  alt=43m [20-79]  dist=43m [4-106]
   FW shaping: surv=+0.0 bound=+0.0 alt_pen=+0.0 approach=+3.9 alt_shape=+377.5  avg_dist_scout=254m
   [SCOUT DIAG] ratio: 1.0000+/-0.0000 [1.0000,1.0000] | adv: 0.0742+/-0.8771 | alive=30000/30000
   [CMDR  DIAG] ratio: 1.0010+/-0.1157 [0.3886,2.0457] | adv: -0.4511+/-1.7971 | alive=678/726 | bc_coef=0.000
06:41:08 | Batch 0562 (Ep 16858) | R:   -416.3 (  -201.7)  Scout_R:  +103.1  Cmdr_R:  -519.4  Scout:100% Cmdr:96%  scout:[survived=120] cmdr:[survived=86 boundary=4] refills=419  NN_dec=2700/2970  fire: peak=356 final=340 supp=16 ext=35.2  74.6s
   Cmdr reward breakdown: r_extinguish=+162.667  r_water_waste=-5.200  r_water_near=+0.000  r_fire_out=+0.000  r_spread=-150.500
   Water drops: 831 total, 488 hit, 343 miss (59% accuracy)  alt=44m [12-79]  dist=44m [5-82]
   FW shaping: surv=+0.0 bound=+0.0 alt_pen=+0.0 approach=-34.8 alt_shape=+265.2  avg_dist_scout=324m
   [SCOUT DIAG] ratio: 1.0000+/-0.0000 [1.0000,1.0000] | adv: 0.0509+/-0.8043 | alive=30000/30000
   [CMDR  DIAG] ratio: 1.0027+/-0.1472 [0.3002,1.8759] | adv: 0.0233+/-0.9179 | alive=714/726 | bc_coef=0.000
06:42:40 | Batch 0563 (Ep 16888) | R:   -178.1 (  -297.2)  Scout_R:   +46.7  Cmdr_R:  -224.8  Scout:100% Cmdr:98%  scout:[survived=120] cmdr:[survived=88 boundary=2] refills=505  NN_dec=2834/2970  fire: peak=335 final=316 supp=18 ext=42.5  73.7s
   Cmdr reward breakdown: r_extinguish=+217.667  r_water_waste=-7.083  r_water_near=+0.000  r_fire_out=+0.000  r_spread=-153.810
   Water drops: 1119 total, 653 hit, 466 miss (58% accuracy)  alt=45m [13-79]  dist=46m [7-98]
   FW shaping: surv=+0.0 bound=+0.0 alt_pen=+0.0 approach=+14.9 alt_shape=+359.8  avg_dist_scout=273m
   [SCOUT DIAG] ratio: 1.0000+/-0.0000 [1.0000,1.0000] | adv: -0.0614+/-1.0893 | alive=30000/30000
   [CMDR  DIAG] ratio: 1.0032+/-0.1694 [0.3120,2.5224] | adv: 0.1249+/-0.4457 | alive=642/726 | bc_coef=0.000
06:44:12 | Batch 0564 (Ep 16918) | R:   -535.6 (  -356.9)  Scout_R:   -54.5  Cmdr_R:  -481.1  Scout:100% Cmdr:98%  scout:[survived=120] cmdr:[survived=88 boundary=2] refills=435  NN_dec=2821/2970  fire: peak=317 final=286 supp=31 ext=42.5  73.6s
   Cmdr reward breakdown: r_extinguish=+197.667  r_water_waste=-7.417  r_water_near=+0.000  r_fire_out=+0.000  r_spread=-144.610
   Water drops: 1081 total, 593 hit, 488 miss (55% accuracy)  alt=44m [19-79]  dist=45m [4-103]
   FW shaping: surv=+0.0 bound=+0.0 alt_pen=+0.0 approach=-12.8 alt_shape=+342.0  avg_dist_scout=303m
   [SCOUT DIAG] ratio: 1.0000+/-0.0000 [1.0000,1.0000] | adv: 0.1364+/-0.8766 | alive=30000/30000
   [CMDR  DIAG] ratio: 1.0001+/-0.1214 [0.2464,1.6942] | adv: -0.0487+/-0.9339 | alive=690/726 | bc_coef=0.000
06:45:46 | Batch 0565 (Ep 16948) | R:   -664.4 (  -600.0)  Scout_R:  +148.7  Cmdr_R:  -813.1  Scout:100% Cmdr:95%  scout:[survived=120] cmdr:[survived=85 boundary=5] refills=365  NN_dec=2776/2970  fire: peak=354 final=328 supp=26 ext=40.5  75.6s
   Cmdr reward breakdown: r_extinguish=+198.000  r_water_waste=-5.983  r_water_near=+0.000  r_fire_out=+5.000  r_spread=-147.615
   Water drops: 989 total, 594 hit, 395 miss (60% accuracy)  alt=45m [16-79]  dist=44m [4-97]
   FW shaping: surv=+0.0 bound=+0.0 alt_pen=+0.0 approach=-66.3 alt_shape=+308.3  avg_dist_scout=323m
   [SCOUT DIAG] ratio: 1.0000+/-0.0000 [1.0000,1.0000] | adv: -0.1878+/-1.1694 | alive=30000/30000
   [CMDR  DIAG] ratio: 1.0052+/-0.1897 [0.3071,2.9570] | adv: 0.0921+/-0.9086 | alive=651/726 | bc_coef=0.000
06:47:18 | Batch 0566 (Ep 16978) | R:    -27.1 (  -345.8)  Scout_R:  +248.2  Cmdr_R:  -275.3  Scout:100% Cmdr:98%  scout:[survived=120] cmdr:[survived=88 boundary=2] refills=494  NN_dec=2772/2970  fire: peak=386 final=364 supp=22 ext=42.3  74.4s
   Cmdr reward breakdown: r_extinguish=+214.667  r_water_waste=-6.417  r_water_near=+0.000  r_fire_out=+0.000  r_spread=-166.550
   Water drops: 1055 total, 644 hit, 411 miss (61% accuracy)  alt=46m [15-80]  dist=44m [4-88]
   FW shaping: surv=+0.0 bound=+0.0 alt_pen=+0.0 approach=-29.8 alt_shape=+362.8  avg_dist_scout=265m
   [SCOUT DIAG] ratio: 1.0000+/-0.0000 [1.0000,1.0000] | adv: -0.1826+/-1.1625 | alive=30000/30000
   [CMDR  DIAG] ratio: 1.0018+/-0.1227 [0.3462,1.6965] | adv: 0.1002+/-0.6386 | alive=695/726 | bc_coef=0.000
06:48:50 | Batch 0567 (Ep 17008) | R:   -621.9 (  -324.5)  Scout_R:  +230.1  Cmdr_R:  -852.1  Scout:100% Cmdr:94%  scout:[survived=120] cmdr:[survived=82 boundary=8] refills=348  NN_dec=2687/2970  fire: peak=360 final=347 supp=13 ext=36.1  74.0s
   Cmdr reward breakdown: r_extinguish=+164.333  r_water_waste=-5.900  r_water_near=+0.000  r_fire_out=+0.000  r_spread=-147.730
   Water drops: 876 total, 493 hit, 383 miss (56% accuracy)  alt=45m [17-79]  dist=44m [1-90]
   FW shaping: surv=+0.0 bound=+0.0 alt_pen=+0.0 approach=-89.1 alt_shape=+272.8  avg_dist_scout=331m
   [SCOUT DIAG] ratio: 1.0000+/-0.0000 [1.0000,1.0000] | adv: 0.0921+/-0.8856 | alive=30000/30000
   [CMDR  DIAG] ratio: 1.0001+/-0.1480 [0.3182,1.7245] | adv: -0.0178+/-1.1120 | alive=622/726 | bc_coef=0.000
06:50:25 | Batch 0568 (Ep 17038) | R:   -764.8 (  -693.4)  Scout_R:  +110.5  Cmdr_R:  -875.3  Scout:100% Cmdr:97%  scout:[survived=120] cmdr:[survived=87 boundary=3] refills=350  NN_dec=2803/2970  fire: peak=348 final=325 supp=23 ext=39.5  77.1s
   Cmdr reward breakdown: r_extinguish=+152.333  r_water_waste=-6.017  r_water_near=+0.000  r_fire_out=+0.000  r_spread=-154.605
   Water drops: 848 total, 457 hit, 391 miss (54% accuracy)  alt=44m [9-79]  dist=45m [2-110]
   FW shaping: surv=+0.0 bound=+0.0 alt_pen=+0.0 approach=-13.7 alt_shape=+281.8  avg_dist_scout=326m
   [SCOUT DIAG] ratio: 1.0000+/-0.0000 [1.0000,1.0000] | adv: -0.0042+/-1.0308 | alive=30000/30000
   [CMDR  DIAG] ratio: 0.9953+/-0.1520 [0.3364,2.0667] | adv: 0.2224+/-0.7914 | alive=663/726 | bc_coef=0.000
06:52:00 | Batch 0569 (Ep 17068) | R:   -619.6 (  -692.2)  Scout_R:  +162.4  Cmdr_R:  -782.0  Scout:100% Cmdr:98%  scout:[survived=120] cmdr:[survived=88 boundary=2] refills=461  NN_dec=2804/2970  fire: peak=414 final=386 supp=28 ext=42.6  76.7s
   Cmdr reward breakdown: r_extinguish=+188.333  r_water_waste=-7.850  r_water_near=+0.000  r_fire_out=+0.000  r_spread=-181.450
   Water drops: 1076 total, 565 hit, 511 miss (53% accuracy)  alt=44m [19-79]  dist=47m [3-115]
   FW shaping: surv=+0.0 bound=+0.0 alt_pen=+0.0 approach=-3.4 alt_shape=+304.3  avg_dist_scout=324m
   [SCOUT DIAG] ratio: 1.0000+/-0.0000 [1.0000,1.0000] | adv: 0.0769+/-0.9577 | alive=30000/30000
   [CMDR  DIAG] ratio: 0.9937+/-0.2076 [0.1997,4.2736] | adv: -0.3420+/-1.4531 | alive=683/726 | bc_coef=0.000
b3Warning[examples/Importers/ImportURDFDemo/BulletUrdfImporter.cpp,152]:
URDF file '../urdf/plane.urdf' not found
   Worker failed: Cannot load URDF file.
   1/15 workers failed this batch
06:53:31 | Batch 0570 (Ep 17096) | R:   -761.2 (  -685.9)  Scout_R:   +70.2  Cmdr_R:  -831.4  Scout:100% Cmdr:96%  scout:[survived=112] cmdr:[survived=80 boundary=4] refills=379  NN_dec=2578/2772  fire: peak=310 final=284 supp=26 ext=36.8  72.6s
   Cmdr reward breakdown: r_extinguish=+173.214  r_water_waste=-5.982  r_water_near=+0.000  r_fire_out=+0.000  r_spread=-133.130
   Water drops: 851 total, 485 hit, 366 miss (57% accuracy)  alt=45m [20-79]  dist=45m [1-116]
   FW shaping: surv=+0.0 bound=+0.0 alt_pen=+0.0 approach=-57.8 alt_shape=+276.0  avg_dist_scout=347m
   [SCOUT DIAG] ratio: 1.0000+/-0.0000 [1.0000,1.0000] | adv: 0.1810+/-0.7365 | alive=28000/28000
   [CMDR  DIAG] ratio: 1.0062+/-0.1249 [0.1745,1.9895] | adv: -0.0232+/-1.0293 | alive=645/693 | bc_coef=0.000
06:55:07 | Batch 0571 (Ep 17126) | R:   -581.0 (  -673.7)  Scout_R:   +28.2  Cmdr_R:  -609.2  Scout:100% Cmdr:100%  scout:[survived=120] cmdr:[survived=90] refills=483  NN_dec=2794/2970  fire: peak=373 final=355 supp=18 ext=33.1  71.0s
   Cmdr reward breakdown: r_extinguish=+172.667  r_water_waste=-6.000  r_water_near=+0.000  r_fire_out=+5.000  r_spread=-165.300
   Water drops: 905 total, 518 hit, 387 miss (57% accuracy)  alt=45m [19-78]  dist=43m [5-101]
   FW shaping: surv=+0.0 bound=+0.0 alt_pen=+0.0 approach=-22.8 alt_shape=+281.2  avg_dist_scout=322m
   [SCOUT DIAG] ratio: 1.0000+/-0.0000 [1.0000,1.0000] | adv: 0.1665+/-0.6656 | alive=30000/30000
   [CMDR  DIAG] ratio: 0.9992+/-0.1502 [0.1887,2.1538] | adv: -0.0497+/-1.1618 | alive=667/726 | bc_coef=0.000
06:56:43 | Batch 0572 (Ep 17156) | R:   -568.9 (  -574.9)  Scout_R:  +180.0  Cmdr_R:  -748.9  Scout:100% Cmdr:95%  scout:[survived=120] cmdr:[survived=85 boundary=5] refills=450  NN_dec=2751/2970  fire: peak=378 final=367 supp=11 ext=35.2  76.4s
   Cmdr reward breakdown: r_extinguish=+167.000  r_water_waste=-7.967  r_water_near=+0.000  r_fire_out=+0.000  r_spread=-159.015
   Water drops: 1015 total, 501 hit, 514 miss (49% accuracy)  alt=44m [19-79]  dist=46m [3-120]
   FW shaping: surv=+0.0 bound=+0.0 alt_pen=+0.0 approach=-57.5 alt_shape=+292.9  avg_dist_scout=348m
   [SCOUT DIAG] ratio: 1.0000+/-0.0000 [1.0000,1.0000] | adv: 0.0105+/-0.8943 | alive=30000/30000
   [CMDR  DIAG] ratio: 1.0015+/-0.1333 [0.3420,1.9031] | adv: -0.1247+/-1.1344 | alive=669/726 | bc_coef=0.000
06:58:14 | Batch 0573 (Ep 17186) | R:   -331.9 (  -450.4)  Scout_R:   -28.7  Cmdr_R:  -303.3  Scout:100% Cmdr:97%  scout:[survived=120] cmdr:[survived=87 boundary=3] refills=428  NN_dec=2816/2970  fire: peak=395 final=376 supp=20 ext=43.2  73.2s
   Cmdr reward breakdown: r_extinguish=+209.333  r_water_waste=-7.917  r_water_near=+0.000  r_fire_out=+0.000  r_spread=-168.655
   Water drops: 1142 total, 628 hit, 514 miss (55% accuracy)  alt=45m [11-80]  dist=44m [3-108]
   FW shaping: surv=+0.0 bound=+0.0 alt_pen=+0.0 approach=-11.8 alt_shape=+341.1  avg_dist_scout=281m
   [SCOUT DIAG] ratio: 1.0000+/-0.0000 [1.0000,1.0000] | adv: 0.2289+/-0.6888 | alive=30000/30000
   [CMDR  DIAG] ratio: 0.9962+/-0.1781 [0.2304,2.5213] | adv: -0.2969+/-1.1505 | alive=642/726 | bc_coef=0.000
06:59:47 | Batch 0574 (Ep 17216) | R:   -838.2 (  -585.1)  Scout_R:    +2.4  Cmdr_R:  -840.6  Scout:100% Cmdr:94%  scout:[survived=120] cmdr:[survived=83 boundary=7] refills=400  NN_dec=2647/2970  fire: peak=418 final=408 supp=10 ext=27.1  74.3s
   Cmdr reward breakdown: r_extinguish=+152.667  r_water_waste=-6.067  r_water_near=+0.000  r_fire_out=+0.000  r_spread=-166.975
   Water drops: 855 total, 458 hit, 397 miss (54% accuracy)  alt=47m [18-79]  dist=47m [4-106]
   FW shaping: surv=+0.0 bound=+0.0 alt_pen=+0.0 approach=-92.2 alt_shape=+221.7  avg_dist_scout=391m
   [SCOUT DIAG] ratio: 1.0000+/-0.0000 [1.0000,1.0000] | adv: -0.0002+/-0.9865 | alive=30000/30000
   [CMDR  DIAG] ratio: 1.0162+/-0.1554 [0.3018,2.1905] | adv: 0.1547+/-0.6670 | alive=669/726 | bc_coef=0.000
07:01:19 | Batch 0575 (Ep 17246) | R:   -929.0 (  -883.6)  Scout_R:    -3.6  Cmdr_R:  -925.4  Scout:100% Cmdr:99%  scout:[survived=120] cmdr:[survived=89 boundary=1] refills=278  NN_dec=2871/2970  fire: peak=386 final=375 supp=11 ext=28.8  73.0s
   Cmdr reward breakdown: r_extinguish=+135.333  r_water_waste=-6.350  r_water_near=+0.000  r_fire_out=+5.000  r_spread=-165.765
   Water drops: 819 total, 406 hit, 413 miss (50% accuracy)  alt=47m [15-80]  dist=49m [7-111]
   FW shaping: surv=+0.0 bound=+0.0 alt_pen=+0.0 approach=-94.0 alt_shape=+262.8  avg_dist_scout=372m
   [SCOUT DIAG] ratio: 1.0000+/-0.0000 [1.0000,1.0000] | adv: 0.0742+/-0.9400 | alive=30000/30000
   [CMDR  DIAG] ratio: 1.0088+/-0.1250 [0.4331,2.6389] | adv: 0.2464+/-0.4518 | alive=717/726 | bc_coef=0.000
07:02:51 | Batch 0576 (Ep 17276) | R:   -567.1 (  -748.0)  Scout_R:   +15.6  Cmdr_R:  -582.7  Scout:100% Cmdr:99%  scout:[survived=120] cmdr:[survived=88 boundary=1 ground_crash=1] refills=431  NN_dec=2810/2970  fire: peak=297 final=270 supp=26 ext=46.0  73.1s
   Cmdr reward breakdown: r_extinguish=+208.667  r_water_waste=-7.050  r_water_near=+0.000  r_fire_out=+5.000  r_spread=-142.905
   Water drops: 1077 total, 626 hit, 451 miss (58% accuracy)  alt=44m [11-80]  dist=41m [1-93]
   FW shaping: surv=+0.0 bound=+0.0 alt_pen=+0.0 approach=-36.0 alt_shape=+296.7  avg_dist_scout=328m
   [SCOUT DIAG] ratio: 1.0000+/-0.0000 [1.0000,1.0000] | adv: -0.1054+/-1.0869 | alive=30000/30000
   [CMDR  DIAG] ratio: 1.0188+/-0.2258 [0.5449,4.7678] | adv: -0.1260+/-1.0055 | alive=692/726 | bc_coef=0.000
07:04:24 | Batch 0577 (Ep 17306) | R:   -722.4 (  -644.7)  Scout_R:  +129.7  Cmdr_R:  -852.1  Scout:100% Cmdr:95%  scout:[survived=120] cmdr:[survived=85 boundary=5] refills=400  NN_dec=2730/2970  fire: peak=373 final=352 supp=22 ext=29.6  73.9s
   Cmdr reward breakdown: r_extinguish=+161.333  r_water_waste=-6.267  r_water_near=+0.000  r_fire_out=+0.000  r_spread=-142.625
   Water drops: 894 total, 484 hit, 410 miss (54% accuracy)  alt=45m [20-80]  dist=43m [2-90]
   FW shaping: surv=+0.0 bound=+0.0 alt_pen=+0.0 approach=-68.3 alt_shape=+283.2  avg_dist_scout=337m
   [SCOUT DIAG] ratio: 1.0000+/-0.0000 [1.0000,1.0000] | adv: -0.0557+/-1.0931 | alive=30000/30000
   [CMDR  DIAG] ratio: 0.9884+/-0.1399 [0.3317,2.0566] | adv: -0.1887+/-1.2769 | alive=602/726 | bc_coef=0.000
07:05:58 | Batch 0578 (Ep 17336) | R:   -705.2 (  -713.8)  Scout_R:  +107.5  Cmdr_R:  -812.7  Scout:100% Cmdr:97%  scout:[survived=120] cmdr:[survived=87 boundary=3] refills=337  NN_dec=2820/2970  fire: peak=442 final=423 supp=19 ext=39.7  76.2s
   Cmdr reward breakdown: r_extinguish=+179.667  r_water_waste=-6.900  r_water_near=+0.000  r_fire_out=+5.000  r_spread=-182.250
   Water drops: 989 total, 539 hit, 450 miss (54% accuracy)  alt=46m [16-80]  dist=43m [1-94]
   FW shaping: surv=+0.0 bound=+0.0 alt_pen=+0.0 approach=-56.6 alt_shape=+305.4  avg_dist_scout=336m
   [SCOUT DIAG] ratio: 1.0000+/-0.0000 [1.0000,1.0000] | adv: -0.0197+/-1.0653 | alive=30000/30000
   [CMDR  DIAG] ratio: 1.0142+/-0.1609 [0.3305,2.5890] | adv: -0.1159+/-1.2266 | alive=661/726 | bc_coef=0.000
07:07:29 | Batch 0579 (Ep 17366) | R:   -469.5 (  -587.4)  Scout_R:  +208.7  Cmdr_R:  -678.2  Scout:100% Cmdr:97%  scout:[survived=120] cmdr:[survived=87 boundary=3] refills=543  NN_dec=2738/2970  fire: peak=291 final=269 supp=23 ext=38.9  72.5s
   Cmdr reward breakdown: r_extinguish=+184.667  r_water_waste=-6.217  r_water_near=+0.000  r_fire_out=+0.000  r_spread=-128.515
   Water drops: 966 total, 554 hit, 412 miss (57% accuracy)  alt=43m [16-79]  dist=43m [2-103]
   FW shaping: surv=+0.0 bound=+0.0 alt_pen=+0.0 approach=-52.1 alt_shape=+296.0  avg_dist_scout=322m
   [SCOUT DIAG] ratio: 1.0000+/-0.0000 [1.0000,1.0000] | adv: -0.1021+/-1.0697 | alive=30000/30000
   [CMDR  DIAG] ratio: 0.9994+/-0.1534 [0.4039,2.2391] | adv: 0.2240+/-0.3111 | alive=671/726 | bc_coef=0.000
07:09:06 | Batch 0580 (Ep 17396) | R:   -326.0 (  -397.7)  Scout_R:  +182.3  Cmdr_R:  -508.3  Scout:100% Cmdr:99%  scout:[survived=120] cmdr:[survived=89 boundary=1] refills=461  NN_dec=2830/2970  fire: peak=424 final=406 supp=18 ext=42.4  78.1s
   Cmdr reward breakdown: r_extinguish=+186.667  r_water_waste=-5.917  r_water_near=+0.000  r_fire_out=+0.000  r_spread=-191.120
   Water drops: 954 total, 560 hit, 394 miss (59% accuracy)  alt=45m [13-79]  dist=43m [2-108]
   FW shaping: surv=+0.0 bound=+0.0 alt_pen=+0.0 approach=-56.8 alt_shape=+313.1  avg_dist_scout=322m
   [SCOUT DIAG] ratio: 1.0000+/-0.0000 [1.0000,1.0000] | adv: -0.0577+/-1.0466 | alive=30000/30000
   [CMDR  DIAG] ratio: 1.0084+/-0.1641 [0.3375,2.2118] | adv: 0.0706+/-0.8451 | alive=681/726 | bc_coef=0.000
07:10:45 | Batch 0581 (Ep 17426) | R:   -302.9 (  -314.4)  Scout_R:  +156.4  Cmdr_R:  -459.3  Scout:100% Cmdr:94%  scout:[survived=120] cmdr:[survived=83 boundary=7] refills=354  NN_dec=2710/2970  fire: peak=325 final=310 supp=15 ext=34.0  72.7s
   Cmdr reward breakdown: r_extinguish=+170.667  r_water_waste=-5.133  r_water_near=+0.000  r_fire_out=+0.000  r_spread=-133.915
   Water drops: 841 total, 512 hit, 329 miss (61% accuracy)  alt=41m [8-79]  dist=47m [1-112]
   FW shaping: surv=+0.0 bound=+0.0 alt_pen=+0.0 approach=-57.9 alt_shape=+301.2  avg_dist_scout=308m
   [SCOUT DIAG] ratio: 1.0000+/-0.0000 [1.0000,1.0000] | adv: 0.0453+/-0.9536 | alive=30000/30000
   [CMDR  DIAG] ratio: 0.9978+/-0.1320 [0.3060,1.8292] | adv: 0.0967+/-0.5775 | alive=684/726 | bc_coef=0.000
07:12:18 | Batch 0582 (Ep 17456) | R:   -184.4 (  -243.6)  Scout_R:   +82.0  Cmdr_R:  -266.3  Scout:100% Cmdr:97%  scout:[survived=120] cmdr:[survived=87 boundary=3] refills=454  NN_dec=2808/2970  fire: peak=322 final=310 supp=12 ext=47.8  74.8s
   Cmdr reward breakdown: r_extinguish=+224.333  r_water_waste=-8.300  r_water_near=+0.000  r_fire_out=+0.000  r_spread=-149.370
   Water drops: 1219 total, 673 hit, 546 miss (55% accuracy)  alt=45m [12-80]  dist=45m [3-104]
   FW shaping: surv=+0.0 bound=+0.0 alt_pen=+0.0 approach=-31.9 alt_shape=+325.6  avg_dist_scout=292m
   [SCOUT DIAG] ratio: 1.0000+/-0.0000 [1.0000,1.0000] | adv: -0.0443+/-1.1981 | alive=30000/30000
   [CMDR  DIAG] ratio: 1.0106+/-0.1463 [0.5617,2.2592] | adv: 0.2643+/-0.3014 | alive=719/726 | bc_coef=0.000
07:13:50 | Batch 0583 (Ep 17486) | R:   -721.9 (  -453.1)  Scout_R:   -10.5  Cmdr_R:  -711.3  Scout:100% Cmdr:98%  scout:[survived=120] cmdr:[survived=87 boundary=3] refills=335  NN_dec=2839/2970  fire: peak=369 final=353 supp=16 ext=37.2  73.5s
   Cmdr reward breakdown: r_extinguish=+176.333  r_water_waste=-6.767  r_water_near=+0.000  r_fire_out=+5.000  r_spread=-167.285
   Water drops: 964 total, 529 hit, 435 miss (55% accuracy)  alt=45m [18-76]  dist=45m [2-108]
   FW shaping: surv=+0.0 bound=+0.0 alt_pen=+0.0 approach=-38.8 alt_shape=+293.0  avg_dist_scout=352m
   [SCOUT DIAG] ratio: 1.0000+/-0.0000 [1.0000,1.0000] | adv: 0.0117+/-0.9655 | alive=30000/30000
   [CMDR  DIAG] ratio: 1.0034+/-0.1447 [0.0745,2.0032] | adv: 0.0907+/-0.8885 | alive=697/726 | bc_coef=0.000
07:15:21 | Batch 0584 (Ep 17516) | R:   -518.8 (  -620.3)  Scout_R:   +77.4  Cmdr_R:  -596.2  Scout:100% Cmdr:94%  scout:[survived=120] cmdr:[survived=84 boundary=6] refills=425  NN_dec=2706/2970  fire: peak=316 final=286 supp=29 ext=38.2  72.8s
   Cmdr reward breakdown: r_extinguish=+186.667  r_water_waste=-6.033  r_water_near=+0.000  r_fire_out=+5.000  r_spread=-137.315
   Water drops: 961 total, 560 hit, 401 miss (58% accuracy)  alt=47m [25-80]  dist=46m [5-97]
   FW shaping: surv=+0.0 bound=+0.0 alt_pen=+0.0 approach=-72.4 alt_shape=+283.5  avg_dist_scout=323m
   [SCOUT DIAG] ratio: 1.0000+/-0.0000 [1.0000,1.0000] | adv: 0.0775+/-0.9645 | alive=30000/30000
   [CMDR  DIAG] ratio: 1.0000+/-0.1280 [0.2771,2.0364] | adv: -0.0609+/-0.9200 | alive=653/726 | bc_coef=0.000
07:16:52 | Batch 0585 (Ep 17546) | R:   -599.4 (  -559.1)  Scout_R:  +120.4  Cmdr_R:  -719.9  Scout:100% Cmdr:99%  scout:[survived=120] cmdr:[survived=89 boundary=1] refills=422  NN_dec=2856/2970  fire: peak=435 final=415 supp=21 ext=41.1  72.7s
   Cmdr reward breakdown: r_extinguish=+199.000  r_water_waste=-6.750  r_water_near=+0.000  r_fire_out=+0.000  r_spread=-196.955
   Water drops: 1036 total, 597 hit, 439 miss (58% accuracy)  alt=48m [8-79]  dist=44m [1-96]
   FW shaping: surv=+0.0 bound=+0.0 alt_pen=+0.0 approach=-18.8 alt_shape=+324.9  avg_dist_scout=319m
   [SCOUT DIAG] ratio: 1.0000+/-0.0000 [1.0000,1.0000] | adv: -0.1765+/-1.1524 | alive=30000/30000
   [CMDR  DIAG] ratio: 0.9922+/-0.1608 [0.2034,2.4002] | adv: 0.0783+/-0.9338 | alive=705/726 | bc_coef=0.000
07:18:28 | Batch 0586 (Ep 17576) | R:   -828.3 (  -713.9)  Scout_R:   +67.1  Cmdr_R:  -895.4  Scout:100% Cmdr:97%  scout:[survived=120] cmdr:[survived=86 boundary=4] refills=313  NN_dec=2819/2970  fire: peak=436 final=419 supp=18 ext=30.0  78.1s
   Cmdr reward breakdown: r_extinguish=+158.000  r_water_waste=-5.367  r_water_near=+0.000  r_fire_out=+0.000  r_spread=-180.780
   Water drops: 820 total, 474 hit, 346 miss (58% accuracy)  alt=44m [14-78]  dist=46m [4-102]
   FW shaping: surv=+0.0 bound=+0.0 alt_pen=+0.0 approach=-73.1 alt_shape=+278.1  avg_dist_scout=343m
   [SCOUT DIAG] ratio: 1.0000+/-0.0000 [1.0000,1.0000] | adv: -0.0326+/-0.9864 | alive=30000/30000
   [CMDR  DIAG] ratio: 1.0018+/-0.1812 [0.3313,2.4481] | adv: -0.1472+/-1.3011 | alive=699/726 | bc_coef=0.000
07:20:05 | Batch 0587 (Ep 17606) | R:   -896.0 (  -862.2)  Scout_R:    -4.4  Cmdr_R:  -891.6  Scout:100% Cmdr:96%  scout:[survived=120] cmdr:[survived=85 boundary=5] refills=337  NN_dec=2794/2970  fire: peak=337 final=318 supp=19 ext=35.6  78.8s
   Cmdr reward breakdown: r_extinguish=+178.667  r_water_waste=-5.917  r_water_near=+0.000  r_fire_out=+10.000  r_spread=-142.610
   Water drops: 916 total, 536 hit, 380 miss (59% accuracy)  alt=45m [8-79]  dist=47m [3-105]
   FW shaping: surv=+0.0 bound=+0.0 alt_pen=+0.0 approach=-67.5 alt_shape=+261.8  avg_dist_scout=351m
   [SCOUT DIAG] ratio: 1.0000+/-0.0000 [1.0000,1.0000] | adv: -0.0498+/-1.1036 | alive=30000/30000
   [CMDR  DIAG] ratio: 1.0056+/-0.1554 [0.3470,2.0831] | adv: -0.0474+/-1.1446 | alive=691/726 | bc_coef=0.000
07:21:37 | Batch 0588 (Ep 17636) | R:   -779.2 (  -837.6)  Scout_R:  +214.5  Cmdr_R:  -993.7  Scout:100% Cmdr:99%  scout:[survived=120] cmdr:[survived=89 boundary=1] refills=377  NN_dec=2835/2970  fire: peak=337 final=316 supp=20 ext=35.8  74.1s
   Cmdr reward breakdown: r_extinguish=+169.333  r_water_waste=-5.067  r_water_near=+0.000  r_fire_out=+0.000  r_spread=-153.355
   Water drops: 836 total, 508 hit, 328 miss (61% accuracy)  alt=47m [22-80]  dist=46m [1-123]
   FW shaping: surv=+0.0 bound=+0.0 alt_pen=+0.0 approach=-85.0 alt_shape=+296.9  avg_dist_scout=344m
   [SCOUT DIAG] ratio: 1.0000+/-0.0000 [1.0000,1.0000] | adv: 0.0819+/-0.9655 | alive=30000/30000
   [CMDR  DIAG] ratio: 1.0226+/-0.1487 [0.5793,2.2639] | adv: 0.2794+/-0.5324 | alive=674/726 | bc_coef=0.000
07:23:09 | Batch 0589 (Ep 17666) | R:   -856.6 (  -817.9)  Scout_R:  -107.7  Cmdr_R:  -748.8  Scout:100% Cmdr:99%  scout:[survived=120] cmdr:[survived=88 boundary=2] refills=417  NN_dec=2809/2970  fire: peak=408 final=391 supp=18 ext=33.0  73.1s
   Cmdr reward breakdown: r_extinguish=+169.667  r_water_waste=-6.717  r_water_near=+0.000  r_fire_out=+5.000  r_spread=-172.100
   Water drops: 952 total, 509 hit, 443 miss (53% accuracy)  alt=44m [20-79]  dist=48m [6-110]
   FW shaping: surv=+0.0 bound=+0.0 alt_pen=+0.0 approach=-58.3 alt_shape=+275.6  avg_dist_scout=326m
   [SCOUT DIAG] ratio: 1.0000+/-0.0000 [1.0000,1.0000] | adv: 0.0274+/-0.9720 | alive=30000/30000
   [CMDR  DIAG] ratio: 1.0023+/-0.1429 [0.1033,2.0157] | adv: -0.0504+/-1.1792 | alive=685/726 | bc_coef=0.000
07:24:41 | Batch 0590 (Ep 17696) | R:   -702.8 (  -779.7)  Scout_R:  +139.3  Cmdr_R:  -842.1  Scout:100% Cmdr:94%  scout:[survived=120] cmdr:[survived=83 boundary=7] refills=376  NN_dec=2690/2970  fire: peak=350 final=331 supp=19 ext=33.4  73.9s
   Cmdr reward breakdown: r_extinguish=+162.000  r_water_waste=-4.967  r_water_near=+0.000  r_fire_out=+5.000  r_spread=-141.910
   Water drops: 813 total, 486 hit, 327 miss (60% accuracy)  alt=45m [6-80]  dist=45m [5-103]
   FW shaping: surv=+0.0 bound=+0.0 alt_pen=+0.0 approach=-68.6 alt_shape=+267.1  avg_dist_scout=347m
   [SCOUT DIAG] ratio: 1.0000+/-0.0000 [1.0000,1.0000] | adv: 0.0177+/-1.0038 | alive=30000/30000
   [CMDR  DIAG] ratio: 1.0028+/-0.1170 [0.5653,1.9303] | adv: 0.1506+/-0.7122 | alive=694/726 | bc_coef=0.000
07:26:22 | Batch 0591 (Ep 17726) | R:   -715.9 (  -709.3)  Scout_R:  +192.7  Cmdr_R:  -908.5  Scout:100% Cmdr:96%  scout:[survived=120] cmdr:[survived=86 boundary=4] refills=374  NN_dec=2768/2970  fire: peak=367 final=342 supp=25 ext=40.9  75.9s
   Cmdr reward breakdown: r_extinguish=+181.333  r_water_waste=-5.483  r_water_near=+0.000  r_fire_out=+0.000  r_spread=-162.840
   Water drops: 905 total, 544 hit, 361 miss (60% accuracy)  alt=48m [9-80]  dist=44m [0-107]
   FW shaping: surv=+0.0 bound=+0.0 alt_pen=+0.0 approach=-54.2 alt_shape=+315.0  avg_dist_scout=311m
   [SCOUT DIAG] ratio: 1.0000+/-0.0000 [1.0000,1.0000] | adv: 0.0775+/-0.8532 | alive=30000/30000
   [CMDR  DIAG] ratio: 1.0021+/-0.1506 [0.4436,2.0197] | adv: -0.0266+/-0.9259 | alive=665/726 | bc_coef=0.000
07:27:55 | Batch 0592 (Ep 17756) | R:   -205.8 (  -460.8)  Scout_R:  +137.7  Cmdr_R:  -343.5  Scout:100% Cmdr:99%  scout:[survived=120] cmdr:[survived=89 boundary=1] refills=524  NN_dec=2746/2970  fire: peak=294 final=267 supp=28 ext=51.4  74.5s
   Cmdr reward breakdown: r_extinguish=+240.667  r_water_waste=-6.867  r_water_near=+0.000  r_fire_out=+0.000  r_spread=-142.080
   Water drops: 1170 total, 722 hit, 448 miss (62% accuracy)  alt=45m [8-80]  dist=42m [2-105]
   FW shaping: surv=+0.0 bound=+0.0 alt_pen=+0.0 approach=-21.1 alt_shape=+365.3  avg_dist_scout=279m
   [SCOUT DIAG] ratio: 1.0000+/-0.0000 [1.0000,1.0000] | adv: 0.0117+/-0.9919 | alive=30000/30000
   [CMDR  DIAG] ratio: 1.0168+/-0.1788 [0.4356,2.4652] | adv: 0.2396+/-0.1261 | alive=678/726 | bc_coef=0.000
07:29:25 | Batch 0593 (Ep 17786) | R:   -551.4 (  -378.6)  Scout_R:   +69.5  Cmdr_R:  -621.0  Scout:100% Cmdr:97%  scout:[survived=120] cmdr:[survived=86 boundary=4] refills=245  NN_dec=2850/2970  fire: peak=332 final=322 supp=10 ext=27.4  72.0s
   Cmdr reward breakdown: r_extinguish=+141.333  r_water_waste=-4.850  r_water_near=+0.000  r_fire_out=+0.000  r_spread=-145.870
   Water drops: 738 total, 424 hit, 314 miss (57% accuracy)  alt=47m [23-80]  dist=45m [6-85]
   FW shaping: surv=+0.0 bound=+0.0 alt_pen=+0.0 approach=-89.5 alt_shape=+276.9  avg_dist_scout=328m
   [SCOUT DIAG] ratio: 1.0000+/-0.0000 [1.0000,1.0000] | adv: 0.0489+/-0.9421 | alive=30000/30000
   [CMDR  DIAG] ratio: 1.0050+/-0.1446 [0.3691,2.1760] | adv: 0.1670+/-0.6649 | alive=719/726 | bc_coef=0.000
07:30:56 | Batch 0594 (Ep 17816) | R:   -409.5 (  -480.5)  Scout_R:  +143.4  Cmdr_R:  -552.9  Scout:100% Cmdr:96%  scout:[survived=120] cmdr:[survived=86 boundary=4] refills=398  NN_dec=2739/2970  fire: peak=408 final=389 supp=19 ext=39.2  72.8s
   Cmdr reward breakdown: r_extinguish=+169.667  r_water_waste=-6.883  r_water_near=+0.000  r_fire_out=+0.000  r_spread=-168.465
   Water drops: 957 total, 509 hit, 448 miss (53% accuracy)  alt=47m [21-79]  dist=48m [6-133]
   FW shaping: surv=+0.0 bound=+0.0 alt_pen=+0.0 approach=-26.1 alt_shape=+321.1  avg_dist_scout=279m
   [SCOUT DIAG] ratio: 1.0000+/-0.0000 [1.0000,1.0000] | adv: 0.0681+/-0.9391 | alive=30000/30000
   [CMDR  DIAG] ratio: 1.0023+/-0.1254 [0.4080,1.6221] | adv: -0.0607+/-1.1864 | alive=644/726 | bc_coef=0.000
07:32:32 | Batch 0595 (Ep 17846) | R:   -415.3 (  -412.4)  Scout_R:  +166.9  Cmdr_R:  -582.1  Scout:100% Cmdr:97%  scout:[survived=120] cmdr:[survived=86 boundary=4] refills=441  NN_dec=2764/2970  fire: peak=478 final=466 supp=12 ext=39.5  78.0s
   Cmdr reward breakdown: r_extinguish=+190.000  r_water_waste=-6.550  r_water_near=+0.000  r_fire_out=+0.000  r_spread=-203.285
   Water drops: 999 total, 570 hit, 429 miss (57% accuracy)  alt=48m [16-80]  dist=46m [2-161]
   FW shaping: surv=+0.0 bound=+0.0 alt_pen=+0.0 approach=-70.5 alt_shape=+313.9  avg_dist_scout=302m
   [SCOUT DIAG] ratio: 1.0000+/-0.0000 [1.0000,1.0000] | adv: 0.1058+/-0.8460 | alive=30000/30000
   [CMDR  DIAG] ratio: 0.9974+/-0.1625 [0.3284,3.2493] | adv: 0.2686+/-0.2039 | alive=715/726 | bc_coef=0.000
07:34:07 | Batch 0596 (Ep 17876) | R:   -355.6 (  -385.4)  Scout_R:   +99.7  Cmdr_R:  -455.3  Scout:100% Cmdr:98%  scout:[survived=120] cmdr:[survived=88 boundary=2] refills=388  NN_dec=2863/2970  fire: peak=398 final=378 supp=20 ext=44.3  77.5s
   Cmdr reward breakdown: r_extinguish=+213.667  r_water_waste=-6.733  r_water_near=+0.000  r_fire_out=+5.000  r_spread=-181.180
   Water drops: 1083 total, 641 hit, 442 miss (59% accuracy)  alt=45m [20-78]  dist=45m [7-96]
   FW shaping: surv=+0.0 bound=+0.0 alt_pen=+0.0 approach=-18.7 alt_shape=+315.5  avg_dist_scout=320m
   [SCOUT DIAG] ratio: 1.0000+/-0.0000 [1.0000,1.0000] | adv: -0.0379+/-1.1069 | alive=30000/30000
   [CMDR  DIAG] ratio: 1.0079+/-0.1563 [0.3785,2.5081] | adv: -0.0771+/-1.3108 | alive=706/726 | bc_coef=0.000
07:35:40 | Batch 0597 (Ep 17906) | R:   -716.7 (  -536.2)  Scout_R:   +77.1  Cmdr_R:  -793.8  Scout:100% Cmdr:96%  scout:[survived=120] cmdr:[survived=86 boundary=4] refills=351  NN_dec=2766/2970  fire: peak=425 final=402 supp=23 ext=47.1  74.2s
   Cmdr reward breakdown: r_extinguish=+192.333  r_water_waste=-4.817  r_water_near=+0.000  r_fire_out=+5.000  r_spread=-185.330
   Water drops: 882 total, 577 hit, 305 miss (65% accuracy)  alt=45m [23-79]  dist=41m [1-96]
   FW shaping: surv=+0.0 bound=+0.0 alt_pen=+0.0 approach=-55.4 alt_shape=+284.5  avg_dist_scout=319m
   [SCOUT DIAG] ratio: 1.0000+/-0.0000 [1.0000,1.0000] | adv: -0.1347+/-1.0805 | alive=30000/30000
   [CMDR  DIAG] ratio: 1.0144+/-0.1586 [0.2758,3.1017] | adv: 0.1386+/-0.8385 | alive=660/726 | bc_coef=0.000
07:37:14 | Batch 0598 (Ep 17936) | R:  -1034.8 (  -875.7)  Scout_R:  +107.6  Cmdr_R: -1142.4  Scout:100% Cmdr:95%  scout:[survived=120] cmdr:[survived=84 boundary=6] refills=481  NN_dec=2742/2970  fire: peak=435 final=412 supp=24 ext=39.7  76.5s
   Cmdr reward breakdown: r_extinguish=+183.000  r_water_waste=-5.333  r_water_near=+0.000  r_fire_out=+0.000  r_spread=-183.860
   Water drops: 892 total, 549 hit, 343 miss (62% accuracy)  alt=47m [16-80]  dist=48m [2-123]
   FW shaping: surv=+0.0 bound=+0.0 alt_pen=+0.0 approach=-116.9 alt_shape=+280.7  avg_dist_scout=376m
   [SCOUT DIAG] ratio: 1.0000+/-0.0000 [1.0000,1.0000] | adv: -0.0018+/-1.0779 | alive=30000/30000
   [CMDR  DIAG] ratio: 1.0014+/-0.1736 [0.0617,2.4237] | adv: -0.1338+/-1.0681 | alive=689/726 | bc_coef=0.000
07:38:47 | Batch 0599 (Ep 17966) | R:   -345.7 (  -690.2)  Scout_R:  +189.3  Cmdr_R:  -535.0  Scout:100% Cmdr:96%  scout:[survived=120] cmdr:[survived=85 boundary=5] refills=488  NN_dec=2741/2970  fire: peak=386 final=361 supp=25 ext=45.5  75.0s
   Cmdr reward breakdown: r_extinguish=+202.000  r_water_waste=-7.083  r_water_near=+0.000  r_fire_out=+0.000  r_spread=-164.830
   Water drops: 1070 total, 606 hit, 464 miss (57% accuracy)  alt=43m [12-80]  dist=44m [2-97]
   FW shaping: surv=+0.0 bound=+0.0 alt_pen=+0.0 approach=-60.5 alt_shape=+313.7  avg_dist_scout=302m
   [SCOUT DIAG] ratio: 1.0000+/-0.0000 [1.0000,1.0000] | adv: 0.0612+/-0.9422 | alive=30000/30000
   [CMDR  DIAG] ratio: 1.0121+/-0.1501 [0.4802,2.0873] | adv: -0.0834+/-1.1091 | alive=649/726 | bc_coef=0.000
07:40:16 | Batch 0600 (Ep 17996) | R:  -1081.5 (  -713.6)  Scout_R:  -108.5  Cmdr_R:  -973.0  Scout:100% Cmdr:96%  scout:[survived=120] cmdr:[survived=85 boundary=5] refills=327  NN_dec=2765/2970  fire: peak=327 final=310 supp=17 ext=29.8  71.2s
   Cmdr reward breakdown: r_extinguish=+140.333  r_water_waste=-4.300  r_water_near=+0.000  r_fire_out=+5.000  r_spread=-136.545
   Water drops: 699 total, 421 hit, 278 miss (60% accuracy)  alt=45m [17-79]  dist=44m [1-112]
   FW shaping: surv=+0.0 bound=+0.0 alt_pen=+0.0 approach=-80.6 alt_shape=+245.6  avg_dist_scout=371m
   [SCOUT DIAG] ratio: 1.0000+/-0.0000 [1.0000,1.0000] | adv: -0.0361+/-1.0301 | alive=30000/30000
   [CMDR  DIAG] ratio: 0.9977+/-0.2286 [0.1397,4.1895] | adv: -0.0265+/-1.0891 | alive=638/726 | bc_coef=0.000
07:41:56 | Batch 0601 (Ep 18026) | R:   -419.4 (  -750.4)  Scout_R:  +268.4  Cmdr_R:  -687.8  Scout:100% Cmdr:96%  scout:[survived=120] cmdr:[survived=86 boundary=4] refills=530  NN_dec=2744/2970  fire: peak=333 final=312 supp=21 ext=40.4  73.0s
   Cmdr reward breakdown: r_extinguish=+203.000  r_water_waste=-7.050  r_water_near=+0.000  r_fire_out=+0.000  r_spread=-146.115
   Water drops: 1065 total, 609 hit, 456 miss (57% accuracy)  alt=45m [24-79]  dist=46m [2-98]
   FW shaping: surv=+0.0 bound=+0.0 alt_pen=+0.0 approach=-76.6 alt_shape=+298.3  avg_dist_scout=337m
   [SCOUT DIAG] ratio: 1.0000+/-0.0000 [1.0000,1.0000] | adv: -0.0052+/-0.7561 | alive=30000/30000
   [CMDR  DIAG] ratio: 1.0108+/-0.2207 [0.1403,3.3458] | adv: -0.0886+/-1.0485 | alive=667/726 | bc_coef=0.000
07:43:29 | Batch 0602 (Ep 18056) | R:   -219.6 (  -319.5)  Scout_R:   +55.7  Cmdr_R:  -275.3  Scout:100% Cmdr:96%  scout:[survived=120] cmdr:[survived=85 boundary=5] refills=428  NN_dec=2779/2970  fire: peak=361 final=336 supp=25 ext=46.9  74.8s
   Cmdr reward breakdown: r_extinguish=+213.333  r_water_waste=-7.767  r_water_near=+0.000  r_fire_out=+0.000  r_spread=-156.970
   Water drops: 1133 total, 640 hit, 493 miss (56% accuracy)  alt=42m [4-80]  dist=45m [1-105]
   FW shaping: surv=+0.0 bound=+0.0 alt_pen=+0.0 approach=+7.5 alt_shape=+354.3  avg_dist_scout=280m
   [SCOUT DIAG] ratio: 1.0000+/-0.0000 [1.0000,1.0000] | adv: -0.0823+/-1.0942 | alive=30000/30000
   [CMDR  DIAG] ratio: 0.9950+/-0.1339 [0.1879,1.7085] | adv: 0.0973+/-0.8135 | alive=649/726 | bc_coef=0.000
07:45:01 | Batch 0603 (Ep 18086) | R:   -348.4 (  -284.0)  Scout_R:   +43.4  Cmdr_R:  -391.8  Scout:100% Cmdr:96%  scout:[survived=120] cmdr:[survived=86 boundary=4] refills=354  NN_dec=2817/2970  fire: peak=402 final=380 supp=22 ext=49.8  74.6s
   Cmdr reward breakdown: r_extinguish=+225.333  r_water_waste=-5.983  r_water_near=+0.000  r_fire_out=+0.000  r_spread=-183.195
   Water drops: 1058 total, 676 hit, 382 miss (64% accuracy)  alt=44m [21-80]  dist=43m [2-116]
   FW shaping: surv=+0.0 bound=+0.0 alt_pen=+0.0 approach=-54.3 alt_shape=+362.1  avg_dist_scout=280m
   [SCOUT DIAG] ratio: 1.0000+/-0.0000 [1.0000,1.0000] | adv: -0.1453+/-1.0920 | alive=30000/30000
   [CMDR  DIAG] ratio: 1.0077+/-0.1504 [0.3714,2.1237] | adv: -0.2348+/-1.4626 | alive=695/726 | bc_coef=0.000
07:46:35 | Batch 0604 (Ep 18116) | R:   -570.9 (  -459.7)  Scout_R:  +112.4  Cmdr_R:  -683.3  Scout:100% Cmdr:95%  scout:[survived=120] cmdr:[survived=84 boundary=6] refills=494  NN_dec=2671/2970  fire: peak=398 final=382 supp=17 ext=41.8  76.5s
   Cmdr reward breakdown: r_extinguish=+180.000  r_water_waste=-6.350  r_water_near=+0.000  r_fire_out=+0.000  r_spread=-169.875
   Water drops: 955 total, 540 hit, 415 miss (57% accuracy)  alt=45m [21-80]  dist=44m [2-103]
   FW shaping: surv=+0.0 bound=+0.0 alt_pen=+0.0 approach=-43.6 alt_shape=+283.2  avg_dist_scout=328m
   [SCOUT DIAG] ratio: 1.0000+/-0.0000 [1.0000,1.0000] | adv: -0.0294+/-1.0053 | alive=30000/30000
   [CMDR  DIAG] ratio: 1.0019+/-0.1666 [0.3680,2.6022] | adv: 0.1105+/-0.9461 | alive=600/726 | bc_coef=0.000
07:48:08 | Batch 0605 (Ep 18146) | R:   -666.5 (  -618.7)  Scout_R:    -3.8  Cmdr_R:  -662.7  Scout:100% Cmdr:94%  scout:[survived=120] cmdr:[survived=83 boundary=7] refills=421  NN_dec=2687/2970  fire: peak=384 final=360 supp=25 ext=36.9  75.5s
   Cmdr reward breakdown: r_extinguish=+168.667  r_water_waste=-6.383  r_water_near=+0.000  r_fire_out=+0.000  r_spread=-157.845
   Water drops: 920 total, 506 hit, 414 miss (55% accuracy)  alt=43m [11-77]  dist=45m [3-96]
   FW shaping: surv=+0.0 bound=+0.0 alt_pen=+0.0 approach=-54.9 alt_shape=+271.9  avg_dist_scout=339m
   [SCOUT DIAG] ratio: 1.0000+/-0.0000 [1.0000,1.0000] | adv: 0.1002+/-0.8978 | alive=30000/30000
   [CMDR  DIAG] ratio: 1.0058+/-0.1632 [0.3621,2.7783] | adv: -0.1864+/-1.2158 | alive=639/726 | bc_coef=0.000
07:49:42 | Batch 0606 (Ep 18176) | R:   -826.7 (  -746.6)  Scout_R:  +269.9  Cmdr_R: -1096.6  Scout:100% Cmdr:98%  scout:[survived=120] cmdr:[survived=88 boundary=2] refills=396  NN_dec=2825/2970  fire: peak=393 final=374 supp=19 ext=38.6  75.7s
   Cmdr reward breakdown: r_extinguish=+197.667  r_water_waste=-5.983  r_water_near=+0.000  r_fire_out=+0.000  r_spread=-169.235
   Water drops: 983 total, 593 hit, 390 miss (60% accuracy)  alt=44m [14-79]  dist=45m [3-110]
   FW shaping: surv=+0.0 bound=+0.0 alt_pen=+0.0 approach=-61.8 alt_shape=+291.4  avg_dist_scout=360m
   [SCOUT DIAG] ratio: 1.0000+/-0.0000 [1.0000,1.0000] | adv: -0.1372+/-1.2509 | alive=30000/30000
   [CMDR  DIAG] ratio: 1.0038+/-0.1115 [0.5149,1.7780] | adv: 0.0622+/-0.9633 | alive=698/726 | bc_coef=0.000
07:51:12 | Batch 0607 (Ep 18206) | R:    -44.1 (  -435.4)  Scout_R:  +141.9  Cmdr_R:  -186.0  Scout:100% Cmdr:95%  scout:[survived=120] cmdr:[survived=84 boundary=6] refills=506  NN_dec=2690/2970  fire: peak=298 final=264 supp=33 ext=53.8  71.6s
   Cmdr reward breakdown: r_extinguish=+238.000  r_water_waste=-9.017  r_water_near=+0.000  r_fire_out=+0.000  r_spread=-140.230
   Water drops: 1299 total, 714 hit, 585 miss (55% accuracy)  alt=44m [16-79]  dist=44m [2-100]
   FW shaping: surv=+0.0 bound=+0.0 alt_pen=+0.0 approach=-64.7 alt_shape=+363.9  avg_dist_scout=254m
   [SCOUT DIAG] ratio: 1.0000+/-0.0000 [1.0000,1.0000] | adv: -0.1417+/-1.1065 | alive=30000/30000
   [CMDR  DIAG] ratio: 1.0151+/-0.1982 [0.1793,2.7829] | adv: 0.1758+/-0.3176 | alive=663/726 | bc_coef=0.000
07:52:46 | Batch 0608 (Ep 18236) | R:   -311.3 (  -177.7)  Scout_R:  +178.8  Cmdr_R:  -490.0  Scout:100% Cmdr:94%  scout:[survived=120] cmdr:[survived=83 boundary=7] refills=477  NN_dec=2697/2970  fire: peak=412 final=382 supp=30 ext=44.2  75.8s
   Cmdr reward breakdown: r_extinguish=+202.333  r_water_waste=-8.200  r_water_near=+0.000  r_fire_out=+0.000  r_spread=-171.675
   Water drops: 1142 total, 607 hit, 535 miss (53% accuracy)  alt=45m [14-80]  dist=49m [2-134]
   FW shaping: surv=+0.0 bound=+0.0 alt_pen=+0.0 approach=-41.7 alt_shape=+290.8  avg_dist_scout=304m
   [SCOUT DIAG] ratio: 1.0000+/-0.0000 [1.0000,1.0000] | adv: -0.1314+/-1.1439 | alive=30000/30000
   [CMDR  DIAG] ratio: 1.0050+/-0.1878 [0.2341,3.4607] | adv: 0.0104+/-1.0716 | alive=688/726 | bc_coef=0.000
07:54:20 | Batch 0609 (Ep 18266) | R:   -306.2 (  -308.7)  Scout_R:  +173.7  Cmdr_R:  -479.9  Scout:100% Cmdr:98%  scout:[survived=120] cmdr:[survived=88 boundary=2] refills=461  NN_dec=2812/2970  fire: peak=357 final=339 supp=19 ext=45.0  75.6s
   Cmdr reward breakdown: r_extinguish=+201.000  r_water_waste=-7.350  r_water_near=+0.000  r_fire_out=+0.000  r_spread=-166.500
   Water drops: 1074 total, 603 hit, 471 miss (56% accuracy)  alt=43m [8-78]  dist=45m [2-109]
   FW shaping: surv=+0.0 bound=+0.0 alt_pen=+0.0 approach=-55.2 alt_shape=+325.6  avg_dist_scout=302m
   [SCOUT DIAG] ratio: 1.0000+/-0.0000 [1.0000,1.0000] | adv: 0.0343+/-1.0273 | alive=30000/30000
   [CMDR  DIAG] ratio: 1.0080+/-0.1208 [0.4333,1.9893] | adv: 0.0431+/-0.8966 | alive=723/726 | bc_coef=0.000
07:55:51 | Batch 0610 (Ep 18296) | R:   -699.3 (  -502.8)  Scout_R:  +200.6  Cmdr_R:  -899.9  Scout:100% Cmdr:93%  scout:[survived=120] cmdr:[survived=82 boundary=8] refills=350  NN_dec=2656/2970  fire: peak=380 final=365 supp=15 ext=34.7  73.6s
   Cmdr reward breakdown: r_extinguish=+174.333  r_water_waste=-5.983  r_water_near=+0.000  r_fire_out=+5.000  r_spread=-141.630
   Water drops: 917 total, 523 hit, 394 miss (57% accuracy)  alt=45m [16-79]  dist=46m [6-110]
   FW shaping: surv=+0.0 bound=+0.0 alt_pen=+0.0 approach=-114.8 alt_shape=+277.5  avg_dist_scout=328m
   [SCOUT DIAG] ratio: 1.0000+/-0.0000 [1.0000,1.0000] | adv: 0.0880+/-0.8827 | alive=30000/30000
   [CMDR  DIAG] ratio: 1.0109+/-0.1446 [0.2072,2.1226] | adv: 0.0701+/-1.0861 | alive=648/726 | bc_coef=0.000
07:57:32 | Batch 0611 (Ep 18326) | R:   -664.9 (  -682.1)  Scout_R:  +181.1  Cmdr_R:  -846.1  Scout:100% Cmdr:95%  scout:[survived=120] cmdr:[survived=85 boundary=5] refills=414  NN_dec=2696/2970  fire: peak=371 final=360 supp=11 ext=38.9  73.9s
   Cmdr reward breakdown: r_extinguish=+172.000  r_water_waste=-5.650  r_water_near=+0.000  r_fire_out=+0.000  r_spread=-159.720
   Water drops: 883 total, 516 hit, 367 miss (58% accuracy)  alt=45m [21-79]  dist=43m [4-102]
   FW shaping: surv=+0.0 bound=+0.0 alt_pen=+0.0 approach=-57.9 alt_shape=+290.1  avg_dist_scout=329m
   [SCOUT DIAG] ratio: 1.0000+/-0.0000 [1.0000,1.0000] | adv: 0.0610+/-0.9304 | alive=30000/30000
   [CMDR  DIAG] ratio: 1.0046+/-0.1643 [0.4504,2.1755] | adv: 0.1298+/-0.7514 | alive=648/726 | bc_coef=0.000
07:59:07 | Batch 0612 (Ep 18356) | R:   -102.0 (  -383.5)  Scout_R:  +102.6  Cmdr_R:  -204.6  Scout:100% Cmdr:99%  scout:[survived=120] cmdr:[survived=89 boundary=1] refills=470  NN_dec=2804/2970  fire: peak=345 final=310 supp=35 ext=41.0  76.8s
   Cmdr reward breakdown: r_extinguish=+192.000  r_water_waste=-7.233  r_water_near=+0.000  r_fire_out=+0.000  r_spread=-155.860
   Water drops: 1047 total, 576 hit, 471 miss (55% accuracy)  alt=45m [14-78]  dist=47m [2-105]
   FW shaping: surv=+0.0 bound=+0.0 alt_pen=+0.0 approach=-7.7 alt_shape=+334.0  avg_dist_scout=288m
   [SCOUT DIAG] ratio: 1.0000+/-0.0000 [1.0000,1.0000] | adv: 0.0376+/-0.9937 | alive=30000/30000
   [CMDR  DIAG] ratio: 0.9884+/-0.1829 [0.2874,2.7705] | adv: 0.0139+/-0.9268 | alive=692/726 | bc_coef=0.000
08:00:37 | Batch 0613 (Ep 18386) | R:   -673.6 (  -387.8)  Scout_R:  +101.6  Cmdr_R:  -775.1  Scout:100% Cmdr:97%  scout:[survived=120] cmdr:[survived=86 boundary=4] refills=424  NN_dec=2713/2970  fire: peak=329 final=313 supp=15 ext=28.9  73.0s
   Cmdr reward breakdown: r_extinguish=+133.000  r_water_waste=-5.250  r_water_near=+0.000  r_fire_out=+0.000  r_spread=-138.880
   Water drops: 742 total, 399 hit, 343 miss (54% accuracy)  alt=44m [17-80]  dist=43m [3-91]
   FW shaping: surv=+0.0 bound=+0.0 alt_pen=+0.0 approach=-75.6 alt_shape=+252.0  avg_dist_scout=351m
   [SCOUT DIAG] ratio: 1.0000+/-0.0000 [1.0000,1.0000] | adv: -0.0746+/-1.1101 | alive=30000/30000
   [CMDR  DIAG] ratio: 1.0047+/-0.1308 [0.5349,2.5973] | adv: 0.0010+/-1.0250 | alive=695/726 | bc_coef=0.000
08:02:10 | Batch 0614 (Ep 18416) | R:   -725.2 (  -699.4)  Scout_R:   +48.2  Cmdr_R:  -773.3  Scout:100% Cmdr:94%  scout:[survived=120] cmdr:[survived=83 boundary=7] refills=615  NN_dec=2593/2970  fire: peak=428 final=416 supp=12 ext=36.6  74.6s
   Cmdr reward breakdown: r_extinguish=+175.667  r_water_waste=-7.433  r_water_near=+0.000  r_fire_out=+0.000  r_spread=-179.075
   Water drops: 1013 total, 527 hit, 486 miss (52% accuracy)  alt=45m [17-79]  dist=44m [3-82]
   FW shaping: surv=+0.0 bound=+0.0 alt_pen=+0.0 approach=-78.5 alt_shape=+267.7  avg_dist_scout=328m
   [SCOUT DIAG] ratio: 1.0000+/-0.0000 [1.0000,1.0000] | adv: -0.1166+/-1.0375 | alive=30000/30000
   [CMDR  DIAG] ratio: 1.0117+/-0.1786 [0.3368,2.2910] | adv: 0.1155+/-0.6334 | alive=575/726 | bc_coef=0.000
08:03:42 | Batch 0615 (Ep 18446) | R:  -1503.8 ( -1114.5)  Scout_R:   -99.7  Cmdr_R: -1404.1  Scout:100% Cmdr:91%  scout:[survived=120] cmdr:[survived=80 boundary=9 ground_crash=1] refills=367  NN_dec=2539/2970  fire: peak=475 final=458 supp=17 ext=31.7  74.4s
   Cmdr reward breakdown: r_extinguish=+148.333  r_water_waste=-5.833  r_water_near=+0.000  r_fire_out=+5.000  r_spread=-174.845
   Water drops: 820 total, 445 hit, 375 miss (54% accuracy)  alt=46m [12-80]  dist=49m [8-108]
   FW shaping: surv=+0.0 bound=+0.0 alt_pen=+0.0 approach=-128.8 alt_shape=+253.5  avg_dist_scout=389m
   [SCOUT DIAG] ratio: 1.0000+/-0.0000 [1.0000,1.0000] | adv: 0.0739+/-0.8990 | alive=30000/30000
   [CMDR  DIAG] ratio: 0.9995+/-0.1803 [0.3093,2.5940] | adv: -0.1766+/-1.1790 | alive=598/726 | bc_coef=0.000
08:05:16 | Batch 0616 (Ep 18476) | R:   -313.5 (  -908.6)  Scout_R:  +218.9  Cmdr_R:  -532.4  Scout:100% Cmdr:97%  scout:[survived=120] cmdr:[survived=86 boundary=4] refills=407  NN_dec=2813/2970  fire: peak=360 final=330 supp=30 ext=40.7  75.7s
   Cmdr reward breakdown: r_extinguish=+200.333  r_water_waste=-6.533  r_water_near=+0.000  r_fire_out=+0.000  r_spread=-157.935
   Water drops: 1021 total, 601 hit, 420 miss (59% accuracy)  alt=46m [13-80]  dist=45m [3-117]
   FW shaping: surv=+0.0 bound=+0.0 alt_pen=+0.0 approach=-45.4 alt_shape=+335.5  avg_dist_scout=283m
   [SCOUT DIAG] ratio: 1.0000+/-0.0000 [1.0000,1.0000] | adv: 0.0511+/-0.8732 | alive=30000/30000
   [CMDR  DIAG] ratio: 1.0102+/-0.2191 [0.2862,3.6243] | adv: 0.1926+/-0.3657 | alive=651/726 | bc_coef=0.000
08:06:51 | Batch 0617 (Ep 18506) | R:   -432.8 (  -373.1)  Scout_R:  +106.2  Cmdr_R:  -539.0  Scout:100% Cmdr:95%  scout:[survived=120] cmdr:[survived=85 boundary=5] refills=367  NN_dec=2742/2970  fire: peak=422 final=408 supp=14 ext=35.0  76.4s
   Cmdr reward breakdown: r_extinguish=+172.000  r_water_waste=-5.367  r_water_near=+0.000  r_fire_out=+5.000  r_spread=-177.760
   Water drops: 868 total, 516 hit, 352 miss (59% accuracy)  alt=46m [17-80]  dist=43m [5-85]
   FW shaping: surv=+0.0 bound=+0.0 alt_pen=+0.0 approach=-48.5 alt_shape=+305.1  avg_dist_scout=309m
   [SCOUT DIAG] ratio: 1.0000+/-0.0000 [1.0000,1.0000] | adv: -0.0899+/-0.9845 | alive=30000/30000
   [CMDR  DIAG] ratio: 0.9974+/-0.2181 [0.1871,2.6060] | adv: -0.1005+/-1.0649 | alive=623/726 | bc_coef=0.000
08:08:22 | Batch 0618 (Ep 18536) | R:   -606.0 (  -519.4)  Scout_R:   -82.0  Cmdr_R:  -524.0  Scout:100% Cmdr:98%  scout:[survived=120] cmdr:[survived=88 boundary=2] refills=306  NN_dec=2861/2970  fire: peak=392 final=374 supp=18 ext=34.1  73.5s
   Cmdr reward breakdown: r_extinguish=+148.667  r_water_waste=-5.300  r_water_near=+0.000  r_fire_out=+5.000  r_spread=-167.405
   Water drops: 786 total, 446 hit, 340 miss (57% accuracy)  alt=43m [10-78]  dist=47m [4-94]
   FW shaping: surv=+0.0 bound=+0.0 alt_pen=+0.0 approach=-10.6 alt_shape=+299.2  avg_dist_scout=304m
   [SCOUT DIAG] ratio: 1.0000+/-0.0000 [1.0000,1.0000] | adv: 0.0807+/-0.9556 | alive=30000/30000
   [CMDR  DIAG] ratio: 1.0046+/-0.1905 [0.2938,2.6344] | adv: 0.1143+/-0.7835 | alive=685/726 | bc_coef=0.000
08:09:56 | Batch 0619 (Ep 18566) | R:   -456.0 (  -531.0)  Scout_R:   +90.9  Cmdr_R:  -546.9  Scout:100% Cmdr:100%  scout:[survived=120] cmdr:[survived=90] refills=437  NN_dec=2882/2970  fire: peak=409 final=372 supp=37 ext=52.1  75.7s
   Cmdr reward breakdown: r_extinguish=+234.667  r_water_waste=-7.950  r_water_near=+0.000  r_fire_out=+5.000  r_spread=-189.405
   Water drops: 1219 total, 704 hit, 515 miss (58% accuracy)  alt=44m [15-80]  dist=45m [1-123]
   FW shaping: surv=+0.0 bound=+0.0 alt_pen=+0.0 approach=-2.5 alt_shape=+369.5  avg_dist_scout=272m
   [SCOUT DIAG] ratio: 1.0000+/-0.0000 [1.0000,1.0000] | adv: 0.0228+/-0.9049 | alive=30000/30000
   [CMDR  DIAG] ratio: 1.0002+/-0.1663 [0.3291,2.2598] | adv: 0.1218+/-0.8047 | alive=692/726 | bc_coef=0.000
08:11:28 | Batch 0620 (Ep 18596) | R:   -607.1 (  -531.5)  Scout_R:  +109.4  Cmdr_R:  -716.5  Scout:100% Cmdr:97%  scout:[survived=120] cmdr:[survived=87 boundary=3] refills=381  NN_dec=2853/2970  fire: peak=332 final=320 supp=12 ext=37.1  74.2s
   Cmdr reward breakdown: r_extinguish=+174.667  r_water_waste=-5.983  r_water_near=+0.000  r_fire_out=+0.000  r_spread=-141.900
   Water drops: 912 total, 524 hit, 388 miss (57% accuracy)  alt=41m [8-79]  dist=42m [2-97]
   FW shaping: surv=+0.0 bound=+0.0 alt_pen=+0.0 approach=-12.3 alt_shape=+312.6  avg_dist_scout=343m
   [SCOUT DIAG] ratio: 1.0000+/-0.0000 [1.0000,1.0000] | adv: 0.0783+/-1.0727 | alive=30000/30000
   [CMDR  DIAG] ratio: 1.0049+/-0.0995 [0.5563,1.7342] | adv: -0.1059+/-1.0811 | alive=721/726 | bc_coef=0.000
08:13:07 | Batch 0621 (Ep 18626) | R:   -282.1 (  -444.6)  Scout_R:  +272.2  Cmdr_R:  -554.3  Scout:100% Cmdr:99%  scout:[survived=120] cmdr:[survived=89 boundary=1] refills=446  NN_dec=2799/2970  fire: peak=319 final=297 supp=22 ext=42.1  72.3s
   Cmdr reward breakdown: r_extinguish=+186.333  r_water_waste=-7.667  r_water_near=+0.000  r_fire_out=+0.000  r_spread=-148.940
   Water drops: 1056 total, 559 hit, 497 miss (53% accuracy)  alt=41m [14-79]  dist=45m [2-99]
   FW shaping: surv=+0.0 bound=+0.0 alt_pen=+0.0 approach=-58.7 alt_shape=+342.5  avg_dist_scout=310m
   [SCOUT DIAG] ratio: 1.0000+/-0.0000 [1.0000,1.0000] | adv: 0.0884+/-0.9758 | alive=30000/30000
   [CMDR  DIAG] ratio: 1.0001+/-0.1015 [0.4986,1.6258] | adv: 0.0331+/-0.8605 | alive=653/726 | bc_coef=0.000
08:14:42 | Batch 0622 (Ep 18656) | R:   -121.0 (  -201.5)  Scout_R:  +187.9  Cmdr_R:  -308.9  Scout:100% Cmdr:100%  scout:[survived=120] cmdr:[survived=90] refills=561  NN_dec=2848/2970  fire: peak=301 final=266 supp=34 ext=51.0  77.2s
   Cmdr reward breakdown: r_extinguish=+231.667  r_water_waste=-9.750  r_water_near=+0.000  r_fire_out=+5.000  r_spread=-145.425
   Water drops: 1321 total, 695 hit, 626 miss (53% accuracy)  alt=43m [13-79]  dist=43m [1-94]
   FW shaping: surv=+0.0 bound=+0.0 alt_pen=+0.0 approach=-6.3 alt_shape=+341.3  avg_dist_scout=305m
   [SCOUT DIAG] ratio: 1.0000+/-0.0000 [1.0000,1.0000] | adv: 0.1389+/-0.7843 | alive=30000/30000
   [CMDR  DIAG] ratio: 1.0018+/-0.1472 [0.1969,2.4242] | adv: 0.2094+/-0.2357 | alive=705/726 | bc_coef=0.000
08:16:15 | Batch 0623 (Ep 18686) | R:   -824.5 (  -472.8)  Scout_R:   +32.2  Cmdr_R:  -856.7  Scout:100% Cmdr:94%  scout:[survived=120] cmdr:[survived=84 boundary=6] refills=357  NN_dec=2665/2970  fire: peak=505 final=487 supp=18 ext=27.1  74.4s
   Cmdr reward breakdown: r_extinguish=+131.000  r_water_waste=-5.267  r_water_near=+0.000  r_fire_out=+0.000  r_spread=-198.765
   Water drops: 733 total, 393 hit, 340 miss (54% accuracy)  alt=44m [7-80]  dist=45m [11-98]
   FW shaping: surv=+0.0 bound=+0.0 alt_pen=+0.0 approach=-77.5 alt_shape=+229.4  avg_dist_scout=350m
   [SCOUT DIAG] ratio: 1.0000+/-0.0000 [1.0000,1.0000] | adv: 0.2685+/-0.5871 | alive=30000/30000
   [CMDR  DIAG] ratio: 1.0097+/-0.1456 [0.4144,2.0836] | adv: 0.1091+/-0.8113 | alive=682/726 | bc_coef=0.000
08:17:47 | Batch 0624 (Ep 18716) | R:   -647.8 (  -736.2)  Scout_R:   -22.4  Cmdr_R:  -625.4  Scout:100% Cmdr:99%  scout:[survived=120] cmdr:[survived=88 ground_crash=1 boundary=1] refills=472  NN_dec=2813/2970  fire: peak=437 final=424 supp=13 ext=36.1  74.6s
   Cmdr reward breakdown: r_extinguish=+177.667  r_water_waste=-7.733  r_water_near=+0.000  r_fire_out=+0.000  r_spread=-187.960
   Water drops: 1033 total, 533 hit, 500 miss (52% accuracy)  alt=44m [19-79]  dist=47m [3-112]
   FW shaping: surv=+0.0 bound=+0.0 alt_pen=+0.0 approach=-31.0 alt_shape=+307.4  avg_dist_scout=310m
   [SCOUT DIAG] ratio: 1.0000+/-0.0000 [1.0000,1.0000] | adv: 0.0934+/-0.9125 | alive=30000/30000
   [CMDR  DIAG] ratio: 0.9899+/-0.1381 [0.1510,1.9600] | adv: -0.1576+/-1.1613 | alive=714/726 | bc_coef=0.000
08:19:19 | Batch 0625 (Ep 18746) | R:   -714.3 (  -681.0)  Scout_R:  +223.8  Cmdr_R:  -938.1  Scout:100% Cmdr:96%  scout:[survived=120] cmdr:[survived=85 boundary=5] refills=458  NN_dec=2665/2970  fire: peak=293 final=272 supp=21 ext=36.3  73.2s
   Cmdr reward breakdown: r_extinguish=+156.000  r_water_waste=-5.517  r_water_near=+0.000  r_fire_out=+0.000  r_spread=-129.390
   Water drops: 826 total, 468 hit, 358 miss (57% accuracy)  alt=42m [4-79]  dist=46m [2-94]
   FW shaping: surv=+0.0 bound=+0.0 alt_pen=+0.0 approach=-70.6 alt_shape=+252.4  avg_dist_scout=385m
   [SCOUT DIAG] ratio: 1.0000+/-0.0000 [1.0000,1.0000] | adv: 0.0763+/-0.7775 | alive=30000/30000
   [CMDR  DIAG] ratio: 0.9923+/-0.1864 [0.1821,2.0501] | adv: -0.0239+/-0.9679 | alive=690/726 | bc_coef=0.000
08:20:52 | Batch 0626 (Ep 18776) | R:   -123.6 (  -418.9)  Scout_R:  +255.4  Cmdr_R:  -379.0  Scout:100% Cmdr:97%  scout:[survived=120] cmdr:[survived=87 boundary=3] refills=597  NN_dec=2756/2970  fire: peak=402 final=377 supp=26 ext=45.4  75.3s
   Cmdr reward breakdown: r_extinguish=+212.333  r_water_waste=-9.500  r_water_near=+0.000  r_fire_out=+0.000  r_spread=-179.415
   Water drops: 1264 total, 637 hit, 627 miss (50% accuracy)  alt=40m [15-80]  dist=45m [4-150]
   FW shaping: surv=+0.0 bound=+0.0 alt_pen=+0.0 approach=-45.7 alt_shape=+330.0  avg_dist_scout=296m
   [SCOUT DIAG] ratio: 1.0000+/-0.0000 [1.0000,1.0000] | adv: 0.0307+/-0.9460 | alive=30000/30000
   [CMDR  DIAG] ratio: 1.0074+/-0.1005 [0.4958,1.5020] | adv: -0.0703+/-1.0503 | alive=690/726 | bc_coef=0.000
08:22:24 | Batch 0627 (Ep 18806) | R:   -165.6 (  -144.6)  Scout_R:   +85.9  Cmdr_R:  -251.5  Scout:100% Cmdr:100%  scout:[survived=120] cmdr:[survived=90] refills=527  NN_dec=2837/2970  fire: peak=313 final=288 supp=25 ext=47.7  73.8s
   Cmdr reward breakdown: r_extinguish=+233.667  r_water_waste=-8.283  r_water_near=+0.000  r_fire_out=+0.000  r_spread=-150.570
   Water drops: 1246 total, 701 hit, 545 miss (56% accuracy)  alt=42m [11-78]  dist=45m [1-113]
   FW shaping: surv=+0.0 bound=+0.0 alt_pen=+0.0 approach=+31.7 alt_shape=+364.5  avg_dist_scout=269m
   [SCOUT DIAG] ratio: 1.0000+/-0.0000 [1.0000,1.0000] | adv: 0.0720+/-0.8994 | alive=30000/30000
   [CMDR  DIAG] ratio: 1.0030+/-0.1323 [0.1355,1.8613] | adv: 0.1959+/-0.3395 | alive=711/726 | bc_coef=0.000
08:23:53 | Batch 0628 (Ep 18836) | R:  -1073.3 (  -619.5)  Scout_R:   +88.2  Cmdr_R: -1161.5  Scout:100% Cmdr:93%  scout:[survived=120] cmdr:[survived=82 boundary=8] refills=296  NN_dec=2658/2970  fire: peak=405 final=397 supp=8 ext=27.7  70.7s
   Cmdr reward breakdown: r_extinguish=+132.667  r_water_waste=-4.850  r_water_near=+0.000  r_fire_out=+0.000  r_spread=-156.705
   Water drops: 712 total, 398 hit, 314 miss (56% accuracy)  alt=43m [15-77]  dist=43m [4-103]
   FW shaping: surv=+0.0 bound=+0.0 alt_pen=+0.0 approach=-89.9 alt_shape=+292.0  avg_dist_scout=347m
   [SCOUT DIAG] ratio: 1.0000+/-0.0000 [1.0000,1.0000] | adv: 0.0186+/-0.9166 | alive=30000/30000
   [CMDR  DIAG] ratio: 1.0039+/-0.1350 [0.2350,1.9718] | adv: -0.3184+/-1.2440 | alive=626/726 | bc_coef=0.000
08:25:24 | Batch 0629 (Ep 18866) | R:   -233.8 (  -653.6)  Scout_R:   +86.4  Cmdr_R:  -320.1  Scout:100% Cmdr:94%  scout:[survived=120] cmdr:[survived=83 boundary=7] refills=525  NN_dec=2641/2970  fire: peak=407 final=379 supp=28 ext=44.6  72.7s
   Cmdr reward breakdown: r_extinguish=+221.000  r_water_waste=-7.983  r_water_near=+0.000  r_fire_out=+0.000  r_spread=-167.715
   Water drops: 1176 total, 663 hit, 513 miss (56% accuracy)  alt=42m [2-80]  dist=41m [4-99]
   FW shaping: surv=+0.0 bound=+0.0 alt_pen=+0.0 approach=-40.9 alt_shape=+338.1  avg_dist_scout=280m
   [SCOUT DIAG] ratio: 1.0000+/-0.0000 [1.0000,1.0000] | adv: -0.0580+/-1.0561 | alive=30000/30000
   [CMDR  DIAG] ratio: 0.9996+/-0.1264 [0.2558,2.0527] | adv: 0.0214+/-0.8638 | alive=661/726 | bc_coef=0.000
08:26:56 | Batch 0630 (Ep 18896) | R:   -643.1 (  -438.5)  Scout_R:  +106.6  Cmdr_R:  -749.8  Scout:100% Cmdr:97%  scout:[survived=120] cmdr:[survived=87 boundary=3] refills=463  NN_dec=2741/2970  fire: peak=488 final=472 supp=16 ext=33.7  73.9s
   Cmdr reward breakdown: r_extinguish=+181.667  r_water_waste=-6.783  r_water_near=+0.000  r_fire_out=+0.000  r_spread=-206.140
   Water drops: 991 total, 545 hit, 446 miss (55% accuracy)  alt=43m [14-80]  dist=45m [2-118]
   FW shaping: surv=+0.0 bound=+0.0 alt_pen=+0.0 approach=-34.6 alt_shape=+292.6  avg_dist_scout=316m
   [SCOUT DIAG] ratio: 1.0000+/-0.0000 [1.0000,1.0000] | adv: 0.0490+/-0.9667 | alive=30000/30000
   [CMDR  DIAG] ratio: 1.0005+/-0.2055 [0.0069,3.6851] | adv: 0.0122+/-0.9252 | alive=686/726 | bc_coef=0.000
08:28:39 | Batch 0631 (Ep 18926) | R:  -1094.4 (  -868.8)  Scout_R:    +2.4  Cmdr_R: -1096.8  Scout:100% Cmdr:97%  scout:[survived=120] cmdr:[survived=86 boundary=4] refills=448  NN_dec=2664/2970  fire: peak=499 final=467 supp=31 ext=31.5  76.5s
   Cmdr reward breakdown: r_extinguish=+133.667  r_water_waste=-3.883  r_water_near=+0.000  r_fire_out=+0.000  r_spread=-204.210
   Water drops: 659 total, 401 hit, 258 miss (61% accuracy)  alt=43m [16-78]  dist=47m [6-116]
   FW shaping: surv=+0.0 bound=+0.0 alt_pen=+0.0 approach=-103.5 alt_shape=+228.0  avg_dist_scout=395m
   [SCOUT DIAG] ratio: 1.0000+/-0.0000 [1.0000,1.0000] | adv: 0.1121+/-0.8952 | alive=30000/30000
   [CMDR  DIAG] ratio: 1.0042+/-0.1117 [0.5590,2.2850] | adv: 0.1009+/-0.7616 | alive=680/726 | bc_coef=0.000
08:30:10 | Batch 0632 (Ep 18956) | R:  -1134.3 ( -1114.4)  Scout_R:   -46.8  Cmdr_R: -1087.6  Scout:100% Cmdr:95%  scout:[survived=120] cmdr:[survived=85 boundary=5] refills=351  NN_dec=2799/2970  fire: peak=390 final=375 supp=15 ext=32.4  72.9s
   Cmdr reward breakdown: r_extinguish=+154.000  r_water_waste=-9.050  r_water_near=+0.000  r_fire_out=+0.000  r_spread=-161.140
   Water drops: 1052 total, 462 hit, 590 miss (44% accuracy)  alt=42m [13-79]  dist=51m [7-144]
   FW shaping: surv=+0.0 bound=+0.0 alt_pen=+0.0 approach=-72.3 alt_shape=+291.2  avg_dist_scout=351m
   [SCOUT DIAG] ratio: 1.0000+/-0.0000 [1.0000,1.0000] | adv: 0.0971+/-0.8802 | alive=30000/30000
   [CMDR  DIAG] ratio: 1.0103+/-0.2022 [0.2328,3.3317] | adv: 0.2730+/-0.4521 | alive=723/726 | bc_coef=0.000
08:31:42 | Batch 0633 (Ep 18986) | R:   -661.4 (  -897.9)  Scout_R:   -78.0  Cmdr_R:  -583.4  Scout:100% Cmdr:97%  scout:[survived=120] cmdr:[survived=87 boundary=3] refills=319  NN_dec=2858/2970  fire: peak=349 final=334 supp=15 ext=33.6  73.2s
   Cmdr reward breakdown: r_extinguish=+161.000  r_water_waste=-6.550  r_water_near=+0.000  r_fire_out=+0.000  r_spread=-147.065
   Water drops: 903 total, 483 hit, 420 miss (53% accuracy)  alt=40m [17-79]  dist=44m [4-103]
   FW shaping: surv=+0.0 bound=+0.0 alt_pen=+0.0 approach=-33.1 alt_shape=+311.9  avg_dist_scout=310m
   [SCOUT DIAG] ratio: 1.0000+/-0.0000 [1.0000,1.0000] | adv: 0.0561+/-0.9633 | alive=30000/30000
   [CMDR  DIAG] ratio: 1.0041+/-0.1361 [0.5856,2.5795] | adv: 0.0783+/-0.8413 | alive=723/726 | bc_coef=0.000
08:33:14 | Batch 0634 (Ep 19016) | R:   -240.9 (  -451.2)  Scout_R:  +206.7  Cmdr_R:  -447.6  Scout:100% Cmdr:99%  scout:[survived=120] cmdr:[survived=89 boundary=1] refills=443  NN_dec=2891/2970  fire: peak=286 final=263 supp=23 ext=40.9  74.5s
   Cmdr reward breakdown: r_extinguish=+207.333  r_water_waste=-7.117  r_water_near=+0.000  r_fire_out=+0.000  r_spread=-138.315
   Water drops: 1082 total, 622 hit, 460 miss (57% accuracy)  alt=43m [14-78]  dist=45m [3-102]
   FW shaping: surv=+0.0 bound=+0.0 alt_pen=+0.0 approach=-24.4 alt_shape=+335.9  avg_dist_scout=298m
   [SCOUT DIAG] ratio: 1.0000+/-0.0000 [1.0000,1.0000] | adv: -0.0954+/-1.0446 | alive=30000/30000
   [CMDR  DIAG] ratio: 1.0044+/-0.1567 [0.2404,2.5278] | adv: 0.1171+/-0.3525 | alive=695/726 | bc_coef=0.000
08:34:47 | Batch 0635 (Ep 19046) | R:   -342.3 (  -291.6)  Scout_R:   +69.8  Cmdr_R:  -412.1  Scout:100% Cmdr:98%  scout:[survived=120] cmdr:[survived=87 boundary=2 ground_crash=1] refills=479  NN_dec=2770/2970  fire: peak=379 final=355 supp=24 ext=39.1  74.2s
   Cmdr reward breakdown: r_extinguish=+181.333  r_water_waste=-7.250  r_water_near=+0.000  r_fire_out=+0.000  r_spread=-168.180
   Water drops: 1013 total, 544 hit, 469 miss (54% accuracy)  alt=43m [13-80]  dist=45m [5-102]
   FW shaping: surv=+0.0 bound=+0.0 alt_pen=+0.0 approach=-10.7 alt_shape=+343.1  avg_dist_scout=283m
   [SCOUT DIAG] ratio: 1.0000+/-0.0000 [1.0000,1.0000] | adv: -0.1275+/-1.1167 | alive=30000/30000
   [CMDR  DIAG] ratio: 0.9988+/-0.1429 [0.2355,2.2057] | adv: 0.0754+/-0.9421 | alive=687/726 | bc_coef=0.000
08:36:19 | Batch 0636 (Ep 19076) | R:   -448.5 (  -395.4)  Scout_R:   +75.2  Cmdr_R:  -523.6  Scout:100% Cmdr:96%  scout:[survived=120] cmdr:[survived=86 boundary=4] refills=347  NN_dec=2764/2970  fire: peak=402 final=380 supp=22 ext=34.7  74.7s
   Cmdr reward breakdown: r_extinguish=+163.000  r_water_waste=-6.017  r_water_near=+0.000  r_fire_out=+0.000  r_spread=-170.005
   Water drops: 877 total, 489 hit, 388 miss (56% accuracy)  alt=42m [18-80]  dist=42m [2-106]
   FW shaping: surv=+0.0 bound=+0.0 alt_pen=+0.0 approach=-65.8 alt_shape=+279.6  avg_dist_scout=331m
   [SCOUT DIAG] ratio: 1.0000+/-0.0000 [1.0000,1.0000] | adv: -0.1381+/-1.0571 | alive=30000/30000
   [CMDR  DIAG] ratio: 0.9999+/-0.1360 [0.4798,2.3922] | adv: 0.1273+/-0.7804 | alive=719/726 | bc_coef=0.000
08:37:51 | Batch 0637 (Ep 19106) | R:   -657.5 (  -553.0)  Scout_R:  -156.9  Cmdr_R:  -500.6  Scout:100% Cmdr:93%  scout:[survived=120] cmdr:[survived=81 boundary=8 ground_crash=1] refills=433  NN_dec=2633/2970  fire: peak=328 final=305 supp=24 ext=42.1  73.9s
   Cmdr reward breakdown: r_extinguish=+189.000  r_water_waste=-6.667  r_water_near=+0.000  r_fire_out=+5.000  r_spread=-134.955
   Water drops: 999 total, 567 hit, 432 miss (57% accuracy)  alt=45m [14-79]  dist=46m [2-118]
   FW shaping: surv=+0.0 bound=+0.0 alt_pen=+0.0 approach=-52.6 alt_shape=+281.6  avg_dist_scout=294m
   [SCOUT DIAG] ratio: 1.0000+/-0.0000 [1.0000,1.0000] | adv: 0.0130+/-1.0627 | alive=30000/30000
   [CMDR  DIAG] ratio: 1.0094+/-0.1327 [0.5125,1.8363] | adv: 0.1174+/-0.7414 | alive=650/726 | bc_coef=0.000
08:39:24 | Batch 0638 (Ep 19136) | R:   -873.5 (  -765.5)  Scout_R:   +31.3  Cmdr_R:  -904.8  Scout:100% Cmdr:93%  scout:[survived=120] cmdr:[survived=82 boundary=8] refills=354  NN_dec=2673/2970  fire: peak=433 final=418 supp=15 ext=33.8  74.8s
   Cmdr reward breakdown: r_extinguish=+158.333  r_water_waste=-5.350  r_water_near=+0.000  r_fire_out=+0.000  r_spread=-173.590
   Water drops: 825 total, 475 hit, 350 miss (58% accuracy)  alt=41m [12-80]  dist=43m [0-105]
   FW shaping: surv=+0.0 bound=+0.0 alt_pen=+0.0 approach=-65.3 alt_shape=+272.4  avg_dist_scout=347m
   [SCOUT DIAG] ratio: 1.0000+/-0.0000 [1.0000,1.0000] | adv: 0.1595+/-0.8421 | alive=30000/30000
   [CMDR  DIAG] ratio: 1.0032+/-0.1432 [0.3491,2.2297] | adv: 0.0914+/-0.6827 | alive=649/726 | bc_coef=0.000
08:40:54 | Batch 0639 (Ep 19166) | R:   -918.2 (  -895.9)  Scout_R:   -38.7  Cmdr_R:  -879.5  Scout:100% Cmdr:99%  scout:[survived=120] cmdr:[survived=89 boundary=1] refills=387  NN_dec=2782/2970  fire: peak=430 final=406 supp=24 ext=34.3  71.9s
   Cmdr reward breakdown: r_extinguish=+156.667  r_water_waste=-4.267  r_water_near=+0.000  r_fire_out=+5.000  r_spread=-186.060
   Water drops: 747 total, 470 hit, 277 miss (63% accuracy)  alt=44m [15-78]  dist=42m [1-94]
   FW shaping: surv=+0.0 bound=+0.0 alt_pen=+0.0 approach=-78.1 alt_shape=+268.2  avg_dist_scout=349m
   [SCOUT DIAG] ratio: 1.0000+/-0.0000 [1.0000,1.0000] | adv: -0.1201+/-1.0636 | alive=30000/30000
   [CMDR  DIAG] ratio: 1.0141+/-0.2661 [0.1497,6.9518] | adv: 0.1214+/-0.8096 | alive=686/726 | bc_coef=0.000
08:42:27 | Batch 0640 (Ep 19196) | R:   -582.4 (  -750.3)  Scout_R:   -10.0  Cmdr_R:  -572.4  Scout:100% Cmdr:97%  scout:[survived=120] cmdr:[survived=86 boundary=4] refills=472  NN_dec=2732/2970  fire: peak=383 final=361 supp=22 ext=41.8  74.8s
   Cmdr reward breakdown: r_extinguish=+192.000  r_water_waste=-7.300  r_water_near=+0.000  r_fire_out=+0.000  r_spread=-170.250
   Water drops: 1051 total, 576 hit, 475 miss (55% accuracy)  alt=43m [12-80]  dist=44m [2-104]
   FW shaping: surv=+0.0 bound=+0.0 alt_pen=+0.0 approach=-47.4 alt_shape=+309.0  avg_dist_scout=318m
   [SCOUT DIAG] ratio: 1.0000+/-0.0000 [1.0000,1.0000] | adv: 0.1189+/-0.9148 | alive=30000/30000
   [CMDR  DIAG] ratio: 0.9997+/-0.1387 [0.1182,1.8902] | adv: 0.0870+/-0.9167 | alive=721/726 | bc_coef=0.000
08:44:07 | Batch 0641 (Ep 19226) | R:   -590.4 (  -586.4)  Scout_R:   +92.1  Cmdr_R:  -682.6  Scout:100% Cmdr:100%  scout:[survived=120] cmdr:[survived=90] refills=401  NN_dec=2877/2970  fire: peak=400 final=376 supp=24 ext=42.1  72.6s
   Cmdr reward breakdown: r_extinguish=+187.667  r_water_waste=-7.917  r_water_near=+0.000  r_fire_out=+0.000  r_spread=-181.410
   Water drops: 1073 total, 563 hit, 510 miss (52% accuracy)  alt=44m [13-77]  dist=47m [2-117]
   FW shaping: surv=+0.0 bound=+0.0 alt_pen=+0.0 approach=-14.4 alt_shape=+330.1  avg_dist_scout=305m
   [SCOUT DIAG] ratio: 1.0000+/-0.0000 [1.0000,1.0000] | adv: -0.0624+/-1.0486 | alive=30000/30000
   [CMDR  DIAG] ratio: 1.0206+/-0.2113 [0.1190,4.2945] | adv: 0.0223+/-0.9006 | alive=723/726 | bc_coef=0.000
08:45:37 | Batch 0642 (Ep 19256) | R:   -548.4 (  -569.4)  Scout_R:   +48.8  Cmdr_R:  -597.2  Scout:100% Cmdr:95%  scout:[survived=120] cmdr:[survived=83 boundary=7] refills=513  NN_dec=2696/2970  fire: peak=491 final=471 supp=20 ext=45.6  72.2s
   Cmdr reward breakdown: r_extinguish=+202.667  r_water_waste=-6.383  r_water_near=+0.000  r_fire_out=+0.000  r_spread=-199.615
   Water drops: 1027 total, 608 hit, 419 miss (59% accuracy)  alt=42m [11-80]  dist=45m [2-104]
   FW shaping: surv=+0.0 bound=+0.0 alt_pen=+0.0 approach=-78.4 alt_shape=+299.5  avg_dist_scout=292m
   [SCOUT DIAG] ratio: 1.0000+/-0.0000 [1.0000,1.0000] | adv: -0.0042+/-1.0397 | alive=30000/30000
   [CMDR  DIAG] ratio: 1.0066+/-0.1653 [0.4546,2.5269] | adv: 0.0261+/-0.8996 | alive=700/726 | bc_coef=0.000
08:47:11 | Batch 0643 (Ep 19286) | R:   -394.5 (  -471.5)  Scout_R:   +58.7  Cmdr_R:  -453.2  Scout:100% Cmdr:99%  scout:[survived=120] cmdr:[survived=89 boundary=1] refills=376  NN_dec=2841/2970  fire: peak=396 final=365 supp=32 ext=39.8  75.7s
   Cmdr reward breakdown: r_extinguish=+177.333  r_water_waste=-4.800  r_water_near=+0.000  r_fire_out=+0.000  r_spread=-173.460
   Water drops: 846 total, 532 hit, 314 miss (63% accuracy)  alt=43m [8-79]  dist=44m [1-107]
   FW shaping: surv=+0.0 bound=+0.0 alt_pen=+0.0 approach=-27.1 alt_shape=+302.6  avg_dist_scout=309m
   [SCOUT DIAG] ratio: 1.0000+/-0.0000 [1.0000,1.0000] | adv: 0.0341+/-0.9651 | alive=30000/30000
   [CMDR  DIAG] ratio: 1.0096+/-0.1484 [0.0141,2.4925] | adv: -0.0947+/-0.9901 | alive=694/726 | bc_coef=0.000
08:48:44 | Batch 0644 (Ep 19316) | R:   -346.0 (  -370.2)  Scout_R:  +140.5  Cmdr_R:  -486.4  Scout:100% Cmdr:98%  scout:[survived=120] cmdr:[survived=88 boundary=2] refills=463  NN_dec=2796/2970  fire: peak=375 final=363 supp=13 ext=36.0  75.3s
   Cmdr reward breakdown: r_extinguish=+183.333  r_water_waste=-6.817  r_water_near=+0.000  r_fire_out=+0.000  r_spread=-162.930
   Water drops: 993 total, 550 hit, 443 miss (55% accuracy)  alt=44m [14-80]  dist=47m [5-108]
   FW shaping: surv=+0.0 bound=+0.0 alt_pen=+0.0 approach=-21.4 alt_shape=+293.3  avg_dist_scout=315m
   [SCOUT DIAG] ratio: 1.0000+/-0.0000 [1.0000,1.0000] | adv: 0.1167+/-0.8341 | alive=30000/30000
   [CMDR  DIAG] ratio: 1.0075+/-0.1386 [0.3970,2.1431] | adv: 0.2513+/-0.2044 | alive=593/726 | bc_coef=0.000
08:50:16 | Batch 0645 (Ep 19346) | R:   -284.2 (  -315.1)  Scout_R:   +29.9  Cmdr_R:  -314.1  Scout:100% Cmdr:97%  scout:[survived=120] cmdr:[survived=87 boundary=3] refills=443  NN_dec=2814/2970  fire: peak=358 final=340 supp=19 ext=45.1  74.7s
   Cmdr reward breakdown: r_extinguish=+200.000  r_water_waste=-7.517  r_water_near=+0.000  r_fire_out=+0.000  r_spread=-167.690
   Water drops: 1086 total, 600 hit, 486 miss (55% accuracy)  alt=39m [13-79]  dist=44m [2-100]
   FW shaping: surv=+0.0 bound=+0.0 alt_pen=+0.0 approach=-18.7 alt_shape=+345.6  avg_dist_scout=281m
   [SCOUT DIAG] ratio: 1.0000+/-0.0000 [1.0000,1.0000] | adv: -0.0497+/-0.9662 | alive=30000/30000
   [CMDR  DIAG] ratio: 0.9987+/-0.1456 [0.1896,2.3557] | adv: -0.0605+/-1.0703 | alive=695/726 | bc_coef=0.000
08:51:46 | Batch 0646 (Ep 19376) | R:   -628.9 (  -456.6)  Scout_R:  +116.2  Cmdr_R:  -745.1  Scout:100% Cmdr:97%  scout:[survived=120] cmdr:[survived=87 boundary=3] refills=383  NN_dec=2833/2970  fire: peak=374 final=343 supp=31 ext=41.1  72.0s
   Cmdr reward breakdown: r_extinguish=+180.667  r_water_waste=-5.517  r_water_near=+0.000  r_fire_out=+0.000  r_spread=-165.260
   Water drops: 904 total, 542 hit, 362 miss (60% accuracy)  alt=42m [14-80]  dist=43m [2-90]
   FW shaping: surv=+0.0 bound=+0.0 alt_pen=+0.0 approach=-60.2 alt_shape=+299.7  avg_dist_scout=331m
   [SCOUT DIAG] ratio: 1.0000+/-0.0000 [1.0000,1.0000] | adv: 0.1493+/-0.8900 | alive=30000/30000
   [CMDR  DIAG] ratio: 1.0107+/-0.1088 [0.6176,2.0793] | adv: 0.1739+/-0.8272 | alive=694/726 | bc_coef=0.000
08:53:18 | Batch 0647 (Ep 19406) | R:   -461.4 (  -545.1)  Scout_R:  +183.5  Cmdr_R:  -644.9  Scout:100% Cmdr:98%  scout:[survived=120] cmdr:[survived=87 boundary=3] refills=474  NN_dec=2739/2970  fire: peak=395 final=377 supp=18 ext=37.1  73.6s
   Cmdr reward breakdown: r_extinguish=+189.667  r_water_waste=-6.667  r_water_near=+0.000  r_fire_out=+0.000  r_spread=-170.160
   Water drops: 1001 total, 569 hit, 432 miss (57% accuracy)  alt=45m [19-80]  dist=42m [4-98]
   FW shaping: surv=+0.0 bound=+0.0 alt_pen=+0.0 approach=-23.0 alt_shape=+308.1  avg_dist_scout=344m
   [SCOUT DIAG] ratio: 1.0000+/-0.0000 [1.0000,1.0000] | adv: 0.0778+/-0.9821 | alive=30000/30000
   [CMDR  DIAG] ratio: 1.0114+/-0.1471 [0.2672,2.2023] | adv: 0.0558+/-0.8462 | alive=667/726 | bc_coef=0.000
08:54:54 | Batch 0648 (Ep 19436) | R:   -428.6 (  -445.0)  Scout_R:  +153.8  Cmdr_R:  -582.4  Scout:100% Cmdr:96%  scout:[survived=120] cmdr:[survived=86 boundary=4] refills=354  NN_dec=2784/2970  fire: peak=439 final=430 supp=9 ext=38.7  77.8s
   Cmdr reward breakdown: r_extinguish=+169.000  r_water_waste=-4.633  r_water_near=+0.000  r_fire_out=+0.000  r_spread=-186.315
   Water drops: 810 total, 507 hit, 303 miss (63% accuracy)  alt=43m [14-79]  dist=43m [8-95]
   FW shaping: surv=+0.0 bound=+0.0 alt_pen=+0.0 approach=-50.1 alt_shape=+274.1  avg_dist_scout=331m
   [SCOUT DIAG] ratio: 1.0000+/-0.0000 [1.0000,1.0000] | adv: -0.0731+/-1.0137 | alive=30000/30000
   [CMDR  DIAG] ratio: 0.9956+/-0.1356 [0.1858,1.8100] | adv: -0.0077+/-0.7160 | alive=716/726 | bc_coef=0.000
08:56:23 | Batch 0649 (Ep 19466) | R:   -791.2 (  -609.9)  Scout_R:   -99.8  Cmdr_R:  -691.4  Scout:100% Cmdr:99%  scout:[survived=120] cmdr:[survived=89 boundary=1] refills=438  NN_dec=2854/2970  fire: peak=379 final=361 supp=18 ext=32.7  72.0s
   Cmdr reward breakdown: r_extinguish=+155.000  r_water_waste=-7.033  r_water_near=+0.000  r_fire_out=+0.000  r_spread=-167.000
   Water drops: 922 total, 465 hit, 457 miss (50% accuracy)  alt=43m [17-79]  dist=46m [1-124]
   FW shaping: surv=+0.0 bound=+0.0 alt_pen=+0.0 approach=-10.1 alt_shape=+293.1  avg_dist_scout=339m
   [SCOUT DIAG] ratio: 1.0000+/-0.0000 [1.0000,1.0000] | adv: -0.1537+/-1.1082 | alive=30000/30000
   [CMDR  DIAG] ratio: 1.0030+/-0.1592 [0.3825,2.7755] | adv: 0.0841+/-1.0060 | alive=683/726 | bc_coef=0.000
08:57:56 | Batch 0650 (Ep 19496) | R:  -1062.7 (  -926.9)  Scout_R:   -84.6  Cmdr_R:  -978.2  Scout:100% Cmdr:94%  scout:[survived=120] cmdr:[survived=83 boundary=7] refills=343  NN_dec=2692/2970  fire: peak=445 final=427 supp=18 ext=31.5  74.7s
   Cmdr reward breakdown: r_extinguish=+155.000  r_water_waste=-5.000  r_water_near=+0.000  r_fire_out=+0.000  r_spread=-168.340
   Water drops: 795 total, 465 hit, 330 miss (58% accuracy)  alt=44m [22-79]  dist=46m [3-87]
   FW shaping: surv=+0.0 bound=+0.0 alt_pen=+0.0 approach=-86.4 alt_shape=+255.0  avg_dist_scout=354m
   [SCOUT DIAG] ratio: 1.0000+/-0.0000 [1.0000,1.0000] | adv: -0.0395+/-1.0606 | alive=30000/30000
   [CMDR  DIAG] ratio: 1.0091+/-0.1071 [0.5573,1.9055] | adv: -0.0982+/-1.1668 | alive=694/726 | bc_coef=0.000
08:59:38 | Batch 0651 (Ep 19526) | R:   -805.9 (  -934.3)  Scout_R:   +17.5  Cmdr_R:  -823.3  Scout:100% Cmdr:98%  scout:[survived=120] cmdr:[survived=88 boundary=2] refills=299  NN_dec=2828/2970  fire: peak=363 final=345 supp=18 ext=30.9  74.7s
   Cmdr reward breakdown: r_extinguish=+133.000  r_water_waste=-4.800  r_water_near=+0.000  r_fire_out=+0.000  r_spread=-158.560
   Water drops: 718 total, 399 hit, 319 miss (56% accuracy)  alt=45m [9-79]  dist=46m [6-115]
   FW shaping: surv=+0.0 bound=+0.0 alt_pen=+0.0 approach=-47.0 alt_shape=+264.4  avg_dist_scout=371m
   [SCOUT DIAG] ratio: 1.0000+/-0.0000 [1.0000,1.0000] | adv: 0.1014+/-0.8445 | alive=30000/30000
   [CMDR  DIAG] ratio: 1.0092+/-0.1500 [0.3439,2.0640] | adv: 0.1559+/-0.6487 | alive=642/726 | bc_coef=0.000
09:01:07 | Batch 0652 (Ep 19556) | R:   -664.0 (  -734.9)  Scout_R:  -109.0  Cmdr_R:  -555.0  Scout:100% Cmdr:95%  scout:[survived=120] cmdr:[survived=84 boundary=6] refills=282  NN_dec=2754/2970  fire: peak=370 final=347 supp=24 ext=43.0  71.7s
   Cmdr reward breakdown: r_extinguish=+154.667  r_water_waste=-3.383  r_water_near=+0.000  r_fire_out=+0.000  r_spread=-157.725
   Water drops: 688 total, 464 hit, 224 miss (67% accuracy)  alt=44m [16-79]  dist=41m [2-112]
   FW shaping: surv=+0.0 bound=+0.0 alt_pen=+0.0 approach=-44.0 alt_shape=+291.2  avg_dist_scout=316m
   [SCOUT DIAG] ratio: 1.0000+/-0.0000 [1.0000,1.0000] | adv: 0.0131+/-0.9978 | alive=30000/30000
   [CMDR  DIAG] ratio: 0.9989+/-0.1545 [0.3013,1.8442] | adv: 0.0134+/-0.6974 | alive=674/726 | bc_coef=0.000
09:02:43 | Batch 0653 (Ep 19586) | R:   -618.9 (  -641.5)  Scout_R:  +122.7  Cmdr_R:  -741.6  Scout:100% Cmdr:94%  scout:[survived=120] cmdr:[survived=83 boundary=7] refills=313  NN_dec=2748/2970  fire: peak=458 final=440 supp=18 ext=37.9  77.2s
   Cmdr reward breakdown: r_extinguish=+184.667  r_water_waste=-6.233  r_water_near=+0.000  r_fire_out=+0.000  r_spread=-181.985
   Water drops: 964 total, 554 hit, 410 miss (57% accuracy)  alt=44m [8-79]  dist=44m [3-94]
   FW shaping: surv=+0.0 bound=+0.0 alt_pen=+0.0 approach=-60.5 alt_shape=+323.2  avg_dist_scout=316m
   [SCOUT DIAG] ratio: 1.0000+/-0.0000 [1.0000,1.0000] | adv: -0.0175+/-1.0851 | alive=30000/30000
   [CMDR  DIAG] ratio: 1.0026+/-0.1329 [0.3734,2.2959] | adv: -0.1325+/-1.1755 | alive=671/726 | bc_coef=0.000
09:04:16 | Batch 0654 (Ep 19616) | R:  -1009.6 (  -814.2)  Scout_R:  +204.4  Cmdr_R: -1213.9  Scout:100% Cmdr:95%  scout:[survived=120] cmdr:[survived=84 boundary=6] refills=277  NN_dec=2794/2970  fire: peak=364 final=355 supp=9 ext=26.0  75.0s
   Cmdr reward breakdown: r_extinguish=+138.667  r_water_waste=-6.983  r_water_near=+0.000  r_fire_out=+0.000  r_spread=-141.345
   Water drops: 870 total, 416 hit, 454 miss (48% accuracy)  alt=41m [12-79]  dist=46m [5-102]
   FW shaping: surv=+0.0 bound=+0.0 alt_pen=+0.0 approach=-113.5 alt_shape=+244.4  avg_dist_scout=367m
   [SCOUT DIAG] ratio: 1.0000+/-0.0000 [1.0000,1.0000] | adv: -0.0643+/-1.0651 | alive=30000/30000
   [CMDR  DIAG] ratio: 1.0036+/-0.2316 [0.1729,3.5388] | adv: -0.0750+/-1.2174 | alive=693/726 | bc_coef=0.000
09:05:50 | Batch 0655 (Ep 19646) | R:   -871.2 (  -940.4)  Scout_R:  -110.6  Cmdr_R:  -760.6  Scout:100% Cmdr:96%  scout:[survived=120] cmdr:[survived=85 boundary=5] refills=244  NN_dec=2798/2970  fire: peak=471 final=454 supp=17 ext=26.0  75.9s
   Cmdr reward breakdown: r_extinguish=+113.667  r_water_waste=-4.283  r_water_near=+0.000  r_fire_out=+0.000  r_spread=-185.940
   Water drops: 620 total, 341 hit, 279 miss (55% accuracy)  alt=45m [21-80]  dist=44m [3-112]
   FW shaping: surv=+0.0 bound=+0.0 alt_pen=+0.0 approach=-61.1 alt_shape=+233.2  avg_dist_scout=356m
   [SCOUT DIAG] ratio: 1.0000+/-0.0000 [1.0000,1.0000] | adv: 0.1688+/-0.8670 | alive=30000/30000
   [CMDR  DIAG] ratio: 0.9938+/-0.1314 [0.0651,1.6156] | adv: 0.0182+/-0.8017 | alive=670/726 | bc_coef=0.000
09:07:21 | Batch 0656 (Ep 19676) | R:   -825.9 (  -848.5)  Scout_R:  +135.1  Cmdr_R:  -961.0  Scout:100% Cmdr:98%  scout:[survived=120] cmdr:[survived=87 boundary=3] refills=397  NN_dec=2781/2970  fire: peak=404 final=392 supp=12 ext=36.3  72.8s
   Cmdr reward breakdown: r_extinguish=+162.000  r_water_waste=-5.667  r_water_near=+0.000  r_fire_out=+0.000  r_spread=-172.070
   Water drops: 853 total, 486 hit, 367 miss (57% accuracy)  alt=44m [21-79]  dist=45m [5-93]
   FW shaping: surv=+0.0 bound=+0.0 alt_pen=+0.0 approach=-76.8 alt_shape=+263.9  avg_dist_scout=375m
   [SCOUT DIAG] ratio: 1.0000+/-0.0000 [1.0000,1.0000] | adv: 0.0072+/-0.9882 | alive=30000/30000
   [CMDR  DIAG] ratio: 1.0134+/-0.1473 [0.3193,2.3642] | adv: 0.2148+/-0.5319 | alive=689/726 | bc_coef=0.000
09:08:57 | Batch 0657 (Ep 19706) | R:  -1186.2 ( -1006.1)  Scout_R:   -48.9  Cmdr_R: -1137.3  Scout:100% Cmdr:98%  scout:[survived=120] cmdr:[survived=88 boundary=2] refills=411  NN_dec=2791/2970  fire: peak=426 final=418 supp=8 ext=30.2  77.8s
   Cmdr reward breakdown: r_extinguish=+142.667  r_water_waste=-6.400  r_water_near=+0.000  r_fire_out=+0.000  r_spread=-184.040
   Water drops: 851 total, 428 hit, 423 miss (50% accuracy)  alt=41m [18-79]  dist=49m [2-126]
   FW shaping: surv=+0.0 bound=+0.0 alt_pen=+0.0 approach=-83.8 alt_shape=+287.0  avg_dist_scout=382m
   [SCOUT DIAG] ratio: 1.0000+/-0.0000 [1.0000,1.0000] | adv: 0.1647+/-0.9736 | alive=30000/30000
   [CMDR  DIAG] ratio: 1.0032+/-0.1536 [0.4920,1.8828] | adv: -0.0168+/-1.0139 | alive=663/726 | bc_coef=0.000
09:10:30 | Batch 0658 (Ep 19736) | R:   -432.2 (  -809.2)  Scout_R:   +30.5  Cmdr_R:  -462.7  Scout:100% Cmdr:98%  scout:[survived=120] cmdr:[survived=88 boundary=2] refills=416  NN_dec=2792/2970  fire: peak=383 final=364 supp=19 ext=31.3  75.1s
   Cmdr reward breakdown: r_extinguish=+155.000  r_water_waste=-6.000  r_water_near=+0.000  r_fire_out=+0.000  r_spread=-163.255
   Water drops: 858 total, 465 hit, 393 miss (54% accuracy)  alt=39m [11-73]  dist=46m [5-102]
   FW shaping: surv=+0.0 bound=+0.0 alt_pen=+0.0 approach=-32.4 alt_shape=+281.0  avg_dist_scout=327m
   [SCOUT DIAG] ratio: 1.0000+/-0.0000 [1.0000,1.0000] | adv: -0.0383+/-0.9950 | alive=30000/30000
   [CMDR  DIAG] ratio: 0.9992+/-0.1334 [0.4040,1.8825] | adv: 0.0266+/-0.5940 | alive=718/726 | bc_coef=0.000
09:12:02 | Batch 0659 (Ep 19766) | R:   -667.0 (  -549.6)  Scout_R:   -38.9  Cmdr_R:  -628.1  Scout:100% Cmdr:99%  scout:[survived=120] cmdr:[survived=89 boundary=1] refills=404  NN_dec=2804/2970  fire: peak=380 final=368 supp=12 ext=37.6  73.3s
   Cmdr reward breakdown: r_extinguish=+168.333  r_water_waste=-7.733  r_water_near=+0.000  r_fire_out=+0.000  r_spread=-167.715
   Water drops: 1006 total, 505 hit, 501 miss (50% accuracy)  alt=44m [19-80]  dist=44m [0-92]
   FW shaping: surv=+0.0 bound=+0.0 alt_pen=+0.0 approach=-17.5 alt_shape=+292.3  avg_dist_scout=331m
   [SCOUT DIAG] ratio: 1.0000+/-0.0000 [1.0000,1.0000] | adv: 0.0701+/-0.9110 | alive=30000/30000
   [CMDR  DIAG] ratio: 1.0139+/-0.1617 [0.4795,3.7159] | adv: -0.0121+/-0.8411 | alive=717/726 | bc_coef=0.000
09:13:34 | Batch 0660 (Ep 19796) | R:   -599.4 (  -633.2)  Scout_R:   -42.3  Cmdr_R:  -557.2  Scout:100% Cmdr:95%  scout:[survived=120] cmdr:[survived=84 boundary=6] refills=326  NN_dec=2739/2970  fire: peak=407 final=397 supp=10 ext=30.2  73.3s
   Cmdr reward breakdown: r_extinguish=+148.000  r_water_waste=-5.267  r_water_near=+0.000  r_fire_out=+0.000  r_spread=-169.585
   Water drops: 780 total, 444 hit, 336 miss (57% accuracy)  alt=44m [10-80]  dist=41m [6-98]
   FW shaping: surv=+0.0 bound=+0.0 alt_pen=+0.0 approach=-74.8 alt_shape=+286.2  avg_dist_scout=330m
   [SCOUT DIAG] ratio: 1.0000+/-0.0000 [1.0000,1.0000] | adv: -0.1354+/-1.1451 | alive=30000/30000
   [CMDR  DIAG] ratio: 1.0034+/-0.1096 [0.4998,1.5579] | adv: 0.1867+/-0.4298 | alive=632/726 | bc_coef=0.000
09:15:18 | Batch 0661 (Ep 19826) | R:   -240.2 (  -419.8)  Scout_R:  +137.8  Cmdr_R:  -378.0  Scout:100% Cmdr:95%  scout:[survived=120] cmdr:[survived=84 boundary=6] refills=454  NN_dec=2691/2970  fire: peak=469 final=456 supp=13 ext=37.0  77.4s
   Cmdr reward breakdown: r_extinguish=+176.333  r_water_waste=-7.183  r_water_near=+0.000  r_fire_out=+0.000  r_spread=-197.205
   Water drops: 995 total, 529 hit, 466 miss (53% accuracy)  alt=43m [11-79]  dist=46m [2-94]
   FW shaping: surv=+0.0 bound=+0.0 alt_pen=+0.0 approach=-15.1 alt_shape=+300.6  avg_dist_scout=288m
   [SCOUT DIAG] ratio: 1.0000+/-0.0000 [1.0000,1.0000] | adv: -0.1468+/-1.1072 | alive=30000/30000
   [CMDR  DIAG] ratio: 0.9998+/-0.1331 [0.3309,2.1155] | adv: 0.0126+/-1.1096 | alive=626/726 | bc_coef=0.000
09:16:51 | Batch 0662 (Ep 19856) | R:   -697.6 (  -468.9)  Scout_R:   +75.9  Cmdr_R:  -773.5  Scout:100% Cmdr:96%  scout:[survived=120] cmdr:[survived=85 boundary=5] refills=446  NN_dec=2772/2970  fire: peak=337 final=318 supp=19 ext=36.7  74.5s
   Cmdr reward breakdown: r_extinguish=+176.667  r_water_waste=-5.417  r_water_near=+0.000  r_fire_out=+0.000  r_spread=-145.235
   Water drops: 882 total, 530 hit, 352 miss (60% accuracy)  alt=44m [17-79]  dist=41m [2-110]
   FW shaping: surv=+0.0 bound=+0.0 alt_pen=+0.0 approach=-47.3 alt_shape=+291.1  avg_dist_scout=334m
   [SCOUT DIAG] ratio: 1.0000+/-0.0000 [1.0000,1.0000] | adv: -0.0638+/-1.1345 | alive=30000/30000
   [CMDR  DIAG] ratio: 1.0035+/-0.1373 [0.4955,1.8510] | adv: -0.1088+/-1.1206 | alive=675/726 | bc_coef=0.000
09:18:21 | Batch 0663 (Ep 19886) | R:  -1161.1 (  -929.3)  Scout_R:  -141.6  Cmdr_R: -1019.5  Scout:100% Cmdr:99%  scout:[survived=120] cmdr:[survived=89 boundary=1] refills=324  NN_dec=2826/2970  fire: peak=327 final=310 supp=17 ext=28.6  71.2s
   Cmdr reward breakdown: r_extinguish=+141.000  r_water_waste=-3.967  r_water_near=+0.000  r_fire_out=+5.000  r_spread=-139.895
   Water drops: 685 total, 423 hit, 262 miss (62% accuracy)  alt=44m [16-78]  dist=45m [5-104]
   FW shaping: surv=+0.0 bound=+0.0 alt_pen=+0.0 approach=-86.5 alt_shape=+260.5  avg_dist_scout=358m
   [SCOUT DIAG] ratio: 1.0000+/-0.0000 [1.0000,1.0000] | adv: -0.1165+/-1.0544 | alive=30000/30000
   [CMDR  DIAG] ratio: 1.0134+/-0.1204 [0.4967,2.1130] | adv: 0.0080+/-0.9999 | alive=701/726 | bc_coef=0.000
09:19:55 | Batch 0664 (Ep 19916) | R:    -83.6 (  -622.4)  Scout_R:  +174.8  Cmdr_R:  -258.4  Scout:100% Cmdr:96%  scout:[survived=120] cmdr:[survived=85 boundary=5] refills=472  NN_dec=2685/2970  fire: peak=455 final=440 supp=14 ext=41.7  76.0s
   Cmdr reward breakdown: r_extinguish=+183.333  r_water_waste=-5.600  r_water_near=+0.000  r_fire_out=+0.000  r_spread=-191.430
   Water drops: 910 total, 550 hit, 360 miss (60% accuracy)  alt=42m [20-79]  dist=42m [2-85]
   FW shaping: surv=+0.0 bound=+0.0 alt_pen=+0.0 approach=-59.8 alt_shape=+290.0  avg_dist_scout=310m
   [SCOUT DIAG] ratio: 1.0000+/-0.0000 [1.0000,1.0000] | adv: -0.1482+/-1.1211 | alive=30000/30000
   [CMDR  DIAG] ratio: 0.9926+/-0.1534 [0.3340,1.6766] | adv: -0.3615+/-1.6902 | alive=662/726 | bc_coef=0.000
09:21:27 | Batch 0665 (Ep 19946) | R:   -386.2 (  -234.9)  Scout_R:   +91.2  Cmdr_R:  -477.4  Scout:100% Cmdr:95%  scout:[survived=120] cmdr:[survived=84 boundary=6] refills=293  NN_dec=2759/2970  fire: peak=410 final=388 supp=22 ext=37.3  73.8s
   Cmdr reward breakdown: r_extinguish=+174.333  r_water_waste=-4.550  r_water_near=+0.000  r_fire_out=+0.000  r_spread=-173.175
   Water drops: 818 total, 523 hit, 295 miss (64% accuracy)  alt=43m [21-77]  dist=46m [2-135]
   FW shaping: surv=+0.0 bound=+0.0 alt_pen=+0.0 approach=-45.9 alt_shape=+332.9  avg_dist_scout=294m
   [SCOUT DIAG] ratio: 1.0000+/-0.0000 [1.0000,1.0000] | adv: -0.0134+/-1.0846 | alive=30000/30000
   [CMDR  DIAG] ratio: 1.0046+/-0.1185 [0.4953,2.0337] | adv: -0.1671+/-1.2067 | alive=677/726 | bc_coef=0.000
09:22:56 | Batch 0666 (Ep 19976) | R:   -980.2 (  -683.2)  Scout_R:   -53.7  Cmdr_R:  -926.4  Scout:100% Cmdr:95%  scout:[survived=120] cmdr:[survived=85 boundary=5] refills=461  NN_dec=2724/2970  fire: peak=414 final=398 supp=16 ext=33.4  71.4s
   Cmdr reward breakdown: r_extinguish=+164.000  r_water_waste=-6.717  r_water_near=+0.000  r_fire_out=+5.000  r_spread=-168.965
   Water drops: 931 total, 492 hit, 439 miss (53% accuracy)  alt=44m [15-79]  dist=48m [5-121]
   FW shaping: surv=+0.0 bound=+0.0 alt_pen=+0.0 approach=-69.1 alt_shape=+298.9  avg_dist_scout=320m
   [SCOUT DIAG] ratio: 1.0000+/-0.0000 [1.0000,1.0000] | adv: -0.0310+/-1.0094 | alive=30000/30000
   [CMDR  DIAG] ratio: 0.9963+/-0.0895 [0.3156,1.6108] | adv: -0.3645+/-1.3212 | alive=663/726 | bc_coef=0.000
09:24:27 | Batch 0667 (Ep 20006) | R:   -566.2 (  -773.2)  Scout_R:  +108.0  Cmdr_R:  -674.2  Scout:100% Cmdr:95%  scout:[survived=120] cmdr:[survived=85 boundary=5] refills=348  NN_dec=2800/2970  fire: peak=417 final=391 supp=26 ext=38.7  72.5s
   Cmdr reward breakdown: r_extinguish=+160.333  r_water_waste=-6.000  r_water_near=+0.000  r_fire_out=+0.000  r_spread=-170.370
   Water drops: 873 total, 481 hit, 392 miss (55% accuracy)  alt=42m [20-80]  dist=44m [2-118]
   FW shaping: surv=+0.0 bound=+0.0 alt_pen=+0.0 approach=-65.2 alt_shape=+276.5  avg_dist_scout=342m
   [SCOUT DIAG] ratio: 1.0000+/-0.0000 [1.0000,1.0000] | adv: 0.0867+/-0.9447 | alive=30000/30000
   [CMDR  DIAG] ratio: 1.0083+/-0.1292 [0.3996,1.7343] | adv: -0.0050+/-0.8039 | alive=689/726 | bc_coef=0.000
09:25:59 | Batch 0668 (Ep 20036) | R:   -276.5 (  -421.4)  Scout_R:  +174.1  Cmdr_R:  -450.6  Scout:100% Cmdr:97%  scout:[survived=120] cmdr:[survived=87 boundary=3] refills=395  NN_dec=2802/2970  fire: peak=449 final=432 supp=17 ext=43.8  74.2s
   Cmdr reward breakdown: r_extinguish=+181.000  r_water_waste=-5.417  r_water_near=+0.000  r_fire_out=+0.000  r_spread=-197.855
   Water drops: 895 total, 543 hit, 352 miss (61% accuracy)  alt=43m [21-79]  dist=44m [4-114]
   FW shaping: surv=+0.0 bound=+0.0 alt_pen=+0.0 approach=-34.4 alt_shape=+305.2  avg_dist_scout=308m
   [SCOUT DIAG] ratio: 1.0000+/-0.0000 [1.0000,1.0000] | adv: 0.0903+/-0.7530 | alive=30000/30000
   [CMDR  DIAG] ratio: 0.9929+/-0.1726 [0.2244,2.6672] | adv: 0.2027+/-0.5603 | alive=670/726 | bc_coef=0.000
09:27:31 | Batch 0669 (Ep 20066) | R:   -542.3 (  -409.4)  Scout_R:   +42.8  Cmdr_R:  -585.1  Scout:100% Cmdr:97%  scout:[survived=120] cmdr:[survived=86 boundary=4] refills=410  NN_dec=2791/2970  fire: peak=430 final=407 supp=22 ext=37.4  73.4s
   Cmdr reward breakdown: r_extinguish=+177.000  r_water_waste=-5.783  r_water_near=+0.000  r_fire_out=+5.000  r_spread=-182.670
   Water drops: 913 total, 531 hit, 382 miss (58% accuracy)  alt=42m [11-79]  dist=45m [4-117]
   FW shaping: surv=+0.0 bound=+0.0 alt_pen=+0.0 approach=-31.1 alt_shape=+280.4  avg_dist_scout=339m
   [SCOUT DIAG] ratio: 1.0000+/-0.0000 [1.0000,1.0000] | adv: 0.0028+/-1.0387 | alive=30000/30000
   [CMDR  DIAG] ratio: 1.0064+/-0.1881 [0.1554,2.8487] | adv: -0.0383+/-1.1228 | alive=683/726 | bc_coef=0.000
09:29:10 | Batch 0670 (Ep 20096) | R:   -948.6 (  -745.5)  Scout_R:   +79.6  Cmdr_R: -1028.2  Scout:100% Cmdr:98%  scout:[survived=120] cmdr:[survived=87 boundary=3] refills=346  NN_dec=2806/2970  fire: peak=450 final=435 supp=15 ext=35.8  81.5s
   Cmdr reward breakdown: r_extinguish=+155.667  r_water_waste=-4.833  r_water_near=+0.000  r_fire_out=+5.000  r_spread=-190.630
   Water drops: 786 total, 467 hit, 319 miss (59% accuracy)  alt=43m [17-79]  dist=44m [1-90]
   FW shaping: surv=+0.0 bound=+0.0 alt_pen=+0.0 approach=-89.3 alt_shape=+260.1  avg_dist_scout=369m
   [SCOUT DIAG] ratio: 1.0000+/-0.0000 [1.0000,1.0000] | adv: -0.1921+/-1.1378 | alive=30000/30000
   [CMDR  DIAG] ratio: 1.0112+/-0.1049 [0.6383,1.8442] | adv: 0.0867+/-0.8172 | alive=690/726 | bc_coef=0.000
09:30:49 | Batch 0671 (Ep 20126) | R:   -792.3 (  -870.5)  Scout_R:   +70.7  Cmdr_R:  -863.0  Scout:100% Cmdr:91%  scout:[survived=120] cmdr:[survived=80 boundary=10] refills=392  NN_dec=2606/2970  fire: peak=478 final=455 supp=23 ext=37.8  71.9s
   Cmdr reward breakdown: r_extinguish=+164.333  r_water_waste=-4.367  r_water_near=+0.000  r_fire_out=+0.000  r_spread=-179.000
   Water drops: 773 total, 493 hit, 280 miss (64% accuracy)  alt=43m [7-78]  dist=41m [2-100]
   FW shaping: surv=+0.0 bound=+0.0 alt_pen=+0.0 approach=-115.7 alt_shape=+278.0  avg_dist_scout=337m
   [SCOUT DIAG] ratio: 1.0000+/-0.0000 [1.0000,1.0000] | adv: -0.0756+/-1.0016 | alive=30000/30000
   [CMDR  DIAG] ratio: 1.0119+/-0.1573 [0.5449,2.5272] | adv: 0.3147+/-0.3702 | alive=650/726 | bc_coef=0.000
09:32:23 | Batch 0672 (Ep 20156) | R:   -411.3 (  -601.8)  Scout_R:  +160.2  Cmdr_R:  -571.5  Scout:100% Cmdr:98%  scout:[survived=120] cmdr:[survived=88 boundary=2] refills=434  NN_dec=2791/2970  fire: peak=450 final=425 supp=25 ext=36.1  76.2s
   Cmdr reward breakdown: r_extinguish=+162.667  r_water_waste=-5.350  r_water_near=+0.000  r_fire_out=+0.000  r_spread=-191.850
   Water drops: 845 total, 488 hit, 357 miss (58% accuracy)  alt=41m [15-78]  dist=43m [2-100]
   FW shaping: surv=+0.0 bound=+0.0 alt_pen=+0.0 approach=-23.4 alt_shape=+278.5  avg_dist_scout=331m
   [SCOUT DIAG] ratio: 1.0000+/-0.0000 [1.0000,1.0000] | adv: 0.0064+/-0.9861 | alive=30000/30000
   [CMDR  DIAG] ratio: 0.9940+/-0.1385 [0.3151,2.1953] | adv: -0.4342+/-1.5138 | alive=715/726 | bc_coef=0.000
09:33:52 | Batch 0673 (Ep 20186) | R:   -639.5 (  -525.4)  Scout_R:  -114.0  Cmdr_R:  -525.4  Scout:100% Cmdr:97%  scout:[survived=120] cmdr:[survived=87 boundary=3] refills=488  NN_dec=2737/2970  fire: peak=377 final=364 supp=13 ext=39.8  71.1s
   Cmdr reward breakdown: r_extinguish=+187.000  r_water_waste=-7.417  r_water_near=+0.000  r_fire_out=+10.000  r_spread=-166.795
   Water drops: 1039 total, 561 hit, 478 miss (54% accuracy)  alt=46m [15-80]  dist=46m [3-110]
   FW shaping: surv=+0.0 bound=+0.0 alt_pen=+0.0 approach=-68.7 alt_shape=+353.7  avg_dist_scout=292m
   [SCOUT DIAG] ratio: 1.0000+/-0.0000 [1.0000,1.0000] | adv: 0.0874+/-0.8382 | alive=30000/30000
   [CMDR  DIAG] ratio: 1.0013+/-0.1284 [0.1541,1.9487] | adv: -0.0116+/-1.0902 | alive=615/726 | bc_coef=0.000
09:35:25 | Batch 0674 (Ep 20216) | R:   -360.4 (  -499.9)  Scout_R:   +60.1  Cmdr_R:  -420.6  Scout:100% Cmdr:97%  scout:[survived=120] cmdr:[survived=87 boundary=3] refills=408  NN_dec=2766/2970  fire: peak=338 final=319 supp=19 ext=40.5  75.4s
   Cmdr reward breakdown: r_extinguish=+182.333  r_water_waste=-7.000  r_water_near=+0.000  r_fire_out=+0.000  r_spread=-147.395
   Water drops: 998 total, 547 hit, 451 miss (55% accuracy)  alt=44m [17-79]  dist=47m [2-109]
   FW shaping: surv=+0.0 bound=+0.0 alt_pen=+0.0 approach=-43.4 alt_shape=+335.8  avg_dist_scout=283m
   [SCOUT DIAG] ratio: 1.0000+/-0.0000 [1.0000,1.0000] | adv: -0.1031+/-1.0919 | alive=30000/30000
   [CMDR  DIAG] ratio: 1.0200+/-0.1855 [0.3819,3.8719] | adv: 0.2104+/-0.2643 | alive=676/726 | bc_coef=0.000
09:37:00 | Batch 0675 (Ep 20246) | R:   -595.4 (  -477.9)  Scout_R:  +155.6  Cmdr_R:  -751.1  Scout:100% Cmdr:97%  scout:[survived=120] cmdr:[survived=86 boundary=4] refills=416  NN_dec=2734/2970  fire: peak=425 final=404 supp=21 ext=33.2  76.7s
   Cmdr reward breakdown: r_extinguish=+145.000  r_water_waste=-5.850  r_water_near=+0.000  r_fire_out=+0.000  r_spread=-173.580
   Water drops: 815 total, 435 hit, 380 miss (53% accuracy)  alt=42m [18-79]  dist=41m [4-111]
   FW shaping: surv=+0.0 bound=+0.0 alt_pen=+0.0 approach=-89.1 alt_shape=+229.1  avg_dist_scout=374m
   [SCOUT DIAG] ratio: 1.0000+/-0.0000 [1.0000,1.0000] | adv: -0.1367+/-1.1768 | alive=30000/30000
   [CMDR  DIAG] ratio: 1.0112+/-0.1315 [0.5480,1.8142] | adv: -0.0751+/-1.2230 | alive=690/726 | bc_coef=0.000
09:38:32 | Batch 0676 (Ep 20276) | R:   -416.4 (  -505.9)  Scout_R:    -9.1  Cmdr_R:  -407.4  Scout:100% Cmdr:99%  scout:[survived=120] cmdr:[survived=89 boundary=1] refills=425  NN_dec=2877/2970  fire: peak=462 final=438 supp=24 ext=44.4  74.3s
   Cmdr reward breakdown: r_extinguish=+194.667  r_water_waste=-7.050  r_water_near=+0.000  r_fire_out=+0.000  r_spread=-203.420
   Water drops: 1038 total, 584 hit, 454 miss (56% accuracy)  alt=44m [16-78]  dist=45m [2-112]
   FW shaping: surv=+0.0 bound=+0.0 alt_pen=+0.0 approach=-19.0 alt_shape=+311.9  avg_dist_scout=300m
   [SCOUT DIAG] ratio: 1.0000+/-0.0000 [1.0000,1.0000] | adv: 0.0316+/-0.9981 | alive=30000/30000
   [CMDR  DIAG] ratio: 1.0025+/-0.1353 [0.4972,2.2043] | adv: 0.1329+/-0.4555 | alive=713/726 | bc_coef=0.000
09:40:01 | Batch 0677 (Ep 20306) | R:   -981.5 (  -699.0)  Scout_R:  -156.0  Cmdr_R:  -825.5  Scout:100% Cmdr:92%  scout:[survived=120] cmdr:[survived=81 boundary=9] refills=320  NN_dec=2650/2970  fire: peak=422 final=409 supp=14 ext=29.9  71.3s
   Cmdr reward breakdown: r_extinguish=+138.000  r_water_waste=-4.683  r_water_near=+0.000  r_fire_out=+0.000  r_spread=-158.685
   Water drops: 723 total, 414 hit, 309 miss (57% accuracy)  alt=43m [7-76]  dist=48m [5-106]
   FW shaping: surv=+0.0 bound=+0.0 alt_pen=+0.0 approach=-57.5 alt_shape=+268.7  avg_dist_scout=353m
   [SCOUT DIAG] ratio: 1.0000+/-0.0000 [1.0000,1.0000] | adv: -0.0351+/-1.0645 | alive=30000/30000
   [CMDR  DIAG] ratio: 0.9986+/-0.1646 [0.3589,2.7327] | adv: 0.1060+/-0.6091 | alive=620/726 | bc_coef=0.000
09:41:32 | Batch 0678 (Ep 20336) | R:   -853.6 (  -917.5)  Scout_R:   -37.4  Cmdr_R:  -816.2  Scout:100% Cmdr:96%  scout:[survived=120] cmdr:[survived=85 boundary=5] refills=428  NN_dec=2753/2970  fire: peak=506 final=494 supp=11 ext=37.7  73.6s
   Cmdr reward breakdown: r_extinguish=+172.667  r_water_waste=-6.050  r_water_near=+0.000  r_fire_out=+0.000  r_spread=-210.925
   Water drops: 912 total, 518 hit, 394 miss (57% accuracy)  alt=43m [12-76]  dist=44m [4-99]
   FW shaping: surv=+0.0 bound=+0.0 alt_pen=+0.0 approach=-43.4 alt_shape=+265.3  avg_dist_scout=347m
   [SCOUT DIAG] ratio: 1.0000+/-0.0000 [1.0000,1.0000] | adv: 0.0638+/-1.0056 | alive=30000/30000
   [CMDR  DIAG] ratio: 1.0037+/-0.1707 [0.2808,2.4043] | adv: -0.1731+/-1.1089 | alive=655/726 | bc_coef=0.000
09:43:03 | Batch 0679 (Ep 20366) | R:   -327.7 (  -590.6)  Scout_R:  +203.5  Cmdr_R:  -531.2  Scout:100% Cmdr:99%  scout:[survived=120] cmdr:[survived=89 boundary=1] refills=525  NN_dec=2826/2970  fire: peak=354 final=342 supp=12 ext=40.8  73.2s
   Cmdr reward breakdown: r_extinguish=+189.333  r_water_waste=-8.550  r_water_near=+0.000  r_fire_out=+0.000  r_spread=-163.930
   Water drops: 1122 total, 568 hit, 554 miss (51% accuracy)  alt=43m [6-80]  dist=44m [5-97]
   FW shaping: surv=+0.0 bound=+0.0 alt_pen=+0.0 approach=-51.3 alt_shape=+323.1  avg_dist_scout=298m
   [SCOUT DIAG] ratio: 1.0000+/-0.0000 [1.0000,1.0000] | adv: 0.0742+/-0.9873 | alive=30000/30000
   [CMDR  DIAG] ratio: 1.0092+/-0.1238 [0.5178,1.9453] | adv: 0.1460+/-0.7751 | alive=683/726 | bc_coef=0.000
09:44:35 | Batch 0680 (Ep 20396) | R:   -272.8 (  -300.3)  Scout_R:  +107.2  Cmdr_R:  -380.0  Scout:100% Cmdr:97%  scout:[survived=120] cmdr:[survived=87 boundary=3] refills=320  NN_dec=2818/2970  fire: peak=359 final=345 supp=14 ext=29.3  73.9s
   Cmdr reward breakdown: r_extinguish=+162.333  r_water_waste=-5.967  r_water_near=+0.000  r_fire_out=+0.000  r_spread=-149.625
   Water drops: 876 total, 487 hit, 389 miss (56% accuracy)  alt=43m [13-80]  dist=45m [4-118]
   FW shaping: surv=+0.0 bound=+0.0 alt_pen=+0.0 approach=-20.5 alt_shape=+319.9  avg_dist_scout=304m
   [SCOUT DIAG] ratio: 1.0000+/-0.0000 [1.0000,1.0000] | adv: -0.0260+/-1.1661 | alive=30000/30000
   [CMDR  DIAG] ratio: 1.0069+/-0.1109 [0.5793,1.7665] | adv: 0.1627+/-0.4020 | alive=669/726 | bc_coef=0.000
09:46:18 | Batch 0681 (Ep 20426) | R:   -451.6 (  -362.2)  Scout_R:  +188.7  Cmdr_R:  -640.3  Scout:100% Cmdr:96%  scout:[survived=120] cmdr:[survived=86 boundary=4] refills=444  NN_dec=2764/2970  fire: peak=485 final=466 supp=19 ext=43.2  76.0s
   Cmdr reward breakdown: r_extinguish=+211.000  r_water_waste=-7.350  r_water_near=+0.000  r_fire_out=+0.000  r_spread=-208.395
   Water drops: 1115 total, 633 hit, 482 miss (57% accuracy)  alt=42m [17-78]  dist=44m [3-116]
   FW shaping: surv=+0.0 bound=+0.0 alt_pen=+0.0 approach=-44.6 alt_shape=+325.2  avg_dist_scout=314m
   [SCOUT DIAG] ratio: 1.0000+/-0.0000 [1.0000,1.0000] | adv: -0.1006+/-1.0737 | alive=30000/30000
   [CMDR  DIAG] ratio: 0.9960+/-0.1225 [0.3026,1.8163] | adv: -0.1675+/-1.2866 | alive=715/726 | bc_coef=0.000
09:47:46 | Batch 0682 (Ep 20456) | R:   -891.8 (  -671.7)  Scout_R:   -86.8  Cmdr_R:  -805.0  Scout:100% Cmdr:96%  scout:[survived=120] cmdr:[survived=86 boundary=4] refills=306  NN_dec=2828/2970  fire: peak=322 final=308 supp=14 ext=32.7  70.6s
   Cmdr reward breakdown: r_extinguish=+147.000  r_water_waste=-5.033  r_water_near=+0.000  r_fire_out=+0.000  r_spread=-136.165
   Water drops: 766 total, 441 hit, 325 miss (58% accuracy)  alt=42m [10-75]  dist=42m [2-113]
   FW shaping: surv=+0.0 bound=+0.0 alt_pen=+0.0 approach=-71.2 alt_shape=+239.9  avg_dist_scout=372m
   [SCOUT DIAG] ratio: 1.0000+/-0.0000 [1.0000,1.0000] | adv: -0.1671+/-1.1524 | alive=30000/30000
   [CMDR  DIAG] ratio: 0.9960+/-0.1247 [0.5070,1.9859] | adv: -0.1032+/-1.1938 | alive=717/726 | bc_coef=0.000
09:49:19 | Batch 0683 (Ep 20486) | R:   -852.4 (  -872.1)  Scout_R:   +16.9  Cmdr_R:  -869.2  Scout:100% Cmdr:98%  scout:[survived=120] cmdr:[survived=88 boundary=2] refills=416  NN_dec=2782/2970  fire: peak=445 final=429 supp=16 ext=34.8  74.6s
   Cmdr reward breakdown: r_extinguish=+167.333  r_water_waste=-6.100  r_water_near=+0.000  r_fire_out=+0.000  r_spread=-191.365
   Water drops: 905 total, 502 hit, 403 miss (55% accuracy)  alt=42m [18-80]  dist=44m [1-103]
   FW shaping: surv=+0.0 bound=+0.0 alt_pen=+0.0 approach=-103.0 alt_shape=+287.6  avg_dist_scout=346m
   [SCOUT DIAG] ratio: 1.0000+/-0.0000 [1.0000,1.0000] | adv: -0.0424+/-1.0988 | alive=30000/30000
   [CMDR  DIAG] ratio: 0.9980+/-0.1396 [0.4193,2.5272] | adv: 0.0745+/-0.8925 | alive=719/726 | bc_coef=0.000
09:50:54 | Batch 0684 (Ep 20516) | R:   -703.7 (  -778.0)  Scout_R:  +230.1  Cmdr_R:  -933.8  Scout:100% Cmdr:100%  scout:[survived=120] cmdr:[survived=89 ground_crash=1] refills=325  NN_dec=2906/2970  fire: peak=360 final=337 supp=24 ext=38.9  77.8s
   Cmdr reward breakdown: r_extinguish=+158.667  r_water_waste=-5.883  r_water_near=+0.000  r_fire_out=+0.000  r_spread=-163.675
   Water drops: 863 total, 476 hit, 387 miss (55% accuracy)  alt=44m [17-79]  dist=44m [2-93]
   FW shaping: surv=+0.0 bound=+0.0 alt_pen=+0.0 approach=-61.7 alt_shape=+296.7  avg_dist_scout=364m
   [SCOUT DIAG] ratio: 1.0000+/-0.0000 [1.0000,1.0000] | adv: -0.0076+/-1.0523 | alive=30000/30000
   [CMDR  DIAG] ratio: 0.9971+/-0.1650 [0.3624,3.6828] | adv: -0.0529+/-1.1259 | alive=721/726 | bc_coef=0.000
09:52:29 | Batch 0685 (Ep 20546) | R:   -654.5 (  -679.1)  Scout_R:   -24.5  Cmdr_R:  -630.0  Scout:100% Cmdr:97%  scout:[survived=120] cmdr:[survived=87 boundary=3] refills=497  NN_dec=2735/2970  fire: peak=454 final=434 supp=20 ext=42.1  77.2s
   Cmdr reward breakdown: r_extinguish=+181.000  r_water_waste=-7.283  r_water_near=+0.000  r_fire_out=+0.000  r_spread=-194.300
   Water drops: 1013 total, 543 hit, 470 miss (54% accuracy)  alt=45m [5-79]  dist=45m [6-122]
   FW shaping: surv=+0.0 bound=+0.0 alt_pen=+0.0 approach=-54.5 alt_shape=+281.7  avg_dist_scout=324m
   [SCOUT DIAG] ratio: 1.0000+/-0.0000 [1.0000,1.0000] | adv: -0.1058+/-1.1172 | alive=30000/30000
   [CMDR  DIAG] ratio: 1.0020+/-0.1476 [0.0196,1.8075] | adv: 0.2077+/-0.5635 | alive=652/726 | bc_coef=0.000
09:54:05 | Batch 0686 (Ep 20576) | R:   -729.9 (  -692.2)  Scout_R:   +30.5  Cmdr_R:  -760.4  Scout:100% Cmdr:96%  scout:[survived=120] cmdr:[survived=86 boundary=4] refills=487  NN_dec=2690/2970  fire: peak=391 final=380 supp=12 ext=28.7  77.4s
   Cmdr reward breakdown: r_extinguish=+166.000  r_water_waste=-6.767  r_water_near=+0.000  r_fire_out=+0.000  r_spread=-162.630
   Water drops: 944 total, 498 hit, 446 miss (53% accuracy)  alt=43m [17-80]  dist=47m [2-89]
   FW shaping: surv=+0.0 bound=+0.0 alt_pen=+0.0 approach=-76.6 alt_shape=+310.1  avg_dist_scout=314m
   [SCOUT DIAG] ratio: 1.0000+/-0.0000 [1.0000,1.0000] | adv: -0.0023+/-1.0837 | alive=30000/30000
   [CMDR  DIAG] ratio: 1.0045+/-0.1227 [0.3011,1.8556] | adv: 0.2546+/-0.4996 | alive=658/726 | bc_coef=0.000
09:55:39 | Batch 0687 (Ep 20606) | R:  -1029.4 (  -879.6)  Scout_R:   -88.7  Cmdr_R:  -940.8  Scout:100% Cmdr:96%  scout:[survived=120] cmdr:[survived=86 boundary=4] refills=361  NN_dec=2771/2970  fire: peak=439 final=426 supp=13 ext=30.5  76.3s
   Cmdr reward breakdown: r_extinguish=+148.000  r_water_waste=-5.633  r_water_near=+0.000  r_fire_out=+0.000  r_spread=-175.440
   Water drops: 813 total, 444 hit, 369 miss (55% accuracy)  alt=43m [15-79]  dist=47m [5-118]
   FW shaping: surv=+0.0 bound=+0.0 alt_pen=+0.0 approach=-63.5 alt_shape=+293.2  avg_dist_scout=341m
   [SCOUT DIAG] ratio: 1.0000+/-0.0000 [1.0000,1.0000] | adv: -0.0447+/-1.0615 | alive=30000/30000
   [CMDR  DIAG] ratio: 1.0032+/-0.1226 [0.2848,2.2102] | adv: -0.2371+/-1.3061 | alive=702/726 | bc_coef=0.000
09:57:11 | Batch 0688 (Ep 20636) | R:   -473.1 (  -751.3)  Scout_R:   +46.7  Cmdr_R:  -519.9  Scout:100% Cmdr:96%  scout:[survived=120] cmdr:[survived=85 boundary=5] refills=467  NN_dec=2719/2970  fire: peak=463 final=444 supp=19 ext=38.1  74.3s
   Cmdr reward breakdown: r_extinguish=+169.333  r_water_waste=-6.367  r_water_near=+0.000  r_fire_out=+5.000  r_spread=-183.780
   Water drops: 918 total, 508 hit, 410 miss (55% accuracy)  alt=42m [17-79]  dist=44m [1-101]
   FW shaping: surv=+0.0 bound=+0.0 alt_pen=+0.0 approach=-71.4 alt_shape=+299.5  avg_dist_scout=305m
   [SCOUT DIAG] ratio: 1.0000+/-0.0000 [1.0000,1.0000] | adv: -0.0023+/-1.0551 | alive=30000/30000
   [CMDR  DIAG] ratio: 1.0151+/-0.1736 [0.2700,3.4840] | adv: 0.2195+/-0.6611 | alive=689/726 | bc_coef=0.000
09:58:42 | Batch 0689 (Ep 20666) | R:  -1072.2 (  -772.7)  Scout_R:   +18.4  Cmdr_R: -1090.7  Scout:100% Cmdr:98%  scout:[survived=120] cmdr:[survived=87 boundary=3] refills=308  NN_dec=2856/2970  fire: peak=379 final=373 supp=6 ext=32.8  72.6s
   Cmdr reward breakdown: r_extinguish=+154.667  r_water_waste=-5.467  r_water_near=+0.000  r_fire_out=+0.000  r_spread=-165.790
   Water drops: 821 total, 464 hit, 357 miss (57% accuracy)  alt=43m [19-80]  dist=44m [2-87]
   FW shaping: surv=+0.0 bound=+0.0 alt_pen=+0.0 approach=-81.7 alt_shape=+271.4  avg_dist_scout=353m
   [SCOUT DIAG] ratio: 1.0000+/-0.0000 [1.0000,1.0000] | adv: -0.0506+/-1.0833 | alive=30000/30000
   [CMDR  DIAG] ratio: 0.9922+/-0.1261 [0.2894,1.5959] | adv: -0.1522+/-1.1456 | alive=686/726 | bc_coef=0.000
10:00:12 | Batch 0690 (Ep 20696) | R:   -456.1 (  -764.2)  Scout_R:   +30.6  Cmdr_R:  -486.7  Scout:100% Cmdr:95%  scout:[survived=120] cmdr:[survived=84 boundary=6] refills=444  NN_dec=2698/2970  fire: peak=319 final=298 supp=20 ext=43.9  72.1s
   Cmdr reward breakdown: r_extinguish=+195.000  r_water_waste=-5.667  r_water_near=+0.000  r_fire_out=+0.000  r_spread=-141.675
   Water drops: 953 total, 585 hit, 368 miss (61% accuracy)  alt=43m [20-80]  dist=43m [2-102]
   FW shaping: surv=+0.0 bound=+0.0 alt_pen=+0.0 approach=-46.9 alt_shape=+296.2  avg_dist_scout=318m
   [SCOUT DIAG] ratio: 1.0000+/-0.0000 [1.0000,1.0000] | adv: 0.0958+/-0.8694 | alive=30000/30000
   [CMDR  DIAG] ratio: 1.0018+/-0.1247 [0.4443,2.4360] | adv: -0.2054+/-1.4031 | alive=687/726 | bc_coef=0.000
10:01:53 | Batch 0691 (Ep 20726) | R:   -420.3 (  -438.2)  Scout_R:  +117.3  Cmdr_R:  -537.6  Scout:100% Cmdr:96%  scout:[survived=120] cmdr:[survived=85 boundary=5] refills=442  NN_dec=2773/2970  fire: peak=451 final=442 supp=9 ext=38.4  73.1s
   Cmdr reward breakdown: r_extinguish=+195.333  r_water_waste=-7.983  r_water_near=+0.000  r_fire_out=+0.000  r_spread=-185.040
   Water drops: 1110 total, 586 hit, 524 miss (53% accuracy)  alt=42m [16-79]  dist=43m [0-92]
   FW shaping: surv=+0.0 bound=+0.0 alt_pen=+0.0 approach=-48.7 alt_shape=+333.2  avg_dist_scout=272m
   [SCOUT DIAG] ratio: 1.0000+/-0.0000 [1.0000,1.0000] | adv: -0.1300+/-1.0499 | alive=30000/30000
   [CMDR  DIAG] ratio: 1.0032+/-0.1293 [0.3276,2.0357] | adv: 0.2482+/-0.1972 | alive=666/726 | bc_coef=0.000
10:03:28 | Batch 0692 (Ep 20756) | R:   -526.6 (  -473.5)  Scout_R:  +177.3  Cmdr_R:  -703.9  Scout:100% Cmdr:97%  scout:[survived=120] cmdr:[survived=87 boundary=3] refills=388  NN_dec=2781/2970  fire: peak=384 final=358 supp=25 ext=39.7  77.0s
   Cmdr reward breakdown: r_extinguish=+183.333  r_water_waste=-5.867  r_water_near=+0.000  r_fire_out=+0.000  r_spread=-168.165
   Water drops: 934 total, 550 hit, 384 miss (59% accuracy)  alt=43m [14-80]  dist=44m [1-94]
   FW shaping: surv=+0.0 bound=+0.0 alt_pen=+0.0 approach=-67.4 alt_shape=+279.8  avg_dist_scout=320m
   [SCOUT DIAG] ratio: 1.0000+/-0.0000 [1.0000,1.0000] | adv: 0.0938+/-0.8336 | alive=30000/30000
   [CMDR  DIAG] ratio: 1.0027+/-0.1174 [0.1849,2.2312] | adv: -0.3359+/-1.4742 | alive=700/726 | bc_coef=0.000
10:04:58 | Batch 0693 (Ep 20786) | R:  -1073.2 (  -799.9)  Scout_R:   -13.6  Cmdr_R: -1059.6  Scout:100% Cmdr:98%  scout:[survived=120] cmdr:[survived=88 boundary=2] refills=388  NN_dec=2826/2970  fire: peak=449 final=428 supp=21 ext=33.1  72.8s
   Cmdr reward breakdown: r_extinguish=+161.667  r_water_waste=-5.467  r_water_near=+0.000  r_fire_out=+0.000  r_spread=-190.800
   Water drops: 841 total, 485 hit, 356 miss (58% accuracy)  alt=44m [20-78]  dist=45m [2-93]
   FW shaping: surv=+0.0 bound=+0.0 alt_pen=+0.0 approach=-81.2 alt_shape=+278.9  avg_dist_scout=357m
   [SCOUT DIAG] ratio: 1.0000+/-0.0000 [1.0000,1.0000] | adv: -0.1518+/-1.0687 | alive=30000/30000
   [CMDR  DIAG] ratio: 1.0006+/-0.1221 [0.2949,2.1590] | adv: -0.0601+/-0.9961 | alive=695/726 | bc_coef=0.000
10:06:28 | Batch 0694 (Ep 20816) | R:   -864.9 (  -969.0)  Scout_R:    +0.1  Cmdr_R:  -865.0  Scout:100% Cmdr:98%  scout:[survived=120] cmdr:[survived=87 boundary=3] refills=360  NN_dec=2837/2970  fire: peak=393 final=371 supp=22 ext=30.6  72.1s
   Cmdr reward breakdown: r_extinguish=+151.667  r_water_waste=-7.267  r_water_near=+0.000  r_fire_out=+0.000  r_spread=-163.420
   Water drops: 923 total, 455 hit, 468 miss (49% accuracy)  alt=41m [9-80]  dist=47m [1-105]
   FW shaping: surv=+0.0 bound=+0.0 alt_pen=+0.0 approach=-80.0 alt_shape=+267.5  avg_dist_scout=355m
   [SCOUT DIAG] ratio: 1.0000+/-0.0000 [1.0000,1.0000] | adv: 0.0779+/-0.8274 | alive=30000/30000
   [CMDR  DIAG] ratio: 0.9924+/-0.1520 [0.1197,1.9593] | adv: -0.1656+/-1.0918 | alive=677/726 | bc_coef=0.000
10:08:00 | Batch 0695 (Ep 20846) | R:   -577.2 (  -721.0)  Scout_R:  +212.5  Cmdr_R:  -789.7  Scout:100% Cmdr:94%  scout:[survived=120] cmdr:[survived=83 boundary=7] refills=459  NN_dec=2727/2970  fire: peak=365 final=337 supp=28 ext=41.7  73.3s
   Cmdr reward breakdown: r_extinguish=+184.667  r_water_waste=-7.367  r_water_near=+0.000  r_fire_out=+0.000  r_spread=-159.025
   Water drops: 1034 total, 554 hit, 480 miss (54% accuracy)  alt=43m [14-80]  dist=45m [2-130]
   FW shaping: surv=+0.0 bound=+0.0 alt_pen=+0.0 approach=-89.2 alt_shape=+293.6  avg_dist_scout=320m
   [SCOUT DIAG] ratio: 1.0000+/-0.0000 [1.0000,1.0000] | adv: 0.0476+/-0.8888 | alive=30000/30000
   [CMDR  DIAG] ratio: 1.0033+/-0.1873 [0.0602,4.7375] | adv: -0.1145+/-1.1022 | alive=689/726 | bc_coef=0.000
10:09:31 | Batch 0696 (Ep 20876) | R:   -715.3 (  -646.2)  Scout_R:  +123.7  Cmdr_R:  -839.0  Scout:100% Cmdr:98%  scout:[survived=120] cmdr:[survived=87 boundary=2 ground_crash=1] refills=306  NN_dec=2854/2970  fire: peak=326 final=300 supp=26 ext=30.3  74.2s
   Cmdr reward breakdown: r_extinguish=+158.667  r_water_waste=-5.200  r_water_near=+0.000  r_fire_out=+5.000  r_spread=-143.055
   Water drops: 815 total, 476 hit, 339 miss (58% accuracy)  alt=43m [9-79]  dist=42m [1-104]
   FW shaping: surv=+0.0 bound=+0.0 alt_pen=+0.0 approach=-69.9 alt_shape=+272.6  avg_dist_scout=348m
   [SCOUT DIAG] ratio: 1.0000+/-0.0000 [1.0000,1.0000] | adv: -0.1726+/-1.1993 | alive=30000/30000
   [CMDR  DIAG] ratio: 1.0045+/-0.1436 [0.2104,3.2321] | adv: 0.2640+/-0.5016 | alive=695/726 | bc_coef=0.000
10:11:03 | Batch 0697 (Ep 20906) | R:   -590.9 (  -653.1)  Scout_R:  +118.3  Cmdr_R:  -709.2  Scout:100% Cmdr:96%  scout:[survived=120] cmdr:[survived=86 boundary=4] refills=426  NN_dec=2700/2970  fire: peak=413 final=404 supp=9 ext=38.5  73.3s
   Cmdr reward breakdown: r_extinguish=+172.000  r_water_waste=-6.667  r_water_near=+0.000  r_fire_out=+0.000  r_spread=-170.255
   Water drops: 946 total, 516 hit, 430 miss (55% accuracy)  alt=43m [18-80]  dist=43m [2-106]
   FW shaping: surv=+0.0 bound=+0.0 alt_pen=+0.0 approach=-68.3 alt_shape=+334.1  avg_dist_scout=284m
   [SCOUT DIAG] ratio: 1.0000+/-0.0000 [1.0000,1.0000] | adv: 0.0655+/-0.9439 | alive=30000/30000
   [CMDR  DIAG] ratio: 1.0073+/-0.1176 [0.2950,2.2778] | adv: 0.0653+/-0.8638 | alive=624/726 | bc_coef=0.000
10:12:33 | Batch 0698 (Ep 20936) | R:   -344.7 (  -467.8)  Scout_R:   +22.3  Cmdr_R:  -367.0  Scout:100% Cmdr:99%  scout:[survived=120] cmdr:[survived=88 boundary=2] refills=334  NN_dec=2846/2970  fire: peak=423 final=407 supp=16 ext=32.3  72.7s
   Cmdr reward breakdown: r_extinguish=+161.667  r_water_waste=-5.833  r_water_near=+0.000  r_fire_out=+0.000  r_spread=-177.625
   Water drops: 865 total, 485 hit, 380 miss (56% accuracy)  alt=41m [11-78]  dist=43m [2-92]
   FW shaping: surv=+0.0 bound=+0.0 alt_pen=+0.0 approach=-1.4 alt_shape=+320.9  avg_dist_scout=279m
   [SCOUT DIAG] ratio: 1.0000+/-0.0000 [1.0000,1.0000] | adv: -0.2039+/-1.2816 | alive=30000/30000
   [CMDR  DIAG] ratio: 1.0179+/-0.2355 [0.2493,5.3909] | adv: 0.1365+/-0.7065 | alive=694/726 | bc_coef=0.000
10:14:04 | Batch 0699 (Ep 20966) | R:   -450.6 (  -397.6)  Scout_R:   +12.6  Cmdr_R:  -463.2  Scout:100% Cmdr:94%  scout:[survived=120] cmdr:[survived=83 boundary=7] refills=378  NN_dec=2746/2970  fire: peak=386 final=367 supp=19 ext=31.0  72.9s
   Cmdr reward breakdown: r_extinguish=+152.333  r_water_waste=-6.100  r_water_near=+0.000  r_fire_out=+5.000  r_spread=-150.220
   Water drops: 861 total, 457 hit, 404 miss (53% accuracy)  alt=43m [11-79]  dist=47m [1-100]
   FW shaping: surv=+0.0 bound=+0.0 alt_pen=+0.0 approach=-40.0 alt_shape=+314.4  avg_dist_scout=300m
   [SCOUT DIAG] ratio: 1.0000+/-0.0000 [1.0000,1.0000] | adv: 0.0531+/-0.8941 | alive=30000/30000
   [CMDR  DIAG] ratio: 1.0020+/-0.1082 [0.4714,1.7521] | adv: -0.2283+/-1.5979 | alive=643/726 | bc_coef=0.000
10:15:39 | Batch 0700 (Ep 20996) | R:   -336.3 (  -393.4)  Scout_R:  +153.5  Cmdr_R:  -489.8  Scout:100% Cmdr:100%  scout:[survived=120] cmdr:[survived=89 boundary=1] refills=405  NN_dec=2849/2970  fire: peak=337 final=306 supp=30 ext=39.1  77.0s
   Cmdr reward breakdown: r_extinguish=+197.000  r_water_waste=-7.750  r_water_near=+0.000  r_fire_out=+0.000  r_spread=-155.575
   Water drops: 1100 total, 591 hit, 509 miss (54% accuracy)  alt=42m [14-80]  dist=46m [2-101]
   FW shaping: surv=+0.0 bound=+0.0 alt_pen=+0.0 approach=-15.6 alt_shape=+340.5  avg_dist_scout=296m
   [SCOUT DIAG] ratio: 1.0000+/-0.0000 [1.0000,1.0000] | adv: 0.1114+/-0.9205 | alive=30000/30000
   [CMDR  DIAG] ratio: 0.9999+/-0.1649 [0.3312,1.9242] | adv: 0.0449+/-0.8230 | alive=694/726 | bc_coef=0.000
10:17:21 | Batch 0701 (Ep 21026) | R:   -548.8 (  -442.6)  Scout_R:   +29.4  Cmdr_R:  -578.2  Scout:100% Cmdr:99%  scout:[survived=120] cmdr:[survived=89 boundary=1] refills=447  NN_dec=2811/2970  fire: peak=382 final=361 supp=21 ext=36.2  74.7s
   Cmdr reward breakdown: r_extinguish=+168.000  r_water_waste=-5.383  r_water_near=+0.000  r_fire_out=+0.000  r_spread=-171.500
   Water drops: 853 total, 504 hit, 349 miss (59% accuracy)  alt=42m [16-74]  dist=43m [2-110]
   FW shaping: surv=+0.0 bound=+0.0 alt_pen=+0.0 approach=-20.0 alt_shape=+286.0  avg_dist_scout=353m
   [SCOUT DIAG] ratio: 1.0000+/-0.0000 [1.0000,1.0000] | adv: -0.1272+/-1.0660 | alive=30000/30000
   [CMDR  DIAG] ratio: 1.0111+/-0.1326 [0.4264,1.8632] | adv: -0.0436+/-1.1165 | alive=666/726 | bc_coef=0.000
10:18:59 | Batch 0702 (Ep 21056) | R:   -529.2 (  -539.0)  Scout_R:  +221.0  Cmdr_R:  -750.1  Scout:100% Cmdr:98%  scout:[survived=120] cmdr:[survived=88 boundary=2] refills=297  NN_dec=2868/2970  fire: peak=489 final=477 supp=12 ext=28.5  79.8s
   Cmdr reward breakdown: r_extinguish=+150.000  r_water_waste=-7.117  r_water_near=+0.000  r_fire_out=+0.000  r_spread=-202.800
   Water drops: 910 total, 450 hit, 460 miss (49% accuracy)  alt=45m [10-79]  dist=48m [4-102]
   FW shaping: surv=+0.0 bound=+0.0 alt_pen=+0.0 approach=-43.7 alt_shape=+262.6  avg_dist_scout=343m
   [SCOUT DIAG] ratio: 1.0000+/-0.0000 [1.0000,1.0000] | adv: 0.0392+/-0.9434 | alive=30000/30000
   [CMDR  DIAG] ratio: 1.0101+/-0.1310 [0.5365,1.8039] | adv: 0.0450+/-0.8530 | alive=718/726 | bc_coef=0.000
10:20:35 | Batch 0703 (Ep 21086) | R:   -675.3 (  -602.3)  Scout_R:   +80.5  Cmdr_R:  -755.8  Scout:100% Cmdr:97%  scout:[survived=120] cmdr:[survived=86 boundary=4] refills=439  NN_dec=2792/2970  fire: peak=494 final=469 supp=25 ext=33.7  77.7s
   Cmdr reward breakdown: r_extinguish=+159.000  r_water_waste=-6.683  r_water_near=+0.000  r_fire_out=+0.000  r_spread=-198.110
   Water drops: 920 total, 477 hit, 443 miss (52% accuracy)  alt=43m [18-80]  dist=48m [3-118]
   FW shaping: surv=+0.0 bound=+0.0 alt_pen=+0.0 approach=-66.7 alt_shape=+300.6  avg_dist_scout=329m
   [SCOUT DIAG] ratio: 1.0000+/-0.0000 [1.0000,1.0000] | adv: 0.0701+/-0.9471 | alive=30000/30000
   [CMDR  DIAG] ratio: 1.0139+/-0.1363 [0.4718,3.2667] | adv: 0.1195+/-0.8381 | alive=721/726 | bc_coef=0.000
10:22:12 | Batch 0704 (Ep 21116) | R:   -418.3 (  -546.8)  Scout_R:  +142.5  Cmdr_R:  -560.7  Scout:100% Cmdr:98%  scout:[survived=120] cmdr:[survived=88 boundary=2] refills=479  NN_dec=2762/2970  fire: peak=421 final=405 supp=16 ext=39.2  79.1s
   Cmdr reward breakdown: r_extinguish=+182.000  r_water_waste=-6.800  r_water_near=+0.000  r_fire_out=+0.000  r_spread=-188.420
   Water drops: 988 total, 546 hit, 442 miss (55% accuracy)  alt=45m [21-79]  dist=42m [0-100]
   FW shaping: surv=+0.0 bound=+0.0 alt_pen=+0.0 approach=-43.9 alt_shape=+310.7  avg_dist_scout=317m
   [SCOUT DIAG] ratio: 1.0000+/-0.0000 [1.0000,1.0000] | adv: 0.0783+/-0.9880 | alive=30000/30000
   [CMDR  DIAG] ratio: 0.9979+/-0.1831 [0.0935,2.3448] | adv: -0.0302+/-0.8477 | alive=680/726 | bc_coef=0.000
10:23:45 | Batch 0705 (Ep 21146) | R:   -697.4 (  -557.8)  Scout_R:   -94.2  Cmdr_R:  -603.2  Scout:100% Cmdr:99%  scout:[survived=120] cmdr:[survived=88 boundary=2] refills=382  NN_dec=2808/2970  fire: peak=416 final=400 supp=16 ext=33.4  74.6s
   Cmdr reward breakdown: r_extinguish=+161.667  r_water_waste=-6.233  r_water_near=+0.000  r_fire_out=+0.000  r_spread=-181.545
   Water drops: 888 total, 485 hit, 403 miss (55% accuracy)  alt=47m [19-80]  dist=46m [3-97]
   FW shaping: surv=+0.0 bound=+0.0 alt_pen=+0.0 approach=-59.7 alt_shape=+284.9  avg_dist_scout=332m
   [SCOUT DIAG] ratio: 1.0000+/-0.0000 [1.0000,1.0000] | adv: -0.1937+/-0.9644 | alive=30000/30000
   [CMDR  DIAG] ratio: 1.0080+/-0.1323 [0.3569,1.7698] | adv: 0.0784+/-1.0017 | alive=704/726 | bc_coef=0.000
10:25:17 | Batch 0706 (Ep 21176) | R:   -502.2 (  -599.8)  Scout_R:  +141.8  Cmdr_R:  -644.1  Scout:100% Cmdr:95%  scout:[survived=120] cmdr:[survived=84 boundary=6] refills=466  NN_dec=2744/2970  fire: peak=415 final=386 supp=29 ext=46.6  73.9s
   Cmdr reward breakdown: r_extinguish=+229.667  r_water_waste=-10.833  r_water_near=+0.000  r_fire_out=+0.000  r_spread=-180.145
   Water drops: 1393 total, 689 hit, 704 miss (49% accuracy)  alt=45m [14-79]  dist=47m [2-104]
   FW shaping: surv=+0.0 bound=+0.0 alt_pen=+0.0 approach=-67.3 alt_shape=+329.8  avg_dist_scout=292m
   [SCOUT DIAG] ratio: 1.0000+/-0.0000 [1.0000,1.0000] | adv: 0.0193+/-1.0072 | alive=30000/30000
   [CMDR  DIAG] ratio: 1.0088+/-0.1753 [0.2978,2.7107] | adv: 0.1130+/-0.8082 | alive=644/726 | bc_coef=0.000
10:26:50 | Batch 0707 (Ep 21206) | R:   -151.2 (  -326.7)  Scout_R:  +175.7  Cmdr_R:  -326.9  Scout:100% Cmdr:95%  scout:[survived=120] cmdr:[survived=84 boundary=6] refills=394  NN_dec=2715/2970  fire: peak=397 final=379 supp=18 ext=42.5  74.9s
   Cmdr reward breakdown: r_extinguish=+175.667  r_water_waste=-5.900  r_water_near=+0.000  r_fire_out=+0.000  r_spread=-167.510
   Water drops: 910 total, 527 hit, 383 miss (58% accuracy)  alt=41m [16-80]  dist=43m [5-89]
   FW shaping: surv=+0.0 bound=+0.0 alt_pen=+0.0 approach=-88.1 alt_shape=+281.6  avg_dist_scout=311m
   [SCOUT DIAG] ratio: 1.0000+/-0.0000 [1.0000,1.0000] | adv: -0.0495+/-0.9976 | alive=30000/30000
   [CMDR  DIAG] ratio: 1.0122+/-0.1597 [0.3939,2.4009] | adv: 0.2655+/-0.4578 | alive=659/726 | bc_coef=0.000
10:28:21 | Batch 0708 (Ep 21236) | R:   -545.2 (  -348.2)  Scout_R:  +103.6  Cmdr_R:  -648.8  Scout:100% Cmdr:99%  scout:[survived=120] cmdr:[survived=89 boundary=1] refills=382  NN_dec=2813/2970  fire: peak=413 final=395 supp=19 ext=39.1  72.8s
   Cmdr reward breakdown: r_extinguish=+186.333  r_water_waste=-4.000  r_water_near=+0.000  r_fire_out=+0.000  r_spread=-185.780
   Water drops: 827 total, 559 hit, 268 miss (68% accuracy)  alt=43m [11-80]  dist=40m [2-107]
   FW shaping: surv=+0.0 bound=+0.0 alt_pen=+0.0 approach=-67.1 alt_shape=+285.7  avg_dist_scout=310m
   [SCOUT DIAG] ratio: 1.0000+/-0.0000 [1.0000,1.0000] | adv: 0.1978+/-0.7583 | alive=30000/30000
   [CMDR  DIAG] ratio: 1.0092+/-0.1597 [0.4932,2.6017] | adv: -0.0742+/-1.1256 | alive=665/726 | bc_coef=0.000
10:29:53 | Batch 0709 (Ep 21266) | R:   -815.5 (  -680.3)  Scout_R:   +13.6  Cmdr_R:  -829.1  Scout:100% Cmdr:95%  scout:[survived=120] cmdr:[survived=84 boundary=6] refills=500  NN_dec=2698/2970  fire: peak=430 final=419 supp=11 ext=40.8  74.1s
   Cmdr reward breakdown: r_extinguish=+200.000  r_water_waste=-5.200  r_water_near=+0.000  r_fire_out=+0.000  r_spread=-173.670
   Water drops: 948 total, 600 hit, 348 miss (63% accuracy)  alt=43m [18-80]  dist=42m [1-105]
   FW shaping: surv=+0.0 bound=+0.0 alt_pen=+0.0 approach=-96.7 alt_shape=+267.1  avg_dist_scout=331m
   [SCOUT DIAG] ratio: 1.0000+/-0.0000 [1.0000,1.0000] | adv: 0.1211+/-0.7674 | alive=30000/30000
   [CMDR  DIAG] ratio: 0.9967+/-0.1287 [0.3883,1.6480] | adv: -0.1493+/-1.1985 | alive=656/726 | bc_coef=0.000
10:31:29 | Batch 0710 (Ep 21296) | R:   -700.3 (  -757.9)  Scout_R:   +12.7  Cmdr_R:  -713.0  Scout:100% Cmdr:100%  scout:[survived=116 ceiling=4] cmdr:[survived=90] refills=378  NN_dec=2915/2970  fire: peak=485 final=470 supp=15 ext=33.7  77.3s
   Cmdr reward breakdown: r_extinguish=+169.000  r_water_waste=-5.250  r_water_near=+0.000  r_fire_out=+0.000  r_spread=-210.630
   Water drops: 846 total, 507 hit, 339 miss (60% accuracy)  alt=41m [19-75]  dist=43m [1-99]
   FW shaping: surv=+0.0 bound=+0.0 alt_pen=+0.0 approach=-39.9 alt_shape=+282.9  avg_dist_scout=350m
   [SCOUT DIAG] ratio: 1.0000+/-0.0000 [1.0000,1.0000] | adv: 0.0712+/-0.8462 | alive=30000/30000
   [CMDR  DIAG] ratio: 1.0122+/-0.1726 [0.2826,2.5844] | adv: 0.0652+/-0.8919 | alive=708/726 | bc_coef=0.000
10:33:10 | Batch 0711 (Ep 21326) | R:   -492.3 (  -596.3)  Scout_R:   -34.5  Cmdr_R:  -457.8  Scout:100% Cmdr:99%  scout:[survived=120] cmdr:[survived=89 boundary=1] refills=422  NN_dec=2887/2970  fire: peak=323 final=303 supp=20 ext=45.0  73.4s
   Cmdr reward breakdown: r_extinguish=+194.667  r_water_waste=-7.500  r_water_near=+0.000  r_fire_out=+0.000  r_spread=-149.435
   Water drops: 1075 total, 584 hit, 491 miss (54% accuracy)  alt=42m [14-78]  dist=46m [0-116]
   FW shaping: surv=+0.0 bound=+0.0 alt_pen=+0.0 approach=-46.8 alt_shape=+337.3  avg_dist_scout=289m
   [SCOUT DIAG] ratio: 1.0000+/-0.0000 [1.0000,1.0000] | adv: 0.0438+/-1.0200 | alive=30000/30000
   [CMDR  DIAG] ratio: 1.0005+/-0.1565 [0.1795,2.6311] | adv: -0.1043+/-1.2143 | alive=697/726 | bc_coef=0.000
10:34:40 | Batch 0712 (Ep 21356) | R:   -389.4 (  -440.9)  Scout_R:   -52.8  Cmdr_R:  -336.6  Scout:100% Cmdr:98%  scout:[survived=120] cmdr:[survived=88 boundary=2] refills=450  NN_dec=2809/2970  fire: peak=330 final=302 supp=28 ext=43.0  72.2s
   Cmdr reward breakdown: r_extinguish=+194.000  r_water_waste=-7.000  r_water_near=+0.000  r_fire_out=+0.000  r_spread=-147.445
   Water drops: 1035 total, 582 hit, 453 miss (56% accuracy)  alt=42m [22-79]  dist=44m [1-115]
   FW shaping: surv=+0.0 bound=+0.0 alt_pen=+0.0 approach=-7.1 alt_shape=+330.8  avg_dist_scout=284m
   [SCOUT DIAG] ratio: 1.0000+/-0.0000 [1.0000,1.0000] | adv: -0.1144+/-1.1258 | alive=30000/30000
   [CMDR  DIAG] ratio: 1.0063+/-0.1233 [0.5552,1.8289] | adv: -0.2368+/-1.3970 | alive=671/726 | bc_coef=0.000
10:36:15 | Batch 0713 (Ep 21386) | R:   -509.1 (  -449.3)  Scout_R:  +143.7  Cmdr_R:  -652.8  Scout:100% Cmdr:97%  scout:[survived=120] cmdr:[survived=87 boundary=3] refills=539  NN_dec=2742/2970  fire: peak=491 final=463 supp=28 ext=39.3  76.7s
   Cmdr reward breakdown: r_extinguish=+188.333  r_water_waste=-8.417  r_water_near=+0.000  r_fire_out=+0.000  r_spread=-208.525
   Water drops: 1114 total, 565 hit, 549 miss (51% accuracy)  alt=42m [17-79]  dist=45m [5-104]
   FW shaping: surv=+0.0 bound=+0.0 alt_pen=+0.0 approach=-50.5 alt_shape=+297.8  avg_dist_scout=325m
   [SCOUT DIAG] ratio: 1.0000+/-0.0000 [1.0000,1.0000] | adv: 0.0260+/-0.8952 | alive=30000/30000
   [CMDR  DIAG] ratio: 1.0051+/-0.1742 [0.1647,2.7271] | adv: 0.1192+/-0.9460 | alive=673/726 | bc_coef=0.000
10:37:47 | Batch 0714 (Ep 21416) | R:   -554.2 (  -531.7)  Scout_R:   -78.0  Cmdr_R:  -476.2  Scout:100% Cmdr:100%  scout:[survived=120] cmdr:[survived=90] refills=396  NN_dec=2868/2970  fire: peak=428 final=406 supp=21 ext=42.5  73.6s
   Cmdr reward breakdown: r_extinguish=+189.333  r_water_waste=-5.050  r_water_near=+0.000  r_fire_out=+0.000  r_spread=-194.115
   Water drops: 894 total, 568 hit, 326 miss (64% accuracy)  alt=45m [9-80]  dist=43m [2-100]
   FW shaping: surv=+0.0 bound=+0.0 alt_pen=+0.0 approach=-36.2 alt_shape=+355.0  avg_dist_scout=279m
   [SCOUT DIAG] ratio: 1.0000+/-0.0000 [1.0000,1.0000] | adv: 0.0310+/-1.0069 | alive=30000/30000
   [CMDR  DIAG] ratio: 0.9994+/-0.1309 [0.4730,1.9852] | adv: -0.0583+/-1.0400 | alive=646/726 | bc_coef=0.000
10:39:21 | Batch 0715 (Ep 21446) | R:   -582.9 (  -568.6)  Scout_R:   +56.3  Cmdr_R:  -639.2  Scout:100% Cmdr:96%  scout:[survived=120] cmdr:[survived=85 boundary=4 ground_crash=1] refills=327  NN_dec=2787/2970  fire: peak=420 final=402 supp=17 ext=39.5  76.4s
   Cmdr reward breakdown: r_extinguish=+178.667  r_water_waste=-6.700  r_water_near=+0.000  r_fire_out=+0.000  r_spread=-183.280
   Water drops: 975 total, 536 hit, 439 miss (55% accuracy)  alt=43m [22-79]  dist=47m [2-109]
   FW shaping: surv=+0.0 bound=+0.0 alt_pen=+0.0 approach=-65.5 alt_shape=+339.6  avg_dist_scout=315m
   [SCOUT DIAG] ratio: 1.0000+/-0.0000 [1.0000,1.0000] | adv: -0.2139+/-1.1880 | alive=30000/30000
   [CMDR  DIAG] ratio: 1.0069+/-0.1264 [0.4740,1.7433] | adv: 0.1107+/-0.8540 | alive=706/726 | bc_coef=0.000
10:40:58 | Batch 0716 (Ep 21476) | R:   -865.4 (  -724.2)  Scout_R:  +199.8  Cmdr_R: -1065.2  Scout:100% Cmdr:95%  scout:[survived=120] cmdr:[survived=84 boundary=6] refills=310  NN_dec=2744/2970  fire: peak=492 final=472 supp=20 ext=38.1  78.1s
   Cmdr reward breakdown: r_extinguish=+159.667  r_water_waste=-4.250  r_water_near=+0.000  r_fire_out=+5.000  r_spread=-206.560
   Water drops: 757 total, 479 hit, 278 miss (63% accuracy)  alt=45m [13-80]  dist=47m [3-103]
   FW shaping: surv=+0.0 bound=+0.0 alt_pen=+0.0 approach=-122.7 alt_shape=+250.7  avg_dist_scout=388m
   [SCOUT DIAG] ratio: 1.0000+/-0.0000 [1.0000,1.0000] | adv: -0.0418+/-1.0830 | alive=30000/30000
   [CMDR  DIAG] ratio: 1.0041+/-0.1276 [0.4797,1.8543] | adv: -0.0136+/-0.9968 | alive=680/726 | bc_coef=0.000
10:42:30 | Batch 0717 (Ep 21506) | R:   -471.5 (  -668.5)  Scout_R:  +105.1  Cmdr_R:  -576.6  Scout:100% Cmdr:94%  scout:[survived=120] cmdr:[survived=83 boundary=7] refills=440  NN_dec=2664/2970  fire: peak=451 final=439 supp=12 ext=31.0  74.1s
   Cmdr reward breakdown: r_extinguish=+146.667  r_water_waste=-4.967  r_water_near=+0.000  r_fire_out=+0.000  r_spread=-181.595
   Water drops: 760 total, 440 hit, 320 miss (58% accuracy)  alt=45m [9-80]  dist=43m [3-89]
   FW shaping: surv=+0.0 bound=+0.0 alt_pen=+0.0 approach=-83.1 alt_shape=+275.0  avg_dist_scout=320m
   [SCOUT DIAG] ratio: 1.0000+/-0.0000 [1.0000,1.0000] | adv: -0.0226+/-1.0581 | alive=30000/30000
   [CMDR  DIAG] ratio: 1.0109+/-0.1456 [0.4546,2.5246] | adv: 0.1505+/-0.6703 | alive=667/726 | bc_coef=0.000
10:44:07 | Batch 0718 (Ep 21536) | R:   -225.6 (  -348.6)  Scout_R:    -2.1  Cmdr_R:  -223.5  Scout:100% Cmdr:100%  scout:[survived=120] cmdr:[survived=89 ground_crash=1] refills=389  NN_dec=2899/2970  fire: peak=360 final=338 supp=22 ext=39.0  79.0s
   Cmdr reward breakdown: r_extinguish=+194.667  r_water_waste=-5.817  r_water_near=+0.000  r_fire_out=+10.000  r_spread=-164.195
   Water drops: 962 total, 584 hit, 378 miss (61% accuracy)  alt=42m [22-80]  dist=45m [7-105]
   FW shaping: surv=+0.0 bound=+0.0 alt_pen=+0.0 approach=-25.0 alt_shape=+340.4  avg_dist_scout=294m
   [SCOUT DIAG] ratio: 1.0000+/-0.0000 [1.0000,1.0000] | adv: -0.0768+/-1.0101 | alive=30000/30000
   [CMDR  DIAG] ratio: 1.0042+/-0.1614 [0.2782,2.1439] | adv: 0.2396+/-0.2357 | alive=724/726 | bc_coef=0.000
10:45:42 | Batch 0719 (Ep 21566) | R:  -1181.5 (  -703.5)  Scout_R:   +36.2  Cmdr_R: -1217.7  Scout:100% Cmdr:99%  scout:[survived=120] cmdr:[survived=89 boundary=1] refills=403  NN_dec=2831/2970  fire: peak=484 final=460 supp=24 ext=36.6  77.0s
   Cmdr reward breakdown: r_extinguish=+153.333  r_water_waste=-6.350  r_water_near=+0.000  r_fire_out=+0.000  r_spread=-210.725
   Water drops: 872 total, 460 hit, 412 miss (53% accuracy)  alt=41m [21-79]  dist=42m [3-109]
   FW shaping: surv=+0.0 bound=+0.0 alt_pen=+0.0 approach=-28.5 alt_shape=+286.8  avg_dist_scout=366m
   [SCOUT DIAG] ratio: 1.0000+/-0.0000 [1.0000,1.0000] | adv: 0.0416+/-0.9793 | alive=30000/30000
   [CMDR  DIAG] ratio: 1.0107+/-0.1720 [0.2274,2.7045] | adv: -0.1803+/-1.1256 | alive=679/726 | bc_coef=0.000
10:47:17 | Batch 0720 (Ep 21596) | R:   -289.7 (  -735.6)  Scout_R:   +58.4  Cmdr_R:  -348.1  Scout:100% Cmdr:100%  scout:[survived=120] cmdr:[survived=90] refills=542  NN_dec=2750/2970  fire: peak=372 final=347 supp=25 ext=41.6  76.7s
   Cmdr reward breakdown: r_extinguish=+188.667  r_water_waste=-5.550  r_water_near=+0.000  r_fire_out=+0.000  r_spread=-170.100
   Water drops: 928 total, 566 hit, 362 miss (61% accuracy)  alt=41m [19-75]  dist=43m [1-104]
   FW shaping: surv=+0.0 bound=+0.0 alt_pen=+0.0 approach=-16.8 alt_shape=+254.0  avg_dist_scout=318m
   [SCOUT DIAG] ratio: 1.0000+/-0.0000 [1.0000,1.0000] | adv: -0.0049+/-0.9595 | alive=30000/30000
   [CMDR  DIAG] ratio: 0.9982+/-0.1337 [0.2170,1.9682] | adv: -0.2901+/-1.6489 | alive=665/726 | bc_coef=0.000
10:48:58 | Batch 0721 (Ep 21626) | R:   -674.2 (  -481.9)  Scout_R:   +63.5  Cmdr_R:  -737.7  Scout:100% Cmdr:95%  scout:[survived=120] cmdr:[survived=85 boundary=5] refills=303  NN_dec=2792/2970  fire: peak=383 final=353 supp=30 ext=38.8  71.9s
   Cmdr reward breakdown: r_extinguish=+177.000  r_water_waste=-5.850  r_water_near=+0.000  r_fire_out=+0.000  r_spread=-157.885
   Water drops: 904 total, 531 hit, 373 miss (59% accuracy)  alt=44m [20-79]  dist=40m [6-89]
   FW shaping: surv=+0.0 bound=+0.0 alt_pen=+0.0 approach=-62.2 alt_shape=+304.2  avg_dist_scout=311m
   [SCOUT DIAG] ratio: 1.0000+/-0.0000 [1.0000,1.0000] | adv: -0.0442+/-1.0944 | alive=30000/30000
   [CMDR  DIAG] ratio: 1.0019+/-0.1278 [0.4645,2.4050] | adv: -0.1721+/-1.1347 | alive=661/726 | bc_coef=0.000
10:50:32 | Batch 0722 (Ep 21656) | R:   -416.4 (  -545.3)  Scout_R:  +192.9  Cmdr_R:  -609.3  Scout:100% Cmdr:95%  scout:[survived=120] cmdr:[survived=85 boundary=5] refills=404  NN_dec=2732/2970  fire: peak=382 final=366 supp=16 ext=40.2  75.9s
   Cmdr reward breakdown: r_extinguish=+196.333  r_water_waste=-6.483  r_water_near=+0.000  r_fire_out=+0.000  r_spread=-163.525
   Water drops: 1011 total, 589 hit, 422 miss (58% accuracy)  alt=43m [16-80]  dist=44m [2-99]
   FW shaping: surv=+0.0 bound=+0.0 alt_pen=+0.0 approach=-98.0 alt_shape=+324.8  avg_dist_scout=306m
   [SCOUT DIAG] ratio: 1.0000+/-0.0000 [1.0000,1.0000] | adv: 0.2022+/-0.8418 | alive=30000/30000
   [CMDR  DIAG] ratio: 1.0148+/-0.2340 [0.1250,4.5345] | adv: 0.1999+/-0.4721 | alive=717/726 | bc_coef=0.000
10:52:05 | Batch 0723 (Ep 21686) | R:   -832.5 (  -624.5)  Scout_R:  +151.4  Cmdr_R:  -984.0  Scout:100% Cmdr:96%  scout:[survived=120] cmdr:[survived=86 boundary=4] refills=376  NN_dec=2784/2970  fire: peak=481 final=472 supp=9 ext=37.0  74.6s
   Cmdr reward breakdown: r_extinguish=+155.333  r_water_waste=-4.900  r_water_near=+0.000  r_fire_out=+0.000  r_spread=-198.105
   Water drops: 786 total, 466 hit, 320 miss (59% accuracy)  alt=43m [23-78]  dist=42m [0-108]
   FW shaping: surv=+0.0 bound=+0.0 alt_pen=+0.0 approach=-85.7 alt_shape=+236.4  avg_dist_scout=382m
   [SCOUT DIAG] ratio: 1.0000+/-0.0000 [1.0000,1.0000] | adv: 0.1352+/-0.8377 | alive=30000/30000
   [CMDR  DIAG] ratio: 1.0121+/-0.1476 [0.3369,2.2576] | adv: 0.0642+/-0.9873 | alive=686/726 | bc_coef=0.000
10:53:36 | Batch 0724 (Ep 21716) | R:   -401.5 (  -617.0)  Scout_R:  +124.6  Cmdr_R:  -526.1  Scout:100% Cmdr:99%  scout:[survived=120] cmdr:[survived=89 boundary=1] refills=440  NN_dec=2845/2970  fire: peak=393 final=373 supp=20 ext=39.0  72.9s
   Cmdr reward breakdown: r_extinguish=+188.333  r_water_waste=-7.050  r_water_near=+0.000  r_fire_out=+0.000  r_spread=-174.140
   Water drops: 1029 total, 565 hit, 464 miss (55% accuracy)  alt=42m [10-80]  dist=46m [3-88]
   FW shaping: surv=+0.0 bound=+0.0 alt_pen=+0.0 approach=-52.8 alt_shape=+301.1  avg_dist_scout=315m
   [SCOUT DIAG] ratio: 1.0000+/-0.0000 [1.0000,1.0000] | adv: 0.0600+/-0.8746 | alive=30000/30000
   [CMDR  DIAG] ratio: 0.9883+/-0.1354 [0.3118,1.6530] | adv: -0.1552+/-1.2287 | alive=707/726 | bc_coef=0.000
10:55:10 | Batch 0725 (Ep 21746) | R:   -833.6 (  -617.5)  Scout_R:   +79.0  Cmdr_R:  -912.6  Scout:100% Cmdr:95%  scout:[survived=120] cmdr:[survived=85 boundary=5] refills=326  NN_dec=2780/2970  fire: peak=366 final=339 supp=26 ext=32.3  76.2s
   Cmdr reward breakdown: r_extinguish=+153.667  r_water_waste=-5.417  r_water_near=+0.000  r_fire_out=+10.000  r_spread=-151.565
   Water drops: 820 total, 461 hit, 359 miss (56% accuracy)  alt=43m [13-79]  dist=47m [2-94]
   FW shaping: surv=+0.0 bound=+0.0 alt_pen=+0.0 approach=-102.9 alt_shape=+253.4  avg_dist_scout=341m
   [SCOUT DIAG] ratio: 1.0000+/-0.0000 [1.0000,1.0000] | adv: -0.1597+/-1.1425 | alive=30000/30000
   [CMDR  DIAG] ratio: 1.0064+/-0.1232 [0.4878,1.9674] | adv: -0.0070+/-1.1121 | alive=679/726 | bc_coef=0.000
10:56:43 | Batch 0726 (Ep 21776) | R:   -402.3 (  -618.0)  Scout_R:  +127.4  Cmdr_R:  -529.7  Scout:100% Cmdr:99%  scout:[survived=120] cmdr:[survived=89 boundary=1] refills=341  NN_dec=2862/2970  fire: peak=415 final=397 supp=19 ext=34.1  74.8s
   Cmdr reward breakdown: r_extinguish=+163.000  r_water_waste=-6.383  r_water_near=+0.000  r_fire_out=+0.000  r_spread=-180.840
   Water drops: 892 total, 489 hit, 403 miss (55% accuracy)  alt=43m [16-79]  dist=44m [1-100]
   FW shaping: surv=+0.0 bound=+0.0 alt_pen=+0.0 approach=-22.9 alt_shape=+335.4  avg_dist_scout=293m
   [SCOUT DIAG] ratio: 1.0000+/-0.0000 [1.0000,1.0000] | adv: -0.1283+/-1.0709 | alive=30000/30000
   [CMDR  DIAG] ratio: 0.9948+/-0.1583 [0.3702,2.0133] | adv: 0.0053+/-1.0622 | alive=707/726 | bc_coef=0.000
10:58:16 | Batch 0727 (Ep 21806) | R:   -564.3 (  -483.3)  Scout_R:  +135.4  Cmdr_R:  -699.7  Scout:100% Cmdr:93%  scout:[survived=120] cmdr:[survived=82 boundary=8] refills=383  NN_dec=2636/2970  fire: peak=558 final=537 supp=21 ext=31.7  74.4s
   Cmdr reward breakdown: r_extinguish=+151.667  r_water_waste=-4.733  r_water_near=+0.000  r_fire_out=+0.000  r_spread=-205.860
   Water drops: 769 total, 455 hit, 314 miss (59% accuracy)  alt=43m [17-80]  dist=40m [1-81]
   FW shaping: surv=+0.0 bound=+0.0 alt_pen=+0.0 approach=-75.5 alt_shape=+248.1  avg_dist_scout=318m
   [SCOUT DIAG] ratio: 1.0000+/-0.0000 [1.0000,1.0000] | adv: 0.1153+/-0.9180 | alive=30000/30000
   [CMDR  DIAG] ratio: 1.0032+/-0.2026 [0.2517,2.9612] | adv: -0.0799+/-1.1870 | alive=663/726 | bc_coef=0.000
10:59:48 | Batch 0728 (Ep 21836) | R:   -435.4 (  -499.8)  Scout_R:   +44.2  Cmdr_R:  -479.7  Scout:100% Cmdr:97%  scout:[survived=120] cmdr:[survived=86 boundary=4] refills=450  NN_dec=2762/2970  fire: peak=405 final=390 supp=15 ext=40.0  74.0s
   Cmdr reward breakdown: r_extinguish=+175.000  r_water_waste=-6.333  r_water_near=+0.000  r_fire_out=+0.000  r_spread=-173.310
   Water drops: 936 total, 525 hit, 411 miss (56% accuracy)  alt=42m [16-79]  dist=47m [2-117]
   FW shaping: surv=+0.0 bound=+0.0 alt_pen=+0.0 approach=-74.8 alt_shape=+266.5  avg_dist_scout=331m
   [SCOUT DIAG] ratio: 1.0000+/-0.0000 [1.0000,1.0000] | adv: -0.0176+/-1.0692 | alive=30000/30000
   [CMDR  DIAG] ratio: 1.0137+/-0.1716 [0.3643,2.5358] | adv: 0.2187+/-0.4133 | alive=686/726 | bc_coef=0.000
11:01:23 | Batch 0729 (Ep 21866) | R:   -902.4 (  -668.9)  Scout_R:   +42.6  Cmdr_R:  -944.9  Scout:100% Cmdr:97%  scout:[survived=120] cmdr:[survived=85 boundary=5] refills=382  NN_dec=2769/2970  fire: peak=456 final=436 supp=20 ext=35.6  76.2s
   Cmdr reward breakdown: r_extinguish=+154.667  r_water_waste=-4.883  r_water_near=+0.000  r_fire_out=+0.000  r_spread=-192.575
   Water drops: 786 total, 464 hit, 322 miss (59% accuracy)  alt=43m [18-80]  dist=43m [2-87]
   FW shaping: surv=+0.0 bound=+0.0 alt_pen=+0.0 approach=-64.8 alt_shape=+273.7  avg_dist_scout=343m
   [SCOUT DIAG] ratio: 1.0000+/-0.0000 [1.0000,1.0000] | adv: 0.0401+/-1.0038 | alive=30000/30000
   [CMDR  DIAG] ratio: 1.0117+/-0.1304 [0.5209,2.6178] | adv: 0.0544+/-0.9261 | alive=666/726 | bc_coef=0.000
11:03:24 | Batch 0730 (Ep 21896) | R:   -550.3 (  -726.4)  Scout_R:  +145.0  Cmdr_R:  -695.3  Scout:100% Cmdr:97%  scout:[survived=120] cmdr:[survived=86 boundary=4] refills=366  NN_dec=2806/2970  fire: peak=494 final=482 supp=13 ext=39.7  103.2s
   Cmdr reward breakdown: r_extinguish=+182.333  r_water_waste=-6.233  r_water_near=+0.000  r_fire_out=+0.000  r_spread=-205.770
   Water drops: 949 total, 547 hit, 402 miss (58% accuracy)  alt=41m [13-80]  dist=46m [2-104]
   FW shaping: surv=+0.0 bound=+0.0 alt_pen=+0.0 approach=-68.4 alt_shape=+322.8  avg_dist_scout=317m
   [SCOUT DIAG] ratio: 1.0000+/-0.0000 [1.0000,1.0000] | adv: 0.1446+/-0.9227 | alive=30000/30000
   [CMDR  DIAG] ratio: 1.0015+/-0.1400 [0.2233,2.0256] | adv: 0.0459+/-1.0104 | alive=649/726 | bc_coef=0.000
11:05:36 | Batch 0731 (Ep 21926) | R:   -408.5 (  -479.4)  Scout_R:   +36.8  Cmdr_R:  -445.3  Scout:100% Cmdr:97%  scout:[survived=120] cmdr:[survived=87 boundary=3] refills=359  NN_dec=2792/2970  fire: peak=422 final=407 supp=15 ext=33.6  93.0s
   Cmdr reward breakdown: r_extinguish=+166.333  r_water_waste=-6.567  r_water_near=+0.000  r_fire_out=+0.000  r_spread=-175.315
   Water drops: 924 total, 499 hit, 425 miss (54% accuracy)  alt=44m [20-75]  dist=46m [4-113]
   FW shaping: surv=+0.0 bound=+0.0 alt_pen=+0.0 approach=-52.8 alt_shape=+292.1  avg_dist_scout=316m
   [SCOUT DIAG] ratio: 1.0000+/-0.0000 [1.0000,1.0000] | adv: 0.0523+/-0.9821 | alive=30000/30000
   [CMDR  DIAG] ratio: 1.0064+/-0.1752 [0.0295,3.4928] | adv: -0.0639+/-1.1612 | alive=688/726 | bc_coef=0.000
11:07:57 | Batch 0732 (Ep 21956) | R:  -1255.8 (  -832.2)  Scout_R:  +110.2  Cmdr_R: -1366.0  Scout:100% Cmdr:94%  scout:[survived=120] cmdr:[survived=83 boundary=7] refills=362  NN_dec=2693/2970  fire: peak=465 final=456 supp=9 ext=30.7  108.5s
   Cmdr reward breakdown: r_extinguish=+126.333  r_water_waste=-5.000  r_water_near=+0.000  r_fire_out=+0.000  r_spread=-184.810
   Water drops: 706 total, 379 hit, 327 miss (54% accuracy)  alt=41m [13-80]  dist=46m [9-89]
   FW shaping: surv=+0.0 bound=+0.0 alt_pen=+0.0 approach=-133.2 alt_shape=+200.0  avg_dist_scout=413m
   [SCOUT DIAG] ratio: 1.0000+/-0.0000 [1.0000,1.0000] | adv: 0.0686+/-0.9300 | alive=30000/30000
   [CMDR  DIAG] ratio: 1.0061+/-0.1514 [0.3309,2.5299] | adv: -0.3176+/-1.2353 | alive=605/726 | bc_coef=0.000
11:10:09 | Batch 0733 (Ep 21986) | R:   -299.0 (  -777.4)  Scout_R:  +202.3  Cmdr_R:  -501.3  Scout:100% Cmdr:97%  scout:[survived=120] cmdr:[survived=86 boundary=4] refills=443  NN_dec=2797/2970  fire: peak=423 final=406 supp=17 ext=40.8  103.2s
   Cmdr reward breakdown: r_extinguish=+185.333  r_water_waste=-6.633  r_water_near=+0.000  r_fire_out=+0.000  r_spread=-178.730
   Water drops: 991 total, 556 hit, 435 miss (56% accuracy)  alt=41m [15-79]  dist=44m [4-102]
   FW shaping: surv=+0.0 bound=+0.0 alt_pen=+0.0 approach=-26.5 alt_shape=+340.4  avg_dist_scout=300m
   [SCOUT DIAG] ratio: 1.0000+/-0.0000 [1.0000,1.0000] | adv: 0.0570+/-0.9089 | alive=30000/30000
   [CMDR  DIAG] ratio: 1.0065+/-0.1437 [0.3911,2.5590] | adv: -0.0481+/-1.1913 | alive=677/726 | bc_coef=0.000
11:12:22 | Batch 0734 (Ep 22016) | R:   -827.4 (  -563.2)  Scout_R:  +150.2  Cmdr_R:  -977.6  Scout:100% Cmdr:95%  scout:[survived=120] cmdr:[survived=84 boundary=6] refills=315  NN_dec=2721/2970  fire: peak=497 final=489 supp=7 ext=37.9  113.2s
   Cmdr reward breakdown: r_extinguish=+159.000  r_water_waste=-4.967  r_water_near=+0.000  r_fire_out=+0.000  r_spread=-203.255
   Water drops: 796 total, 477 hit, 319 miss (60% accuracy)  alt=44m [15-80]  dist=44m [3-112]
   FW shaping: surv=+0.0 bound=+0.0 alt_pen=+0.0 approach=-93.3 alt_shape=+258.1  avg_dist_scout=362m
   [SCOUT DIAG] ratio: 1.0000+/-0.0000 [1.0000,1.0000] | adv: 0.0625+/-0.8990 | alive=30000/30000
   [CMDR  DIAG] ratio: 1.0105+/-0.1863 [0.2701,2.6386] | adv: -0.1288+/-1.2551 | alive=633/726 | bc_coef=0.000
11:14:26 | Batch 0735 (Ep 22046) | R:   -995.4 (  -911.4)  Scout_R:  -120.9  Cmdr_R:  -874.5  Scout:100% Cmdr:97%  scout:[survived=120] cmdr:[survived=87 boundary=3] refills=333  NN_dec=2839/2970  fire: peak=384 final=369 supp=14 ext=33.1  100.7s
   Cmdr reward breakdown: r_extinguish=+153.000  r_water_waste=-5.017  r_water_near=+0.000  r_fire_out=+0.000  r_spread=-166.895
   Water drops: 782 total, 459 hit, 323 miss (59% accuracy)  alt=43m [20-80]  dist=45m [1-102]
   FW shaping: surv=+0.0 bound=+0.0 alt_pen=+0.0 approach=-57.9 alt_shape=+284.7  avg_dist_scout=346m
   [SCOUT DIAG] ratio: 1.0000+/-0.0000 [1.0000,1.0000] | adv: -0.1205+/-1.0847 | alive=30000/30000
   [CMDR  DIAG] ratio: 1.0016+/-0.1323 [0.5532,1.7551] | adv: -0.2696+/-1.2851 | alive=665/726 | bc_coef=0.000
11:16:37 | Batch 0736 (Ep 22076) | R:   -753.8 (  -874.6)  Scout_R:   +91.8  Cmdr_R:  -845.6  Scout:100% Cmdr:95%  scout:[survived=120] cmdr:[survived=85 boundary=5] refills=345  NN_dec=2747/2970  fire: peak=438 final=424 supp=14 ext=35.6  105.7s
   Cmdr reward breakdown: r_extinguish=+154.000  r_water_waste=-4.550  r_water_near=+0.000  r_fire_out=+0.000  r_spread=-177.410
   Water drops: 760 total, 462 hit, 298 miss (61% accuracy)  alt=41m [5-79]  dist=44m [1-98]
   FW shaping: surv=+0.0 bound=+0.0 alt_pen=+0.0 approach=-81.4 alt_shape=+280.3  avg_dist_scout=325m
   [SCOUT DIAG] ratio: 1.0000+/-0.0000 [1.0000,1.0000] | adv: -0.0298+/-1.0244 | alive=30000/30000
   [CMDR  DIAG] ratio: 1.0013+/-0.1729 [0.4193,2.5216] | adv: -0.2566+/-1.2673 | alive=688/726 | bc_coef=0.000
11:18:50 | Batch 0737 (Ep 22106) | R:  -1045.4 (  -899.6)  Scout_R:   +56.9  Cmdr_R: -1102.3  Scout:100% Cmdr:96%  scout:[survived=120] cmdr:[survived=85 boundary=5] refills=244  NN_dec=2736/2970  fire: peak=403 final=395 supp=9 ext=25.0  113.3s
   Cmdr reward breakdown: r_extinguish=+106.000  r_water_waste=-3.300  r_water_near=+0.000  r_fire_out=+0.000  r_spread=-158.120
   Water drops: 527 total, 318 hit, 209 miss (60% accuracy)  alt=42m [14-80]  dist=42m [5-95]
   FW shaping: surv=+0.0 bound=+0.0 alt_pen=+0.0 approach=-129.9 alt_shape=+203.1  avg_dist_scout=390m
   [SCOUT DIAG] ratio: 1.0000+/-0.0000 [1.0000,1.0000] | adv: -0.0760+/-1.1833 | alive=30000/30000
   [CMDR  DIAG] ratio: 1.0077+/-0.1445 [0.4010,2.1743] | adv: 0.0952+/-0.9564 | alive=713/726 | bc_coef=0.000
11:20:55 | Batch 0738 (Ep 22136) | R:   -921.1 (  -983.2)  Scout_R:   -20.9  Cmdr_R:  -900.1  Scout:100% Cmdr:98%  scout:[survived=120] cmdr:[survived=88 boundary=2] refills=292  NN_dec=2832/2970  fire: peak=472 final=459 supp=13 ext=31.3  100.7s
   Cmdr reward breakdown: r_extinguish=+137.667  r_water_waste=-4.200  r_water_near=+0.000  r_fire_out=+0.000  r_spread=-200.270
   Water drops: 691 total, 413 hit, 278 miss (60% accuracy)  alt=42m [12-80]  dist=42m [5-88]
   FW shaping: surv=+0.0 bound=+0.0 alt_pen=+0.0 approach=-61.4 alt_shape=+287.8  avg_dist_scout=322m
   [SCOUT DIAG] ratio: 1.0000+/-0.0000 [1.0000,1.0000] | adv: 0.0704+/-0.8949 | alive=30000/30000
   [CMDR  DIAG] ratio: 1.0040+/-0.1449 [0.1649,3.2683] | adv: 0.0689+/-0.8882 | alive=670/726 | bc_coef=0.000
11:23:05 | Batch 0739 (Ep 22166) | R:   -500.8 (  -711.0)  Scout_R:   +34.3  Cmdr_R:  -535.2  Scout:100% Cmdr:99%  scout:[survived=120] cmdr:[survived=88 boundary=2] refills=346  NN_dec=2845/2970  fire: peak=387 final=368 supp=18 ext=34.5  108.8s
   Cmdr reward breakdown: r_extinguish=+153.333  r_water_waste=-6.783  r_water_near=+0.000  r_fire_out=+0.000  r_spread=-167.450
   Water drops: 899 total, 460 hit, 439 miss (51% accuracy)  alt=42m [13-80]  dist=47m [4-116]
   FW shaping: surv=+0.0 bound=+0.0 alt_pen=+0.0 approach=-16.1 alt_shape=+305.6  avg_dist_scout=319m
   [SCOUT DIAG] ratio: 1.0000+/-0.0000 [1.0000,1.0000] | adv: -0.1843+/-1.1738 | alive=30000/30000
   [CMDR  DIAG] ratio: 1.0082+/-0.1602 [0.1964,2.0272] | adv: 0.2562+/-0.2452 | alive=716/726 | bc_coef=0.000
11:25:20 | Batch 0740 (Ep 22196) | R:   -554.0 (  -527.4)  Scout_R:   -25.5  Cmdr_R:  -528.5  Scout:100% Cmdr:96%  scout:[survived=120] cmdr:[survived=86 boundary=4] refills=416  NN_dec=2769/2970  fire: peak=368 final=350 supp=18 ext=36.3  115.2s
   Cmdr reward breakdown: r_extinguish=+163.000  r_water_waste=-5.367  r_water_near=+0.000  r_fire_out=+0.000  r_spread=-154.780
   Water drops: 845 total, 489 hit, 356 miss (58% accuracy)  alt=45m [22-80]  dist=45m [1-99]
   FW shaping: surv=+0.0 bound=+0.0 alt_pen=+0.0 approach=-67.5 alt_shape=+307.0  avg_dist_scout=319m
   [SCOUT DIAG] ratio: 1.0000+/-0.0000 [1.0000,1.0000] | adv: 0.0260+/-1.0187 | alive=30000/30000
   [CMDR  DIAG] ratio: 1.0081+/-0.1399 [0.3959,2.8541] | adv: 0.0847+/-0.7954 | alive=601/726 | bc_coef=0.000
11:27:44 | Batch 0741 (Ep 22226) | R:   -476.2 (  -515.1)  Scout_R:    +8.3  Cmdr_R:  -484.5  Scout:100% Cmdr:97%  scout:[survived=120] cmdr:[survived=87 boundary=3] refills=342  NN_dec=2841/2970  fire: peak=473 final=459 supp=14 ext=38.1  108.0s
   Cmdr reward breakdown: r_extinguish=+172.000  r_water_waste=-5.400  r_water_near=+0.000  r_fire_out=+0.000  r_spread=-200.080
   Water drops: 865 total, 516 hit, 349 miss (60% accuracy)  alt=45m [11-80]  dist=45m [3-105]
   FW shaping: surv=+0.0 bound=+0.0 alt_pen=+0.0 approach=-57.9 alt_shape=+299.2  avg_dist_scout=328m
   [SCOUT DIAG] ratio: 1.0000+/-0.0000 [1.0000,1.0000] | adv: 0.0058+/-0.9826 | alive=30000/30000
   [CMDR  DIAG] ratio: 1.0031+/-0.1312 [0.1584,2.2914] | adv: -0.1098+/-1.1317 | alive=675/726 | bc_coef=0.000
11:29:56 | Batch 0742 (Ep 22256) | R:  -1203.6 (  -839.9)  Scout_R:    -7.9  Cmdr_R: -1195.7  Scout:100% Cmdr:96%  scout:[survived=120] cmdr:[survived=86 boundary=4] refills=352  NN_dec=2781/2970  fire: peak=426 final=415 supp=11 ext=31.1  105.9s
   Cmdr reward breakdown: r_extinguish=+172.000  r_water_waste=-5.867  r_water_near=+0.000  r_fire_out=+0.000  r_spread=-180.565
   Water drops: 891 total, 516 hit, 375 miss (58% accuracy)  alt=42m [14-80]  dist=44m [1-107]
   FW shaping: surv=+0.0 bound=+0.0 alt_pen=+0.0 approach=-132.0 alt_shape=+260.1  avg_dist_scout=366m
   [SCOUT DIAG] ratio: 1.0000+/-0.0000 [1.0000,1.0000] | adv: 0.0896+/-0.9477 | alive=30000/30000
   [CMDR  DIAG] ratio: 1.0089+/-0.1576 [0.5053,2.5350] | adv: 0.0888+/-0.8446 | alive=680/726 | bc_coef=0.000
11:32:11 | Batch 0743 (Ep 22286) | R:   -661.2 (  -932.4)  Scout_R:   -68.1  Cmdr_R:  -593.0  Scout:100% Cmdr:98%  scout:[survived=120] cmdr:[survived=87 boundary=3] refills=297  NN_dec=2884/2970  fire: peak=411 final=386 supp=24 ext=39.7  112.3s
   Cmdr reward breakdown: r_extinguish=+178.000  r_water_waste=-7.033  r_water_near=+0.000  r_fire_out=+0.000  r_spread=-178.930
   Water drops: 984 total, 534 hit, 450 miss (54% accuracy)  alt=43m [15-76]  dist=44m [1-112]
   FW shaping: surv=+0.0 bound=+0.0 alt_pen=+0.0 approach=-15.0 alt_shape=+316.0  avg_dist_scout=302m
   [SCOUT DIAG] ratio: 1.0000+/-0.0000 [1.0000,1.0000] | adv: 0.0761+/-0.7900 | alive=30000/30000
   [CMDR  DIAG] ratio: 1.0031+/-0.1924 [0.1086,3.1090] | adv: 0.0357+/-0.7511 | alive=686/726 | bc_coef=0.000
11:34:16 | Batch 0744 (Ep 22316) | R:  -1081.2 (  -871.2)  Scout_R:   -87.8  Cmdr_R:  -993.5  Scout:100% Cmdr:96%  scout:[survived=120] cmdr:[survived=85 boundary=5] refills=294  NN_dec=2779/2970  fire: peak=433 final=418 supp=15 ext=32.6  106.0s
   Cmdr reward breakdown: r_extinguish=+147.333  r_water_waste=-3.917  r_water_near=+0.000  r_fire_out=+5.000  r_spread=-180.020
   Water drops: 704 total, 442 hit, 262 miss (63% accuracy)  alt=45m [19-79]  dist=43m [2-114]
   FW shaping: surv=+0.0 bound=+0.0 alt_pen=+0.0 approach=-115.3 alt_shape=+266.4  avg_dist_scout=366m
   [SCOUT DIAG] ratio: 1.0000+/-0.0000 [1.0000,1.0000] | adv: -0.0775+/-1.0779 | alive=30000/30000
   [CMDR  DIAG] ratio: 1.0045+/-0.1030 [0.2812,1.6192] | adv: -0.0059+/-1.0459 | alive=669/726 | bc_coef=0.000
11:36:33 | Batch 0745 (Ep 22346) | R:   -602.8 (  -842.0)  Scout_R:   +46.7  Cmdr_R:  -649.5  Scout:100% Cmdr:96%  scout:[survived=120] cmdr:[survived=86 boundary=4] refills=382  NN_dec=2781/2970  fire: peak=431 final=408 supp=23 ext=37.0  108.2s
   Cmdr reward breakdown: r_extinguish=+163.667  r_water_waste=-5.383  r_water_near=+0.000  r_fire_out=+0.000  r_spread=-185.210
   Water drops: 842 total, 491 hit, 351 miss (58% accuracy)  alt=41m [11-79]  dist=44m [2-90]
   FW shaping: surv=+0.0 bound=+0.0 alt_pen=+0.0 approach=-71.2 alt_shape=+252.8  avg_dist_scout=349m
   [SCOUT DIAG] ratio: 1.0000+/-0.0000 [1.0000,1.0000] | adv: 0.0703+/-0.8798 | alive=30000/30000
   [CMDR  DIAG] ratio: 0.9970+/-0.0974 [0.4349,1.6701] | adv: -0.0008+/-1.1362 | alive=682/726 | bc_coef=0.000
11:38:50 | Batch 0746 (Ep 22376) | R:   -737.2 (  -670.0)  Scout_R:  -125.5  Cmdr_R:  -611.7  Scout:100% Cmdr:96%  scout:[survived=120] cmdr:[survived=86 boundary=4] refills=309  NN_dec=2813/2970  fire: peak=420 final=400 supp=19 ext=44.8  111.9s
   Cmdr reward breakdown: r_extinguish=+189.000  r_water_waste=-5.617  r_water_near=+0.000  r_fire_out=+0.000  r_spread=-182.345
   Water drops: 937 total, 567 hit, 370 miss (61% accuracy)  alt=44m [6-79]  dist=46m [2-120]
   FW shaping: surv=+0.0 bound=+0.0 alt_pen=+0.0 approach=-24.1 alt_shape=+298.7  avg_dist_scout=312m
   [SCOUT DIAG] ratio: 1.0000+/-0.0000 [1.0000,1.0000] | adv: -0.0448+/-0.9753 | alive=30000/30000
   [CMDR  DIAG] ratio: 1.0111+/-0.1212 [0.1699,1.7277] | adv: -0.0397+/-1.1351 | alive=667/726 | bc_coef=0.000
11:41:02 | Batch 0747 (Ep 22406) | R:   -797.6 (  -767.4)  Scout_R:   +57.2  Cmdr_R:  -854.8  Scout:100% Cmdr:95%  scout:[survived=120] cmdr:[survived=84 boundary=6] refills=306  NN_dec=2703/2970  fire: peak=517 final=499 supp=18 ext=28.1  112.5s
   Cmdr reward breakdown: r_extinguish=+116.000  r_water_waste=-4.117  r_water_near=+0.000  r_fire_out=+0.000  r_spread=-196.740
   Water drops: 617 total, 348 hit, 269 miss (56% accuracy)  alt=43m [10-77]  dist=47m [3-101]
   FW shaping: surv=+0.0 bound=+0.0 alt_pen=+0.0 approach=-79.3 alt_shape=+214.4  avg_dist_scout=375m
   [SCOUT DIAG] ratio: 1.0000+/-0.0000 [1.0000,1.0000] | adv: -0.0086+/-0.9877 | alive=30000/30000
   [CMDR  DIAG] ratio: 1.0075+/-0.1763 [0.3772,2.7687] | adv: -0.1115+/-1.0605 | alive=631/726 | bc_coef=0.000
11:43:11 | Batch 0748 (Ep 22436) | R:   -370.2 (  -583.9)  Scout_R:   -86.9  Cmdr_R:  -283.3  Scout:100% Cmdr:95%  scout:[survived=120] cmdr:[survived=84 boundary=6] refills=363  NN_dec=2726/2970  fire: peak=548 final=531 supp=17 ext=39.5  104.1s
   Cmdr reward breakdown: r_extinguish=+166.333  r_water_waste=-5.067  r_water_near=+0.000  r_fire_out=+0.000  r_spread=-219.655
   Water drops: 835 total, 499 hit, 336 miss (60% accuracy)  alt=44m [17-79]  dist=44m [2-101]
   FW shaping: surv=+0.0 bound=+0.0 alt_pen=+0.0 approach=-45.6 alt_shape=+303.5  avg_dist_scout=278m
   [SCOUT DIAG] ratio: 1.0000+/-0.0000 [1.0000,1.0000] | adv: 0.0602+/-0.9872 | alive=30000/30000
   [CMDR  DIAG] ratio: 1.0115+/-0.1812 [0.4349,2.9552] | adv: -0.0472+/-0.6357 | alive=641/726 | bc_coef=0.000
11:45:29 | Batch 0749 (Ep 22466) | R:   -514.6 (  -442.4)  Scout_R:   +88.5  Cmdr_R:  -603.1  Scout:100% Cmdr:98%  scout:[survived=120] cmdr:[survived=88 boundary=2] refills=289  NN_dec=2868/2970  fire: peak=355 final=332 supp=23 ext=30.8  113.0s
   Cmdr reward breakdown: r_extinguish=+156.000  r_water_waste=-5.683  r_water_near=+0.000  r_fire_out=+0.000  r_spread=-150.575
   Water drops: 835 total, 468 hit, 367 miss (56% accuracy)  alt=43m [10-80]  dist=46m [9-90]
   FW shaping: surv=+0.0 bound=+0.0 alt_pen=+0.0 approach=-71.5 alt_shape=+319.0  avg_dist_scout=342m
   [SCOUT DIAG] ratio: 1.0000+/-0.0000 [1.0000,1.0000] | adv: 0.0788+/-0.9888 | alive=30000/30000
   [CMDR  DIAG] ratio: 1.0050+/-0.1819 [0.0717,2.7034] | adv: 0.1885+/-0.3642 | alive=713/726 | bc_coef=0.000
11:47:45 | Batch 0750 (Ep 22496) | R:   -386.9 (  -450.8)  Scout_R:   +66.0  Cmdr_R:  -452.9  Scout:100% Cmdr:99%  scout:[survived=120] cmdr:[survived=89 boundary=1] refills=417  NN_dec=2822/2970  fire: peak=481 final=461 supp=20 ext=45.4  116.8s
   Cmdr reward breakdown: r_extinguish=+196.000  r_water_waste=-4.900  r_water_near=+0.000  r_fire_out=+0.000  r_spread=-211.340
   Water drops: 911 total, 588 hit, 323 miss (65% accuracy)  alt=45m [20-80]  dist=43m [4-103]
   FW shaping: surv=+0.0 bound=+0.0 alt_pen=+0.0 approach=-31.6 alt_shape=+310.7  avg_dist_scout=289m
   [SCOUT DIAG] ratio: 1.0000+/-0.0000 [1.0000,1.0000] | adv: 0.0087+/-1.0335 | alive=30000/30000
   [CMDR  DIAG] ratio: 0.9988+/-0.1536 [0.1018,2.2532] | adv: 0.1957+/-0.2534 | alive=675/726 | bc_coef=0.000
11:50:04 | Batch 0751 (Ep 22526) | R:   -494.3 (  -440.6)  Scout_R:  +170.7  Cmdr_R:  -665.0  Scout:100% Cmdr:98%  scout:[survived=120] cmdr:[survived=88 boundary=2] refills=411  NN_dec=2898/2970  fire: peak=382 final=367 supp=16 ext=43.0  104.7s
   Cmdr reward breakdown: r_extinguish=+180.000  r_water_waste=-5.433  r_water_near=+0.000  r_fire_out=+0.000  r_spread=-175.865
   Water drops: 896 total, 540 hit, 356 miss (60% accuracy)  alt=41m [14-78]  dist=44m [1-123]
   FW shaping: surv=+0.0 bound=+0.0 alt_pen=+0.0 approach=-32.2 alt_shape=+318.9  avg_dist_scout=310m
   [SCOUT DIAG] ratio: 1.0000+/-0.0000 [1.0000,1.0000] | adv: 0.0160+/-0.9774 | alive=30000/30000
   [CMDR  DIAG] ratio: 0.9993+/-0.1324 [0.2634,1.7462] | adv: -0.1576+/-1.1521 | alive=726/726 | bc_coef=0.000
11:52:16 | Batch 0752 (Ep 22556) | R:   -886.2 (  -690.2)  Scout_R:   +27.8  Cmdr_R:  -914.0  Scout:100% Cmdr:95%  scout:[survived=120] cmdr:[survived=84 boundary=6] refills=250  NN_dec=2745/2970  fire: peak=518 final=500 supp=18 ext=29.5  108.1s
   Cmdr reward breakdown: r_extinguish=+131.667  r_water_waste=-3.400  r_water_near=+0.000  r_fire_out=+0.000  r_spread=-204.750
   Water drops: 620 total, 395 hit, 225 miss (64% accuracy)  alt=44m [16-78]  dist=46m [3-119]
   FW shaping: surv=+0.0 bound=+0.0 alt_pen=+0.0 approach=-125.9 alt_shape=+228.0  avg_dist_scout=365m
   [SCOUT DIAG] ratio: 1.0000+/-0.0000 [1.0000,1.0000] | adv: 0.0481+/-1.0717 | alive=30000/30000
   [CMDR  DIAG] ratio: 1.0026+/-0.1241 [0.1663,1.7273] | adv: -0.0964+/-1.3046 | alive=686/726 | bc_coef=0.000
11:54:29 | Batch 0753 (Ep 22586) | R:   -927.7 (  -906.9)  Scout_R:   -19.9  Cmdr_R:  -907.8  Scout:100% Cmdr:94%  scout:[survived=120] cmdr:[survived=83 boundary=6 ground_crash=1] refills=359  NN_dec=2717/2970  fire: peak=412 final=394 supp=18 ext=43.4  105.9s
   Cmdr reward breakdown: r_extinguish=+187.667  r_water_waste=-4.817  r_water_near=+0.000  r_fire_out=+0.000  r_spread=-173.150
   Water drops: 876 total, 563 hit, 313 miss (64% accuracy)  alt=44m [15-76]  dist=43m [6-93]
   FW shaping: surv=+0.0 bound=+0.0 alt_pen=+0.0 approach=-106.9 alt_shape=+284.1  avg_dist_scout=356m
   [SCOUT DIAG] ratio: 1.0000+/-0.0000 [1.0000,1.0000] | adv: -0.0353+/-1.0117 | alive=30000/30000
   [CMDR  DIAG] ratio: 1.0054+/-0.1542 [0.1865,3.2743] | adv: 0.1514+/-0.6789 | alive=616/726 | bc_coef=0.000
11:56:35 | Batch 0754 (Ep 22616) | R:   -475.4 (  -701.5)  Scout_R:   -13.5  Cmdr_R:  -461.9  Scout:100% Cmdr:96%  scout:[survived=120] cmdr:[survived=86 boundary=4] refills=306  NN_dec=2837/2970  fire: peak=417 final=400 supp=17 ext=34.2  106.3s
   Cmdr reward breakdown: r_extinguish=+149.333  r_water_waste=-4.933  r_water_near=+0.000  r_fire_out=+0.000  r_spread=-175.595
   Water drops: 767 total, 448 hit, 319 miss (58% accuracy)  alt=40m [14-77]  dist=46m [3-96]
   FW shaping: surv=+0.0 bound=+0.0 alt_pen=+0.0 approach=-27.7 alt_shape=+332.5  avg_dist_scout=308m
   [SCOUT DIAG] ratio: 1.0000+/-0.0000 [1.0000,1.0000] | adv: 0.0130+/-1.1139 | alive=30000/30000
   [CMDR  DIAG] ratio: 1.0097+/-0.1296 [0.4500,2.0986] | adv: -0.4724+/-1.7270 | alive=686/726 | bc_coef=0.000
11:58:46 | Batch 0755 (Ep 22646) | R:   -488.8 (  -482.1)  Scout_R:   -13.4  Cmdr_R:  -475.5  Scout:99% Cmdr:96%  scout:[survived=119 ground_crash=1] cmdr:[survived=85 boundary=5] refills=246  NN_dec=2818/2970  fire: peak=459 final=451 supp=8 ext=30.1  103.1s
   Cmdr reward breakdown: r_extinguish=+138.333  r_water_waste=-6.167  r_water_near=+0.000  r_fire_out=+0.000  r_spread=-188.200
   Water drops: 815 total, 415 hit, 400 miss (51% accuracy)  alt=43m [17-79]  dist=46m [3-102]
   FW shaping: surv=+0.0 bound=+0.0 alt_pen=+0.0 approach=-62.9 alt_shape=+314.6  avg_dist_scout=294m
   [SCOUT DIAG] ratio: 1.0000+/-0.0000 [1.0000,1.0000] | adv: 0.0450+/-0.9101 | alive=30000/30000
   [CMDR  DIAG] ratio: 1.0103+/-0.1690 [0.1830,2.3775] | adv: -0.2619+/-1.4187 | alive=698/726 | bc_coef=0.000
12:01:07 | Batch 0756 (Ep 22676) | R:  -1161.0 (  -824.9)  Scout_R:   +43.8  Cmdr_R: -1204.8  Scout:100% Cmdr:95%  scout:[survived=120] cmdr:[survived=84 boundary=6] refills=374  NN_dec=2722/2970  fire: peak=397 final=374 supp=24 ext=31.4  118.5s
   Cmdr reward breakdown: r_extinguish=+136.667  r_water_waste=-4.150  r_water_near=+0.000  r_fire_out=+10.000  r_spread=-164.340
   Water drops: 684 total, 410 hit, 274 miss (60% accuracy)  alt=44m [16-80]  dist=42m [2-89]
   FW shaping: surv=+0.0 bound=+0.0 alt_pen=+0.0 approach=-146.6 alt_shape=+219.1  avg_dist_scout=390m
   [SCOUT DIAG] ratio: 1.0000+/-0.0000 [1.0000,1.0000] | adv: -0.1171+/-1.0276 | alive=30000/30000
   [CMDR  DIAG] ratio: 1.0103+/-0.1217 [0.2040,1.8197] | adv: 0.1002+/-0.9542 | alive=693/726 | bc_coef=0.000
12:03:17 | Batch 0757 (Ep 22706) | R:   -305.4 (  -733.2)  Scout_R:  +143.5  Cmdr_R:  -448.9  Scout:100% Cmdr:97%  scout:[survived=120] cmdr:[survived=87 boundary=3] refills=374  NN_dec=2797/2970  fire: peak=419 final=404 supp=16 ext=33.4  110.0s
   Cmdr reward breakdown: r_extinguish=+166.667  r_water_waste=-4.867  r_water_near=+0.000  r_fire_out=+0.000  r_spread=-184.790
   Water drops: 817 total, 500 hit, 317 miss (61% accuracy)  alt=41m [14-78]  dist=46m [4-128]
   FW shaping: surv=+0.0 bound=+0.0 alt_pen=+0.0 approach=-37.8 alt_shape=+337.1  avg_dist_scout=290m
   [SCOUT DIAG] ratio: 1.0000+/-0.0000 [1.0000,1.0000] | adv: -0.1787+/-1.2635 | alive=30000/30000
   [CMDR  DIAG] ratio: 0.9897+/-0.1646 [0.1765,1.8968] | adv: -0.2580+/-1.4718 | alive=697/726 | bc_coef=0.000
12:05:22 | Batch 0758 (Ep 22736) | R:   -666.7 (  -486.1)  Scout_R:   +22.3  Cmdr_R:  -689.0  Scout:100% Cmdr:98%  scout:[survived=120] cmdr:[survived=88 boundary=2] refills=351  NN_dec=2797/2970  fire: peak=448 final=433 supp=15 ext=38.1  103.3s
   Cmdr reward breakdown: r_extinguish=+161.667  r_water_waste=-3.933  r_water_near=+0.000  r_fire_out=+0.000  r_spread=-201.330
   Water drops: 745 total, 485 hit, 260 miss (65% accuracy)  alt=45m [13-80]  dist=44m [3-96]
   FW shaping: surv=+0.0 bound=+0.0 alt_pen=+0.0 approach=-65.1 alt_shape=+269.1  avg_dist_scout=321m
   [SCOUT DIAG] ratio: 1.0000+/-0.0000 [1.0000,1.0000] | adv: -0.1830+/-1.0796 | alive=30000/30000
   [CMDR  DIAG] ratio: 1.0034+/-0.1585 [0.3198,2.0497] | adv: -0.0996+/-1.1916 | alive=670/726 | bc_coef=0.000
12:07:34 | Batch 0759 (Ep 22766) | R:   -507.0 (  -586.9)  Scout_R:   -21.5  Cmdr_R:  -485.5  Scout:100% Cmdr:98%  scout:[survived=120] cmdr:[survived=88 boundary=2] refills=394  NN_dec=2855/2970  fire: peak=439 final=409 supp=30 ext=39.8  108.0s
   Cmdr reward breakdown: r_extinguish=+187.333  r_water_waste=-5.367  r_water_near=+0.000  r_fire_out=+0.000  r_spread=-193.200
   Water drops: 914 total, 562 hit, 352 miss (61% accuracy)  alt=41m [12-78]  dist=46m [3-127]
   FW shaping: surv=+0.0 bound=+0.0 alt_pen=+0.0 approach=-4.2 alt_shape=+302.4  avg_dist_scout=296m
   [SCOUT DIAG] ratio: 1.0000+/-0.0000 [1.0000,1.0000] | adv: -0.0726+/-1.0134 | alive=30000/30000
   [CMDR  DIAG] ratio: 0.9855+/-0.2690 [0.2014,5.7975] | adv: -0.1865+/-1.2883 | alive=701/726 | bc_coef=0.000
12:09:36 | Batch 0760 (Ep 22796) | R:  -1017.5 (  -762.3)  Scout_R:  +145.3  Cmdr_R: -1162.8  Scout:100% Cmdr:94%  scout:[survived=120] cmdr:[survived=83 boundary=7] refills=291  NN_dec=2679/2970  fire: peak=396 final=378 supp=17 ext=29.8  101.5s
   Cmdr reward breakdown: r_extinguish=+121.000  r_water_waste=-3.717  r_water_near=+0.000  r_fire_out=+0.000  r_spread=-158.495
   Water drops: 605 total, 363 hit, 242 miss (60% accuracy)  alt=43m [19-79]  dist=42m [2-95]
   FW shaping: surv=+0.0 bound=+0.0 alt_pen=+0.0 approach=-125.2 alt_shape=+216.1  avg_dist_scout=412m
   [SCOUT DIAG] ratio: 1.0000+/-0.0000 [1.0000,1.0000] | adv: 0.0566+/-0.9141 | alive=30000/30000
   [CMDR  DIAG] ratio: 0.9910+/-0.1591 [0.3755,2.1151] | adv: 0.0449+/-0.8957 | alive=640/726 | bc_coef=0.000
12:12:00 | Batch 0761 (Ep 22826) | R:   -773.0 (  -895.3)  Scout_R:    -9.7  Cmdr_R:  -763.3  Scout:100% Cmdr:94%  scout:[survived=120] cmdr:[survived=83 boundary=7] refills=362  NN_dec=2690/2970  fire: peak=472 final=456 supp=16 ext=28.1  103.5s
   Cmdr reward breakdown: r_extinguish=+130.667  r_water_waste=-6.350  r_water_near=+0.000  r_fire_out=+0.000  r_spread=-180.435
   Water drops: 808 total, 392 hit, 416 miss (49% accuracy)  alt=43m [19-80]  dist=47m [9-98]
   FW shaping: surv=+0.0 bound=+0.0 alt_pen=+0.0 approach=-86.3 alt_shape=+258.0  avg_dist_scout=325m
   [SCOUT DIAG] ratio: 1.0000+/-0.0000 [1.0000,1.0000] | adv: -0.2444+/-1.1425 | alive=30000/30000
   [CMDR  DIAG] ratio: 1.0089+/-0.1653 [0.1673,2.5856] | adv: -0.1556+/-1.3196 | alive=656/726 | bc_coef=0.000
12:14:18 | Batch 0762 (Ep 22856) | R:   -449.5 (  -611.3)  Scout_R:  +117.2  Cmdr_R:  -566.8  Scout:100% Cmdr:97%  scout:[survived=120] cmdr:[survived=86 boundary=4] refills=298  NN_dec=2832/2970  fire: peak=389 final=378 supp=11 ext=34.5  110.9s
   Cmdr reward breakdown: r_extinguish=+156.333  r_water_waste=-4.400  r_water_near=+0.000  r_fire_out=+0.000  r_spread=-160.625
   Water drops: 752 total, 469 hit, 283 miss (62% accuracy)  alt=43m [16-80]  dist=42m [1-93]
   FW shaping: surv=+0.0 bound=+0.0 alt_pen=+0.0 approach=-55.9 alt_shape=+300.0  avg_dist_scout=290m
   [SCOUT DIAG] ratio: 1.0000+/-0.0000 [1.0000,1.0000] | adv: -0.0663+/-1.1032 | alive=30000/30000
   [CMDR  DIAG] ratio: 1.0021+/-0.2040 [0.3960,4.7943] | adv: -0.4086+/-1.4620 | alive=651/726 | bc_coef=0.000
12:16:25 | Batch 0763 (Ep 22886) | R:  -1089.1 (  -769.3)  Scout_R:  -187.6  Cmdr_R:  -901.6  Scout:100% Cmdr:96%  scout:[survived=120] cmdr:[survived=84 boundary=6] refills=439  NN_dec=2720/2970  fire: peak=538 final=535 supp=3 ext=28.3  107.0s
   Cmdr reward breakdown: r_extinguish=+147.333  r_water_waste=-4.933  r_water_near=+0.000  r_fire_out=+0.000  r_spread=-221.850
   Water drops: 766 total, 442 hit, 324 miss (58% accuracy)  alt=41m [15-79]  dist=48m [1-117]
   FW shaping: surv=+0.0 bound=+0.0 alt_pen=+0.0 approach=-126.3 alt_shape=+259.7  avg_dist_scout=353m
   [SCOUT DIAG] ratio: 1.0000+/-0.0000 [1.0000,1.0000] | adv: -0.0207+/-0.9272 | alive=30000/30000
   [CMDR  DIAG] ratio: 1.0096+/-0.1885 [0.1673,3.9171] | adv: -0.1182+/-1.1656 | alive=726/726 | bc_coef=0.000
12:18:35 | Batch 0764 (Ep 22916) | R:   -674.3 (  -881.7)  Scout_R:  -141.8  Cmdr_R:  -532.4  Scout:100% Cmdr:99%  scout:[survived=120] cmdr:[survived=87 boundary=3] refills=308  NN_dec=2912/2970  fire: peak=471 final=452 supp=19 ext=33.3  104.3s
   Cmdr reward breakdown: r_extinguish=+163.000  r_water_waste=-5.033  r_water_near=+0.000  r_fire_out=+0.000  r_spread=-200.830
   Water drops: 819 total, 489 hit, 330 miss (60% accuracy)  alt=45m [14-80]  dist=45m [4-129]
   FW shaping: surv=+0.0 bound=+0.0 alt_pen=+0.0 approach=-8.6 alt_shape=+341.1  avg_dist_scout=306m
   [SCOUT DIAG] ratio: 1.0000+/-0.0000 [1.0000,1.0000] | adv: -0.0667+/-0.9990 | alive=30000/30000
   [CMDR  DIAG] ratio: 1.0190+/-0.1473 [0.0417,2.2161] | adv: 0.0040+/-1.0094 | alive=716/726 | bc_coef=0.000
12:20:47 | Batch 0765 (Ep 22946) | R:   -620.9 (  -647.6)  Scout_R:   +40.8  Cmdr_R:  -661.7  Scout:100% Cmdr:98%  scout:[survived=120] cmdr:[survived=87 boundary=2 ground_crash=1] refills=293  NN_dec=2867/2970  fire: peak=321 final=306 supp=15 ext=33.6  105.6s
   Cmdr reward breakdown: r_extinguish=+145.333  r_water_waste=-5.033  r_water_near=+0.000  r_fire_out=+0.000  r_spread=-139.630
   Water drops: 761 total, 436 hit, 325 miss (57% accuracy)  alt=42m [17-80]  dist=42m [1-93]
   FW shaping: surv=+0.0 bound=+0.0 alt_pen=+0.0 approach=-82.7 alt_shape=+284.4  avg_dist_scout=344m
   [SCOUT DIAG] ratio: 1.0000+/-0.0000 [1.0000,1.0000] | adv: 0.0357+/-0.9858 | alive=30000/30000
   [CMDR  DIAG] ratio: 1.0115+/-0.1241 [0.0833,2.2661] | adv: 0.0088+/-0.9708 | alive=702/726 | bc_coef=0.000
12:22:51 | Batch 0766 (Ep 22976) | R:   -883.9 (  -752.4)  Scout_R:   +79.2  Cmdr_R:  -963.1  Scout:100% Cmdr:97%  scout:[survived=120] cmdr:[survived=87 boundary=3] refills=411  NN_dec=2818/2970  fire: peak=496 final=481 supp=16 ext=37.2  103.8s
   Cmdr reward breakdown: r_extinguish=+159.000  r_water_waste=-5.300  r_water_near=+0.000  r_fire_out=+0.000  r_spread=-204.895
   Water drops: 824 total, 477 hit, 347 miss (58% accuracy)  alt=44m [12-79]  dist=48m [6-130]
   FW shaping: surv=+0.0 bound=+0.0 alt_pen=+0.0 approach=-78.4 alt_shape=+276.8  avg_dist_scout=355m
   [SCOUT DIAG] ratio: 1.0000+/-0.0000 [1.0000,1.0000] | adv: -0.0686+/-1.0333 | alive=30000/30000
   [CMDR  DIAG] ratio: 0.9951+/-0.1548 [0.3814,2.0412] | adv: -0.0683+/-1.2049 | alive=690/726 | bc_coef=0.000
12:25:06 | Batch 0767 (Ep 23006) | R:   -863.7 (  -873.8)  Scout_R:   +89.4  Cmdr_R:  -953.1  Scout:100% Cmdr:99%  scout:[survived=120] cmdr:[survived=89 boundary=1] refills=327  NN_dec=2853/2970  fire: peak=488 final=473 supp=15 ext=29.5  105.4s
   Cmdr reward breakdown: r_extinguish=+137.667  r_water_waste=-5.050  r_water_near=+0.000  r_fire_out=+0.000  r_spread=-208.145
   Water drops: 740 total, 413 hit, 327 miss (56% accuracy)  alt=44m [12-80]  dist=44m [5-84]
   FW shaping: surv=+0.0 bound=+0.0 alt_pen=+0.0 approach=-103.0 alt_shape=+239.2  avg_dist_scout=389m
   [SCOUT DIAG] ratio: 1.0000+/-0.0000 [1.0000,1.0000] | adv: -0.1131+/-1.1391 | alive=30000/30000
   [CMDR  DIAG] ratio: 1.0030+/-0.1428 [0.4235,2.4377] | adv: 0.0702+/-0.9867 | alive=698/726 | bc_coef=0.000
12:27:21 | Batch 0768 (Ep 23036) | R:   -566.3 (  -715.0)  Scout_R:   -20.3  Cmdr_R:  -546.0  Scout:100% Cmdr:96%  scout:[survived=120] cmdr:[survived=85 boundary=5] refills=379  NN_dec=2777/2970  fire: peak=447 final=435 supp=12 ext=38.7  115.0s
   Cmdr reward breakdown: r_extinguish=+184.333  r_water_waste=-6.867  r_water_near=+0.000  r_fire_out=+0.000  r_spread=-184.560
   Water drops: 993 total, 553 hit, 440 miss (56% accuracy)  alt=44m [21-79]  dist=47m [7-104]
   FW shaping: surv=+0.0 bound=+0.0 alt_pen=+0.0 approach=-60.4 alt_shape=+328.9  avg_dist_scout=303m
   [SCOUT DIAG] ratio: 1.0000+/-0.0000 [1.0000,1.0000] | adv: -0.0837+/-0.9887 | alive=30000/30000
   [CMDR  DIAG] ratio: 1.0079+/-0.2174 [0.0297,2.3599] | adv: 0.0242+/-1.0813 | alive=686/726 | bc_coef=0.000
12:29:25 | Batch 0769 (Ep 23066) | R:   -893.6 (  -729.9)  Scout_R:   +65.2  Cmdr_R:  -958.8  Scout:100% Cmdr:95%  scout:[survived=120] cmdr:[survived=84 boundary=6] refills=300  NN_dec=2730/2970  fire: peak=411 final=397 supp=14 ext=30.5  102.1s
   Cmdr reward breakdown: r_extinguish=+150.000  r_water_waste=-4.217  r_water_near=+0.000  r_fire_out=+0.000  r_spread=-167.920
   Water drops: 725 total, 450 hit, 275 miss (62% accuracy)  alt=43m [21-78]  dist=43m [4-110]
   FW shaping: surv=+0.0 bound=+0.0 alt_pen=+0.0 approach=-84.9 alt_shape=+236.8  avg_dist_scout=375m
   [SCOUT DIAG] ratio: 1.0000+/-0.0000 [1.0000,1.0000] | adv: -0.1897+/-1.1138 | alive=30000/30000
   [CMDR  DIAG] ratio: 1.0029+/-0.1800 [0.2490,2.6153] | adv: 0.0664+/-0.8452 | alive=626/726 | bc_coef=0.000
12:31:38 | Batch 0770 (Ep 23096) | R:  -1150.0 ( -1021.8)  Scout_R:    +9.4  Cmdr_R: -1159.5  Scout:100% Cmdr:100%  scout:[survived=120] cmdr:[survived=90] refills=457  NN_dec=2792/2970  fire: peak=357 final=334 supp=23 ext=35.8  105.7s
   Cmdr reward breakdown: r_extinguish=+180.667  r_water_waste=-4.817  r_water_near=+0.000  r_fire_out=+0.000  r_spread=-160.050
   Water drops: 857 total, 542 hit, 315 miss (63% accuracy)  alt=45m [21-80]  dist=43m [2-86]
   FW shaping: surv=+0.0 bound=+0.0 alt_pen=+0.0 approach=-57.6 alt_shape=+295.5  avg_dist_scout=336m
   [SCOUT DIAG] ratio: 1.0000+/-0.0000 [1.0000,1.0000] | adv: 0.0233+/-0.9165 | alive=30000/30000
   [CMDR  DIAG] ratio: 0.9975+/-0.1378 [0.2345,1.8258] | adv: -0.0501+/-1.0132 | alive=644/726 | bc_coef=0.000
12:34:04 | Batch 0771 (Ep 23126) | R:   -874.6 ( -1012.3)  Scout_R:  +158.0  Cmdr_R: -1032.6  Scout:100% Cmdr:97%  scout:[survived=120] cmdr:[survived=86 boundary=4] refills=341  NN_dec=2815/2970  fire: peak=494 final=478 supp=16 ext=38.1  110.2s
   Cmdr reward breakdown: r_extinguish=+164.333  r_water_waste=-5.750  r_water_near=+0.000  r_fire_out=+0.000  r_spread=-209.730
   Water drops: 862 total, 493 hit, 369 miss (57% accuracy)  alt=42m [20-79]  dist=46m [3-110]
   FW shaping: surv=+0.0 bound=+0.0 alt_pen=+0.0 approach=-74.8 alt_shape=+277.3  avg_dist_scout=334m
   [SCOUT DIAG] ratio: 1.0000+/-0.0000 [1.0000,1.0000] | adv: 0.0374+/-0.8791 | alive=30000/30000
   [CMDR  DIAG] ratio: 1.0177+/-0.1674 [0.2812,3.1571] | adv: -0.0639+/-1.1220 | alive=694/726 | bc_coef=0.000
12:36:15 | Batch 0772 (Ep 23156) | R:   -272.8 (  -573.7)  Scout_R:  +279.2  Cmdr_R:  -552.0  Scout:100% Cmdr:97%  scout:[survived=120] cmdr:[survived=87 boundary=3] refills=491  NN_dec=2741/2970  fire: peak=327 final=311 supp=17 ext=37.7  110.5s
   Cmdr reward breakdown: r_extinguish=+178.667  r_water_waste=-6.217  r_water_near=+0.000  r_fire_out=+0.000  r_spread=-141.775
   Water drops: 940 total, 536 hit, 404 miss (57% accuracy)  alt=43m [14-78]  dist=46m [6-96]
   FW shaping: surv=+0.0 bound=+0.0 alt_pen=+0.0 approach=-70.6 alt_shape=+300.3  avg_dist_scout=331m
   [SCOUT DIAG] ratio: 1.0000+/-0.0000 [1.0000,1.0000] | adv: 0.0353+/-0.8263 | alive=30000/30000
   [CMDR  DIAG] ratio: 1.0045+/-0.1554 [0.1957,2.1676] | adv: -0.1486+/-1.1718 | alive=670/726 | bc_coef=0.000
12:38:22 | Batch 0773 (Ep 23186) | R:   -817.6 (  -545.2)  Scout_R:  -144.5  Cmdr_R:  -673.1  Scout:100% Cmdr:97%  scout:[survived=120] cmdr:[survived=85 boundary=4 ground_crash=1] refills=289  NN_dec=2850/2970  fire: peak=344 final=334 supp=10 ext=33.7  99.2s
   Cmdr reward breakdown: r_extinguish=+137.667  r_water_waste=-4.350  r_water_near=+0.000  r_fire_out=+0.000  r_spread=-152.770
   Water drops: 699 total, 413 hit, 286 miss (59% accuracy)  alt=40m [17-79]  dist=41m [2-93]
   FW shaping: surv=+0.0 bound=+0.0 alt_pen=+0.0 approach=-76.9 alt_shape=+242.8  avg_dist_scout=357m
   [SCOUT DIAG] ratio: 1.0000+/-0.0000 [1.0000,1.0000] | adv: -0.1866+/-1.1281 | alive=30000/30000
   [CMDR  DIAG] ratio: 1.0059+/-0.1494 [0.1798,2.0384] | adv: 0.1057+/-0.7212 | alive=721/726 | bc_coef=0.000
12:40:30 | Batch 0774 (Ep 23216) | R:   -718.0 (  -767.8)  Scout_R:  -163.4  Cmdr_R:  -554.5  Scout:100% Cmdr:95%  scout:[survived=120] cmdr:[survived=85 boundary=5] refills=300  NN_dec=2777/2970  fire: peak=468 final=449 supp=18 ext=33.6  106.5s
   Cmdr reward breakdown: r_extinguish=+157.333  r_water_waste=-3.767  r_water_near=+0.000  r_fire_out=+5.000  r_spread=-197.785
   Water drops: 718 total, 472 hit, 246 miss (66% accuracy)  alt=46m [17-80]  dist=44m [3-115]
   FW shaping: surv=+0.0 bound=+0.0 alt_pen=+0.0 approach=-44.1 alt_shape=+335.0  avg_dist_scout=289m
   [SCOUT DIAG] ratio: 1.0000+/-0.0000 [1.0000,1.0000] | adv: -0.1682+/-1.0484 | alive=30000/30000
   [CMDR  DIAG] ratio: 1.0101+/-0.1857 [0.2594,3.7431] | adv: 0.2945+/-0.2082 | alive=658/726 | bc_coef=0.000
12:42:39 | Batch 0775 (Ep 23246) | R:   -767.3 (  -742.6)  Scout_R:   +78.8  Cmdr_R:  -846.1  Scout:100% Cmdr:100%  scout:[survived=120] cmdr:[survived=90] refills=292  NN_dec=2912/2970  fire: peak=472 final=447 supp=25 ext=38.0  105.1s
   Cmdr reward breakdown: r_extinguish=+161.667  r_water_waste=-4.050  r_water_near=+0.000  r_fire_out=+0.000  r_spread=-206.595
   Water drops: 746 total, 485 hit, 261 miss (65% accuracy)  alt=43m [24-80]  dist=44m [1-109]
   FW shaping: surv=+0.0 bound=+0.0 alt_pen=+0.0 approach=-68.0 alt_shape=+297.3  avg_dist_scout=350m
   [SCOUT DIAG] ratio: 1.0000+/-0.0000 [1.0000,1.0000] | adv: 0.0107+/-0.9605 | alive=30000/30000
   [CMDR  DIAG] ratio: 1.0077+/-0.1977 [0.3647,4.1512] | adv: 0.0665+/-0.9279 | alive=709/726 | bc_coef=0.000
12:44:54 | Batch 0776 (Ep 23276) | R:   -553.6 (  -660.4)  Scout_R:  +196.4  Cmdr_R:  -750.0  Scout:100% Cmdr:96%  scout:[survived=120] cmdr:[survived=86 boundary=4] refills=379  NN_dec=2795/2970  fire: peak=392 final=374 supp=18 ext=30.6  106.1s
   Cmdr reward breakdown: r_extinguish=+153.333  r_water_waste=-5.567  r_water_near=+0.000  r_fire_out=+5.000  r_spread=-168.695
   Water drops: 825 total, 460 hit, 365 miss (56% accuracy)  alt=42m [18-78]  dist=46m [10-103]
   FW shaping: surv=+0.0 bound=+0.0 alt_pen=+0.0 approach=-75.6 alt_shape=+280.2  avg_dist_scout=334m
   [SCOUT DIAG] ratio: 1.0000+/-0.0000 [1.0000,1.0000] | adv: 0.0298+/-0.9150 | alive=30000/30000
   [CMDR  DIAG] ratio: 1.0108+/-0.1525 [0.0625,2.3841] | adv: 0.1835+/-0.8240 | alive=676/726 | bc_coef=0.000
12:46:57 | Batch 0777 (Ep 23306) | R:   -506.8 (  -530.2)  Scout_R:   +73.2  Cmdr_R:  -580.0  Scout:100% Cmdr:96%  scout:[survived=120] cmdr:[survived=86 boundary=4] refills=448  NN_dec=2736/2970  fire: peak=386 final=360 supp=26 ext=38.9  103.6s
   Cmdr reward breakdown: r_extinguish=+178.667  r_water_waste=-5.417  r_water_near=+0.000  r_fire_out=+0.000  r_spread=-167.495
   Water drops: 885 total, 536 hit, 349 miss (61% accuracy)  alt=46m [16-79]  dist=45m [4-126]
   FW shaping: surv=+0.0 bound=+0.0 alt_pen=+0.0 approach=-45.6 alt_shape=+291.6  avg_dist_scout=333m
   [SCOUT DIAG] ratio: 1.0000+/-0.0000 [1.0000,1.0000] | adv: 0.0751+/-0.9564 | alive=30000/30000
   [CMDR  DIAG] ratio: 1.0183+/-0.2562 [0.2949,6.1092] | adv: -0.0259+/-1.0458 | alive=671/726 | bc_coef=0.000
12:49:10 | Batch 0778 (Ep 23336) | R:   -499.3 (  -503.1)  Scout_R:   +86.0  Cmdr_R:  -585.3  Scout:100% Cmdr:99%  scout:[survived=120] cmdr:[survived=89 boundary=1] refills=374  NN_dec=2869/2970  fire: peak=412 final=388 supp=24 ext=37.4  105.1s
   Cmdr reward breakdown: r_extinguish=+186.333  r_water_waste=-3.383  r_water_near=+0.000  r_fire_out=+5.000  r_spread=-184.675
   Water drops: 779 total, 559 hit, 220 miss (72% accuracy)  alt=45m [21-80]  dist=43m [4-83]
   FW shaping: surv=+0.0 bound=+0.0 alt_pen=+0.0 approach=-34.6 alt_shape=+311.8  avg_dist_scout=313m
   [SCOUT DIAG] ratio: 1.0000+/-0.0000 [1.0000,1.0000] | adv: -0.1088+/-1.1599 | alive=30000/30000
   [CMDR  DIAG] ratio: 1.0065+/-0.1412 [0.3599,2.0817] | adv: -0.0123+/-0.9849 | alive=684/726 | bc_coef=0.000
12:51:03 | Batch 0779 (Ep 23366) | R:   -906.8 (  -703.0)  Scout_R:    -9.4  Cmdr_R:  -897.4  Scout:100% Cmdr:95%  scout:[survived=120] cmdr:[survived=85 boundary=5] refills=230  NN_dec=2792/2970  fire: peak=479 final=466 supp=14 ext=33.3  90.1s
   Cmdr reward breakdown: r_extinguish=+135.667  r_water_waste=-4.000  r_water_near=+0.000  r_fire_out=+5.000  r_spread=-197.415
   Water drops: 666 total, 407 hit, 259 miss (61% accuracy)  alt=47m [5-80]  dist=40m [2-86]
   FW shaping: surv=+0.0 bound=+0.0 alt_pen=+0.0 approach=-102.0 alt_shape=+267.2  avg_dist_scout=332m
   [SCOUT DIAG] ratio: 1.0000+/-0.0000 [1.0000,1.0000] | adv: -0.0097+/-0.8829 | alive=30000/30000
   [CMDR  DIAG] ratio: 1.0053+/-0.1631 [0.1543,2.3113] | adv: 0.1006+/-0.8741 | alive=661/726 | bc_coef=0.000
12:53:07 | Batch 0780 (Ep 23396) | R:   -642.2 (  -774.5)  Scout_R:   -37.5  Cmdr_R:  -604.7  Scout:100% Cmdr:100%  scout:[survived=120] cmdr:[survived=90] refills=420  NN_dec=2896/2970  fire: peak=418 final=396 supp=23 ext=43.9  105.6s
   Cmdr reward breakdown: r_extinguish=+185.000  r_water_waste=-5.833  r_water_near=+0.000  r_fire_out=+0.000  r_spread=-191.325
   Water drops: 942 total, 555 hit, 387 miss (59% accuracy)  alt=45m [21-79]  dist=45m [0-96]
   FW shaping: surv=+0.0 bound=+0.0 alt_pen=+0.0 approach=+3.7 alt_shape=+293.5  avg_dist_scout=344m
   [SCOUT DIAG] ratio: 1.0000+/-0.0000 [1.0000,1.0000] | adv: -0.0455+/-1.0984 | alive=30000/30000
   [CMDR  DIAG] ratio: 1.0206+/-0.1815 [0.4590,2.5593] | adv: 0.2761+/-0.1697 | alive=704/726 | bc_coef=0.000
12:55:37 | Batch 0781 (Ep 23426) | R:   -649.2 (  -645.7)  Scout_R:   +19.0  Cmdr_R:  -668.2  Scout:100% Cmdr:99%  scout:[survived=120] cmdr:[survived=89 boundary=1] refills=416  NN_dec=2848/2970  fire: peak=401 final=375 supp=26 ext=38.8  108.8s
   Cmdr reward breakdown: r_extinguish=+187.000  r_water_waste=-4.550  r_water_near=+0.000  r_fire_out=+0.000  r_spread=-177.885
   Water drops: 858 total, 561 hit, 297 miss (65% accuracy)  alt=43m [22-80]  dist=44m [1-94]
   FW shaping: surv=+0.0 bound=+0.0 alt_pen=+0.0 approach=-15.2 alt_shape=+303.9  avg_dist_scout=325m
   [SCOUT DIAG] ratio: 1.0000+/-0.0000 [1.0000,1.0000] | adv: -0.0814+/-1.2138 | alive=30000/30000
   [CMDR  DIAG] ratio: 1.0189+/-0.2050 [0.1211,4.6106] | adv: 0.2902+/-0.2001 | alive=693/726 | bc_coef=0.000
12:57:55 | Batch 0782 (Ep 23456) | R:   -592.5 (  -620.9)  Scout_R:   +62.6  Cmdr_R:  -655.1  Scout:100% Cmdr:96%  scout:[survived=120] cmdr:[survived=86 boundary=4] refills=347  NN_dec=2764/2970  fire: peak=402 final=380 supp=22 ext=34.0  110.5s
   Cmdr reward breakdown: r_extinguish=+157.333  r_water_waste=-5.067  r_water_near=+0.000  r_fire_out=+0.000  r_spread=-168.105
   Water drops: 801 total, 472 hit, 329 miss (59% accuracy)  alt=42m [19-78]  dist=44m [12-91]
   FW shaping: surv=+0.0 bound=+0.0 alt_pen=+0.0 approach=-51.6 alt_shape=+279.6  avg_dist_scout=325m
   [SCOUT DIAG] ratio: 1.0000+/-0.0000 [1.0000,1.0000] | adv: -0.0040+/-1.0255 | alive=30000/30000
   [CMDR  DIAG] ratio: 1.0079+/-0.1399 [0.4633,2.0022] | adv: 0.0186+/-0.7494 | alive=656/726 | bc_coef=0.000
13:00:06 | Batch 0783 (Ep 23486) | R:   -826.8 (  -709.6)  Scout_R:   -16.1  Cmdr_R:  -810.7  Scout:100% Cmdr:96%  scout:[survived=120] cmdr:[survived=85 boundary=5] refills=312  NN_dec=2795/2970  fire: peak=494 final=464 supp=30 ext=36.0  111.7s
   Cmdr reward breakdown: r_extinguish=+155.333  r_water_waste=-4.550  r_water_near=+0.000  r_fire_out=+0.000  r_spread=-198.830
   Water drops: 759 total, 466 hit, 293 miss (61% accuracy)  alt=43m [16-80]  dist=44m [1-93]
   FW shaping: surv=+0.0 bound=+0.0 alt_pen=+0.0 approach=-75.9 alt_shape=+280.3  avg_dist_scout=331m
   [SCOUT DIAG] ratio: 1.0000+/-0.0000 [1.0000,1.0000] | adv: -0.1258+/-1.0092 | alive=30000/30000
   [CMDR  DIAG] ratio: 1.0056+/-0.1744 [0.3224,2.3971] | adv: 0.0495+/-0.7447 | alive=673/726 | bc_coef=0.000
13:02:22 | Batch 0784 (Ep 23516) | R:   -781.4 (  -804.1)  Scout_R:  -142.0  Cmdr_R:  -639.4  Scout:100% Cmdr:98%  scout:[survived=120] cmdr:[survived=88 boundary=2] refills=242  NN_dec=2859/2970  fire: peak=387 final=370 supp=17 ext=26.5  107.6s
   Cmdr reward breakdown: r_extinguish=+118.667  r_water_waste=-3.633  r_water_near=+0.000  r_fire_out=+0.000  r_spread=-160.500
   Water drops: 589 total, 356 hit, 233 miss (60% accuracy)  alt=44m [14-79]  dist=46m [1-88]
   FW shaping: surv=+0.0 bound=+0.0 alt_pen=+0.0 approach=-67.7 alt_shape=+269.8  avg_dist_scout=354m
   [SCOUT DIAG] ratio: 1.0000+/-0.0000 [1.0000,1.0000] | adv: -0.0732+/-1.0471 | alive=30000/30000
   [CMDR  DIAG] ratio: 1.0033+/-0.1231 [0.3602,1.5740] | adv: 0.0766+/-1.0485 | alive=722/726 | bc_coef=0.000
13:04:44 | Batch 0785 (Ep 23546) | R:   -727.9 (  -754.7)  Scout_R:   +76.4  Cmdr_R:  -804.3  Scout:100% Cmdr:98%  scout:[survived=120] cmdr:[survived=88 boundary=2] refills=360  NN_dec=2799/2970  fire: peak=530 final=513 supp=18 ext=32.5  112.4s
   Cmdr reward breakdown: r_extinguish=+145.667  r_water_waste=-4.783  r_water_near=+0.000  r_fire_out=+5.000  r_spread=-215.910
   Water drops: 748 total, 437 hit, 311 miss (58% accuracy)  alt=44m [11-80]  dist=45m [5-104]
   FW shaping: surv=+0.0 bound=+0.0 alt_pen=+0.0 approach=-88.5 alt_shape=+275.0  avg_dist_scout=325m
   [SCOUT DIAG] ratio: 1.0000+/-0.0000 [1.0000,1.0000] | adv: 0.1124+/-0.8367 | alive=30000/30000
   [CMDR  DIAG] ratio: 1.0090+/-0.1474 [0.1602,1.8541] | adv: 0.0304+/-0.7381 | alive=693/726 | bc_coef=0.000
13:06:54 | Batch 0786 (Ep 23576) | R:   -181.9 (  -454.9)  Scout_R:   +94.9  Cmdr_R:  -276.9  Scout:100% Cmdr:96%  scout:[survived=120] cmdr:[survived=86 boundary=4] refills=411  NN_dec=2785/2970  fire: peak=440 final=425 supp=15 ext=44.4  110.2s
   Cmdr reward breakdown: r_extinguish=+192.000  r_water_waste=-6.967  r_water_near=+0.000  r_fire_out=+0.000  r_spread=-191.200
   Water drops: 1031 total, 576 hit, 455 miss (56% accuracy)  alt=45m [16-80]  dist=48m [1-112]
   FW shaping: surv=+0.0 bound=+0.0 alt_pen=+0.0 approach=-68.1 alt_shape=+327.4  avg_dist_scout=292m
   [SCOUT DIAG] ratio: 1.0000+/-0.0000 [1.0000,1.0000] | adv: -0.2143+/-1.1814 | alive=30000/30000
   [CMDR  DIAG] ratio: 0.9967+/-0.1390 [0.0160,2.1194] | adv: -0.2480+/-1.5269 | alive=691/726 | bc_coef=0.000
13:09:04 | Batch 0787 (Ep 23606) | R:   -685.2 (  -433.5)  Scout_R:  +114.4  Cmdr_R:  -799.5  Scout:100% Cmdr:98%  scout:[survived=120] cmdr:[survived=88 boundary=2] refills=295  NN_dec=2849/2970  fire: peak=419 final=390 supp=30 ext=37.8  102.4s
   Cmdr reward breakdown: r_extinguish=+176.333  r_water_waste=-5.633  r_water_near=+0.000  r_fire_out=+5.000  r_spread=-186.055
   Water drops: 895 total, 529 hit, 366 miss (59% accuracy)  alt=47m [17-79]  dist=45m [5-125]
   FW shaping: surv=+0.0 bound=+0.0 alt_pen=+0.0 approach=-56.5 alt_shape=+348.2  avg_dist_scout=331m
   [SCOUT DIAG] ratio: 1.0000+/-0.0000 [1.0000,1.0000] | adv: -0.0491+/-1.0238 | alive=30000/30000
   [CMDR  DIAG] ratio: 1.0234+/-0.2705 [0.3315,6.6015] | adv: 0.1610+/-0.4536 | alive=697/726 | bc_coef=0.000
13:11:22 | Batch 0788 (Ep 23636) | R:   -830.2 (  -757.7)  Scout_R:   -22.8  Cmdr_R:  -807.4  Scout:100% Cmdr:95%  scout:[survived=120] cmdr:[survived=84 boundary=6] refills=454  NN_dec=2680/2970  fire: peak=387 final=371 supp=16 ext=33.4  107.8s
   Cmdr reward breakdown: r_extinguish=+163.333  r_water_waste=-5.333  r_water_near=+0.000  r_fire_out=+0.000  r_spread=-164.820
   Water drops: 845 total, 490 hit, 355 miss (58% accuracy)  alt=43m [14-79]  dist=43m [3-96]
   FW shaping: surv=+0.0 bound=+0.0 alt_pen=+0.0 approach=-109.2 alt_shape=+282.8  avg_dist_scout=358m
   [SCOUT DIAG] ratio: 1.0000+/-0.0000 [1.0000,1.0000] | adv: 0.1474+/-0.8890 | alive=30000/30000
   [CMDR  DIAG] ratio: 1.0123+/-0.1913 [0.2822,3.5636] | adv: 0.0253+/-0.9831 | alive=705/726 | bc_coef=0.000
13:13:32 | Batch 0789 (Ep 23666) | R:   -802.3 (  -816.3)  Scout_R:   +27.9  Cmdr_R:  -830.2  Scout:100% Cmdr:98%  scout:[survived=120] cmdr:[survived=87 boundary=3] refills=290  NN_dec=2842/2970  fire: peak=383 final=357 supp=26 ext=35.0  109.5s
   Cmdr reward breakdown: r_extinguish=+153.667  r_water_waste=-5.200  r_water_near=+0.000  r_fire_out=+0.000  r_spread=-161.850
   Water drops: 798 total, 461 hit, 337 miss (58% accuracy)  alt=45m [18-79]  dist=45m [4-94]
   FW shaping: surv=+0.0 bound=+0.0 alt_pen=+0.0 approach=-75.0 alt_shape=+326.4  avg_dist_scout=310m
   [SCOUT DIAG] ratio: 1.0000+/-0.0000 [1.0000,1.0000] | adv: 0.0434+/-0.9370 | alive=30000/30000
   [CMDR  DIAG] ratio: 1.0139+/-0.2064 [0.0343,2.7045] | adv: 0.1631+/-0.6190 | alive=674/726 | bc_coef=0.000
13:15:38 | Batch 0790 (Ep 23696) | R:   -635.0 (  -718.7)  Scout_R:   -95.6  Cmdr_R:  -539.4  Scout:100% Cmdr:99%  scout:[survived=120] cmdr:[survived=89 boundary=1] refills=367  NN_dec=2868/2970  fire: peak=353 final=321 supp=32 ext=41.4  103.5s
   Cmdr reward breakdown: r_extinguish=+186.667  r_water_waste=-5.283  r_water_near=+0.000  r_fire_out=+0.000  r_spread=-163.485
   Water drops: 903 total, 560 hit, 343 miss (62% accuracy)  alt=45m [16-80]  dist=45m [1-102]
   FW shaping: surv=+0.0 bound=+0.0 alt_pen=+0.0 approach=-51.0 alt_shape=+328.6  avg_dist_scout=326m
   [SCOUT DIAG] ratio: 1.0000+/-0.0000 [1.0000,1.0000] | adv: -0.1085+/-1.0519 | alive=30000/30000
   [CMDR  DIAG] ratio: 1.0106+/-0.1602 [0.5095,2.4709] | adv: 0.1524+/-0.6023 | alive=713/726 | bc_coef=0.000
13:18:12 | Batch 0791 (Ep 23726) | R:   -715.5 (  -675.2)  Scout_R:   -78.1  Cmdr_R:  -637.4  Scout:100% Cmdr:94%  scout:[survived=120] cmdr:[survived=83 boundary=7] refills=380  NN_dec=2708/2970  fire: peak=414 final=396 supp=18 ext=32.1  112.4s
   Cmdr reward breakdown: r_extinguish=+149.667  r_water_waste=-6.450  r_water_near=+0.000  r_fire_out=+5.000  r_spread=-161.865
   Water drops: 868 total, 449 hit, 419 miss (52% accuracy)  alt=42m [15-79]  dist=45m [6-121]
   FW shaping: surv=+0.0 bound=+0.0 alt_pen=+0.0 approach=-34.1 alt_shape=+311.2  avg_dist_scout=312m
   [SCOUT DIAG] ratio: 1.0000+/-0.0000 [1.0000,1.0000] | adv: 0.1040+/-0.8611 | alive=30000/30000
   [CMDR  DIAG] ratio: 1.0012+/-0.1722 [0.1874,2.7816] | adv: -0.4704+/-1.6321 | alive=663/726 | bc_coef=0.000
13:20:18 | Batch 0792 (Ep 23756) | R:  -1396.9 ( -1056.2)  Scout_R:  -111.2  Cmdr_R: -1285.7  Scout:100% Cmdr:97%  scout:[survived=120] cmdr:[survived=86 boundary=3 ground_crash=1] refills=271  NN_dec=2823/2970  fire: peak=336 final=317 supp=19 ext=30.6  105.6s
   Cmdr reward breakdown: r_extinguish=+123.333  r_water_waste=-3.683  r_water_near=+0.000  r_fire_out=+0.000  r_spread=-140.850
   Water drops: 610 total, 370 hit, 240 miss (61% accuracy)  alt=44m [15-78]  dist=41m [2-85]
   FW shaping: surv=+0.0 bound=+0.0 alt_pen=+0.0 approach=-95.4 alt_shape=+256.1  avg_dist_scout=394m
   [SCOUT DIAG] ratio: 1.0000+/-0.0000 [1.0000,1.0000] | adv: -0.0103+/-1.0154 | alive=30000/30000
   [CMDR  DIAG] ratio: 1.0106+/-0.1650 [0.1572,2.2744] | adv: 0.2083+/-0.6204 | alive=691/726 | bc_coef=0.000
13:22:35 | Batch 0793 (Ep 23786) | R:   -488.2 (  -942.6)  Scout_R:  +115.6  Cmdr_R:  -603.8  Scout:100% Cmdr:98%  scout:[survived=120] cmdr:[survived=87 boundary=3] refills=460  NN_dec=2844/2970  fire: peak=333 final=317 supp=16 ext=40.3  112.2s
   Cmdr reward breakdown: r_extinguish=+194.667  r_water_waste=-6.800  r_water_near=+0.000  r_fire_out=+0.000  r_spread=-146.095
   Water drops: 1027 total, 584 hit, 443 miss (57% accuracy)  alt=42m [11-80]  dist=45m [2-105]
   FW shaping: surv=+0.0 bound=+0.0 alt_pen=+0.0 approach=-31.5 alt_shape=+316.3  avg_dist_scout=306m
   [SCOUT DIAG] ratio: 1.0000+/-0.0000 [1.0000,1.0000] | adv: -0.0250+/-1.1476 | alive=30000/30000
   [CMDR  DIAG] ratio: 1.0023+/-0.2149 [0.1474,3.1622] | adv: -0.0195+/-1.0309 | alive=687/726 | bc_coef=0.000
13:24:56 | Batch 0794 (Ep 23816) | R:   -467.8 (  -478.0)  Scout_R:  +114.3  Cmdr_R:  -582.1  Scout:100% Cmdr:98%  scout:[survived=120] cmdr:[survived=88 boundary=2] refills=288  NN_dec=2830/2970  fire: peak=415 final=402 supp=13 ext=28.6  110.8s
   Cmdr reward breakdown: r_extinguish=+132.000  r_water_waste=-4.567  r_water_near=+0.000  r_fire_out=+5.000  r_spread=-175.410
   Water drops: 684 total, 396 hit, 288 miss (58% accuracy)  alt=45m [18-79]  dist=45m [2-122]
   FW shaping: surv=+0.0 bound=+0.0 alt_pen=+0.0 approach=-51.1 alt_shape=+316.4  avg_dist_scout=284m
   [SCOUT DIAG] ratio: 1.0000+/-0.0000 [1.0000,1.0000] | adv: 0.0705+/-0.9688 | alive=30000/30000
   [CMDR  DIAG] ratio: 1.0199+/-0.1588 [0.1533,2.2444] | adv: 0.1922+/-0.6812 | alive=689/726 | bc_coef=0.000
13:27:08 | Batch 0795 (Ep 23846) | R:   -374.6 (  -421.2)  Scout_R:   +99.1  Cmdr_R:  -473.7  Scout:100% Cmdr:98%  scout:[survived=120] cmdr:[survived=88 boundary=2] refills=347  NN_dec=2864/2970  fire: peak=405 final=388 supp=18 ext=49.3  112.2s
   Cmdr reward breakdown: r_extinguish=+213.667  r_water_waste=-5.567  r_water_near=+0.000  r_fire_out=+0.000  r_spread=-190.180
   Water drops: 1001 total, 641 hit, 360 miss (64% accuracy)  alt=44m [11-80]  dist=46m [4-107]
   FW shaping: surv=+0.0 bound=+0.0 alt_pen=+0.0 approach=+10.3 alt_shape=+336.6  avg_dist_scout=304m
   [SCOUT DIAG] ratio: 1.0000+/-0.0000 [1.0000,1.0000] | adv: -0.1493+/-1.1074 | alive=30000/30000
   [CMDR  DIAG] ratio: 1.0034+/-0.1382 [0.1507,2.2078] | adv: -0.2329+/-1.1431 | alive=689/726 | bc_coef=0.000
13:29:18 | Batch 0796 (Ep 23876) | R:   -769.9 (  -572.2)  Scout_R:    -3.9  Cmdr_R:  -766.0  Scout:100% Cmdr:96%  scout:[survived=120] cmdr:[survived=85 boundary=5] refills=371  NN_dec=2744/2970  fire: peak=478 final=469 supp=9 ext=32.6  108.3s
   Cmdr reward breakdown: r_extinguish=+152.000  r_water_waste=-5.633  r_water_near=+0.000  r_fire_out=+0.000  r_spread=-192.200
   Water drops: 825 total, 456 hit, 369 miss (55% accuracy)  alt=41m [18-79]  dist=42m [5-89]
   FW shaping: surv=+0.0 bound=+0.0 alt_pen=+0.0 approach=-48.3 alt_shape=+261.4  avg_dist_scout=357m
   [SCOUT DIAG] ratio: 1.0000+/-0.0000 [1.0000,1.0000] | adv: -0.1117+/-1.0981 | alive=30000/30000
   [CMDR  DIAG] ratio: 1.0065+/-0.1195 [0.4004,1.6728] | adv: 0.0256+/-0.8629 | alive=644/726 | bc_coef=0.000
13:31:44 | Batch 0797 (Ep 23906) | R:   -530.8 (  -650.3)  Scout_R:    -5.5  Cmdr_R:  -525.2  Scout:100% Cmdr:98%  scout:[survived=120] cmdr:[survived=88 boundary=2] refills=413  NN_dec=2790/2970  fire: peak=369 final=349 supp=20 ext=34.3  110.4s
   Cmdr reward breakdown: r_extinguish=+158.333  r_water_waste=-5.017  r_water_near=+0.000  r_fire_out=+0.000  r_spread=-159.840
   Water drops: 803 total, 475 hit, 328 miss (59% accuracy)  alt=42m [20-77]  dist=44m [2-88]
   FW shaping: surv=+0.0 bound=+0.0 alt_pen=+0.0 approach=-69.7 alt_shape=+307.6  avg_dist_scout=316m
   [SCOUT DIAG] ratio: 1.0000+/-0.0000 [1.0000,1.0000] | adv: -0.1762+/-1.0329 | alive=30000/30000
   [CMDR  DIAG] ratio: 1.0053+/-0.1432 [0.3067,1.7260] | adv: -0.1426+/-1.1758 | alive=663/726 | bc_coef=0.000
13:34:00 | Batch 0798 (Ep 23936) | R:   -599.9 (  -565.3)  Scout_R:   +16.8  Cmdr_R:  -616.7  Scout:100% Cmdr:95%  scout:[survived=120] cmdr:[survived=83 boundary=7] refills=295  NN_dec=2738/2970  fire: peak=364 final=348 supp=16 ext=28.8  115.6s
   Cmdr reward breakdown: r_extinguish=+129.000  r_water_waste=-5.000  r_water_near=+0.000  r_fire_out=+0.000  r_spread=-143.885
   Water drops: 706 total, 387 hit, 319 miss (55% accuracy)  alt=44m [7-80]  dist=47m [1-97]
   FW shaping: surv=+0.0 bound=+0.0 alt_pen=+0.0 approach=-48.6 alt_shape=+288.5  avg_dist_scout=323m
   [SCOUT DIAG] ratio: 1.0000+/-0.0000 [1.0000,1.0000] | adv: -0.1898+/-1.2354 | alive=30000/30000
   [CMDR  DIAG] ratio: 1.0063+/-0.1516 [0.4113,2.0385] | adv: -0.3612+/-1.5624 | alive=724/726 | bc_coef=0.000
13:36:02 | Batch 0799 (Ep 23966) | R:   -446.1 (  -523.0)  Scout_R:   -15.3  Cmdr_R:  -430.9  Scout:100% Cmdr:96%  scout:[survived=120] cmdr:[survived=86 boundary=4] refills=433  NN_dec=2727/2970  fire: peak=399 final=372 supp=26 ext=43.5  100.0s
   Cmdr reward breakdown: r_extinguish=+186.667  r_water_waste=-6.883  r_water_near=+0.000  r_fire_out=+0.000  r_spread=-170.935
   Water drops: 1004 total, 560 hit, 444 miss (56% accuracy)  alt=43m [14-78]  dist=46m [1-104]
   FW shaping: surv=+0.0 bound=+0.0 alt_pen=+0.0 approach=-35.7 alt_shape=+336.1  avg_dist_scout=293m
   [SCOUT DIAG] ratio: 1.0000+/-0.0000 [1.0000,1.0000] | adv: 0.0798+/-0.8958 | alive=30000/30000
   [CMDR  DIAG] ratio: 1.0095+/-0.1475 [0.3395,2.0262] | adv: -0.1790+/-1.3780 | alive=693/726 | bc_coef=0.000
13:37:33 | Batch 0800 (Ep 23996) | R:   -301.9 (  -374.0)  Scout_R:  +142.4  Cmdr_R:  -444.3  Scout:100% Cmdr:98%  scout:[survived=120] cmdr:[survived=88 boundary=2] refills=283  NN_dec=2866/2970  fire: peak=330 final=313 supp=17 ext=42.1  73.1s
   Cmdr reward breakdown: r_extinguish=+187.333  r_water_waste=-5.617  r_water_near=+0.000  r_fire_out=+5.000  r_spread=-148.820
   Water drops: 926 total, 562 hit, 364 miss (61% accuracy)  alt=43m [13-80]  dist=45m [3-111]
   FW shaping: surv=+0.0 bound=+0.0 alt_pen=+0.0 approach=-40.6 alt_shape=+352.0  avg_dist_scout=287m
   [SCOUT DIAG] ratio: 1.0000+/-0.0000 [1.0000,1.0000] | adv: -0.1582+/-1.1375 | alive=30000/30000
   [CMDR  DIAG] ratio: 1.0022+/-0.1685 [0.3276,2.6546] | adv: 0.0608+/-0.5856 | alive=671/726 | bc_coef=0.000
13:39:47 | Batch 0801 (Ep 24026) | R:   -722.1 (  -512.0)  Scout_R:   -68.1  Cmdr_R:  -654.0  Scout:100% Cmdr:97%  scout:[survived=120] cmdr:[survived=86 boundary=4] refills=555  NN_dec=2751/2970  fire: peak=316 final=307 supp=9 ext=36.8  106.0s
   Cmdr reward breakdown: r_extinguish=+169.333  r_water_waste=-7.933  r_water_near=+0.000  r_fire_out=+0.000  r_spread=-137.325
   Water drops: 1026 total, 508 hit, 518 miss (50% accuracy)  alt=42m [15-80]  dist=46m [6-90]
   FW shaping: surv=+0.0 bound=+0.0 alt_pen=+0.0 approach=-48.5 alt_shape=+342.6  avg_dist_scout=291m
   [SCOUT DIAG] ratio: 1.0000+/-0.0000 [1.0000,1.0000] | adv: 0.1776+/-0.7741 | alive=30000/30000
   [CMDR  DIAG] ratio: 1.0125+/-0.1623 [0.3912,2.7271] | adv: -0.0028+/-1.1648 | alive=711/726 | bc_coef=0.000
13:41:55 | Batch 0802 (Ep 24056) | R:   -729.9 (  -726.0)  Scout_R:   -84.9  Cmdr_R:  -645.0  Scout:100% Cmdr:98%  scout:[survived=120] cmdr:[survived=88 boundary=2] refills=446  NN_dec=2782/2970  fire: peak=462 final=444 supp=18 ext=31.0  105.6s
   Cmdr reward breakdown: r_extinguish=+151.333  r_water_waste=-6.633  r_water_near=+0.000  r_fire_out=+0.000  r_spread=-192.950
   Water drops: 886 total, 454 hit, 432 miss (51% accuracy)  alt=44m [18-77]  dist=46m [1-119]
   FW shaping: surv=+0.0 bound=+0.0 alt_pen=+0.0 approach=-44.4 alt_shape=+320.5  avg_dist_scout=297m
   [SCOUT DIAG] ratio: 1.0000+/-0.0000 [1.0000,1.0000] | adv: 0.1099+/-0.9105 | alive=30000/30000
   [CMDR  DIAG] ratio: 1.0167+/-0.1788 [0.1542,2.5049] | adv: 0.1372+/-0.7971 | alive=698/726 | bc_coef=0.000
13:44:02 | Batch 0803 (Ep 24086) | R:   -773.3 (  -751.6)  Scout_R:    -5.4  Cmdr_R:  -767.9  Scout:100% Cmdr:95%  scout:[survived=120] cmdr:[survived=83 boundary=7] refills=372  NN_dec=2749/2970  fire: peak=415 final=385 supp=30 ext=41.3  98.8s
   Cmdr reward breakdown: r_extinguish=+187.000  r_water_waste=-5.733  r_water_near=+0.000  r_fire_out=+0.000  r_spread=-167.855
   Water drops: 937 total, 561 hit, 376 miss (60% accuracy)  alt=44m [13-79]  dist=44m [7-91]
   FW shaping: surv=+0.0 bound=+0.0 alt_pen=+0.0 approach=-48.5 alt_shape=+316.3  avg_dist_scout=324m
   [SCOUT DIAG] ratio: 1.0000+/-0.0000 [1.0000,1.0000] | adv: -0.0536+/-1.0940 | alive=30000/30000
   [CMDR  DIAG] ratio: 1.0164+/-0.2350 [0.2392,5.8400] | adv: -0.1891+/-1.1078 | alive=678/726 | bc_coef=0.000
13:46:20 | Batch 0804 (Ep 24116) | R:   -987.1 (  -880.2)  Scout_R:   -25.2  Cmdr_R:  -961.9  Scout:100% Cmdr:99%  scout:[survived=120] cmdr:[survived=89 boundary=1] refills=381  NN_dec=2818/2970  fire: peak=412 final=391 supp=21 ext=37.8  108.0s
   Cmdr reward breakdown: r_extinguish=+171.667  r_water_waste=-4.850  r_water_near=+0.000  r_fire_out=+0.000  r_spread=-182.000
   Water drops: 836 total, 515 hit, 321 miss (62% accuracy)  alt=45m [25-80]  dist=42m [2-108]
   FW shaping: surv=+0.0 bound=+0.0 alt_pen=+0.0 approach=-68.9 alt_shape=+279.7  avg_dist_scout=339m
   [SCOUT DIAG] ratio: 1.0000+/-0.0000 [1.0000,1.0000] | adv: 0.1083+/-0.8918 | alive=30000/30000
   [CMDR  DIAG] ratio: 1.0050+/-0.1024 [0.2322,1.5282] | adv: -0.0288+/-1.0362 | alive=663/726 | bc_coef=0.000
13:48:32 | Batch 0805 (Ep 24146) | R:   -594.1 (  -790.6)  Scout_R:   -53.2  Cmdr_R:  -540.9  Scout:100% Cmdr:96%  scout:[survived=120] cmdr:[survived=85 boundary=5] refills=284  NN_dec=2813/2970  fire: peak=416 final=386 supp=29 ext=34.2  112.4s
   Cmdr reward breakdown: r_extinguish=+150.333  r_water_waste=-5.567  r_water_near=+0.000  r_fire_out=+0.000  r_spread=-172.575
   Water drops: 811 total, 451 hit, 360 miss (56% accuracy)  alt=42m [12-77]  dist=45m [1-94]
   FW shaping: surv=+0.0 bound=+0.0 alt_pen=+0.0 approach=-11.5 alt_shape=+331.1  avg_dist_scout=306m
   [SCOUT DIAG] ratio: 1.0000+/-0.0000 [1.0000,1.0000] | adv: 0.1628+/-0.7901 | alive=30000/30000
   [CMDR  DIAG] ratio: 1.0213+/-0.1611 [0.1980,2.5115] | adv: 0.3284+/-0.1946 | alive=726/726 | bc_coef=0.000
13:50:46 | Batch 0806 (Ep 24176) | R:  -1192.1 (  -893.1)  Scout_R:  -141.4  Cmdr_R: -1050.7  Scout:100% Cmdr:94%  scout:[survived=120] cmdr:[survived=84 boundary=6] refills=308  NN_dec=2762/2970  fire: peak=449 final=418 supp=30 ext=37.6  107.3s
   Cmdr reward breakdown: r_extinguish=+168.333  r_water_waste=-5.067  r_water_near=+0.000  r_fire_out=+5.000  r_spread=-180.405
   Water drops: 835 total, 505 hit, 330 miss (60% accuracy)  alt=45m [17-80]  dist=44m [1-107]
   FW shaping: surv=+0.0 bound=+0.0 alt_pen=+0.0 approach=-92.2 alt_shape=+296.2  avg_dist_scout=344m
   [SCOUT DIAG] ratio: 1.0000+/-0.0000 [1.0000,1.0000] | adv: -0.0325+/-1.1127 | alive=30000/30000
   [CMDR  DIAG] ratio: 1.0158+/-0.1636 [0.1675,2.5446] | adv: 0.1204+/-0.7956 | alive=698/726 | bc_coef=0.000
13:53:09 | Batch 0807 (Ep 24206) | R:   -379.9 (  -786.0)  Scout_R:  -113.2  Cmdr_R:  -266.6  Scout:100% Cmdr:98%  scout:[survived=120] cmdr:[survived=88 boundary=2] refills=429  NN_dec=2786/2970  fire: peak=395 final=376 supp=19 ext=39.5  110.7s
   Cmdr reward breakdown: r_extinguish=+186.000  r_water_waste=-7.683  r_water_near=+0.000  r_fire_out=+0.000  r_spread=-175.770
   Water drops: 1047 total, 558 hit, 489 miss (53% accuracy)  alt=43m [14-78]  dist=43m [3-92]
   FW shaping: surv=+0.0 bound=+0.0 alt_pen=+0.0 approach=-33.1 alt_shape=+352.8  avg_dist_scout=279m
   [SCOUT DIAG] ratio: 1.0000+/-0.0000 [1.0000,1.0000] | adv: 0.0714+/-1.1537 | alive=30000/30000
   [CMDR  DIAG] ratio: 1.0099+/-0.1425 [0.4882,2.2982] | adv: 0.0671+/-0.5474 | alive=674/726 | bc_coef=0.000
13:55:21 | Batch 0808 (Ep 24236) | R:    -96.7 (  -238.3)  Scout_R:  +212.5  Cmdr_R:  -309.1  Scout:100% Cmdr:99%  scout:[survived=120] cmdr:[survived=89 boundary=1] refills=334  NN_dec=2911/2970  fire: peak=295 final=272 supp=23 ext=44.6  111.9s
   Cmdr reward breakdown: r_extinguish=+204.000  r_water_waste=-6.300  r_water_near=+0.000  r_fire_out=+0.000  r_spread=-137.495
   Water drops: 1023 total, 612 hit, 411 miss (60% accuracy)  alt=46m [19-79]  dist=43m [3-105]
   FW shaping: surv=+0.0 bound=+0.0 alt_pen=+0.0 approach=-10.4 alt_shape=+383.0  avg_dist_scout=257m
   [SCOUT DIAG] ratio: 1.0000+/-0.0000 [1.0000,1.0000] | adv: -0.0984+/-1.1429 | alive=30000/30000
   [CMDR  DIAG] ratio: 0.9926+/-0.1404 [0.2381,2.1045] | adv: -0.3585+/-1.4855 | alive=719/726 | bc_coef=0.000
13:57:37 | Batch 0809 (Ep 24266) | R:   -650.4 (  -373.5)  Scout_R:  +100.8  Cmdr_R:  -751.2  Scout:100% Cmdr:98%  scout:[survived=120] cmdr:[survived=88 boundary=2] refills=418  NN_dec=2759/2970  fire: peak=406 final=396 supp=9 ext=37.5  110.7s
   Cmdr reward breakdown: r_extinguish=+184.000  r_water_waste=-5.317  r_water_near=+0.000  r_fire_out=+0.000  r_spread=-179.705
   Water drops: 898 total, 552 hit, 346 miss (61% accuracy)  alt=43m [15-80]  dist=45m [2-94]
   FW shaping: surv=+0.0 bound=+0.0 alt_pen=+0.0 approach=-69.3 alt_shape=+312.1  avg_dist_scout=318m
   [SCOUT DIAG] ratio: 1.0000+/-0.0000 [1.0000,1.0000] | adv: 0.0719+/-0.9124 | alive=30000/30000
   [CMDR  DIAG] ratio: 1.0155+/-0.1836 [0.1243,2.9681] | adv: -0.2359+/-1.3820 | alive=688/726 | bc_coef=0.000
13:59:56 | Batch 0810 (Ep 24296) | R:   -531.4 (  -590.9)  Scout_R:   -34.9  Cmdr_R:  -496.6  Scout:100% Cmdr:97%  scout:[survived=120] cmdr:[survived=86 boundary=4] refills=445  NN_dec=2703/2970  fire: peak=432 final=416 supp=16 ext=38.2  110.0s
   Cmdr reward breakdown: r_extinguish=+170.333  r_water_waste=-4.100  r_water_near=+0.000  r_fire_out=+5.000  r_spread=-185.900
   Water drops: 780 total, 511 hit, 269 miss (66% accuracy)  alt=46m [21-79]  dist=43m [4-99]
   FW shaping: surv=+0.0 bound=+0.0 alt_pen=+0.0 approach=-63.1 alt_shape=+279.0  avg_dist_scout=332m
   [SCOUT DIAG] ratio: 1.0000+/-0.0000 [1.0000,1.0000] | adv: 0.0228+/-1.0198 | alive=30000/30000
   [CMDR  DIAG] ratio: 0.9964+/-0.2150 [0.1093,3.4787] | adv: -0.0767+/-1.1576 | alive=665/726 | bc_coef=0.000
14:02:14 | Batch 0811 (Ep 24326) | R:   -829.8 (  -680.6)  Scout_R:  -174.2  Cmdr_R:  -655.7  Scout:100% Cmdr:98%  scout:[survived=120] cmdr:[survived=87 boundary=3] refills=316  NN_dec=2839/2970  fire: peak=318 final=294 supp=24 ext=27.9  103.2s
   Cmdr reward breakdown: r_extinguish=+138.000  r_water_waste=-5.517  r_water_near=+0.000  r_fire_out=+5.000  r_spread=-139.395
   Water drops: 772 total, 414 hit, 358 miss (54% accuracy)  alt=43m [15-80]  dist=50m [7-143]
   FW shaping: surv=+0.0 bound=+0.0 alt_pen=+0.0 approach=-45.7 alt_shape=+351.8  avg_dist_scout=297m
   [SCOUT DIAG] ratio: 1.0000+/-0.0000 [1.0000,1.0000] | adv: -0.1195+/-1.0932 | alive=30000/30000
   [CMDR  DIAG] ratio: 1.0061+/-0.2129 [0.3016,3.4555] | adv: -0.0105+/-1.0249 | alive=704/726 | bc_coef=0.000
14:04:33 | Batch 0812 (Ep 24356) | R:  -1032.5 (  -931.2)  Scout_R:  -194.0  Cmdr_R:  -838.5  Scout:100% Cmdr:98%  scout:[survived=120] cmdr:[survived=88 boundary=2] refills=361  NN_dec=2790/2970  fire: peak=394 final=373 supp=20 ext=24.5  108.1s
   Cmdr reward breakdown: r_extinguish=+119.333  r_water_waste=-5.050  r_water_near=+0.000  r_fire_out=+0.000  r_spread=-158.660
   Water drops: 686 total, 358 hit, 328 miss (52% accuracy)  alt=43m [17-75]  dist=43m [3-100]
   FW shaping: surv=+0.0 bound=+0.0 alt_pen=+0.0 approach=-65.3 alt_shape=+218.8  avg_dist_scout=399m
   [SCOUT DIAG] ratio: 1.0000+/-0.0000 [1.0000,1.0000] | adv: 0.0413+/-1.0000 | alive=30000/30000
   [CMDR  DIAG] ratio: 1.0049+/-0.1637 [0.1918,2.8100] | adv: 0.1854+/-0.5760 | alive=703/726 | bc_coef=0.000
14:06:50 | Batch 0813 (Ep 24386) | R:   -438.7 (  -735.6)  Scout_R:  +162.6  Cmdr_R:  -601.3  Scout:100% Cmdr:97%  scout:[survived=120] cmdr:[survived=87 boundary=3] refills=386  NN_dec=2782/2970  fire: peak=368 final=354 supp=15 ext=32.6  110.2s
   Cmdr reward breakdown: r_extinguish=+168.000  r_water_waste=-5.883  r_water_near=+0.000  r_fire_out=+0.000  r_spread=-163.510
   Water drops: 894 total, 504 hit, 390 miss (56% accuracy)  alt=44m [12-79]  dist=43m [11-83]
   FW shaping: surv=+0.0 bound=+0.0 alt_pen=+0.0 approach=-46.7 alt_shape=+362.8  avg_dist_scout=289m
   [SCOUT DIAG] ratio: 1.0000+/-0.0000 [1.0000,1.0000] | adv: 0.0908+/-0.8763 | alive=30000/30000
   [CMDR  DIAG] ratio: 1.0123+/-0.1559 [0.0416,2.9821] | adv: 0.0868+/-0.8718 | alive=698/726 | bc_coef=0.000
14:09:08 | Batch 0814 (Ep 24416) | R:  -1135.5 (  -787.1)  Scout_R:  -109.2  Cmdr_R: -1026.3  Scout:100% Cmdr:98%  scout:[survived=120] cmdr:[survived=88 boundary=2] refills=257  NN_dec=2864/2970  fire: peak=456 final=445 supp=10 ext=23.7  117.6s
   Cmdr reward breakdown: r_extinguish=+115.333  r_water_waste=-4.317  r_water_near=+0.000  r_fire_out=+0.000  r_spread=-187.625
   Water drops: 626 total, 346 hit, 280 miss (55% accuracy)  alt=48m [11-80]  dist=47m [6-107]
   FW shaping: surv=+0.0 bound=+0.0 alt_pen=+0.0 approach=-88.9 alt_shape=+259.4  avg_dist_scout=352m
   [SCOUT DIAG] ratio: 1.0000+/-0.0000 [1.0000,1.0000] | adv: -0.0745+/-1.1018 | alive=30000/30000
   [CMDR  DIAG] ratio: 1.0045+/-0.1566 [0.3020,2.0625] | adv: 0.0188+/-0.9810 | alive=692/726 | bc_coef=0.000
14:11:17 | Batch 0815 (Ep 24446) | R:   -965.6 ( -1050.5)  Scout_R:  -246.9  Cmdr_R:  -718.8  Scout:100% Cmdr:96%  scout:[survived=120] cmdr:[survived=85 boundary=5] refills=368  NN_dec=2728/2970  fire: peak=457 final=442 supp=15 ext=27.2  98.8s
   Cmdr reward breakdown: r_extinguish=+132.000  r_water_waste=-5.733  r_water_near=+0.000  r_fire_out=+0.000  r_spread=-180.590
   Water drops: 774 total, 396 hit, 378 miss (51% accuracy)  alt=40m [16-80]  dist=45m [4-117]
   FW shaping: surv=+0.0 bound=+0.0 alt_pen=+0.0 approach=-112.8 alt_shape=+278.2  avg_dist_scout=315m
   [SCOUT DIAG] ratio: 1.0000+/-0.0000 [1.0000,1.0000] | adv: -0.1169+/-1.1046 | alive=30000/30000
   [CMDR  DIAG] ratio: 1.0083+/-0.1088 [0.4631,1.5299] | adv: 0.1091+/-0.8221 | alive=691/726 | bc_coef=0.000
14:13:32 | Batch 0816 (Ep 24476) | R:   -938.6 (  -952.1)  Scout_R:  -131.3  Cmdr_R:  -807.3  Scout:100% Cmdr:93%  scout:[survived=120] cmdr:[survived=82 boundary=8] refills=222  NN_dec=2747/2970  fire: peak=463 final=453 supp=11 ext=29.7  108.1s
   Cmdr reward breakdown: r_extinguish=+125.000  r_water_waste=-3.733  r_water_near=+0.000  r_fire_out=+0.000  r_spread=-178.170
   Water drops: 616 total, 375 hit, 241 miss (61% accuracy)  alt=45m [21-80]  dist=43m [4-109]
   FW shaping: surv=+0.0 bound=+0.0 alt_pen=+0.0 approach=-98.2 alt_shape=+249.2  avg_dist_scout=339m
   [SCOUT DIAG] ratio: 1.0000+/-0.0000 [1.0000,1.0000] | adv: 0.1281+/-0.8301 | alive=30000/30000
   [CMDR  DIAG] ratio: 1.0106+/-0.1492 [0.4623,2.1222] | adv: 0.1108+/-0.8295 | alive=697/726 | bc_coef=0.000
14:15:43 | Batch 0817 (Ep 24506) | R:   -527.6 (  -733.1)  Scout_R:   +13.6  Cmdr_R:  -541.2  Scout:100% Cmdr:96%  scout:[survived=120] cmdr:[survived=85 boundary=5] refills=393  NN_dec=2758/2970  fire: peak=426 final=398 supp=28 ext=40.6  107.9s
   Cmdr reward breakdown: r_extinguish=+189.000  r_water_waste=-5.950  r_water_near=+0.000  r_fire_out=+0.000  r_spread=-177.395
   Water drops: 955 total, 567 hit, 388 miss (59% accuracy)  alt=42m [7-79]  dist=44m [2-94]
   FW shaping: surv=+0.0 bound=+0.0 alt_pen=+0.0 approach=-71.1 alt_shape=+320.2  avg_dist_scout=298m
   [SCOUT DIAG] ratio: 1.0000+/-0.0000 [1.0000,1.0000] | adv: -0.0191+/-1.0802 | alive=30000/30000
   [CMDR  DIAG] ratio: 1.0112+/-0.1470 [0.4838,2.4143] | adv: -0.0946+/-0.9355 | alive=674/726 | bc_coef=0.000
14:17:51 | Batch 0818 (Ep 24536) | R:   -186.6 (  -357.1)  Scout_R:  +104.9  Cmdr_R:  -291.6  Scout:100% Cmdr:95%  scout:[survived=120] cmdr:[survived=85 boundary=5] refills=455  NN_dec=2725/2970  fire: peak=408 final=388 supp=21 ext=35.2  105.4s
   Cmdr reward breakdown: r_extinguish=+159.667  r_water_waste=-6.100  r_water_near=+0.000  r_fire_out=+5.000  r_spread=-171.765
   Water drops: 876 total, 479 hit, 397 miss (55% accuracy)  alt=43m [14-79]  dist=47m [8-104]
   FW shaping: surv=+0.0 bound=+0.0 alt_pen=+0.0 approach=+0.4 alt_shape=+301.5  avg_dist_scout=296m
   [SCOUT DIAG] ratio: 1.0000+/-0.0000 [1.0000,1.0000] | adv: -0.0220+/-0.9869 | alive=30000/30000
   [CMDR  DIAG] ratio: 0.9974+/-0.1484 [0.4642,2.3447] | adv: 0.1275+/-0.3407 | alive=684/726 | bc_coef=0.000
14:20:05 | Batch 0819 (Ep 24566) | R:   -567.9 (  -377.3)  Scout_R:   +61.0  Cmdr_R:  -628.9  Scout:100% Cmdr:99%  scout:[survived=120] cmdr:[survived=88 boundary=2] refills=344  NN_dec=2893/2970  fire: peak=526 final=512 supp=13 ext=34.9  105.7s
   Cmdr reward breakdown: r_extinguish=+191.000  r_water_waste=-5.633  r_water_near=+0.000  r_fire_out=+0.000  r_spread=-227.305
   Water drops: 943 total, 573 hit, 370 miss (61% accuracy)  alt=44m [13-80]  dist=48m [3-100]
   FW shaping: surv=+0.0 bound=+0.0 alt_pen=+0.0 approach=-14.9 alt_shape=+326.8  avg_dist_scout=302m
   [SCOUT DIAG] ratio: 1.0000+/-0.0000 [1.0000,1.0000] | adv: -0.0900+/-1.0863 | alive=30000/30000
   [CMDR  DIAG] ratio: 1.0107+/-0.1430 [0.3495,1.8602] | adv: -0.0730+/-0.9992 | alive=712/726 | bc_coef=0.000
14:22:17 | Batch 0820 (Ep 24596) | R:   -962.2 (  -765.1)  Scout_R:    +3.5  Cmdr_R:  -965.8  Scout:100% Cmdr:91%  scout:[survived=120] cmdr:[survived=79 boundary=11] refills=388  NN_dec=2596/2970  fire: peak=419 final=403 supp=16 ext=34.3  100.6s
   Cmdr reward breakdown: r_extinguish=+149.000  r_water_waste=-3.950  r_water_near=+0.000  r_fire_out=+0.000  r_spread=-150.420
   Water drops: 710 total, 447 hit, 263 miss (63% accuracy)  alt=47m [19-79]  dist=42m [2-104]
   FW shaping: surv=+0.0 bound=+0.0 alt_pen=+0.0 approach=-116.8 alt_shape=+247.6  avg_dist_scout=368m
   [SCOUT DIAG] ratio: 1.0000+/-0.0000 [1.0000,1.0000] | adv: -0.0271+/-0.9742 | alive=30000/30000
   [CMDR  DIAG] ratio: 1.0101+/-0.1559 [0.1929,2.7240] | adv: -0.0047+/-0.9076 | alive=601/726 | bc_coef=0.000
14:24:47 | Batch 0821 (Ep 24626) | R:  -1173.4 ( -1067.8)  Scout_R:  -162.1  Cmdr_R: -1011.3  Scout:100% Cmdr:94%  scout:[survived=120] cmdr:[survived=84 boundary=6] refills=404  NN_dec=2709/2970  fire: peak=455 final=444 supp=11 ext=25.4  109.4s
   Cmdr reward breakdown: r_extinguish=+124.667  r_water_waste=-6.200  r_water_near=+0.000  r_fire_out=+0.000  r_spread=-180.415
   Water drops: 771 total, 374 hit, 397 miss (49% accuracy)  alt=42m [17-80]  dist=47m [6-99]
   FW shaping: surv=+0.0 bound=+0.0 alt_pen=+0.0 approach=-72.9 alt_shape=+259.5  avg_dist_scout=356m
   [SCOUT DIAG] ratio: 1.0000+/-0.0000 [1.0000,1.0000] | adv: -0.0303+/-0.9647 | alive=30000/30000
   [CMDR  DIAG] ratio: 0.9977+/-0.1273 [0.4735,1.6589] | adv: -0.0078+/-0.9829 | alive=604/726 | bc_coef=0.000
14:26:58 | Batch 0822 (Ep 24656) | R:  -1117.2 ( -1145.3)  Scout_R:  -136.8  Cmdr_R:  -980.4  Scout:100% Cmdr:97%  scout:[survived=120] cmdr:[survived=87 boundary=3] refills=263  NN_dec=2817/2970  fire: peak=396 final=381 supp=15 ext=30.6  104.6s
   Cmdr reward breakdown: r_extinguish=+140.333  r_water_waste=-4.833  r_water_near=+0.000  r_fire_out=+0.000  r_spread=-166.520
   Water drops: 731 total, 421 hit, 310 miss (58% accuracy)  alt=43m [15-80]  dist=46m [2-98]
   FW shaping: surv=+0.0 bound=+0.0 alt_pen=+0.0 approach=-90.9 alt_shape=+256.1  avg_dist_scout=364m
   [SCOUT DIAG] ratio: 1.0000+/-0.0000 [1.0000,1.0000] | adv: -0.0554+/-1.0359 | alive=30000/30000
   [CMDR  DIAG] ratio: 1.0058+/-0.1384 [0.4081,1.9367] | adv: 0.0754+/-0.7234 | alive=665/726 | bc_coef=0.000
14:29:05 | Batch 0823 (Ep 24686) | R:   -760.2 (  -938.7)  Scout_R:   -81.3  Cmdr_R:  -678.9  Scout:100% Cmdr:94%  scout:[survived=120] cmdr:[survived=84 boundary=6] refills=373  NN_dec=2707/2970  fire: peak=415 final=394 supp=21 ext=33.3  99.3s
   Cmdr reward breakdown: r_extinguish=+160.000  r_water_waste=-4.033  r_water_near=+0.000  r_fire_out=+0.000  r_spread=-167.910
   Water drops: 744 total, 480 hit, 264 miss (65% accuracy)  alt=43m [21-77]  dist=41m [1-82]
   FW shaping: surv=+0.0 bound=+0.0 alt_pen=+0.0 approach=-65.8 alt_shape=+249.8  avg_dist_scout=348m
   [SCOUT DIAG] ratio: 1.0000+/-0.0000 [1.0000,1.0000] | adv: -0.0500+/-1.1090 | alive=30000/30000
   [CMDR  DIAG] ratio: 1.0017+/-0.1456 [0.3934,2.6098] | adv: -0.2174+/-1.3206 | alive=680/726 | bc_coef=0.000
14:31:12 | Batch 0824 (Ep 24716) | R:   -604.6 (  -682.4)  Scout_R:   -54.2  Cmdr_R:  -550.3  Scout:100% Cmdr:95%  scout:[survived=120] cmdr:[survived=85 boundary=5] refills=397  NN_dec=2731/2970  fire: peak=458 final=443 supp=15 ext=39.2  96.1s
   Cmdr reward breakdown: r_extinguish=+176.667  r_water_waste=-6.350  r_water_near=+0.000  r_fire_out=+3.333  r_spread=-194.900
   Water drops: 942 total, 530 hit, 412 miss (56% accuracy)  alt=44m [16-79]  dist=47m [3-121]
   FW shaping: surv=+0.0 bound=+0.0 alt_pen=+0.0 approach=-69.8 alt_shape=+321.3  avg_dist_scout=301m
   [SCOUT DIAG] ratio: 1.0000+/-0.0000 [1.0000,1.0000] | adv: 0.2361+/-0.6577 | alive=30000/30000
   [CMDR  DIAG] ratio: 1.0074+/-0.1101 [0.4585,1.7949] | adv: 0.1964+/-0.4831 | alive=691/726 | bc_coef=0.000
14:33:18 | Batch 0825 (Ep 24746) | R:  -1197.8 (  -901.2)  Scout_R:   +51.8  Cmdr_R: -1249.6  Scout:100% Cmdr:99%  scout:[survived=120] cmdr:[survived=89 boundary=1] refills=228  NN_dec=2918/2970  fire: peak=348 final=333 supp=14 ext=28.4  95.3s
   Cmdr reward breakdown: r_extinguish=+137.000  r_water_waste=-4.150  r_water_near=+0.000  r_fire_out=+0.000  r_spread=-151.225
   Water drops: 686 total, 411 hit, 275 miss (60% accuracy)  alt=45m [18-75]  dist=45m [5-99]
   FW shaping: surv=+0.0 bound=+0.0 alt_pen=+0.0 approach=-67.5 alt_shape=+293.8  avg_dist_scout=375m
   [SCOUT DIAG] ratio: 1.0000+/-0.0000 [1.0000,1.0000] | adv: 0.1196+/-0.8645 | alive=30000/30000
   [CMDR  DIAG] ratio: 0.9948+/-0.1273 [0.4271,1.5568] | adv: -0.2656+/-1.3624 | alive=701/726 | bc_coef=0.000
14:35:27 | Batch 0826 (Ep 24776) | R:   -844.5 ( -1021.2)  Scout_R:   -84.5  Cmdr_R:  -760.1  Scout:100% Cmdr:98%  scout:[survived=120] cmdr:[survived=87 boundary=3] refills=284  NN_dec=2812/2970  fire: peak=420 final=410 supp=11 ext=31.7  98.1s
   Cmdr reward breakdown: r_extinguish=+135.000  r_water_waste=-4.183  r_water_near=+0.000  r_fire_out=+0.000  r_spread=-175.455
   Water drops: 678 total, 405 hit, 273 miss (60% accuracy)  alt=44m [22-80]  dist=44m [11-91]
   FW shaping: surv=+0.0 bound=+0.0 alt_pen=+0.0 approach=-73.4 alt_shape=+283.8  avg_dist_scout=324m
   [SCOUT DIAG] ratio: 1.0000+/-0.0000 [1.0000,1.0000] | adv: 0.0249+/-1.0085 | alive=30000/30000
   [CMDR  DIAG] ratio: 0.9956+/-0.2671 [0.0934,4.9142] | adv: -0.2241+/-1.0713 | alive=710/726 | bc_coef=0.000
14:37:40 | Batch 0827 (Ep 24806) | R:  -1030.9 (  -937.7)  Scout_R:   -80.4  Cmdr_R:  -950.5  Scout:100% Cmdr:94%  scout:[survived=120] cmdr:[survived=83 boundary=7] refills=320  NN_dec=2765/2970  fire: peak=405 final=385 supp=20 ext=29.9  103.9s
   Cmdr reward breakdown: r_extinguish=+152.000  r_water_waste=-5.117  r_water_near=+0.000  r_fire_out=+0.000  r_spread=-162.150
   Water drops: 788 total, 456 hit, 332 miss (58% accuracy)  alt=47m [17-79]  dist=48m [5-113]
   FW shaping: surv=+0.0 bound=+0.0 alt_pen=+0.0 approach=-78.0 alt_shape=+275.5  avg_dist_scout=354m
   [SCOUT DIAG] ratio: 1.0000+/-0.0000 [1.0000,1.0000] | adv: -0.1564+/-1.1088 | alive=30000/30000
   [CMDR  DIAG] ratio: 1.0085+/-0.1643 [0.3658,2.8494] | adv: -0.0792+/-1.1136 | alive=615/726 | bc_coef=0.000
14:39:54 | Batch 0828 (Ep 24836) | R:  -1071.5 ( -1051.2)  Scout_R:   +30.1  Cmdr_R: -1101.6  Scout:100% Cmdr:94%  scout:[survived=120] cmdr:[survived=83 boundary=6 ground_crash=1] refills=339  NN_dec=2665/2970  fire: peak=456 final=444 supp=12 ext=29.7  106.8s
   Cmdr reward breakdown: r_extinguish=+139.667  r_water_waste=-3.650  r_water_near=+0.000  r_fire_out=+0.000  r_spread=-183.920
   Water drops: 660 total, 419 hit, 241 miss (63% accuracy)  alt=44m [20-80]  dist=44m [6-89]
   FW shaping: surv=+0.0 bound=+0.0 alt_pen=+0.0 approach=-130.3 alt_shape=+225.4  avg_dist_scout=375m
   [SCOUT DIAG] ratio: 1.0000+/-0.0000 [1.0000,1.0000] | adv: -0.0400+/-1.1173 | alive=30000/30000
   [CMDR  DIAG] ratio: 1.0148+/-0.1637 [0.2547,3.6768] | adv: 0.2657+/-0.5511 | alive=672/726 | bc_coef=0.000
14:42:12 | Batch 0829 (Ep 24866) | R:  -1010.1 ( -1040.8)  Scout_R:  -169.9  Cmdr_R:  -840.2  Scout:100% Cmdr:99%  scout:[survived=120] cmdr:[survived=89 boundary=1] refills=381  NN_dec=2827/2970  fire: peak=414 final=393 supp=20 ext=35.7  117.3s
   Cmdr reward breakdown: r_extinguish=+168.000  r_water_waste=-5.950  r_water_near=+0.000  r_fire_out=+0.000  r_spread=-183.275
   Water drops: 894 total, 504 hit, 390 miss (56% accuracy)  alt=43m [16-78]  dist=44m [1-115]
   FW shaping: surv=+0.0 bound=+0.0 alt_pen=+0.0 approach=-46.8 alt_shape=+293.0  avg_dist_scout=318m
   [SCOUT DIAG] ratio: 1.0000+/-0.0000 [1.0000,1.0000] | adv: 0.0150+/-0.9034 | alive=30000/30000
   [CMDR  DIAG] ratio: 1.0076+/-0.1469 [0.1347,1.8329] | adv: 0.1768+/-0.7616 | alive=657/726 | bc_coef=0.000
14:44:29 | Batch 0830 (Ep 24896) | R:  -1019.0 ( -1014.6)  Scout_R:  -213.2  Cmdr_R:  -805.8  Scout:100% Cmdr:92%  scout:[survived=120] cmdr:[survived=81 boundary=9] refills=326  NN_dec=2600/2970  fire: peak=485 final=472 supp=12 ext=29.2  115.7s
   Cmdr reward breakdown: r_extinguish=+126.333  r_water_waste=-3.300  r_water_near=+0.000  r_fire_out=+0.000  r_spread=-187.650
   Water drops: 598 total, 379 hit, 219 miss (63% accuracy)  alt=42m [11-78]  dist=42m [6-85]
   FW shaping: surv=+0.0 bound=+0.0 alt_pen=+0.0 approach=-83.6 alt_shape=+237.3  avg_dist_scout=345m
   [SCOUT DIAG] ratio: 1.0000+/-0.0000 [1.0000,1.0000] | adv: 0.0106+/-0.9635 | alive=30000/30000
   [CMDR  DIAG] ratio: 1.0104+/-0.1188 [0.4799,1.9136] | adv: -0.2223+/-1.2523 | alive=659/726 | bc_coef=0.000
14:47:02 | Batch 0831 (Ep 24926) | R:   -579.0 (  -799.0)  Scout_R:    -9.9  Cmdr_R:  -569.1  Scout:100% Cmdr:99%  scout:[survived=120] cmdr:[survived=88 boundary=2] refills=479  NN_dec=2712/2970  fire: peak=382 final=364 supp=18 ext=40.2  116.9s
   Cmdr reward breakdown: r_extinguish=+185.000  r_water_waste=-6.017  r_water_near=+0.000  r_fire_out=+0.000  r_spread=-171.010
   Water drops: 946 total, 555 hit, 391 miss (59% accuracy)  alt=44m [17-80]  dist=46m [8-103]
   FW shaping: surv=+0.0 bound=+0.0 alt_pen=+0.0 approach=-17.6 alt_shape=+317.9  avg_dist_scout=302m
   [SCOUT DIAG] ratio: 1.0000+/-0.0000 [1.0000,1.0000] | adv: 0.0030+/-0.9993 | alive=30000/30000
   [CMDR  DIAG] ratio: 1.0104+/-0.1534 [0.2823,1.8743] | adv: 0.2808+/-0.2846 | alive=649/726 | bc_coef=0.000
14:49:24 | Batch 0832 (Ep 24956) | R:  -1114.7 (  -846.8)  Scout_R:   -89.0  Cmdr_R: -1025.7  Scout:100% Cmdr:95%  scout:[survived=120] cmdr:[survived=84 boundary=6] refills=344  NN_dec=2717/2970  fire: peak=476 final=451 supp=25 ext=34.5  119.6s
   Cmdr reward breakdown: r_extinguish=+144.000  r_water_waste=-4.767  r_water_near=+0.000  r_fire_out=+5.000  r_spread=-196.440
   Water drops: 743 total, 432 hit, 311 miss (58% accuracy)  alt=44m [17-77]  dist=46m [0-119]
   FW shaping: surv=+0.0 bound=+0.0 alt_pen=+0.0 approach=-113.0 alt_shape=+253.3  avg_dist_scout=362m
   [SCOUT DIAG] ratio: 1.0000+/-0.0000 [1.0000,1.0000] | adv: -0.1242+/-1.0957 | alive=30000/30000
   [CMDR  DIAG] ratio: 1.0225+/-0.1727 [0.2652,2.7990] | adv: 0.1854+/-0.8872 | alive=690/726 | bc_coef=0.000
14:51:46 | Batch 0833 (Ep 24986) | R:   -630.9 (  -872.8)  Scout_R:   -84.1  Cmdr_R:  -546.8  Scout:100% Cmdr:99%  scout:[survived=120] cmdr:[survived=89 boundary=1] refills=331  NN_dec=2867/2970  fire: peak=361 final=342 supp=19 ext=32.6  122.2s
   Cmdr reward breakdown: r_extinguish=+148.667  r_water_waste=-4.817  r_water_near=+0.000  r_fire_out=+0.000  r_spread=-160.960
   Water drops: 759 total, 446 hit, 313 miss (59% accuracy)  alt=47m [17-80]  dist=49m [4-118]
   FW shaping: surv=+0.0 bound=+0.0 alt_pen=+0.0 approach=-31.4 alt_shape=+295.2  avg_dist_scout=301m
   [SCOUT DIAG] ratio: 1.0000+/-0.0000 [1.0000,1.0000] | adv: -0.2190+/-1.2066 | alive=30000/30000
   [CMDR  DIAG] ratio: 0.9882+/-0.1646 [0.1960,2.0400] | adv: -0.3049+/-1.4257 | alive=660/726 | bc_coef=0.000
14:54:07 | Batch 0834 (Ep 25016) | R:   -697.6 (  -664.2)  Scout_R:  +240.3  Cmdr_R:  -937.8  Scout:100% Cmdr:95%  scout:[survived=120] cmdr:[survived=85 boundary=5] refills=354  NN_dec=2729/2970  fire: peak=381 final=359 supp=22 ext=32.3  120.7s
   Cmdr reward breakdown: r_extinguish=+148.667  r_water_waste=-4.633  r_water_near=+0.000  r_fire_out=+0.000  r_spread=-159.290
   Water drops: 749 total, 446 hit, 303 miss (60% accuracy)  alt=41m [16-80]  dist=43m [2-91]
   FW shaping: surv=+0.0 bound=+0.0 alt_pen=+0.0 approach=-82.3 alt_shape=+267.4  avg_dist_scout=357m
   [SCOUT DIAG] ratio: 1.0000+/-0.0000 [1.0000,1.0000] | adv: -0.0467+/-0.9469 | alive=30000/30000
   [CMDR  DIAG] ratio: 1.0052+/-0.1458 [0.2826,2.3887] | adv: 0.2039+/-0.7779 | alive=681/726 | bc_coef=0.000
14:56:25 | Batch 0835 (Ep 25046) | R:  -1191.6 (  -944.6)  Scout_R:  -144.5  Cmdr_R: -1047.1  Scout:100% Cmdr:94%  scout:[survived=120] cmdr:[survived=83 boundary=7] refills=329  NN_dec=2726/2970  fire: peak=360 final=335 supp=25 ext=32.6  118.4s
   Cmdr reward breakdown: r_extinguish=+143.333  r_water_waste=-3.900  r_water_near=+0.000  r_fire_out=+0.000  r_spread=-143.035
   Water drops: 676 total, 430 hit, 246 miss (64% accuracy)  alt=41m [11-80]  dist=44m [4-95]
   FW shaping: surv=+0.0 bound=+0.0 alt_pen=+0.0 approach=-113.2 alt_shape=+272.9  avg_dist_scout=354m
   [SCOUT DIAG] ratio: 1.0000+/-0.0000 [1.0000,1.0000] | adv: -0.0446+/-1.0899 | alive=30000/30000
   [CMDR  DIAG] ratio: 1.0084+/-0.1556 [0.4541,2.5923] | adv: 0.1033+/-1.0687 | alive=654/726 | bc_coef=0.000
14:58:44 | Batch 0836 (Ep 25076) | R:   -578.0 (  -884.8)  Scout_R:   +74.7  Cmdr_R:  -652.7  Scout:100% Cmdr:97%  scout:[survived=120] cmdr:[survived=87 boundary=3] refills=369  NN_dec=2776/2970  fire: peak=446 final=424 supp=22 ext=36.6  118.5s
   Cmdr reward breakdown: r_extinguish=+163.333  r_water_waste=-4.133  r_water_near=+0.000  r_fire_out=+0.000  r_spread=-192.615
   Water drops: 758 total, 490 hit, 268 miss (65% accuracy)  alt=45m [14-80]  dist=45m [2-93]
   FW shaping: surv=+0.0 bound=+0.0 alt_pen=+0.0 approach=-66.2 alt_shape=+255.0  avg_dist_scout=353m
   [SCOUT DIAG] ratio: 1.0000+/-0.0000 [1.0000,1.0000] | adv: 0.0056+/-1.0583 | alive=30000/30000
   [CMDR  DIAG] ratio: 1.0017+/-0.1188 [0.2236,1.9283] | adv: -0.0758+/-1.0348 | alive=686/726 | bc_coef=0.000
15:00:59 | Batch 0837 (Ep 25106) | R:   -942.1 (  -760.1)  Scout_R:   -53.5  Cmdr_R:  -888.6  Scout:100% Cmdr:94%  scout:[survived=120] cmdr:[survived=83 boundary=7] refills=359  NN_dec=2683/2970  fire: peak=472 final=463 supp=9 ext=28.6  114.9s
   Cmdr reward breakdown: r_extinguish=+124.333  r_water_waste=-4.767  r_water_near=+0.000  r_fire_out=+0.000  r_spread=-180.735
   Water drops: 682 total, 373 hit, 309 miss (55% accuracy)  alt=46m [15-80]  dist=47m [2-117]
   FW shaping: surv=+0.0 bound=+0.0 alt_pen=+0.0 approach=-89.9 alt_shape=+273.3  avg_dist_scout=357m
   [SCOUT DIAG] ratio: 1.0000+/-0.0000 [1.0000,1.0000] | adv: 0.1228+/-0.9261 | alive=30000/30000
   [CMDR  DIAG] ratio: 1.0065+/-0.1485 [0.2932,2.0527] | adv: 0.2242+/-0.5011 | alive=626/726 | bc_coef=0.000
15:03:18 | Batch 0838 (Ep 25136) | R:   -581.2 (  -761.7)  Scout_R:   +95.1  Cmdr_R:  -676.4  Scout:100% Cmdr:94%  scout:[survived=120] cmdr:[survived=83 boundary=7] refills=434  NN_dec=2679/2970  fire: peak=439 final=417 supp=22 ext=39.1  116.6s
   Cmdr reward breakdown: r_extinguish=+183.000  r_water_waste=-6.150  r_water_near=+0.000  r_fire_out=+0.000  r_spread=-172.360
   Water drops: 949 total, 549 hit, 400 miss (58% accuracy)  alt=45m [18-80]  dist=45m [5-102]
   FW shaping: surv=+0.0 bound=+0.0 alt_pen=+0.0 approach=-39.6 alt_shape=+298.5  avg_dist_scout=317m
   [SCOUT DIAG] ratio: 1.0000+/-0.0000 [1.0000,1.0000] | adv: 0.0395+/-1.0165 | alive=30000/30000
   [CMDR  DIAG] ratio: 1.0004+/-0.1868 [0.2131,3.4943] | adv: 0.0244+/-1.1985 | alive=647/726 | bc_coef=0.000
15:05:31 | Batch 0839 (Ep 25166) | R:   -834.7 (  -708.0)  Scout_R:  -182.2  Cmdr_R:  -652.6  Scout:100% Cmdr:99%  scout:[survived=120] cmdr:[survived=89 boundary=1] refills=313  NN_dec=2925/2970  fire: peak=412 final=391 supp=21 ext=29.7  110.8s
   Cmdr reward breakdown: r_extinguish=+150.667  r_water_waste=-5.617  r_water_near=+0.000  r_fire_out=+0.000  r_spread=-178.325
   Water drops: 820 total, 452 hit, 368 miss (55% accuracy)  alt=43m [8-77]  dist=45m [4-95]
   FW shaping: surv=+0.0 bound=+0.0 alt_pen=+0.0 approach=-33.3 alt_shape=+292.4  avg_dist_scout=358m
   [SCOUT DIAG] ratio: 1.0000+/-0.0000 [1.0000,1.0000] | adv: 0.0384+/-0.8932 | alive=30000/30000
   [CMDR  DIAG] ratio: 1.0042+/-0.1352 [0.1161,2.2307] | adv: 0.1515+/-0.4224 | alive=722/726 | bc_coef=0.000
15:07:50 | Batch 0840 (Ep 25196) | R:   -946.8 (  -890.8)  Scout_R:  -142.1  Cmdr_R:  -804.7  Scout:100% Cmdr:96%  scout:[survived=120] cmdr:[survived=85 boundary=5] refills=385  NN_dec=2683/2970  fire: peak=426 final=408 supp=18 ext=25.4  114.5s
   Cmdr reward breakdown: r_extinguish=+123.667  r_water_waste=-5.133  r_water_near=+0.000  r_fire_out=+5.000  r_spread=-177.265
   Water drops: 703 total, 371 hit, 332 miss (53% accuracy)  alt=46m [17-80]  dist=47m [1-103]
   FW shaping: surv=+0.0 bound=+0.0 alt_pen=+0.0 approach=-52.0 alt_shape=+238.4  avg_dist_scout=347m
   [SCOUT DIAG] ratio: 1.0000+/-0.0000 [1.0000,1.0000] | adv: 0.0395+/-0.8989 | alive=30000/30000
   [CMDR  DIAG] ratio: 1.0047+/-0.1070 [0.5377,1.9002] | adv: 0.0471+/-0.7429 | alive=682/726 | bc_coef=0.000
15:10:15 | Batch 0841 (Ep 25226) | R:   -946.5 (  -946.7)  Scout_R:   -24.3  Cmdr_R:  -922.2  Scout:100% Cmdr:96%  scout:[survived=120] cmdr:[survived=86 boundary=4] refills=269  NN_dec=2805/2970  fire: peak=360 final=349 supp=10 ext=24.9  110.3s
   Cmdr reward breakdown: r_extinguish=+130.333  r_water_waste=-3.717  r_water_near=+0.000  r_fire_out=+0.000  r_spread=-140.970
   Water drops: 632 total, 391 hit, 241 miss (62% accuracy)  alt=44m [20-78]  dist=44m [6-92]
   FW shaping: surv=+0.0 bound=+0.0 alt_pen=+0.0 approach=-106.4 alt_shape=+255.5  avg_dist_scout=359m
   [SCOUT DIAG] ratio: 1.0000+/-0.0000 [1.0000,1.0000] | adv: 0.0786+/-0.9554 | alive=30000/30000
   [CMDR  DIAG] ratio: 1.0115+/-0.2275 [0.1497,4.2189] | adv: -0.2071+/-1.2947 | alive=645/726 | bc_coef=0.000
15:12:36 | Batch 0842 (Ep 25256) | R:   -577.9 (  -762.2)  Scout_R:   +96.1  Cmdr_R:  -674.0  Scout:100% Cmdr:98%  scout:[survived=120] cmdr:[survived=87 boundary=3] refills=324  NN_dec=2884/2970  fire: peak=331 final=311 supp=19 ext=31.7  118.4s
   Cmdr reward breakdown: r_extinguish=+155.000  r_water_waste=-6.217  r_water_near=+0.000  r_fire_out=+0.000  r_spread=-141.690
   Water drops: 870 total, 465 hit, 405 miss (53% accuracy)  alt=39m [18-80]  dist=43m [2-93]
   FW shaping: surv=+0.0 bound=+0.0 alt_pen=+0.0 approach=-40.9 alt_shape=+269.4  avg_dist_scout=333m
   [SCOUT DIAG] ratio: 1.0000+/-0.0000 [1.0000,1.0000] | adv: 0.0185+/-0.9367 | alive=30000/30000
   [CMDR  DIAG] ratio: 1.0090+/-0.1333 [0.3458,2.2460] | adv: -0.0205+/-0.9216 | alive=716/726 | bc_coef=0.000
15:14:50 | Batch 0843 (Ep 25286) | R:   -870.5 (  -724.2)  Scout_R:   -51.4  Cmdr_R:  -819.2  Scout:100% Cmdr:95%  scout:[survived=120] cmdr:[survived=85 boundary=5] refills=343  NN_dec=2716/2970  fire: peak=501 final=482 supp=18 ext=34.5  111.2s
   Cmdr reward breakdown: r_extinguish=+154.667  r_water_waste=-3.667  r_water_near=+0.000  r_fire_out=+0.000  r_spread=-208.120
   Water drops: 712 total, 464 hit, 248 miss (65% accuracy)  alt=44m [16-80]  dist=42m [3-97]
   FW shaping: surv=+0.0 bound=+0.0 alt_pen=+0.0 approach=-52.2 alt_shape=+279.5  avg_dist_scout=321m
   [SCOUT DIAG] ratio: 1.0000+/-0.0000 [1.0000,1.0000] | adv: -0.0668+/-1.0336 | alive=30000/30000
   [CMDR  DIAG] ratio: 1.0039+/-0.1829 [0.2947,3.9819] | adv: -0.3498+/-1.4596 | alive=662/726 | bc_coef=0.000
15:17:07 | Batch 0844 (Ep 25316) | R:   -577.4 (  -723.9)  Scout_R:    -7.9  Cmdr_R:  -569.5  Scout:100% Cmdr:96%  scout:[survived=120] cmdr:[survived=86 boundary=4] refills=385  NN_dec=2749/2970  fire: peak=388 final=368 supp=20 ext=31.1  112.2s
   Cmdr reward breakdown: r_extinguish=+144.667  r_water_waste=-5.533  r_water_near=+0.000  r_fire_out=+5.000  r_spread=-160.625
   Water drops: 792 total, 434 hit, 358 miss (55% accuracy)  alt=44m [12-80]  dist=47m [1-96]
   FW shaping: surv=+0.0 bound=+0.0 alt_pen=+0.0 approach=-63.4 alt_shape=+287.8  avg_dist_scout=335m
   [SCOUT DIAG] ratio: 1.0000+/-0.0000 [1.0000,1.0000] | adv: -0.0449+/-1.0996 | alive=30000/30000
   [CMDR  DIAG] ratio: 1.0071+/-0.1515 [0.1828,2.6089] | adv: -0.0994+/-1.1308 | alive=669/726 | bc_coef=0.000
15:19:23 | Batch 0845 (Ep 25346) | R:   -451.4 (  -514.4)  Scout_R:  +109.7  Cmdr_R:  -561.1  Scout:100% Cmdr:97%  scout:[survived=119 boundary=1] cmdr:[survived=87 boundary=3] refills=310  NN_dec=2842/2970  fire: peak=420 final=393 supp=26 ext=36.6  113.1s
   Cmdr reward breakdown: r_extinguish=+157.333  r_water_waste=-5.283  r_water_near=+0.000  r_fire_out=+10.000  r_spread=-173.195
   Water drops: 813 total, 472 hit, 341 miss (58% accuracy)  alt=41m [17-74]  dist=43m [2-88]
   FW shaping: surv=+0.0 bound=+0.0 alt_pen=+0.0 approach=-5.4 alt_shape=+294.9  avg_dist_scout=299m
   [SCOUT DIAG] ratio: 1.0000+/-0.0000 [1.0000,1.0000] | adv: 0.0521+/-0.8698 | alive=30000/30000
   [CMDR  DIAG] ratio: 1.0059+/-0.1226 [0.3720,2.0817] | adv: 0.0099+/-1.0115 | alive=719/726 | bc_coef=0.000
15:21:41 | Batch 0846 (Ep 25376) | R:   -847.7 (  -649.5)  Scout_R:   +46.5  Cmdr_R:  -894.2  Scout:100% Cmdr:97%  scout:[survived=120] cmdr:[survived=86 boundary=4] refills=418  NN_dec=2813/2970  fire: peak=402 final=378 supp=23 ext=41.5  112.0s
   Cmdr reward breakdown: r_extinguish=+189.000  r_water_waste=-4.467  r_water_near=+0.000  r_fire_out=+0.000  r_spread=-179.215
   Water drops: 865 total, 567 hit, 298 miss (66% accuracy)  alt=43m [17-79]  dist=42m [1-103]
   FW shaping: surv=+0.0 bound=+0.0 alt_pen=+0.0 approach=-77.0 alt_shape=+298.6  avg_dist_scout=333m
   [SCOUT DIAG] ratio: 1.0000+/-0.0000 [1.0000,1.0000] | adv: -0.0764+/-1.1149 | alive=30000/30000
   [CMDR  DIAG] ratio: 1.0121+/-0.1533 [0.6558,2.9127] | adv: 0.2769+/-0.2694 | alive=698/726 | bc_coef=0.000
15:23:25 | Batch 0847 (Ep 25406) | R:   -431.7 (  -639.7)  Scout_R:    -8.5  Cmdr_R:  -423.3  Scout:100% Cmdr:99%  scout:[survived=120] cmdr:[survived=89 boundary=1] refills=345  NN_dec=2906/2970  fire: peak=320 final=282 supp=37 ext=41.0  80.4s
   Cmdr reward breakdown: r_extinguish=+188.333  r_water_waste=-6.067  r_water_near=+0.000  r_fire_out=+0.000  r_spread=-143.840
   Water drops: 959 total, 565 hit, 394 miss (59% accuracy)  alt=42m [16-79]  dist=43m [3-88]
   FW shaping: surv=+0.0 bound=+0.0 alt_pen=+0.0 approach=-12.5 alt_shape=+336.8  avg_dist_scout=297m
   [SCOUT DIAG] ratio: 1.0000+/-0.0000 [1.0000,1.0000] | adv: 0.0909+/-0.8056 | alive=30000/30000
   [CMDR  DIAG] ratio: 0.9943+/-0.1941 [0.1592,2.8272] | adv: 0.1129+/-0.8019 | alive=705/726 | bc_coef=0.000
15:24:58 | Batch 0848 (Ep 25436) | R:   -756.5 (  -594.1)  Scout_R:    +4.6  Cmdr_R:  -761.1  Scout:100% Cmdr:94%  scout:[survived=120] cmdr:[survived=83 boundary=7] refills=317  NN_dec=2744/2970  fire: peak=432 final=412 supp=21 ext=33.8  75.0s
   Cmdr reward breakdown: r_extinguish=+159.333  r_water_waste=-5.350  r_water_near=+0.000  r_fire_out=+0.000  r_spread=-176.230
   Water drops: 828 total, 478 hit, 350 miss (58% accuracy)  alt=44m [18-79]  dist=42m [3-98]
   FW shaping: surv=+0.0 bound=+0.0 alt_pen=+0.0 approach=-30.9 alt_shape=+318.3  avg_dist_scout=299m
   [SCOUT DIAG] ratio: 1.0000+/-0.0000 [1.0000,1.0000] | adv: 0.0373+/-0.8746 | alive=30000/30000
   [CMDR  DIAG] ratio: 0.9963+/-0.1670 [0.2544,2.4114] | adv: -0.0863+/-1.0876 | alive=663/726 | bc_coef=0.000
15:26:30 | Batch 0849 (Ep 25466) | R:   -376.9 (  -566.7)  Scout_R:   +43.9  Cmdr_R:  -420.8  Scout:100% Cmdr:95%  scout:[survived=120] cmdr:[survived=84 boundary=6] refills=351  NN_dec=2754/2970  fire: peak=451 final=440 supp=11 ext=30.8  73.8s
   Cmdr reward breakdown: r_extinguish=+160.000  r_water_waste=-4.317  r_water_near=+0.000  r_fire_out=+0.000  r_spread=-176.570
   Water drops: 759 total, 480 hit, 279 miss (63% accuracy)  alt=45m [12-79]  dist=45m [5-84]
   FW shaping: surv=+0.0 bound=+0.0 alt_pen=+0.0 approach=-54.6 alt_shape=+295.2  avg_dist_scout=321m
   [SCOUT DIAG] ratio: 1.0000+/-0.0000 [1.0000,1.0000] | adv: 0.1713+/-0.7770 | alive=30000/30000
   [CMDR  DIAG] ratio: 1.0041+/-0.1210 [0.5568,1.6557] | adv: 0.1509+/-0.4716 | alive=664/726 | bc_coef=0.000
15:28:03 | Batch 0850 (Ep 25496) | R:   -706.5 (  -541.7)  Scout_R:   -74.2  Cmdr_R:  -632.3  Scout:100% Cmdr:93%  scout:[survived=120] cmdr:[survived=81 boundary=8 ground_crash=1] refills=371  NN_dec=2687/2970  fire: peak=438 final=415 supp=23 ext=30.1  74.7s
   Cmdr reward breakdown: r_extinguish=+135.667  r_water_waste=-4.933  r_water_near=+0.000  r_fire_out=+5.000  r_spread=-170.865
   Water drops: 732 total, 407 hit, 325 miss (56% accuracy)  alt=43m [12-80]  dist=46m [2-107]
   FW shaping: surv=+0.0 bound=+0.0 alt_pen=+0.0 approach=-94.2 alt_shape=+299.1  avg_dist_scout=314m
   [SCOUT DIAG] ratio: 1.0000+/-0.0000 [1.0000,1.0000] | adv: -0.1954+/-1.0827 | alive=30000/30000
   [CMDR  DIAG] ratio: 1.0141+/-0.1359 [0.5973,2.0071] | adv: 0.0676+/-0.9574 | alive=692/726 | bc_coef=0.000
15:29:46 | Batch 0851 (Ep 25526) | R:  -1508.6 ( -1107.6)  Scout_R:  -109.0  Cmdr_R: -1399.7  Scout:100% Cmdr:100%  scout:[survived=120] cmdr:[survived=89 boundary=1] refills=377  NN_dec=2818/2970  fire: peak=388 final=376 supp=12 ext=29.5  75.1s
   Cmdr reward breakdown: r_extinguish=+134.000  r_water_waste=-4.467  r_water_near=+0.000  r_fire_out=+0.000  r_spread=-172.570
   Water drops: 696 total, 402 hit, 294 miss (58% accuracy)  alt=44m [19-80]  dist=43m [4-78]
   FW shaping: surv=+0.0 bound=+0.0 alt_pen=+0.0 approach=-103.0 alt_shape=+252.9  avg_dist_scout=380m
   [SCOUT DIAG] ratio: 1.0000+/-0.0000 [1.0000,1.0000] | adv: -0.1757+/-1.2273 | alive=30000/30000
   [CMDR  DIAG] ratio: 1.0053+/-0.1083 [0.0896,2.0275] | adv: -0.0528+/-0.9981 | alive=698/726 | bc_coef=0.000
15:31:20 | Batch 0852 (Ep 25556) | R:   -616.5 ( -1062.6)  Scout_R:   -17.4  Cmdr_R:  -599.2  Scout:100% Cmdr:95%  scout:[survived=120] cmdr:[survived=84 boundary=6] refills=354  NN_dec=2746/2970  fire: peak=408 final=392 supp=16 ext=31.0  75.5s
   Cmdr reward breakdown: r_extinguish=+177.333  r_water_waste=-5.550  r_water_near=+0.000  r_fire_out=+5.000  r_spread=-169.510
   Water drops: 897 total, 532 hit, 365 miss (59% accuracy)  alt=43m [19-80]  dist=43m [2-86]
   FW shaping: surv=+0.0 bound=+0.0 alt_pen=+0.0 approach=-42.0 alt_shape=+318.5  avg_dist_scout=286m
   [SCOUT DIAG] ratio: 1.0000+/-0.0000 [1.0000,1.0000] | adv: 0.1145+/-0.9257 | alive=30000/30000
   [CMDR  DIAG] ratio: 1.0114+/-0.1522 [0.1742,2.1970] | adv: 0.0111+/-0.9090 | alive=654/726 | bc_coef=0.000
15:33:00 | Batch 0853 (Ep 25586) | R:   -814.6 (  -715.6)  Scout_R:  +185.6  Cmdr_R: -1000.2  Scout:100% Cmdr:97%  scout:[survived=120] cmdr:[survived=86 boundary=4] refills=438  NN_dec=2778/2970  fire: peak=385 final=365 supp=20 ext=31.8  81.9s
   Cmdr reward breakdown: r_extinguish=+152.333  r_water_waste=-6.467  r_water_near=+0.000  r_fire_out=+0.000  r_spread=-156.830
   Water drops: 879 total, 457 hit, 422 miss (52% accuracy)  alt=41m [16-80]  dist=41m [3-109]
   FW shaping: surv=+0.0 bound=+0.0 alt_pen=+0.0 approach=-43.9 alt_shape=+267.6  avg_dist_scout=334m
   [SCOUT DIAG] ratio: 1.0000+/-0.0000 [1.0000,1.0000] | adv: -0.0191+/-0.9708 | alive=30000/30000
   [CMDR  DIAG] ratio: 1.0271+/-0.3680 [0.0594,8.4970] | adv: 0.1703+/-0.7065 | alive=723/726 | bc_coef=0.000
15:34:41 | Batch 0854 (Ep 25616) | R:   -321.2 (  -567.9)  Scout_R:  -189.6  Cmdr_R:  -131.6  Scout:100% Cmdr:97%  scout:[survived=120] cmdr:[survived=87 boundary=3] refills=336  NN_dec=2810/2970  fire: peak=504 final=491 supp=13 ext=38.2  83.2s
   Cmdr reward breakdown: r_extinguish=+157.000  r_water_waste=-3.950  r_water_near=+0.000  r_fire_out=+0.000  r_spread=-216.040
   Water drops: 728 total, 471 hit, 257 miss (65% accuracy)  alt=43m [17-79]  dist=43m [2-93]
   FW shaping: surv=+0.0 bound=+0.0 alt_pen=+0.0 approach=-9.9 alt_shape=+333.4  avg_dist_scout=282m
   [SCOUT DIAG] ratio: 1.0000+/-0.0000 [1.0000,1.0000] | adv: 0.0777+/-1.0092 | alive=30000/30000
   [CMDR  DIAG] ratio: 1.0153+/-0.2225 [0.2685,3.5169] | adv: 0.2630+/-0.6937 | alive=630/726 | bc_coef=0.000
15:36:14 | Batch 0855 (Ep 25646) | R:   -929.8 (  -625.5)  Scout_R:  -150.6  Cmdr_R:  -779.2  Scout:100% Cmdr:96%  scout:[survived=120] cmdr:[survived=86 boundary=4] refills=295  NN_dec=2787/2970  fire: peak=417 final=403 supp=13 ext=35.5  74.4s
   Cmdr reward breakdown: r_extinguish=+153.667  r_water_waste=-5.367  r_water_near=+0.000  r_fire_out=+0.000  r_spread=-174.370
   Water drops: 806 total, 461 hit, 345 miss (57% accuracy)  alt=44m [20-80]  dist=44m [1-101]
   FW shaping: surv=+0.0 bound=+0.0 alt_pen=+0.0 approach=-84.8 alt_shape=+277.3  avg_dist_scout=335m
   [SCOUT DIAG] ratio: 1.0000+/-0.0000 [1.0000,1.0000] | adv: 0.0476+/-0.9239 | alive=30000/30000
   [CMDR  DIAG] ratio: 1.0162+/-0.1311 [0.5690,2.5528] | adv: 0.0981+/-0.6468 | alive=681/726 | bc_coef=0.000
15:37:45 | Batch 0856 (Ep 25676) | R:   -302.4 (  -616.1)  Scout_R:  +208.0  Cmdr_R:  -510.4  Scout:100% Cmdr:93%  scout:[survived=120] cmdr:[survived=83 boundary=7] refills=371  NN_dec=2660/2970  fire: peak=398 final=378 supp=21 ext=43.4  72.9s
   Cmdr reward breakdown: r_extinguish=+173.667  r_water_waste=-4.383  r_water_near=+0.000  r_fire_out=+0.000  r_spread=-167.120
   Water drops: 809 total, 521 hit, 288 miss (64% accuracy)  alt=43m [22-79]  dist=41m [1-89]
   FW shaping: surv=+0.0 bound=+0.0 alt_pen=+0.0 approach=-85.7 alt_shape=+318.2  avg_dist_scout=297m
   [SCOUT DIAG] ratio: 1.0000+/-0.0000 [1.0000,1.0000] | adv: -0.0021+/-0.9637 | alive=30000/30000
   [CMDR  DIAG] ratio: 0.9974+/-0.1530 [0.0830,1.9135] | adv: -0.1925+/-1.0646 | alive=636/726 | bc_coef=0.000
15:39:15 | Batch 0857 (Ep 25706) | R:   -730.8 (  -516.6)  Scout_R:   -39.3  Cmdr_R:  -691.5  Scout:100% Cmdr:98%  scout:[survived=120] cmdr:[survived=87 boundary=3] refills=417  NN_dec=2870/2970  fire: peak=470 final=444 supp=26 ext=39.6  72.9s
   Cmdr reward breakdown: r_extinguish=+179.667  r_water_waste=-5.983  r_water_near=+0.000  r_fire_out=+0.000  r_spread=-208.120
   Water drops: 929 total, 539 hit, 390 miss (58% accuracy)  alt=41m [16-80]  dist=46m [6-107]
   FW shaping: surv=+0.0 bound=+0.0 alt_pen=+0.0 approach=-24.4 alt_shape=+315.2  avg_dist_scout=308m
   [SCOUT DIAG] ratio: 1.0000+/-0.0000 [1.0000,1.0000] | adv: 0.0533+/-0.8691 | alive=30000/30000
   [CMDR  DIAG] ratio: 1.0080+/-0.1467 [0.1007,2.5449] | adv: -0.1280+/-1.0458 | alive=696/726 | bc_coef=0.000
15:40:50 | Batch 0858 (Ep 25736) | R:   -593.4 (  -662.1)  Scout_R:   +24.8  Cmdr_R:  -618.3  Scout:100% Cmdr:99%  scout:[survived=120] cmdr:[survived=89 boundary=1] refills=483  NN_dec=2841/2970  fire: peak=448 final=423 supp=25 ext=44.0  76.7s
   Cmdr reward breakdown: r_extinguish=+204.000  r_water_waste=-7.067  r_water_near=+0.000  r_fire_out=+0.000  r_spread=-199.480
   Water drops: 1061 total, 612 hit, 449 miss (58% accuracy)  alt=45m [16-77]  dist=46m [2-109]
   FW shaping: surv=+0.0 bound=+0.0 alt_pen=+0.0 approach=-40.8 alt_shape=+302.0  avg_dist_scout=302m
   [SCOUT DIAG] ratio: 1.0000+/-0.0000 [1.0000,1.0000] | adv: 0.0267+/-0.9818 | alive=30000/30000
   [CMDR  DIAG] ratio: 1.0250+/-0.2081 [0.2578,4.0416] | adv: 0.2178+/-0.5101 | alive=696/726 | bc_coef=0.000
15:42:28 | Batch 0859 (Ep 25766) | R:   -746.8 (  -670.1)  Scout_R:  +222.7  Cmdr_R:  -969.5  Scout:100% Cmdr:95%  scout:[survived=120] cmdr:[survived=84 boundary=6] refills=357  NN_dec=2705/2970  fire: peak=426 final=401 supp=25 ext=37.6  80.2s
   Cmdr reward breakdown: r_extinguish=+175.333  r_water_waste=-4.083  r_water_near=+0.000  r_fire_out=+0.000  r_spread=-179.100
   Water drops: 790 total, 526 hit, 264 miss (67% accuracy)  alt=45m [16-80]  dist=45m [3-108]
   FW shaping: surv=+0.0 bound=+0.0 alt_pen=+0.0 approach=-68.5 alt_shape=+282.8  avg_dist_scout=341m
   [SCOUT DIAG] ratio: 1.0000+/-0.0000 [1.0000,1.0000] | adv: -0.0063+/-0.9625 | alive=30000/30000
   [CMDR  DIAG] ratio: 1.0030+/-0.1692 [0.0877,2.7145] | adv: 0.1253+/-0.8599 | alive=700/726 | bc_coef=0.000
15:44:02 | Batch 0860 (Ep 25796) | R:  -1317.3 ( -1032.0)  Scout_R:  -213.9  Cmdr_R: -1103.4  Scout:100% Cmdr:93%  scout:[survived=120] cmdr:[survived=82 boundary=8] refills=293  NN_dec=2741/2970  fire: peak=466 final=447 supp=18 ext=29.5  75.9s
   Cmdr reward breakdown: r_extinguish=+128.000  r_water_waste=-5.000  r_water_near=+0.000  r_fire_out=+5.000  r_spread=-184.600
   Water drops: 703 total, 384 hit, 319 miss (55% accuracy)  alt=41m [13-71]  dist=47m [1-111]
   FW shaping: surv=+0.0 bound=+0.0 alt_pen=+0.0 approach=-108.7 alt_shape=+233.4  avg_dist_scout=360m
   [SCOUT DIAG] ratio: 1.0000+/-0.0000 [1.0000,1.0000] | adv: -0.0298+/-1.0692 | alive=30000/30000
   [CMDR  DIAG] ratio: 1.0134+/-0.1620 [0.3555,2.8561] | adv: 0.1349+/-0.9230 | alive=703/726 | bc_coef=0.000
15:45:45 | Batch 0861 (Ep 25826) | R:   -369.5 (  -843.4)  Scout_R:  +176.3  Cmdr_R:  -545.8  Scout:100% Cmdr:97%  scout:[survived=120] cmdr:[survived=86 boundary=3 ground_crash=1] refills=401  NN_dec=2779/2970  fire: peak=379 final=362 supp=17 ext=35.4  73.9s
   Cmdr reward breakdown: r_extinguish=+175.667  r_water_waste=-6.100  r_water_near=+0.000  r_fire_out=+0.000  r_spread=-163.210
   Water drops: 925 total, 527 hit, 398 miss (57% accuracy)  alt=45m [19-79]  dist=47m [6-115]
   FW shaping: surv=+0.0 bound=+0.0 alt_pen=+0.0 approach=-30.4 alt_shape=+336.7  avg_dist_scout=292m
   [SCOUT DIAG] ratio: 1.0000+/-0.0000 [1.0000,1.0000] | adv: -0.0193+/-1.1392 | alive=30000/30000
   [CMDR  DIAG] ratio: 1.0064+/-0.1609 [0.0296,2.1205] | adv: 0.0648+/-0.9272 | alive=682/726 | bc_coef=0.000
15:47:13 | Batch 0862 (Ep 25856) | R:   -927.6 (  -648.5)  Scout_R:   -16.3  Cmdr_R:  -911.3  Scout:100% Cmdr:96%  scout:[survived=120] cmdr:[survived=85 boundary=5] refills=297  NN_dec=2790/2970  fire: peak=341 final=322 supp=19 ext=32.4  69.8s
   Cmdr reward breakdown: r_extinguish=+150.667  r_water_waste=-4.833  r_water_near=+0.000  r_fire_out=+0.000  r_spread=-148.345
   Water drops: 769 total, 452 hit, 317 miss (59% accuracy)  alt=44m [17-79]  dist=46m [2-121]
   FW shaping: surv=+0.0 bound=+0.0 alt_pen=+0.0 approach=-86.2 alt_shape=+256.3  avg_dist_scout=346m
   [SCOUT DIAG] ratio: 1.0000+/-0.0000 [1.0000,1.0000] | adv: 0.0608+/-0.9786 | alive=30000/30000
   [CMDR  DIAG] ratio: 1.0183+/-0.1139 [0.6887,2.1446] | adv: -0.0401+/-1.0682 | alive=659/726 | bc_coef=0.000
15:48:47 | Batch 0863 (Ep 25886) | R:   -581.2 (  -754.4)  Scout_R:   +58.0  Cmdr_R:  -639.2  Scout:100% Cmdr:97%  scout:[survived=120] cmdr:[survived=87 boundary=3] refills=342  NN_dec=2779/2970  fire: peak=403 final=384 supp=19 ext=37.8  75.6s
   Cmdr reward breakdown: r_extinguish=+175.000  r_water_waste=-4.883  r_water_near=+0.000  r_fire_out=+0.000  r_spread=-172.550
   Water drops: 848 total, 525 hit, 323 miss (62% accuracy)  alt=44m [20-79]  dist=45m [7-96]
   FW shaping: surv=+0.0 bound=+0.0 alt_pen=+0.0 approach=-42.5 alt_shape=+267.6  avg_dist_scout=318m
   [SCOUT DIAG] ratio: 1.0000+/-0.0000 [1.0000,1.0000] | adv: -0.1255+/-1.0717 | alive=30000/30000
   [CMDR  DIAG] ratio: 1.0155+/-0.1240 [0.4759,2.0930] | adv: 0.3108+/-0.3003 | alive=709/726 | bc_coef=0.000
15:50:18 | Batch 0864 (Ep 25916) | R:   -661.9 (  -621.6)  Scout_R:   -85.1  Cmdr_R:  -576.8  Scout:100% Cmdr:96%  scout:[survived=120] cmdr:[survived=86 boundary=4] refills=366  NN_dec=2767/2970  fire: peak=378 final=361 supp=17 ext=35.0  73.3s
   Cmdr reward breakdown: r_extinguish=+170.667  r_water_waste=-5.850  r_water_near=+0.000  r_fire_out=+0.000  r_spread=-166.685
   Water drops: 890 total, 512 hit, 378 miss (58% accuracy)  alt=44m [22-80]  dist=42m [2-108]
   FW shaping: surv=+0.0 bound=+0.0 alt_pen=+0.0 approach=-32.5 alt_shape=+319.8  avg_dist_scout=318m
   [SCOUT DIAG] ratio: 1.0000+/-0.0000 [1.0000,1.0000] | adv: 0.1903+/-0.7937 | alive=30000/30000
   [CMDR  DIAG] ratio: 0.9981+/-0.1417 [0.1979,1.7643] | adv: -0.0123+/-1.0103 | alive=592/726 | bc_coef=0.000
15:51:49 | Batch 0865 (Ep 25946) | R:   -781.3 (  -721.6)  Scout_R:   -96.9  Cmdr_R:  -684.4  Scout:100% Cmdr:97%  scout:[survived=120] cmdr:[survived=87 boundary=3] refills=364  NN_dec=2772/2970  fire: peak=450 final=438 supp=12 ext=34.8  72.3s
   Cmdr reward breakdown: r_extinguish=+147.333  r_water_waste=-5.150  r_water_near=+0.000  r_fire_out=+0.000  r_spread=-191.480
   Water drops: 774 total, 442 hit, 332 miss (57% accuracy)  alt=45m [18-80]  dist=46m [4-116]
   FW shaping: surv=+0.0 bound=+0.0 alt_pen=+0.0 approach=-73.6 alt_shape=+267.1  avg_dist_scout=331m
   [SCOUT DIAG] ratio: 1.0000+/-0.0000 [1.0000,1.0000] | adv: -0.0039+/-1.0583 | alive=30000/30000
   [CMDR  DIAG] ratio: 1.0134+/-0.1335 [0.5949,2.1846] | adv: -0.0404+/-1.1401 | alive=671/726 | bc_coef=0.000
15:53:21 | Batch 0866 (Ep 25976) | R:   -754.6 (  -768.0)  Scout_R:   +48.4  Cmdr_R:  -802.9  Scout:100% Cmdr:96%  scout:[survived=120] cmdr:[survived=85 boundary=5] refills=322  NN_dec=2826/2970  fire: peak=411 final=388 supp=22 ext=37.5  74.8s
   Cmdr reward breakdown: r_extinguish=+165.333  r_water_waste=-5.267  r_water_near=+0.000  r_fire_out=+0.000  r_spread=-178.110
   Water drops: 838 total, 496 hit, 342 miss (59% accuracy)  alt=43m [18-80]  dist=43m [3-108]
   FW shaping: surv=+0.0 bound=+0.0 alt_pen=+0.0 approach=-55.2 alt_shape=+330.2  avg_dist_scout=315m
   [SCOUT DIAG] ratio: 1.0000+/-0.0000 [1.0000,1.0000] | adv: -0.1250+/-1.1633 | alive=30000/30000
   [CMDR  DIAG] ratio: 1.0041+/-0.1166 [0.4551,1.7642] | adv: 0.1435+/-0.5615 | alive=702/726 | bc_coef=0.000
15:54:55 | Batch 0867 (Ep 26006) | R:   -837.5 (  -796.0)  Scout_R:  +101.4  Cmdr_R:  -938.9  Scout:100% Cmdr:97%  scout:[survived=120] cmdr:[survived=86 boundary=4] refills=401  NN_dec=2724/2970  fire: peak=421 final=407 supp=14 ext=31.1  75.6s
   Cmdr reward breakdown: r_extinguish=+137.667  r_water_waste=-5.750  r_water_near=+0.000  r_fire_out=+5.000  r_spread=-172.970
   Water drops: 785 total, 413 hit, 372 miss (53% accuracy)  alt=43m [15-75]  dist=43m [3-86]
   FW shaping: surv=+0.0 bound=+0.0 alt_pen=+0.0 approach=-53.4 alt_shape=+262.9  avg_dist_scout=343m
   [SCOUT DIAG] ratio: 1.0000+/-0.0000 [1.0000,1.0000] | adv: -0.0363+/-1.0518 | alive=30000/30000
   [CMDR  DIAG] ratio: 1.0095+/-0.2770 [0.0652,6.2011] | adv: -0.0179+/-1.0697 | alive=681/726 | bc_coef=0.000
15:56:27 | Batch 0868 (Ep 26036) | R:   -694.5 (  -766.0)  Scout_R:   +65.2  Cmdr_R:  -759.7  Scout:100% Cmdr:92%  scout:[survived=120] cmdr:[survived=81 boundary=9] refills=369  NN_dec=2664/2970  fire: peak=482 final=471 supp=11 ext=34.5  74.4s
   Cmdr reward breakdown: r_extinguish=+178.333  r_water_waste=-6.367  r_water_near=+0.000  r_fire_out=+0.000  r_spread=-195.000
   Water drops: 953 total, 535 hit, 418 miss (56% accuracy)  alt=43m [13-80]  dist=43m [6-97]
   FW shaping: surv=+0.0 bound=+0.0 alt_pen=+0.0 approach=-41.0 alt_shape=+292.9  avg_dist_scout=315m
   [SCOUT DIAG] ratio: 1.0000+/-0.0000 [1.0000,1.0000] | adv: -0.2006+/-1.2058 | alive=30000/30000
   [CMDR  DIAG] ratio: 1.0123+/-0.1426 [0.3452,2.7346] | adv: 0.0151+/-0.8150 | alive=620/726 | bc_coef=0.000
15:57:58 | Batch 0869 (Ep 26066) | R:  -1014.5 (  -854.5)  Scout_R:   -10.0  Cmdr_R: -1004.5  Scout:100% Cmdr:98%  scout:[survived=120] cmdr:[survived=87 boundary=3] refills=338  NN_dec=2850/2970  fire: peak=475 final=466 supp=9 ext=33.0  72.8s
   Cmdr reward breakdown: r_extinguish=+151.667  r_water_waste=-5.683  r_water_near=+0.000  r_fire_out=+0.000  r_spread=-207.710
   Water drops: 824 total, 455 hit, 369 miss (55% accuracy)  alt=41m [11-78]  dist=44m [5-97]
   FW shaping: surv=+0.0 bound=+0.0 alt_pen=+0.0 approach=-93.7 alt_shape=+281.2  avg_dist_scout=345m
   [SCOUT DIAG] ratio: 1.0000+/-0.0000 [1.0000,1.0000] | adv: 0.0823+/-0.7662 | alive=30000/30000
   [CMDR  DIAG] ratio: 1.0142+/-0.1252 [0.3550,1.9887] | adv: 0.3745+/-0.2039 | alive=684/726 | bc_coef=0.000
15:59:28 | Batch 0870 (Ep 26096) | R:   -920.8 (  -967.7)  Scout_R:  -101.6  Cmdr_R:  -819.2  Scout:100% Cmdr:95%  scout:[survived=120] cmdr:[survived=84 boundary=6] refills=334  NN_dec=2773/2970  fire: peak=441 final=430 supp=11 ext=33.7  72.5s
   Cmdr reward breakdown: r_extinguish=+156.667  r_water_waste=-4.450  r_water_near=+0.000  r_fire_out=+0.000  r_spread=-186.190
   Water drops: 758 total, 470 hit, 288 miss (62% accuracy)  alt=42m [18-80]  dist=44m [8-96]
   FW shaping: surv=+0.0 bound=+0.0 alt_pen=+0.0 approach=-52.0 alt_shape=+297.0  avg_dist_scout=316m
   [SCOUT DIAG] ratio: 1.0000+/-0.0000 [1.0000,1.0000] | adv: -0.0605+/-1.1820 | alive=30000/30000
   [CMDR  DIAG] ratio: 1.0108+/-0.1246 [0.4460,1.8367] | adv: 0.1555+/-0.7465 | alive=688/726 | bc_coef=0.000
16:01:12 | Batch 0871 (Ep 26126) | R:   -675.5 (  -798.2)  Scout_R:    -3.9  Cmdr_R:  -671.6  Scout:100% Cmdr:99%  scout:[survived=120] cmdr:[survived=88 boundary=2] refills=429  NN_dec=2860/2970  fire: peak=430 final=405 supp=25 ext=41.9  75.1s
   Cmdr reward breakdown: r_extinguish=+193.333  r_water_waste=-6.417  r_water_near=+0.000  r_fire_out=+0.000  r_spread=-194.420
   Water drops: 998 total, 580 hit, 418 miss (58% accuracy)  alt=41m [12-75]  dist=41m [2-94]
   FW shaping: surv=+0.0 bound=+0.0 alt_pen=+0.0 approach=-24.7 alt_shape=+324.6  avg_dist_scout=314m
   [SCOUT DIAG] ratio: 1.0000+/-0.0000 [1.0000,1.0000] | adv: -0.0299+/-0.9146 | alive=30000/30000
   [CMDR  DIAG] ratio: 1.0114+/-0.1428 [0.3550,1.8997] | adv: 0.1061+/-0.9257 | alive=707/726 | bc_coef=0.000
16:02:43 | Batch 0872 (Ep 26156) | R:   -721.7 (  -698.6)  Scout_R:   -51.4  Cmdr_R:  -670.3  Scout:100% Cmdr:96%  scout:[survived=120] cmdr:[survived=85 boundary=5] refills=333  NN_dec=2799/2970  fire: peak=426 final=407 supp=20 ext=37.0  73.5s
   Cmdr reward breakdown: r_extinguish=+152.667  r_water_waste=-5.900  r_water_near=+0.000  r_fire_out=+0.000  r_spread=-181.340
   Water drops: 844 total, 458 hit, 386 miss (54% accuracy)  alt=41m [13-78]  dist=46m [3-117]
   FW shaping: surv=+0.0 bound=+0.0 alt_pen=+0.0 approach=-53.2 alt_shape=+326.5  avg_dist_scout=314m
   [SCOUT DIAG] ratio: 1.0000+/-0.0000 [1.0000,1.0000] | adv: 0.2445+/-0.7464 | alive=30000/30000
   [CMDR  DIAG] ratio: 0.9950+/-0.1369 [0.4798,1.9218] | adv: -0.2952+/-1.2951 | alive=642/726 | bc_coef=0.000
16:04:17 | Batch 0873 (Ep 26186) | R:  -1361.4 ( -1041.5)  Scout_R:   -83.8  Cmdr_R: -1277.7  Scout:100% Cmdr:98%  scout:[survived=120] cmdr:[survived=87 boundary=3] refills=341  NN_dec=2850/2970  fire: peak=455 final=444 supp=10 ext=31.0  75.7s
   Cmdr reward breakdown: r_extinguish=+140.333  r_water_waste=-5.800  r_water_near=+0.000  r_fire_out=+0.000  r_spread=-191.755
   Water drops: 798 total, 421 hit, 377 miss (53% accuracy)  alt=42m [14-79]  dist=46m [4-123]
   FW shaping: surv=+0.0 bound=+0.0 alt_pen=+0.0 approach=-86.5 alt_shape=+285.0  avg_dist_scout=374m
   [SCOUT DIAG] ratio: 1.0000+/-0.0000 [1.0000,1.0000] | adv: -0.0487+/-0.9417 | alive=30000/30000
   [CMDR  DIAG] ratio: 1.0098+/-0.1337 [0.3045,1.8902] | adv: 0.1039+/-0.8596 | alive=719/726 | bc_coef=0.000
16:05:50 | Batch 0874 (Ep 26216) | R:   -968.5 ( -1165.0)  Scout_R:   -88.5  Cmdr_R:  -880.0  Scout:100% Cmdr:97%  scout:[survived=120] cmdr:[survived=87 boundary=3] refills=407  NN_dec=2771/2970  fire: peak=498 final=476 supp=22 ext=47.5  75.3s
   Cmdr reward breakdown: r_extinguish=+194.667  r_water_waste=-3.950  r_water_near=+0.000  r_fire_out=+0.000  r_spread=-212.395
   Water drops: 844 total, 584 hit, 260 miss (69% accuracy)  alt=42m [20-79]  dist=43m [0-106]
   FW shaping: surv=+0.0 bound=+0.0 alt_pen=+0.0 approach=-55.7 alt_shape=+281.1  avg_dist_scout=345m
   [SCOUT DIAG] ratio: 1.0000+/-0.0000 [1.0000,1.0000] | adv: 0.0304+/-1.1617 | alive=30000/30000
   [CMDR  DIAG] ratio: 1.0014+/-0.1254 [0.3252,1.9243] | adv: -0.4286+/-1.2814 | alive=689/726 | bc_coef=0.000
16:07:24 | Batch 0875 (Ep 26246) | R:   -665.1 (  -816.8)  Scout_R:   +33.8  Cmdr_R:  -698.9  Scout:100% Cmdr:93%  scout:[survived=120] cmdr:[survived=82 boundary=8] refills=360  NN_dec=2682/2970  fire: peak=406 final=384 supp=22 ext=33.1  75.9s
   Cmdr reward breakdown: r_extinguish=+162.667  r_water_waste=-5.333  r_water_near=+0.000  r_fire_out=+5.000  r_spread=-156.835
   Water drops: 831 total, 488 hit, 343 miss (59% accuracy)  alt=43m [16-79]  dist=42m [0-92]
   FW shaping: surv=+0.0 bound=+0.0 alt_pen=+0.0 approach=-68.8 alt_shape=+323.7  avg_dist_scout=291m
   [SCOUT DIAG] ratio: 1.0000+/-0.0000 [1.0000,1.0000] | adv: 0.2300+/-0.7421 | alive=30000/30000
   [CMDR  DIAG] ratio: 1.0044+/-0.1712 [0.2133,2.1922] | adv: 0.0733+/-0.9261 | alive=641/726 | bc_coef=0.000
16:08:56 | Batch 0876 (Ep 26276) | R:   -532.8 (  -599.0)  Scout_R:   +34.7  Cmdr_R:  -567.5  Scout:100% Cmdr:95%  scout:[survived=120] cmdr:[survived=84 boundary=6] refills=478  NN_dec=2734/2970  fire: peak=290 final=270 supp=20 ext=40.7  74.6s
   Cmdr reward breakdown: r_extinguish=+211.000  r_water_waste=-8.133  r_water_near=+0.000  r_fire_out=+0.000  r_spread=-124.735
   Water drops: 1165 total, 633 hit, 532 miss (54% accuracy)  alt=43m [16-79]  dist=44m [3-98]
   FW shaping: surv=+0.0 bound=+0.0 alt_pen=+0.0 approach=-41.8 alt_shape=+316.8  avg_dist_scout=321m
   [SCOUT DIAG] ratio: 1.0000+/-0.0000 [1.0000,1.0000] | adv: -0.0241+/-0.8735 | alive=30000/30000
   [CMDR  DIAG] ratio: 0.9904+/-0.1626 [0.3443,2.3809] | adv: -0.1897+/-1.1703 | alive=640/726 | bc_coef=0.000
16:10:29 | Batch 0877 (Ep 26306) | R:   -499.8 (  -516.3)  Scout_R:  +188.7  Cmdr_R:  -688.5  Scout:100% Cmdr:96%  scout:[survived=120] cmdr:[survived=86 boundary=4] refills=464  NN_dec=2730/2970  fire: peak=428 final=396 supp=32 ext=34.9  75.3s
   Cmdr reward breakdown: r_extinguish=+168.000  r_water_waste=-6.650  r_water_near=+0.000  r_fire_out=+5.000  r_spread=-167.050
   Water drops: 941 total, 504 hit, 437 miss (54% accuracy)  alt=42m [16-80]  dist=45m [1-91]
   FW shaping: surv=+0.0 bound=+0.0 alt_pen=+0.0 approach=-52.0 alt_shape=+303.3  avg_dist_scout=314m
   [SCOUT DIAG] ratio: 1.0000+/-0.0000 [1.0000,1.0000] | adv: 0.0108+/-0.9901 | alive=30000/30000
   [CMDR  DIAG] ratio: 1.0014+/-0.1278 [0.3005,1.6376] | adv: 0.1876+/-0.4972 | alive=686/726 | bc_coef=0.000
16:11:57 | Batch 0878 (Ep 26336) | R:  -1086.3 (  -793.0)  Scout_R:  -167.7  Cmdr_R:  -918.6  Scout:100% Cmdr:95%  scout:[survived=120] cmdr:[survived=84 boundary=5 ground_crash=1] refills=300  NN_dec=2717/2970  fire: peak=457 final=440 supp=17 ext=28.5  69.2s
   Cmdr reward breakdown: r_extinguish=+135.667  r_water_waste=-3.583  r_water_near=+0.000  r_fire_out=+5.000  r_spread=-176.390
   Water drops: 644 total, 407 hit, 237 miss (63% accuracy)  alt=46m [18-79]  dist=45m [2-89]
   FW shaping: surv=+0.0 bound=+0.0 alt_pen=+0.0 approach=-62.0 alt_shape=+233.2  avg_dist_scout=331m
   [SCOUT DIAG] ratio: 1.0000+/-0.0000 [1.0000,1.0000] | adv: 0.0241+/-1.0202 | alive=30000/30000
   [CMDR  DIAG] ratio: 0.9973+/-0.1140 [0.3473,1.8611] | adv: -0.2391+/-1.2469 | alive=709/726 | bc_coef=0.000
16:13:30 | Batch 0879 (Ep 26366) | R:   -701.1 (  -893.7)  Scout_R:   +40.9  Cmdr_R:  -742.0  Scout:100% Cmdr:94%  scout:[survived=120] cmdr:[survived=83 boundary=7] refills=397  NN_dec=2675/2970  fire: peak=447 final=432 supp=15 ext=33.0  75.6s
   Cmdr reward breakdown: r_extinguish=+161.667  r_water_waste=-5.217  r_water_near=+0.000  r_fire_out=+0.000  r_spread=-174.940
   Water drops: 827 total, 485 hit, 342 miss (59% accuracy)  alt=42m [15-80]  dist=46m [1-120]
   FW shaping: surv=+0.0 bound=+0.0 alt_pen=+0.0 approach=-66.5 alt_shape=+267.9  avg_dist_scout=333m
   [SCOUT DIAG] ratio: 1.0000+/-0.0000 [1.0000,1.0000] | adv: -0.0188+/-0.9720 | alive=30000/30000
   [CMDR  DIAG] ratio: 1.0068+/-0.1323 [0.3172,1.7968] | adv: -0.0717+/-1.2282 | alive=705/726 | bc_coef=0.000
16:14:59 | Batch 0880 (Ep 26396) | R:   -438.9 (  -570.0)  Scout_R:  -112.3  Cmdr_R:  -326.7  Scout:100% Cmdr:96%  scout:[survived=120] cmdr:[survived=86 boundary=4] refills=336  NN_dec=2773/2970  fire: peak=397 final=375 supp=22 ext=38.4  71.8s
   Cmdr reward breakdown: r_extinguish=+181.000  r_water_waste=-4.883  r_water_near=+0.000  r_fire_out=+5.000  r_spread=-167.460
   Water drops: 870 total, 543 hit, 327 miss (62% accuracy)  alt=42m [7-79]  dist=44m [4-108]
   FW shaping: surv=+0.0 bound=+0.0 alt_pen=+0.0 approach=-11.1 alt_shape=+329.0  avg_dist_scout=270m
   [SCOUT DIAG] ratio: 1.0000+/-0.0000 [1.0000,1.0000] | adv: -0.0764+/-1.0189 | alive=30000/30000
   [CMDR  DIAG] ratio: 1.0081+/-0.1525 [0.5039,2.8868] | adv: 0.2424+/-0.1761 | alive=704/726 | bc_coef=0.000
16:16:43 | Batch 0881 (Ep 26426) | R:   -336.9 (  -387.9)  Scout_R:   +99.2  Cmdr_R:  -436.2  Scout:100% Cmdr:98%  scout:[survived=120] cmdr:[survived=88 boundary=2] refills=402  NN_dec=2792/2970  fire: peak=435 final=422 supp=13 ext=37.8  75.6s
   Cmdr reward breakdown: r_extinguish=+163.000  r_water_waste=-6.533  r_water_near=+0.000  r_fire_out=+0.000  r_spread=-189.815
   Water drops: 914 total, 489 hit, 425 miss (54% accuracy)  alt=42m [17-80]  dist=41m [3-97]
   FW shaping: surv=+0.0 bound=+0.0 alt_pen=+0.0 approach=-32.2 alt_shape=+299.0  avg_dist_scout=300m
   [SCOUT DIAG] ratio: 1.0000+/-0.0000 [1.0000,1.0000] | adv: -0.0962+/-1.0834 | alive=30000/30000
   [CMDR  DIAG] ratio: 1.0118+/-0.1274 [0.5188,1.8153] | adv: 0.1028+/-0.6464 | alive=688/726 | bc_coef=0.000
16:18:12 | Batch 0882 (Ep 26456) | R:   -504.1 (  -420.5)  Scout_R:    +6.5  Cmdr_R:  -510.6  Scout:100% Cmdr:94%  scout:[survived=120] cmdr:[survived=83 boundary=7] refills=366  NN_dec=2738/2970  fire: peak=410 final=385 supp=25 ext=36.9  71.7s
   Cmdr reward breakdown: r_extinguish=+178.000  r_water_waste=-6.817  r_water_near=+0.000  r_fire_out=+0.000  r_spread=-157.465
   Water drops: 973 total, 534 hit, 439 miss (55% accuracy)  alt=41m [16-78]  dist=44m [1-95]
   FW shaping: surv=+0.0 bound=+0.0 alt_pen=+0.0 approach=-42.0 alt_shape=+332.5  avg_dist_scout=280m
   [SCOUT DIAG] ratio: 1.0000+/-0.0000 [1.0000,1.0000] | adv: 0.0495+/-1.0265 | alive=30000/30000
   [CMDR  DIAG] ratio: 1.0114+/-0.1471 [0.1913,2.0275] | adv: -0.0297+/-0.9930 | alive=700/726 | bc_coef=0.000
16:19:49 | Batch 0883 (Ep 26486) | R:   -303.0 (  -403.6)  Scout_R:   +50.7  Cmdr_R:  -353.7  Scout:100% Cmdr:99%  scout:[survived=120] cmdr:[survived=89 boundary=1] refills=542  NN_dec=2854/2970  fire: peak=445 final=430 supp=15 ext=46.2  78.6s
   Cmdr reward breakdown: r_extinguish=+212.333  r_water_waste=-7.133  r_water_near=+0.000  r_fire_out=+0.000  r_spread=-200.285
   Water drops: 1106 total, 637 hit, 469 miss (58% accuracy)  alt=41m [16-79]  dist=45m [6-104]
   FW shaping: surv=+0.0 bound=+0.0 alt_pen=+0.0 approach=+24.3 alt_shape=+324.0  avg_dist_scout=296m
   [SCOUT DIAG] ratio: 1.0000+/-0.0000 [1.0000,1.0000] | adv: -0.0469+/-1.0539 | alive=30000/30000
   [CMDR  DIAG] ratio: 0.9840+/-0.1672 [0.1125,2.0492] | adv: 0.0479+/-0.6438 | alive=675/726 | bc_coef=0.000
16:21:25 | Batch 0884 (Ep 26516) | R:   -767.8 (  -535.4)  Scout_R:    +7.2  Cmdr_R:  -775.0  Scout:100% Cmdr:98%  scout:[survived=120] cmdr:[survived=87 boundary=3] refills=421  NN_dec=2822/2970  fire: peak=348 final=338 supp=11 ext=33.6  78.5s
   Cmdr reward breakdown: r_extinguish=+164.333  r_water_waste=-4.983  r_water_near=+0.000  r_fire_out=+0.000  r_spread=-154.970
   Water drops: 819 total, 493 hit, 326 miss (60% accuracy)  alt=41m [16-78]  dist=43m [1-85]
   FW shaping: surv=+0.0 bound=+0.0 alt_pen=+0.0 approach=-22.1 alt_shape=+277.2  avg_dist_scout=335m
   [SCOUT DIAG] ratio: 1.0000+/-0.0000 [1.0000,1.0000] | adv: -0.0409+/-1.0660 | alive=30000/30000
   [CMDR  DIAG] ratio: 1.0213+/-0.5006 [0.3351,13.5149] | adv: 0.2147+/-0.5023 | alive=708/726 | bc_coef=0.000
16:22:58 | Batch 0885 (Ep 26546) | R:    -55.7 (  -411.8)  Scout_R:   +82.0  Cmdr_R:  -137.8  Scout:100% Cmdr:97%  scout:[survived=120] cmdr:[survived=87 boundary=3] refills=409  NN_dec=2775/2970  fire: peak=383 final=360 supp=23 ext=39.7  75.2s
   Cmdr reward breakdown: r_extinguish=+181.000  r_water_waste=-7.783  r_water_near=+0.000  r_fire_out=+5.000  r_spread=-168.580
   Water drops: 1041 total, 543 hit, 498 miss (52% accuracy)  alt=41m [14-79]  dist=47m [1-126]
   FW shaping: surv=+0.0 bound=+0.0 alt_pen=+0.0 approach=+11.7 alt_shape=+358.8  avg_dist_scout=257m
   [SCOUT DIAG] ratio: 1.0000+/-0.0000 [1.0000,1.0000] | adv: -0.1070+/-1.0895 | alive=30000/30000
   [CMDR  DIAG] ratio: 1.0027+/-0.1102 [0.3117,1.9983] | adv: -0.0701+/-0.8948 | alive=660/726 | bc_coef=0.000
16:24:30 | Batch 0886 (Ep 26576) | R:   -871.9 (  -463.8)  Scout_R:    -6.2  Cmdr_R:  -865.7  Scout:100% Cmdr:93%  scout:[survived=120] cmdr:[survived=82 boundary=8] refills=307  NN_dec=2679/2970  fire: peak=445 final=424 supp=21 ext=25.9  74.8s
   Cmdr reward breakdown: r_extinguish=+130.000  r_water_waste=-4.083  r_water_near=+0.000  r_fire_out=+5.000  r_spread=-165.165
   Water drops: 654 total, 390 hit, 264 miss (60% accuracy)  alt=44m [3-78]  dist=46m [7-90]
   FW shaping: surv=+0.0 bound=+0.0 alt_pen=+0.0 approach=-98.9 alt_shape=+275.9  avg_dist_scout=346m
   [SCOUT DIAG] ratio: 1.0000+/-0.0000 [1.0000,1.0000] | adv: 0.0421+/-1.0334 | alive=30000/30000
   [CMDR  DIAG] ratio: 1.0100+/-0.1904 [0.4627,3.7049] | adv: -0.1102+/-1.0189 | alive=692/726 | bc_coef=0.000
16:26:01 | Batch 0887 (Ep 26606) | R:   -795.5 (  -833.7)  Scout_R:  -194.5  Cmdr_R:  -601.0  Scout:100% Cmdr:99%  scout:[survived=120] cmdr:[survived=89 boundary=1] refills=348  NN_dec=2835/2970  fire: peak=373 final=355 supp=18 ext=29.4  73.0s
   Cmdr reward breakdown: r_extinguish=+136.333  r_water_waste=-5.167  r_water_near=+0.000  r_fire_out=+5.000  r_spread=-163.095
   Water drops: 745 total, 409 hit, 336 miss (55% accuracy)  alt=44m [21-80]  dist=42m [9-90]
   FW shaping: surv=+0.0 bound=+0.0 alt_pen=+0.0 approach=-48.7 alt_shape=+293.0  avg_dist_scout=312m
   [SCOUT DIAG] ratio: 1.0000+/-0.0000 [1.0000,1.0000] | adv: -0.0466+/-0.9813 | alive=30000/30000
   [CMDR  DIAG] ratio: 0.9921+/-0.1464 [0.3154,1.9077] | adv: -0.3879+/-1.5610 | alive=698/726 | bc_coef=0.000
16:27:31 | Batch 0888 (Ep 26636) | R:   -463.9 (  -629.7)  Scout_R:  -129.9  Cmdr_R:  -334.0  Scout:100% Cmdr:100%  scout:[survived=120] cmdr:[survived=90] refills=319  NN_dec=2899/2970  fire: peak=315 final=284 supp=32 ext=37.5  72.0s
   Cmdr reward breakdown: r_extinguish=+175.333  r_water_waste=-6.700  r_water_near=+0.000  r_fire_out=+0.000  r_spread=-147.390
   Water drops: 956 total, 526 hit, 430 miss (55% accuracy)  alt=47m [20-80]  dist=45m [4-114]
   FW shaping: surv=+0.0 bound=+0.0 alt_pen=+0.0 approach=-38.2 alt_shape=+310.7  avg_dist_scout=318m
   [SCOUT DIAG] ratio: 1.0000+/-0.0000 [1.0000,1.0000] | adv: -0.1770+/-1.0903 | alive=30000/30000
   [CMDR  DIAG] ratio: 1.0172+/-0.1612 [0.4171,2.2815] | adv: -0.4217+/-1.7117 | alive=714/726 | bc_coef=0.000
16:29:11 | Batch 0889 (Ep 26666) | R:  -1099.1 (  -781.5)  Scout_R:   +89.8  Cmdr_R: -1188.9  Scout:100% Cmdr:95%  scout:[survived=120] cmdr:[survived=85 boundary=5] refills=278  NN_dec=2788/2970  fire: peak=451 final=444 supp=7 ext=28.4  82.2s
   Cmdr reward breakdown: r_extinguish=+144.333  r_water_waste=-4.750  r_water_near=+0.000  r_fire_out=+0.000  r_spread=-185.570
   Water drops: 737 total, 433 hit, 304 miss (59% accuracy)  alt=44m [9-75]  dist=44m [2-90]
   FW shaping: surv=+0.0 bound=+0.0 alt_pen=+0.0 approach=-77.6 alt_shape=+244.9  avg_dist_scout=366m
   [SCOUT DIAG] ratio: 1.0000+/-0.0000 [1.0000,1.0000] | adv: -0.0111+/-1.0723 | alive=30000/30000
   [CMDR  DIAG] ratio: 0.9979+/-0.1428 [0.3705,2.7097] | adv: -0.0522+/-0.9466 | alive=704/726 | bc_coef=0.000
16:30:45 | Batch 0890 (Ep 26696) | R:   -849.9 (  -974.5)  Scout_R:  -197.5  Cmdr_R:  -652.4  Scout:100% Cmdr:97%  scout:[survived=120] cmdr:[survived=87 boundary=3] refills=365  NN_dec=2810/2970  fire: peak=392 final=367 supp=25 ext=38.7  75.6s
   Cmdr reward breakdown: r_extinguish=+164.667  r_water_waste=-4.683  r_water_near=+0.000  r_fire_out=+0.000  r_spread=-170.150
   Water drops: 804 total, 494 hit, 310 miss (61% accuracy)  alt=43m [19-80]  dist=45m [6-87]
   FW shaping: surv=+0.0 bound=+0.0 alt_pen=+0.0 approach=-53.3 alt_shape=+303.2  avg_dist_scout=329m
   [SCOUT DIAG] ratio: 1.0000+/-0.0000 [1.0000,1.0000] | adv: 0.0821+/-0.9445 | alive=30000/30000
   [CMDR  DIAG] ratio: 1.0040+/-0.1852 [0.1984,3.0922] | adv: 0.0343+/-0.8456 | alive=711/726 | bc_coef=0.000
16:32:28 | Batch 0891 (Ep 26726) | R:  -1089.7 (  -969.8)  Scout_R:   +14.4  Cmdr_R: -1104.1  Scout:100% Cmdr:98%  scout:[survived=120] cmdr:[survived=88 boundary=2] refills=338  NN_dec=2855/2970  fire: peak=369 final=358 supp=11 ext=32.0  75.2s
   Cmdr reward breakdown: r_extinguish=+162.333  r_water_waste=-6.000  r_water_near=+0.000  r_fire_out=+0.000  r_spread=-161.045
   Water drops: 877 total, 487 hit, 390 miss (56% accuracy)  alt=41m [12-80]  dist=45m [2-128]
   FW shaping: surv=+0.0 bound=+0.0 alt_pen=+0.0 approach=-65.5 alt_shape=+327.2  avg_dist_scout=341m
   [SCOUT DIAG] ratio: 1.0000+/-0.0000 [1.0000,1.0000] | adv: -0.0728+/-1.0211 | alive=30000/30000
   [CMDR  DIAG] ratio: 0.9976+/-0.0978 [0.3968,1.6050] | adv: -0.1151+/-1.0934 | alive=725/726 | bc_coef=0.000
16:34:01 | Batch 0892 (Ep 26756) | R:   -270.2 (  -679.9)  Scout_R:   +56.2  Cmdr_R:  -326.4  Scout:100% Cmdr:97%  scout:[survived=120] cmdr:[survived=87 boundary=3] refills=327  NN_dec=2854/2970  fire: peak=372 final=345 supp=27 ext=39.7  75.2s
   Cmdr reward breakdown: r_extinguish=+187.333  r_water_waste=-6.467  r_water_near=+0.000  r_fire_out=+0.000  r_spread=-160.550
   Water drops: 987 total, 562 hit, 425 miss (57% accuracy)  alt=43m [17-79]  dist=49m [4-151]
   FW shaping: surv=+0.0 bound=+0.0 alt_pen=+0.0 approach=+40.4 alt_shape=+339.3  avg_dist_scout=302m
   [SCOUT DIAG] ratio: 1.0000+/-0.0000 [1.0000,1.0000] | adv: -0.0552+/-0.9807 | alive=30000/30000
   [CMDR  DIAG] ratio: 1.0137+/-0.1328 [0.3963,1.9900] | adv: 0.1957+/-0.3813 | alive=711/726 | bc_coef=0.000
16:35:35 | Batch 0893 (Ep 26786) | R:   -319.3 (  -294.8)  Scout_R:  +117.1  Cmdr_R:  -436.4  Scout:100% Cmdr:98%  scout:[survived=120] cmdr:[survived=87 boundary=3] refills=385  NN_dec=2785/2970  fire: peak=291 final=271 supp=20 ext=36.0  76.0s
   Cmdr reward breakdown: r_extinguish=+187.333  r_water_waste=-6.283  r_water_near=+0.000  r_fire_out=+0.000  r_spread=-128.720
   Water drops: 964 total, 562 hit, 402 miss (58% accuracy)  alt=43m [14-79]  dist=47m [6-95]
   FW shaping: surv=+0.0 bound=+0.0 alt_pen=+0.0 approach=-26.8 alt_shape=+318.1  avg_dist_scout=302m
   [SCOUT DIAG] ratio: 1.0000+/-0.0000 [1.0000,1.0000] | adv: 0.1274+/-0.7263 | alive=30000/30000
   [CMDR  DIAG] ratio: 1.0052+/-0.1783 [0.2458,2.2140] | adv: 0.0875+/-0.7335 | alive=709/726 | bc_coef=0.000
16:37:05 | Batch 0894 (Ep 26816) | R:  -1247.1 (  -783.2)  Scout_R:  -131.7  Cmdr_R: -1115.4  Scout:100% Cmdr:94%  scout:[survived=120] cmdr:[survived=83 boundary=7] refills=321  NN_dec=2765/2970  fire: peak=410 final=392 supp=18 ext=28.9  71.9s
   Cmdr reward breakdown: r_extinguish=+126.000  r_water_waste=-3.800  r_water_near=+0.000  r_fire_out=+0.000  r_spread=-165.175
   Water drops: 624 total, 378 hit, 246 miss (61% accuracy)  alt=41m [21-78]  dist=42m [1-131]
   FW shaping: surv=+0.0 bound=+0.0 alt_pen=+0.0 approach=-86.4 alt_shape=+245.5  avg_dist_scout=382m
   [SCOUT DIAG] ratio: 1.0000+/-0.0000 [1.0000,1.0000] | adv: 0.0842+/-0.9674 | alive=30000/30000
   [CMDR  DIAG] ratio: 0.9983+/-0.1364 [0.1451,1.9954] | adv: 0.0106+/-0.8778 | alive=710/726 | bc_coef=0.000
16:38:42 | Batch 0895 (Ep 26846) | R:   -609.1 (  -928.1)  Scout_R:   +28.8  Cmdr_R:  -637.9  Scout:100% Cmdr:96%  scout:[survived=120] cmdr:[survived=85 boundary=4 ground_crash=1] refills=450  NN_dec=2754/2970  fire: peak=431 final=407 supp=24 ext=43.3  79.1s
   Cmdr reward breakdown: r_extinguish=+186.667  r_water_waste=-5.733  r_water_near=+0.000  r_fire_out=+5.000  r_spread=-186.760
   Water drops: 939 total, 560 hit, 379 miss (60% accuracy)  alt=43m [12-80]  dist=45m [1-111]
   FW shaping: surv=+0.0 bound=+0.0 alt_pen=+0.0 approach=-39.3 alt_shape=+322.1  avg_dist_scout=300m
   [SCOUT DIAG] ratio: 1.0000+/-0.0000 [1.0000,1.0000] | adv: -0.1353+/-1.2109 | alive=30000/30000
   [CMDR  DIAG] ratio: 1.0076+/-0.1229 [0.2834,1.7159] | adv: 0.1835+/-0.6053 | alive=655/726 | bc_coef=0.000
16:40:12 | Batch 0896 (Ep 26876) | R:  -1078.7 (  -843.9)  Scout_R:  -131.6  Cmdr_R:  -947.2  Scout:100% Cmdr:98%  scout:[survived=120] cmdr:[survived=88 boundary=2] refills=309  NN_dec=2849/2970  fire: peak=413 final=392 supp=22 ext=39.0  72.1s
   Cmdr reward breakdown: r_extinguish=+153.667  r_water_waste=-5.400  r_water_near=+0.000  r_fire_out=+0.000  r_spread=-181.545
   Water drops: 809 total, 461 hit, 348 miss (57% accuracy)  alt=40m [13-79]  dist=44m [4-115]
   FW shaping: surv=+0.0 bound=+0.0 alt_pen=+0.0 approach=-58.6 alt_shape=+295.4  avg_dist_scout=323m
   [SCOUT DIAG] ratio: 1.0000+/-0.0000 [1.0000,1.0000] | adv: -0.1102+/-1.1564 | alive=30000/30000
   [CMDR  DIAG] ratio: 1.0144+/-0.1806 [0.4428,2.6707] | adv: 0.0288+/-0.9266 | alive=681/726 | bc_coef=0.000
16:41:46 | Batch 0897 (Ep 26906) | R:   -358.7 (  -718.7)  Scout_R:  +280.7  Cmdr_R:  -639.4  Scout:100% Cmdr:95%  scout:[survived=120] cmdr:[survived=84 boundary=6] refills=373  NN_dec=2749/2970  fire: peak=439 final=421 supp=18 ext=33.7  76.0s
   Cmdr reward breakdown: r_extinguish=+170.667  r_water_waste=-5.200  r_water_near=+0.000  r_fire_out=+0.000  r_spread=-177.800
   Water drops: 847 total, 512 hit, 335 miss (60% accuracy)  alt=42m [18-79]  dist=44m [3-100]
   FW shaping: surv=+0.0 bound=+0.0 alt_pen=+0.0 approach=-102.1 alt_shape=+290.0  avg_dist_scout=315m
   [SCOUT DIAG] ratio: 1.0000+/-0.0000 [1.0000,1.0000] | adv: 0.0191+/-0.8515 | alive=30000/30000
   [CMDR  DIAG] ratio: 1.0149+/-0.1550 [0.3276,2.3809] | adv: 0.1588+/-0.5684 | alive=720/726 | bc_coef=0.000
16:43:17 | Batch 0898 (Ep 26936) | R:   -913.8 (  -636.3)  Scout_R:   -59.3  Cmdr_R:  -854.5  Scout:100% Cmdr:98%  scout:[survived=120] cmdr:[survived=88 boundary=2] refills=323  NN_dec=2831/2970  fire: peak=400 final=386 supp=14 ext=32.0  73.4s
   Cmdr reward breakdown: r_extinguish=+143.333  r_water_waste=-4.900  r_water_near=+0.000  r_fire_out=+5.000  r_spread=-174.620
   Water drops: 746 total, 430 hit, 316 miss (58% accuracy)  alt=44m [15-79]  dist=44m [2-100]
   FW shaping: surv=+0.0 bound=+0.0 alt_pen=+0.0 approach=-76.4 alt_shape=+293.6  avg_dist_scout=348m
   [SCOUT DIAG] ratio: 1.0000+/-0.0000 [1.0000,1.0000] | adv: -0.1355+/-1.1168 | alive=30000/30000
   [CMDR  DIAG] ratio: 0.9968+/-0.1358 [0.2650,1.7630] | adv: 0.0279+/-1.0653 | alive=690/726 | bc_coef=0.000
16:44:50 | Batch 0899 (Ep 26966) | R:  -1017.4 (  -965.6)  Scout_R:  -160.6  Cmdr_R:  -856.8  Scout:100% Cmdr:98%  scout:[survived=120] cmdr:[survived=88 boundary=2] refills=489  NN_dec=2735/2970  fire: peak=435 final=410 supp=26 ext=41.3  75.5s
   Cmdr reward breakdown: r_extinguish=+173.667  r_water_waste=-6.450  r_water_near=+0.000  r_fire_out=+0.000  r_spread=-189.310
   Water drops: 934 total, 521 hit, 413 miss (56% accuracy)  alt=44m [14-78]  dist=45m [3-102]
   FW shaping: surv=+0.0 bound=+0.0 alt_pen=+0.0 approach=-69.7 alt_shape=+281.9  avg_dist_scout=345m
   [SCOUT DIAG] ratio: 1.0000+/-0.0000 [1.0000,1.0000] | adv: 0.1425+/-0.8426 | alive=30000/30000
   [CMDR  DIAG] ratio: 1.0144+/-0.2204 [0.0907,3.9944] | adv: 0.0177+/-0.9723 | alive=640/726 | bc_coef=0.000
16:46:25 | Batch 0900 (Ep 26996) | R:   -719.4 (  -868.4)  Scout_R:   -49.4  Cmdr_R:  -670.0  Scout:100% Cmdr:97%  scout:[survived=120] cmdr:[survived=87 boundary=3] refills=324  NN_dec=2838/2970  fire: peak=464 final=448 supp=16 ext=39.6  76.7s
   Cmdr reward breakdown: r_extinguish=+163.000  r_water_waste=-4.783  r_water_near=+0.000  r_fire_out=+0.000  r_spread=-199.630
   Water drops: 802 total, 489 hit, 313 miss (61% accuracy)  alt=44m [21-79]  dist=44m [2-103]
   FW shaping: surv=+0.0 bound=+0.0 alt_pen=+0.0 approach=-42.5 alt_shape=+281.7  avg_dist_scout=324m
   [SCOUT DIAG] ratio: 1.0000+/-0.0000 [1.0000,1.0000] | adv: 0.1156+/-0.9147 | alive=30000/30000
   [CMDR  DIAG] ratio: 1.0079+/-0.1188 [0.3988,1.7144] | adv: -0.0223+/-1.0809 | alive=653/726 | bc_coef=0.000
16:48:09 | Batch 0901 (Ep 27026) | R:  -1070.0 (  -894.7)  Scout_R:   -47.6  Cmdr_R: -1022.4  Scout:100% Cmdr:99%  scout:[survived=120] cmdr:[survived=89 boundary=1] refills=260  NN_dec=2899/2970  fire: peak=428 final=418 supp=10 ext=30.4  75.9s
   Cmdr reward breakdown: r_extinguish=+141.000  r_water_waste=-4.267  r_water_near=+0.000  r_fire_out=+0.000  r_spread=-181.240
   Water drops: 699 total, 423 hit, 276 miss (61% accuracy)  alt=43m [16-79]  dist=43m [3-81]
   FW shaping: surv=+0.0 bound=+0.0 alt_pen=+0.0 approach=-62.6 alt_shape=+295.6  avg_dist_scout=333m
   [SCOUT DIAG] ratio: 1.0000+/-0.0000 [1.0000,1.0000] | adv: 0.0302+/-1.0978 | alive=30000/30000
   [CMDR  DIAG] ratio: 1.0048+/-0.1424 [0.0685,2.1669] | adv: -0.2709+/-1.2725 | alive=723/726 | bc_coef=0.000
16:49:40 | Batch 0902 (Ep 27056) | R:  -1078.6 ( -1074.3)  Scout_R:  -152.3  Cmdr_R:  -926.3  Scout:100% Cmdr:96%  scout:[survived=120] cmdr:[survived=86 boundary=4] refills=370  NN_dec=2764/2970  fire: peak=440 final=419 supp=21 ext=31.4  72.9s
   Cmdr reward breakdown: r_extinguish=+139.667  r_water_waste=-5.000  r_water_near=+0.000  r_fire_out=+0.000  r_spread=-187.440
   Water drops: 745 total, 419 hit, 326 miss (56% accuracy)  alt=43m [14-77]  dist=43m [4-97]
   FW shaping: surv=+0.0 bound=+0.0 alt_pen=+0.0 approach=-58.7 alt_shape=+294.6  avg_dist_scout=352m
   [SCOUT DIAG] ratio: 1.0000+/-0.0000 [1.0000,1.0000] | adv: 0.1691+/-0.8702 | alive=30000/30000
   [CMDR  DIAG] ratio: 1.0084+/-0.1565 [0.4528,2.9085] | adv: -0.1363+/-1.1637 | alive=647/726 | bc_coef=0.000
16:51:10 | Batch 0903 (Ep 27086) | R:  -1173.4 ( -1126.0)  Scout_R:   -85.9  Cmdr_R: -1087.5  Scout:100% Cmdr:98%  scout:[survived=120] cmdr:[survived=88 boundary=2] refills=292  NN_dec=2850/2970  fire: peak=473 final=444 supp=29 ext=31.6  71.9s
   Cmdr reward breakdown: r_extinguish=+131.667  r_water_waste=-4.667  r_water_near=+0.000  r_fire_out=+0.000  r_spread=-198.015
   Water drops: 698 total, 395 hit, 303 miss (57% accuracy)  alt=45m [11-79]  dist=49m [5-164]
   FW shaping: surv=+0.0 bound=+0.0 alt_pen=+0.0 approach=-56.7 alt_shape=+275.8  avg_dist_scout=351m
   [SCOUT DIAG] ratio: 1.0000+/-0.0000 [1.0000,1.0000] | adv: -0.0186+/-1.0416 | alive=30000/30000
   [CMDR  DIAG] ratio: 1.0069+/-0.1343 [0.5029,1.8656] | adv: 0.2467+/-0.6645 | alive=644/726 | bc_coef=0.000
16:52:39 | Batch 0904 (Ep 27116) | R:   -728.7 (  -951.0)  Scout_R:    +6.5  Cmdr_R:  -735.1  Scout:100% Cmdr:95%  scout:[survived=120] cmdr:[survived=85 boundary=5] refills=330  NN_dec=2744/2970  fire: peak=414 final=390 supp=24 ext=35.6  71.1s
   Cmdr reward breakdown: r_extinguish=+178.667  r_water_waste=-5.967  r_water_near=+0.000  r_fire_out=+0.000  r_spread=-177.290
   Water drops: 919 total, 536 hit, 383 miss (58% accuracy)  alt=44m [15-80]  dist=44m [1-89]
   FW shaping: surv=+0.0 bound=+0.0 alt_pen=+0.0 approach=-44.0 alt_shape=+307.8  avg_dist_scout=312m
   [SCOUT DIAG] ratio: 1.0000+/-0.0000 [1.0000,1.0000] | adv: 0.0435+/-0.9613 | alive=30000/30000
   [CMDR  DIAG] ratio: 1.0129+/-0.1278 [0.3782,1.7786] | adv: 0.0253+/-1.0099 | alive=639/726 | bc_coef=0.000
16:54:12 | Batch 0905 (Ep 27146) | R:  -1122.8 (  -925.7)  Scout_R:   -64.5  Cmdr_R: -1058.3  Scout:100% Cmdr:95%  scout:[survived=120] cmdr:[survived=85 boundary=5] refills=437  NN_dec=2712/2970  fire: peak=452 final=439 supp=13 ext=43.9  75.2s
   Cmdr reward breakdown: r_extinguish=+193.667  r_water_waste=-6.467  r_water_near=+0.000  r_fire_out=+0.000  r_spread=-195.475
   Water drops: 1001 total, 581 hit, 420 miss (58% accuracy)  alt=45m [16-76]  dist=46m [5-95]
   FW shaping: surv=+0.0 bound=+0.0 alt_pen=+0.0 approach=-48.0 alt_shape=+274.9  avg_dist_scout=350m
   [SCOUT DIAG] ratio: 1.0000+/-0.0000 [1.0000,1.0000] | adv: 0.1399+/-0.8782 | alive=30000/30000
   [CMDR  DIAG] ratio: 1.0125+/-0.1711 [0.4007,2.8852] | adv: 0.0683+/-0.9378 | alive=678/726 | bc_coef=0.000
16:55:48 | Batch 0906 (Ep 27176) | R:   -565.4 (  -844.1)  Scout_R:    -1.8  Cmdr_R:  -563.6  Scout:100% Cmdr:95%  scout:[survived=120] cmdr:[survived=83 boundary=5 ground_crash=2] refills=448  NN_dec=2706/2970  fire: peak=398 final=372 supp=26 ext=39.1  78.7s
   Cmdr reward breakdown: r_extinguish=+185.000  r_water_waste=-5.683  r_water_near=+0.000  r_fire_out=+0.000  r_spread=-168.670
   Water drops: 926 total, 555 hit, 371 miss (60% accuracy)  alt=43m [21-79]  dist=44m [4-114]
   FW shaping: surv=+0.0 bound=+0.0 alt_pen=+0.0 approach=-41.6 alt_shape=+297.2  avg_dist_scout=321m
   [SCOUT DIAG] ratio: 1.0000+/-0.0000 [1.0000,1.0000] | adv: 0.0765+/-0.8900 | alive=30000/30000
   [CMDR  DIAG] ratio: 1.0188+/-0.1225 [0.5922,1.9327] | adv: 0.3080+/-0.4113 | alive=687/726 | bc_coef=0.000
16:57:22 | Batch 0907 (Ep 27206) | R:   -405.1 (  -485.3)  Scout_R:   -96.7  Cmdr_R:  -308.4  Scout:100% Cmdr:96%  scout:[survived=120] cmdr:[survived=86 boundary=4] refills=537  NN_dec=2743/2970  fire: peak=362 final=345 supp=17 ext=38.0  75.5s
   Cmdr reward breakdown: r_extinguish=+177.667  r_water_waste=-7.783  r_water_near=+0.000  r_fire_out=+0.000  r_spread=-149.290
   Water drops: 1044 total, 533 hit, 511 miss (51% accuracy)  alt=43m [19-78]  dist=45m [1-96]
   FW shaping: surv=+0.0 bound=+0.0 alt_pen=+0.0 approach=-49.8 alt_shape=+304.4  avg_dist_scout=282m
   [SCOUT DIAG] ratio: 1.0000+/-0.0000 [1.0000,1.0000] | adv: 0.0658+/-1.0093 | alive=30000/30000
   [CMDR  DIAG] ratio: 1.0173+/-0.2512 [0.3441,4.4383] | adv: -0.0681+/-0.9362 | alive=709/726 | bc_coef=0.000
16:58:55 | Batch 0908 (Ep 27236) | R:  -1062.2 (  -733.7)  Scout_R:   -21.1  Cmdr_R: -1041.1  Scout:100% Cmdr:98%  scout:[survived=120] cmdr:[survived=87 boundary=3] refills=306  NN_dec=2836/2970  fire: peak=421 final=404 supp=17 ext=31.5  75.3s
   Cmdr reward breakdown: r_extinguish=+156.000  r_water_waste=-4.983  r_water_near=+0.000  r_fire_out=+0.000  r_spread=-179.365
   Water drops: 787 total, 468 hit, 319 miss (59% accuracy)  alt=42m [6-80]  dist=46m [3-117]
   FW shaping: surv=+0.0 bound=+0.0 alt_pen=+0.0 approach=-98.7 alt_shape=+259.2  avg_dist_scout=372m
   [SCOUT DIAG] ratio: 1.0000+/-0.0000 [1.0000,1.0000] | adv: -0.1409+/-1.2040 | alive=30000/30000
   [CMDR  DIAG] ratio: 0.9894+/-0.1319 [0.4516,1.8491] | adv: -0.1622+/-1.0572 | alive=693/726 | bc_coef=0.000
17:00:28 | Batch 0909 (Ep 27266) | R:  -1086.9 ( -1074.6)  Scout_R:  -119.1  Cmdr_R:  -967.8  Scout:100% Cmdr:97%  scout:[survived=120] cmdr:[survived=87 boundary=3] refills=414  NN_dec=2805/2970  fire: peak=425 final=404 supp=21 ext=39.6  75.1s
   Cmdr reward breakdown: r_extinguish=+178.667  r_water_waste=-6.383  r_water_near=+0.000  r_fire_out=+0.000  r_spread=-186.830
   Water drops: 945 total, 536 hit, 409 miss (57% accuracy)  alt=41m [16-80]  dist=47m [1-131]
   FW shaping: surv=+0.0 bound=+0.0 alt_pen=+0.0 approach=-56.8 alt_shape=+309.8  avg_dist_scout=330m
   [SCOUT DIAG] ratio: 1.0000+/-0.0000 [1.0000,1.0000] | adv: 0.1119+/-0.9400 | alive=30000/30000
   [CMDR  DIAG] ratio: 1.0119+/-0.1433 [0.4076,1.8942] | adv: 0.0930+/-0.9409 | alive=710/726 | bc_coef=0.000
17:02:05 | Batch 0910 (Ep 27296) | R:   -537.2 (  -812.0)  Scout_R:   +99.7  Cmdr_R:  -636.8  Scout:100% Cmdr:96%  scout:[survived=120] cmdr:[survived=85 boundary=4 ground_crash=1] refills=305  NN_dec=2793/2970  fire: peak=362 final=354 supp=7 ext=26.2  78.9s
   Cmdr reward breakdown: r_extinguish=+131.000  r_water_waste=-4.617  r_water_near=+0.000  r_fire_out=+0.000  r_spread=-147.140
   Water drops: 698 total, 393 hit, 305 miss (56% accuracy)  alt=44m [19-80]  dist=45m [1-107]
   FW shaping: surv=+0.0 bound=+0.0 alt_pen=+0.0 approach=-60.2 alt_shape=+259.4  avg_dist_scout=337m
   [SCOUT DIAG] ratio: 1.0000+/-0.0000 [1.0000,1.0000] | adv: 0.0009+/-1.0584 | alive=30000/30000
   [CMDR  DIAG] ratio: 0.9954+/-0.1525 [0.3193,1.9613] | adv: -0.3017+/-1.3965 | alive=695/726 | bc_coef=0.000
17:03:52 | Batch 0911 (Ep 27326) | R:   -876.0 (  -706.6)  Scout_R:   -69.2  Cmdr_R:  -806.7  Scout:100% Cmdr:98%  scout:[survived=120] cmdr:[survived=88 boundary=2] refills=285  NN_dec=2840/2970  fire: peak=540 final=532 supp=9 ext=29.7  77.5s
   Cmdr reward breakdown: r_extinguish=+135.000  r_water_waste=-3.933  r_water_near=+0.000  r_fire_out=+0.000  r_spread=-227.310
   Water drops: 668 total, 405 hit, 263 miss (61% accuracy)  alt=40m [12-77]  dist=47m [2-101]
   FW shaping: surv=+0.0 bound=+0.0 alt_pen=+0.0 approach=-91.5 alt_shape=+256.6  avg_dist_scout=340m
   [SCOUT DIAG] ratio: 1.0000+/-0.0000 [1.0000,1.0000] | adv: -0.0815+/-1.1132 | alive=30000/30000
   [CMDR  DIAG] ratio: 1.0103+/-0.1274 [0.5626,2.5915] | adv: 0.1098+/-0.9223 | alive=675/726 | bc_coef=0.000
17:05:24 | Batch 0912 (Ep 27356) | R:   -872.1 (  -874.0)  Scout_R:    +2.5  Cmdr_R:  -874.6  Scout:100% Cmdr:96%  scout:[survived=120] cmdr:[survived=85 boundary=5] refills=259  NN_dec=2829/2970  fire: peak=476 final=455 supp=21 ext=36.1  74.2s
   Cmdr reward breakdown: r_extinguish=+153.000  r_water_waste=-4.183  r_water_near=+0.000  r_fire_out=+0.000  r_spread=-197.580
   Water drops: 731 total, 459 hit, 272 miss (63% accuracy)  alt=43m [18-79]  dist=46m [5-102]
   FW shaping: surv=+0.0 bound=+0.0 alt_pen=+0.0 approach=-38.7 alt_shape=+307.0  avg_dist_scout=332m
   [SCOUT DIAG] ratio: 1.0000+/-0.0000 [1.0000,1.0000] | adv: 0.0005+/-0.9085 | alive=30000/30000
   [CMDR  DIAG] ratio: 1.0014+/-0.1196 [0.4925,1.7139] | adv: 0.1215+/-0.8241 | alive=699/726 | bc_coef=0.000
17:07:01 | Batch 0913 (Ep 27386) | R:   -380.6 (  -626.4)  Scout_R:   +20.4  Cmdr_R:  -401.0  Scout:100% Cmdr:97%  scout:[survived=120] cmdr:[survived=87 boundary=3] refills=348  NN_dec=2815/2970  fire: peak=365 final=344 supp=20 ext=34.6  78.2s
   Cmdr reward breakdown: r_extinguish=+165.000  r_water_waste=-6.117  r_water_near=+0.000  r_fire_out=+0.000  r_spread=-160.815
   Water drops: 896 total, 495 hit, 401 miss (55% accuracy)  alt=41m [13-79]  dist=45m [4-92]
   FW shaping: surv=+0.0 bound=+0.0 alt_pen=+0.0 approach=-26.6 alt_shape=+311.0  avg_dist_scout=316m
   [SCOUT DIAG] ratio: 1.0000+/-0.0000 [1.0000,1.0000] | adv: -0.0167+/-0.9136 | alive=30000/30000
   [CMDR  DIAG] ratio: 1.0017+/-0.1302 [0.1719,2.0886] | adv: 0.2415+/-0.3855 | alive=709/726 | bc_coef=0.000
                                                                                                                     Worker failed: Cannot load URDF file.
   1/15 workers failed this batch
17:08:32 | Batch 0914 (Ep 27414) | R:   -588.3 (  -473.3)  Scout_R:   +56.7  Cmdr_R:  -645.0  Scout:100% Cmdr:96%  scout:[survived=112] cmdr:[survived=80 boundary=4] refills=374  NN_dec=2541/2772  fire: peak=395 final=383 supp=13 ext=41.5  72.2s
   Cmdr reward breakdown: r_extinguish=+182.500  r_water_waste=-5.393  r_water_near=+0.000  r_fire_out=+0.000  r_spread=-169.205
   Water drops: 843 total, 511 hit, 332 miss (61% accuracy)  alt=42m [9-79]  dist=44m [2-107]
   FW shaping: surv=+0.0 bound=+0.0 alt_pen=+0.0 approach=-73.6 alt_shape=+293.3  avg_dist_scout=314m
   [SCOUT DIAG] ratio: 1.0000+/-0.0000 [1.0000,1.0000] | adv: 0.0255+/-1.0795 | alive=28000/28000
   [CMDR  DIAG] ratio: 1.0063+/-0.1258 [0.3108,1.9063] | adv: 0.1058+/-0.9024 | alive=691/693 | bc_coef=0.000
17:10:06 | Batch 0915 (Ep 27444) | R:   -327.7 (  -532.2)  Scout_R:  +158.7  Cmdr_R:  -486.5  Scout:100% Cmdr:89%  scout:[survived=120] cmdr:[survived=78 boundary=12] refills=403  NN_dec=2582/2970  fire: peak=378 final=354 supp=23 ext=39.7  76.7s
   Cmdr reward breakdown: r_extinguish=+192.000  r_water_waste=-6.267  r_water_near=+0.000  r_fire_out=+0.000  r_spread=-148.250
   Water drops: 983 total, 576 hit, 407 miss (59% accuracy)  alt=42m [13-79]  dist=43m [2-101]
   FW shaping: surv=+0.0 bound=+0.0 alt_pen=+0.0 approach=-91.5 alt_shape=+288.1  avg_dist_scout=304m
   [SCOUT DIAG] ratio: 1.0000+/-0.0000 [1.0000,1.0000] | adv: 0.0508+/-0.8684 | alive=30000/30000
   [CMDR  DIAG] ratio: 1.0208+/-0.2639 [0.0868,5.6425] | adv: 0.0163+/-1.1304 | alive=667/726 | bc_coef=0.000
17:11:40 | Batch 0916 (Ep 27474) | R:   -378.2 (  -353.0)  Scout_R:   +60.2  Cmdr_R:  -438.4  Scout:100% Cmdr:96%  scout:[survived=120] cmdr:[survived=86 boundary=4] refills=382  NN_dec=2710/2970  fire: peak=357 final=338 supp=19 ext=38.6  75.4s
   Cmdr reward breakdown: r_extinguish=+162.333  r_water_waste=-6.083  r_water_near=+0.000  r_fire_out=+0.000  r_spread=-157.840
   Water drops: 878 total, 487 hit, 391 miss (55% accuracy)  alt=42m [13-79]  dist=43m [2-110]
   FW shaping: surv=+0.0 bound=+0.0 alt_pen=+0.0 approach=-44.5 alt_shape=+323.1  avg_dist_scout=276m
   [SCOUT DIAG] ratio: 1.0000+/-0.0000 [1.0000,1.0000] | adv: -0.0080+/-0.9784 | alive=30000/30000
   [CMDR  DIAG] ratio: 1.0064+/-0.1234 [0.3245,1.8152] | adv: 0.2245+/-0.2981 | alive=631/726 | bc_coef=0.000
17:13:16 | Batch 0917 (Ep 27504) | R:   -963.9 (  -671.0)  Scout_R:   +47.6  Cmdr_R: -1011.5  Scout:100% Cmdr:96%  scout:[survived=120] cmdr:[survived=85 boundary=5] refills=305  NN_dec=2819/2970  fire: peak=436 final=415 supp=21 ext=36.3  78.0s
   Cmdr reward breakdown: r_extinguish=+147.000  r_water_waste=-6.600  r_water_near=+0.000  r_fire_out=+0.000  r_spread=-175.900
   Water drops: 871 total, 441 hit, 430 miss (51% accuracy)  alt=43m [15-79]  dist=47m [4-93]
   FW shaping: surv=+0.0 bound=+0.0 alt_pen=+0.0 approach=-95.9 alt_shape=+297.5  avg_dist_scout=357m
   [SCOUT DIAG] ratio: 1.0000+/-0.0000 [1.0000,1.0000] | adv: -0.1096+/-1.0616 | alive=30000/30000
   [CMDR  DIAG] ratio: 1.0126+/-0.1290 [0.5843,2.1558] | adv: -0.0943+/-1.0119 | alive=655/726 | bc_coef=0.000
17:14:53 | Batch 0918 (Ep 27534) | R:   -400.5 (  -682.2)  Scout_R:   +80.7  Cmdr_R:  -481.2  Scout:100% Cmdr:97%  scout:[survived=120] cmdr:[survived=87 boundary=3] refills=341  NN_dec=2840/2970  fire: peak=356 final=328 supp=28 ext=32.4  78.2s
   Cmdr reward breakdown: r_extinguish=+160.333  r_water_waste=-5.417  r_water_near=+0.000  r_fire_out=+0.000  r_spread=-151.900
   Water drops: 835 total, 481 hit, 354 miss (58% accuracy)  alt=43m [14-80]  dist=44m [4-100]
   FW shaping: surv=+0.0 bound=+0.0 alt_pen=+0.0 approach=-9.7 alt_shape=+329.6  avg_dist_scout=300m
   [SCOUT DIAG] ratio: 1.0000+/-0.0000 [1.0000,1.0000] | adv: -0.0032+/-1.0726 | alive=30000/30000
   [CMDR  DIAG] ratio: 1.0127+/-0.2284 [0.0490,5.2299] | adv: 0.1221+/-0.6686 | alive=703/726 | bc_coef=0.000
17:16:24 | Batch 0919 (Ep 27564) | R:   -373.9 (  -387.2)  Scout_R:   +53.0  Cmdr_R:  -427.0  Scout:100% Cmdr:97%  scout:[survived=120] cmdr:[survived=87 boundary=3] refills=380  NN_dec=2777/2970  fire: peak=300 final=269 supp=31 ext=36.6  73.2s
   Cmdr reward breakdown: r_extinguish=+174.333  r_water_waste=-6.583  r_water_near=+0.000  r_fire_out=+0.000  r_spread=-128.980
   Water drops: 950 total, 523 hit, 427 miss (55% accuracy)  alt=40m [16-79]  dist=44m [3-99]
   FW shaping: surv=+0.0 bound=+0.0 alt_pen=+0.0 approach=-16.8 alt_shape=+307.7  avg_dist_scout=296m
   [SCOUT DIAG] ratio: 1.0000+/-0.0000 [1.0000,1.0000] | adv: -0.0651+/-1.0215 | alive=30000/30000
   [CMDR  DIAG] ratio: 0.9936+/-0.1245 [0.5503,1.8163] | adv: 0.1167+/-0.5598 | alive=638/726 | bc_coef=0.000
17:17:59 | Batch 0920 (Ep 27594) | R:   -993.6 (  -683.8)  Scout_R:   +71.3  Cmdr_R: -1064.9  Scout:100% Cmdr:95%  scout:[survived=120] cmdr:[survived=84 boundary=6] refills=244  NN_dec=2753/2970  fire: peak=471 final=457 supp=13 ext=28.8  75.9s
   Cmdr reward breakdown: r_extinguish=+131.667  r_water_waste=-3.700  r_water_near=+0.000  r_fire_out=+0.000  r_spread=-182.195
   Water drops: 643 total, 395 hit, 248 miss (61% accuracy)  alt=40m [12-79]  dist=42m [4-98]
   FW shaping: surv=+0.0 bound=+0.0 alt_pen=+0.0 approach=-89.2 alt_shape=+227.5  avg_dist_scout=364m
   [SCOUT DIAG] ratio: 1.0000+/-0.0000 [1.0000,1.0000] | adv: -0.2604+/-1.2662 | alive=30000/30000
   [CMDR  DIAG] ratio: 1.0103+/-0.1577 [0.3196,2.0863] | adv: -0.1946+/-1.0731 | alive=624/726 | bc_coef=0.000
17:19:48 | Batch 0921 (Ep 27624) | R:   -667.6 (  -830.6)  Scout_R:  +212.1  Cmdr_R:  -879.7  Scout:100% Cmdr:97%  scout:[survived=120] cmdr:[survived=87 boundary=3] refills=326  NN_dec=2802/2970  fire: peak=412 final=390 supp=21 ext=34.7  79.7s
   Cmdr reward breakdown: r_extinguish=+159.667  r_water_waste=-5.017  r_water_near=+0.000  r_fire_out=+0.000  r_spread=-176.345
   Water drops: 804 total, 479 hit, 325 miss (60% accuracy)  alt=43m [15-80]  dist=44m [4-102]
   FW shaping: surv=+0.0 bound=+0.0 alt_pen=+0.0 approach=-52.3 alt_shape=+266.8  avg_dist_scout=329m
   [SCOUT DIAG] ratio: 1.0000+/-0.0000 [1.0000,1.0000] | adv: -0.0146+/-0.8327 | alive=30000/30000
   [CMDR  DIAG] ratio: 1.0097+/-0.1517 [0.2021,2.2319] | adv: 0.1894+/-0.6877 | alive=723/726 | bc_coef=0.000
17:21:23 | Batch 0922 (Ep 27654) | R:   -697.5 (  -682.5)  Scout_R:   -77.7  Cmdr_R:  -619.8  Scout:100% Cmdr:97%  scout:[survived=120] cmdr:[survived=87 boundary=3] refills=389  NN_dec=2822/2970  fire: peak=372 final=361 supp=10 ext=35.1  76.3s
   Cmdr reward breakdown: r_extinguish=+152.667  r_water_waste=-5.817  r_water_near=+0.000  r_fire_out=+0.000  r_spread=-155.400
   Water drops: 845 total, 458 hit, 387 miss (54% accuracy)  alt=39m [15-79]  dist=45m [1-111]
   FW shaping: surv=+0.0 bound=+0.0 alt_pen=+0.0 approach=-56.2 alt_shape=+277.3  avg_dist_scout=329m
   [SCOUT DIAG] ratio: 1.0000+/-0.0000 [1.0000,1.0000] | adv: 0.2328+/-0.7511 | alive=30000/30000
   [CMDR  DIAG] ratio: 1.0088+/-0.1267 [0.1197,1.9097] | adv: 0.3204+/-0.1571 | alive=719/726 | bc_coef=0.000
17:23:03 | Batch 0923 (Ep 27684) | R:   -472.5 (  -585.0)  Scout_R:  +108.2  Cmdr_R:  -580.7  Scout:100% Cmdr:96%  scout:[survived=120] cmdr:[survived=86 boundary=4] refills=412  NN_dec=2719/2970  fire: peak=358 final=335 supp=23 ext=34.8  80.0s
   Cmdr reward breakdown: r_extinguish=+156.333  r_water_waste=-5.800  r_water_near=+0.000  r_fire_out=+5.000  r_spread=-156.085
   Water drops: 849 total, 469 hit, 380 miss (55% accuracy)  alt=44m [14-80]  dist=46m [5-103]
   FW shaping: surv=+0.0 bound=+0.0 alt_pen=+0.0 approach=-32.5 alt_shape=+276.0  avg_dist_scout=332m
   [SCOUT DIAG] ratio: 1.0000+/-0.0000 [1.0000,1.0000] | adv: 0.0519+/-0.9369 | alive=30000/30000
   [CMDR  DIAG] ratio: 1.0137+/-0.1448 [0.4264,2.2781] | adv: 0.3208+/-0.2756 | alive=629/726 | bc_coef=0.000
17:24:46 | Batch 0924 (Ep 27714) | R:   -603.7 (  -538.1)  Scout_R:  +104.4  Cmdr_R:  -708.1  Scout:100% Cmdr:96%  scout:[survived=120] cmdr:[survived=86 boundary=4] refills=306  NN_dec=2832/2970  fire: peak=456 final=423 supp=33 ext=38.5  84.3s
   Cmdr reward breakdown: r_extinguish=+168.000  r_water_waste=-6.017  r_water_near=+0.000  r_fire_out=+5.000  r_spread=-184.775
   Water drops: 895 total, 504 hit, 391 miss (56% accuracy)  alt=43m [20-79]  dist=42m [3-112]
   FW shaping: surv=+0.0 bound=+0.0 alt_pen=+0.0 approach=-27.9 alt_shape=+294.4  avg_dist_scout=332m
   [SCOUT DIAG] ratio: 1.0000+/-0.0000 [1.0000,1.0000] | adv: 0.1385+/-0.8101 | alive=30000/30000
   [CMDR  DIAG] ratio: 1.0030+/-0.1185 [0.0287,1.8420] | adv: 0.0367+/-0.8377 | alive=721/726 | bc_coef=0.000
17:26:24 | Batch 0925 (Ep 27744) | R:   -614.8 (  -609.2)  Scout_R:   +17.1  Cmdr_R:  -631.8  Scout:100% Cmdr:96%  scout:[survived=120] cmdr:[survived=85 boundary=5] refills=544  NN_dec=2667/2970  fire: peak=505 final=501 supp=4 ext=30.1  78.3s
   Cmdr reward breakdown: r_extinguish=+133.000  r_water_waste=-6.083  r_water_near=+0.000  r_fire_out=+0.000  r_spread=-201.180
   Water drops: 792 total, 399 hit, 393 miss (50% accuracy)  alt=41m [11-79]  dist=46m [5-119]
   FW shaping: surv=+0.0 bound=+0.0 alt_pen=+0.0 approach=-74.2 alt_shape=+264.1  avg_dist_scout=349m
   [SCOUT DIAG] ratio: 1.0000+/-0.0000 [1.0000,1.0000] | adv: -0.0709+/-0.9898 | alive=30000/30000
   [CMDR  DIAG] ratio: 1.0182+/-0.1876 [0.4666,4.5775] | adv: 0.2433+/-0.2206 | alive=674/726 | bc_coef=0.000
17:28:02 | Batch 0926 (Ep 27774) | R:   -430.9 (  -522.8)  Scout_R:   +67.0  Cmdr_R:  -497.9  Scout:100% Cmdr:99%  scout:[survived=120] cmdr:[survived=89 boundary=1] refills=378  NN_dec=2875/2970  fire: peak=403 final=380 supp=24 ext=36.1  79.6s
   Cmdr reward breakdown: r_extinguish=+175.000  r_water_waste=-7.133  r_water_near=+0.000  r_fire_out=+0.000  r_spread=-175.930
   Water drops: 995 total, 525 hit, 470 miss (53% accuracy)  alt=39m [13-79]  dist=45m [4-109]
   FW shaping: surv=+0.0 bound=+0.0 alt_pen=+0.0 approach=-50.5 alt_shape=+286.4  avg_dist_scout=353m
   [SCOUT DIAG] ratio: 1.0000+/-0.0000 [1.0000,1.0000] | adv: -0.0292+/-0.9358 | alive=30000/30000
   [CMDR  DIAG] ratio: 1.0097+/-0.1568 [0.4214,2.7797] | adv: 0.2578+/-0.2099 | alive=719/726 | bc_coef=0.000
17:29:31 | Batch 0927 (Ep 27804) | R:   -407.1 (  -419.0)  Scout_R:   -62.7  Cmdr_R:  -344.4  Scout:100% Cmdr:98%  scout:[survived=120] cmdr:[survived=87 boundary=2 ground_crash=1] refills=300  NN_dec=2899/2970  fire: peak=303 final=275 supp=28 ext=39.4  71.4s
   Cmdr reward breakdown: r_extinguish=+175.333  r_water_waste=-4.933  r_water_near=+0.000  r_fire_out=+10.000  r_spread=-138.930
   Water drops: 852 total, 526 hit, 326 miss (62% accuracy)  alt=42m [16-80]  dist=42m [0-98]
   FW shaping: surv=+0.0 bound=+0.0 alt_pen=+0.0 approach=-32.5 alt_shape=+333.6  avg_dist_scout=295m
   [SCOUT DIAG] ratio: 1.0000+/-0.0000 [1.0000,1.0000] | adv: 0.1620+/-0.7215 | alive=30000/30000
   [CMDR  DIAG] ratio: 0.9953+/-0.1570 [0.4205,2.5592] | adv: -0.3078+/-1.2543 | alive=708/726 | bc_coef=0.000
17:31:04 | Batch 0928 (Ep 27834) | R:  -1042.3 (  -724.7)  Scout_R:   -58.0  Cmdr_R:  -984.3  Scout:100% Cmdr:97%  scout:[survived=120] cmdr:[survived=87 boundary=3] refills=436  NN_dec=2755/2970  fire: peak=393 final=378 supp=15 ext=35.5  74.3s
   Cmdr reward breakdown: r_extinguish=+159.667  r_water_waste=-5.450  r_water_near=+0.000  r_fire_out=+0.000  r_spread=-168.880
   Water drops: 831 total, 479 hit, 352 miss (58% accuracy)  alt=46m [14-79]  dist=46m [2-98]
   FW shaping: surv=+0.0 bound=+0.0 alt_pen=+0.0 approach=-80.3 alt_shape=+267.0  avg_dist_scout=349m
   [SCOUT DIAG] ratio: 1.0000+/-0.0000 [1.0000,1.0000] | adv: -0.0324+/-0.9681 | alive=30000/30000
   [CMDR  DIAG] ratio: 1.0051+/-0.1735 [0.0912,2.3454] | adv: -0.0635+/-0.9811 | alive=702/726 | bc_coef=0.000
17:32:42 | Batch 0929 (Ep 27864) | R:   -241.8 (  -642.1)  Scout_R:  +150.6  Cmdr_R:  -392.4  Scout:100% Cmdr:99%  scout:[survived=120] cmdr:[survived=89 boundary=1] refills=358  NN_dec=2876/2970  fire: peak=414 final=389 supp=26 ext=39.1  80.3s
   Cmdr reward breakdown: r_extinguish=+192.333  r_water_waste=-7.283  r_water_near=+0.000  r_fire_out=+5.000  r_spread=-178.920
   Water drops: 1055 total, 577 hit, 478 miss (55% accuracy)  alt=44m [4-80]  dist=45m [8-98]
   FW shaping: surv=+0.0 bound=+0.0 alt_pen=+0.0 approach=-3.9 alt_shape=+306.2  avg_dist_scout=307m
   [SCOUT DIAG] ratio: 1.0000+/-0.0000 [1.0000,1.0000] | adv: -0.1866+/-1.1908 | alive=30000/30000
   [CMDR  DIAG] ratio: 1.0090+/-0.1425 [0.3855,1.9043] | adv: 0.0710+/-0.9639 | alive=665/726 | bc_coef=0.000
17:34:21 | Batch 0930 (Ep 27894) | R:   -630.9 (  -436.3)  Scout_R:   -76.7  Cmdr_R:  -554.2  Scout:100% Cmdr:99%  scout:[survived=120] cmdr:[survived=89 boundary=1] refills=273  NN_dec=2900/2970  fire: peak=536 final=526 supp=10 ext=39.8  80.1s
   Cmdr reward breakdown: r_extinguish=+159.000  r_water_waste=-5.483  r_water_near=+0.000  r_fire_out=+0.000  r_spread=-233.820
   Water drops: 832 total, 477 hit, 355 miss (57% accuracy)  alt=45m [16-79]  dist=45m [3-137]
   FW shaping: surv=+0.0 bound=+0.0 alt_pen=+0.0 approach=-52.6 alt_shape=+357.4  avg_dist_scout=291m
   [SCOUT DIAG] ratio: 1.0000+/-0.0000 [1.0000,1.0000] | adv: 0.0136+/-1.0493 | alive=30000/30000
   [CMDR  DIAG] ratio: 1.0099+/-0.1759 [0.1265,2.3989] | adv: 0.1860+/-0.5283 | alive=721/726 | bc_coef=0.000
17:36:06 | Batch 0931 (Ep 27924) | R:   -522.7 (  -576.8)  Scout_R:   +75.3  Cmdr_R:  -598.0  Scout:100% Cmdr:96%  scout:[survived=120] cmdr:[survived=85 boundary=5] refills=393  NN_dec=2780/2970  fire: peak=433 final=405 supp=28 ext=37.3  75.6s
   Cmdr reward breakdown: r_extinguish=+176.333  r_water_waste=-5.967  r_water_near=+0.000  r_fire_out=+0.000  r_spread=-185.385
   Water drops: 916 total, 529 hit, 387 miss (58% accuracy)  alt=45m [5-79]  dist=44m [2-105]
   FW shaping: surv=+0.0 bound=+0.0 alt_pen=+0.0 approach=-44.6 alt_shape=+320.9  avg_dist_scout=300m
   [SCOUT DIAG] ratio: 1.0000+/-0.0000 [1.0000,1.0000] | adv: -0.2343+/-1.2641 | alive=30000/30000
   [CMDR  DIAG] ratio: 1.0044+/-0.2085 [0.1814,4.0372] | adv: -0.4502+/-1.5851 | alive=684/726 | bc_coef=0.000
17:37:37 | Batch 0932 (Ep 27954) | R:   -523.4 (  -523.1)  Scout_R:   +93.3  Cmdr_R:  -616.8  Scout:100% Cmdr:95%  scout:[survived=120] cmdr:[survived=84 boundary=6] refills=367  NN_dec=2757/2970  fire: peak=350 final=333 supp=17 ext=31.1  73.1s
   Cmdr reward breakdown: r_extinguish=+157.667  r_water_waste=-6.533  r_water_near=+0.000  r_fire_out=+0.000  r_spread=-139.755
   Water drops: 901 total, 473 hit, 428 miss (52% accuracy)  alt=40m [13-80]  dist=43m [4-93]
   FW shaping: surv=+0.0 bound=+0.0 alt_pen=+0.0 approach=-28.7 alt_shape=+288.9  avg_dist_scout=305m
   [SCOUT DIAG] ratio: 1.0000+/-0.0000 [1.0000,1.0000] | adv: -0.0907+/-1.0721 | alive=30000/30000
   [CMDR  DIAG] ratio: 0.9959+/-0.2000 [0.3089,4.3837] | adv: -0.3327+/-1.3962 | alive=712/726 | bc_coef=0.000
17:39:09 | Batch 0933 (Ep 27984) | R:   -913.7 (  -718.6)  Scout_R:   -56.5  Cmdr_R:  -857.2  Scout:100% Cmdr:98%  scout:[survived=120] cmdr:[survived=88 boundary=2] refills=384  NN_dec=2892/2970  fire: peak=439 final=416 supp=23 ext=46.2  73.5s
   Cmdr reward breakdown: r_extinguish=+216.000  r_water_waste=-6.683  r_water_near=+0.000  r_fire_out=+0.000  r_spread=-198.100
   Water drops: 1076 total, 648 hit, 428 miss (60% accuracy)  alt=44m [17-79]  dist=46m [1-116]
   FW shaping: surv=+0.0 bound=+0.0 alt_pen=+0.0 approach=-32.1 alt_shape=+330.9  avg_dist_scout=311m
   [SCOUT DIAG] ratio: 1.0000+/-0.0000 [1.0000,1.0000] | adv: -0.2555+/-1.2027 | alive=30000/30000
   [CMDR  DIAG] ratio: 0.9934+/-0.1414 [0.1360,1.9922] | adv: -0.0041+/-0.9243 | alive=721/726 | bc_coef=0.000
17:40:37 | Batch 0934 (Ep 28014) | R:   -729.3 (  -821.5)  Scout_R:   -17.5  Cmdr_R:  -711.8  Scout:100% Cmdr:93%  scout:[survived=120] cmdr:[survived=82 boundary=8] refills=341  NN_dec=2716/2970  fire: peak=309 final=286 supp=23 ext=36.2  69.9s
   Cmdr reward breakdown: r_extinguish=+182.000  r_water_waste=-6.050  r_water_near=+0.000  r_fire_out=+5.000  r_spread=-134.915
   Water drops: 935 total, 546 hit, 389 miss (58% accuracy)  alt=42m [6-80]  dist=43m [1-95]
   FW shaping: surv=+0.0 bound=+0.0 alt_pen=+0.0 approach=-68.3 alt_shape=+286.3  avg_dist_scout=324m
   [SCOUT DIAG] ratio: 1.0000+/-0.0000 [1.0000,1.0000] | adv: -0.0615+/-0.9915 | alive=30000/30000
   [CMDR  DIAG] ratio: 0.9752+/-0.1454 [0.3818,1.7934] | adv: -0.5545+/-1.5560 | alive=642/726 | bc_coef=0.000
17:42:10 | Batch 0935 (Ep 28044) | R:  -1032.5 (  -880.9)  Scout_R:   -96.9  Cmdr_R:  -935.6  Scout:100% Cmdr:94%  scout:[survived=120] cmdr:[survived=83 boundary=7] refills=334  NN_dec=2706/2970  fire: peak=487 final=463 supp=23 ext=29.4  74.8s
   Cmdr reward breakdown: r_extinguish=+122.333  r_water_waste=-5.033  r_water_near=+0.000  r_fire_out=+0.000  r_spread=-193.960
   Water drops: 690 total, 367 hit, 323 miss (53% accuracy)  alt=43m [15-79]  dist=46m [2-99]
   FW shaping: surv=+0.0 bound=+0.0 alt_pen=+0.0 approach=-108.2 alt_shape=+271.0  avg_dist_scout=343m
   [SCOUT DIAG] ratio: 1.0000+/-0.0000 [1.0000,1.0000] | adv: -0.1323+/-0.9663 | alive=30000/30000
   [CMDR  DIAG] ratio: 0.9909+/-0.1779 [0.3596,2.5458] | adv: -0.1906+/-1.3090 | alive=682/726 | bc_coef=0.000
17:43:43 | Batch 0936 (Ep 28074) | R:   -769.8 (  -901.1)  Scout_R:    -8.2  Cmdr_R:  -761.6  Scout:100% Cmdr:97%  scout:[survived=120] cmdr:[survived=86 boundary=4] refills=327  NN_dec=2790/2970  fire: peak=450 final=431 supp=19 ext=37.9  74.9s
   Cmdr reward breakdown: r_extinguish=+153.333  r_water_waste=-4.767  r_water_near=+0.000  r_fire_out=+0.000  r_spread=-188.785
   Water drops: 767 total, 460 hit, 307 miss (60% accuracy)  alt=41m [11-79]  dist=43m [4-94]
   FW shaping: surv=+0.0 bound=+0.0 alt_pen=+0.0 approach=-65.1 alt_shape=+301.4  avg_dist_scout=312m
   [SCOUT DIAG] ratio: 1.0000+/-0.0000 [1.0000,1.0000] | adv: -0.0139+/-1.1213 | alive=30000/30000
   [CMDR  DIAG] ratio: 1.0121+/-0.1946 [0.5065,4.2310] | adv: 0.1356+/-1.0937 | alive=696/726 | bc_coef=0.000
17:45:19 | Batch 0937 (Ep 28104) | R:   -864.5 (  -817.1)  Scout_R:   -65.4  Cmdr_R:  -799.1  Scout:100% Cmdr:97%  scout:[survived=120] cmdr:[survived=86 boundary=4] refills=291  NN_dec=2842/2970  fire: peak=370 final=347 supp=23 ext=30.1  77.3s
   Cmdr reward breakdown: r_extinguish=+159.667  r_water_waste=-5.000  r_water_near=+0.000  r_fire_out=+0.000  r_spread=-152.135
   Water drops: 806 total, 479 hit, 327 miss (59% accuracy)  alt=41m [15-79]  dist=46m [2-93]
   FW shaping: surv=+0.0 bound=+0.0 alt_pen=+0.0 approach=-28.8 alt_shape=+292.4  avg_dist_scout=354m
   [SCOUT DIAG] ratio: 1.0000+/-0.0000 [1.0000,1.0000] | adv: -0.0496+/-1.0313 | alive=30000/30000
   [CMDR  DIAG] ratio: 1.0086+/-0.1383 [0.4937,2.4248] | adv: 0.2325+/-0.7872 | alive=700/726 | bc_coef=0.000
17:46:51 | Batch 0938 (Ep 28134) | R:   -381.4 (  -622.9)  Scout_R:  +191.7  Cmdr_R:  -573.0  Scout:100% Cmdr:94%  scout:[survived=120] cmdr:[survived=83 boundary=7] refills=321  NN_dec=2697/2970  fire: peak=381 final=366 supp=15 ext=36.9  74.1s
   Cmdr reward breakdown: r_extinguish=+157.333  r_water_waste=-5.750  r_water_near=+0.000  r_fire_out=+0.000  r_spread=-155.575
   Water drops: 841 total, 472 hit, 369 miss (56% accuracy)  alt=42m [13-79]  dist=43m [6-105]
   FW shaping: surv=+0.0 bound=+0.0 alt_pen=+0.0 approach=-63.6 alt_shape=+293.4  avg_dist_scout=309m
   [SCOUT DIAG] ratio: 1.0000+/-0.0000 [1.0000,1.0000] | adv: -0.0100+/-1.0744 | alive=30000/30000
   [CMDR  DIAG] ratio: 1.0117+/-0.1401 [0.2751,1.8487] | adv: 0.0514+/-0.9457 | alive=672/726 | bc_coef=0.000
17:48:26 | Batch 0939 (Ep 28164) | R:   -337.4 (  -359.4)  Scout_R:   +45.0  Cmdr_R:  -382.4  Scout:100% Cmdr:96%  scout:[survived=120] cmdr:[survived=86 boundary=4] refills=334  NN_dec=2816/2970  fire: peak=323 final=307 supp=16 ext=36.8  76.1s
   Cmdr reward breakdown: r_extinguish=+167.000  r_water_waste=-6.983  r_water_near=+0.000  r_fire_out=+0.000  r_spread=-145.125
   Water drops: 959 total, 501 hit, 458 miss (52% accuracy)  alt=40m [18-80]  dist=46m [2-104]
   FW shaping: surv=+0.0 bound=+0.0 alt_pen=+0.0 approach=+3.0 alt_shape=+325.0  avg_dist_scout=293m
   [SCOUT DIAG] ratio: 1.0000+/-0.0000 [1.0000,1.0000] | adv: -0.0986+/-1.0804 | alive=30000/30000
   [CMDR  DIAG] ratio: 0.9798+/-0.2020 [0.0472,2.1746] | adv: -0.3322+/-1.7033 | alive=641/726 | bc_coef=0.000
17:50:00 | Batch 0940 (Ep 28194) | R:   -767.9 (  -552.7)  Scout_R:   +31.9  Cmdr_R:  -799.8  Scout:100% Cmdr:97%  scout:[survived=120] cmdr:[survived=87 boundary=3] refills=210  NN_dec=2875/2970  fire: peak=347 final=323 supp=24 ext=29.9  75.9s
   Cmdr reward breakdown: r_extinguish=+134.667  r_water_waste=-4.083  r_water_near=+0.000  r_fire_out=+5.000  r_spread=-149.280
   Water drops: 669 total, 404 hit, 265 miss (60% accuracy)  alt=45m [23-79]  dist=45m [3-95]
   FW shaping: surv=+0.0 bound=+0.0 alt_pen=+0.0 approach=-62.3 alt_shape=+284.3  avg_dist_scout=353m
   [SCOUT DIAG] ratio: 1.0000+/-0.0000 [1.0000,1.0000] | adv: 0.1262+/-0.9072 | alive=30000/30000
   [CMDR  DIAG] ratio: 1.0160+/-0.1918 [0.1922,3.7136] | adv: 0.0366+/-0.9062 | alive=726/726 | bc_coef=0.000
17:51:48 | Batch 0941 (Ep 28224) | R:   -316.5 (  -542.2)  Scout_R:   +43.6  Cmdr_R:  -360.1  Scout:100% Cmdr:97%  scout:[survived=120] cmdr:[survived=87 boundary=3] refills=414  NN_dec=2797/2970  fire: peak=404 final=381 supp=23 ext=47.0  79.3s
   Cmdr reward breakdown: r_extinguish=+223.667  r_water_waste=-6.250  r_water_near=+0.000  r_fire_out=+0.000  r_spread=-186.500
   Water drops: 1079 total, 671 hit, 408 miss (62% accuracy)  alt=43m [17-79]  dist=45m [4-136]
   FW shaping: surv=+0.0 bound=+0.0 alt_pen=+0.0 approach=-10.2 alt_shape=+335.4  avg_dist_scout=295m
   [SCOUT DIAG] ratio: 1.0000+/-0.0000 [1.0000,1.0000] | adv: -0.0941+/-1.1048 | alive=30000/30000
   [CMDR  DIAG] ratio: 1.0064+/-0.1982 [0.1377,2.9660] | adv: 0.1539+/-0.7518 | alive=708/726 | bc_coef=0.000
17:53:19 | Batch 0942 (Ep 28254) | R:   -990.6 (  -653.6)  Scout_R:  -254.3  Cmdr_R:  -736.3  Scout:100% Cmdr:95%  scout:[survived=120] cmdr:[survived=84 boundary=6] refills=374  NN_dec=2733/2970  fire: peak=411 final=398 supp=14 ext=30.6  72.6s
   Cmdr reward breakdown: r_extinguish=+160.667  r_water_waste=-7.550  r_water_near=+0.000  r_fire_out=+0.000  r_spread=-166.710
   Water drops: 970 total, 482 hit, 488 miss (50% accuracy)  alt=45m [11-80]  dist=46m [8-94]
   FW shaping: surv=+0.0 bound=+0.0 alt_pen=+0.0 approach=-72.3 alt_shape=+324.0  avg_dist_scout=288m
   [SCOUT DIAG] ratio: 1.0000+/-0.0000 [1.0000,1.0000] | adv: -0.0301+/-0.9550 | alive=30000/30000
   [CMDR  DIAG] ratio: 1.0144+/-0.1403 [0.3354,2.0160] | adv: 0.2825+/-0.3094 | alive=661/726 | bc_coef=0.000
17:54:56 | Batch 0943 (Ep 28284) | R:  -1040.7 ( -1015.7)  Scout_R:  -179.4  Cmdr_R:  -861.3  Scout:100% Cmdr:98%  scout:[survived=120] cmdr:[survived=88 boundary=2] refills=362  NN_dec=2851/2970  fire: peak=374 final=355 supp=19 ext=35.3  77.9s
   Cmdr reward breakdown: r_extinguish=+141.667  r_water_waste=-4.450  r_water_near=+0.000  r_fire_out=+0.000  r_spread=-169.160
   Water drops: 715 total, 425 hit, 290 miss (59% accuracy)  alt=43m [16-80]  dist=48m [1-131]
   FW shaping: surv=+0.0 bound=+0.0 alt_pen=+0.0 approach=-68.0 alt_shape=+281.0  avg_dist_scout=362m
   [SCOUT DIAG] ratio: 1.0000+/-0.0000 [1.0000,1.0000] | adv: 0.1499+/-0.7107 | alive=30000/30000
   [CMDR  DIAG] ratio: 1.0049+/-0.2351 [0.2584,4.2126] | adv: 0.0275+/-0.6730 | alive=725/726 | bc_coef=0.000
17:56:31 | Batch 0944 (Ep 28314) | R:   -524.7 (  -782.7)  Scout_R:  +147.9  Cmdr_R:  -672.6  Scout:100% Cmdr:99%  scout:[survived=120] cmdr:[survived=89 boundary=1] refills=439  NN_dec=2902/2970  fire: peak=400 final=370 supp=29 ext=43.4  77.5s
   Cmdr reward breakdown: r_extinguish=+221.667  r_water_waste=-5.850  r_water_near=+0.000  r_fire_out=+0.000  r_spread=-186.960
   Water drops: 1051 total, 665 hit, 386 miss (63% accuracy)  alt=44m [16-80]  dist=45m [1-103]
   FW shaping: surv=+0.0 bound=+0.0 alt_pen=+0.0 approach=-0.3 alt_shape=+351.5  avg_dist_scout=301m
   [SCOUT DIAG] ratio: 1.0000+/-0.0000 [1.0000,1.0000] | adv: -0.1381+/-1.0343 | alive=30000/30000
   [CMDR  DIAG] ratio: 1.0152+/-0.1955 [0.3773,3.9553] | adv: 0.1812+/-0.7866 | alive=716/726 | bc_coef=0.000
17:58:55 | Batch 0945 (Ep 28344) | R:   -586.0 (  -555.4)  Scout_R:   +90.5  Cmdr_R:  -676.6  Scout:100% Cmdr:95%  scout:[survived=120] cmdr:[survived=85 boundary=5] refills=361  NN_dec=2710/2970  fire: peak=449 final=425 supp=24 ext=32.0  125.0s
   Cmdr reward breakdown: r_extinguish=+156.000  r_water_waste=-5.583  r_water_near=+0.000  r_fire_out=+0.000  r_spread=-182.580
   Water drops: 834 total, 468 hit, 366 miss (56% accuracy)  alt=43m [10-79]  dist=44m [2-102]
   FW shaping: surv=+0.0 bound=+0.0 alt_pen=+0.0 approach=-51.2 alt_shape=+254.7  avg_dist_scout=345m
   [SCOUT DIAG] ratio: 1.0000+/-0.0000 [1.0000,1.0000] | adv: -0.0139+/-0.9765 | alive=30000/30000
   [CMDR  DIAG] ratio: 1.0055+/-0.1903 [0.2905,3.6070] | adv: -0.3154+/-1.4423 | alive=651/726 | bc_coef=0.000
18:01:32 | Batch 0946 (Ep 28374) | R:   -633.7 (  -609.9)  Scout_R:   +71.3  Cmdr_R:  -705.0  Scout:100% Cmdr:93%  scout:[survived=120] cmdr:[survived=82 boundary=8] refills=338  NN_dec=2701/2970  fire: peak=399 final=383 supp=16 ext=33.7  127.5s
   Cmdr reward breakdown: r_extinguish=+166.333  r_water_waste=-5.717  r_water_near=+0.000  r_fire_out=+0.000  r_spread=-158.285
   Water drops: 865 total, 499 hit, 366 miss (58% accuracy)  alt=43m [18-79]  dist=48m [4-197]
   FW shaping: surv=+0.0 bound=+0.0 alt_pen=+0.0 approach=-69.3 alt_shape=+291.7  avg_dist_scout=321m
   [SCOUT DIAG] ratio: 1.0000+/-0.0000 [1.0000,1.0000] | adv: 0.0801+/-0.9721 | alive=30000/30000
   [CMDR  DIAG] ratio: 1.0114+/-0.3054 [0.0581,6.4904] | adv: -0.0340+/-1.0095 | alive=704/726 | bc_coef=0.000
18:04:10 | Batch 0947 (Ep 28404) | R:  -1117.9 (  -875.8)  Scout_R:   -94.3  Cmdr_R: -1023.6  Scout:100% Cmdr:97%  scout:[survived=120] cmdr:[survived=87 boundary=3] refills=271  NN_dec=2811/2970  fire: peak=459 final=434 supp=24 ext=37.3  127.9s
   Cmdr reward breakdown: r_extinguish=+143.667  r_water_waste=-3.600  r_water_near=+0.000  r_fire_out=+0.000  r_spread=-191.710
   Water drops: 669 total, 431 hit, 238 miss (64% accuracy)  alt=47m [21-80]  dist=45m [1-97]
   FW shaping: surv=+0.0 bound=+0.0 alt_pen=+0.0 approach=-86.3 alt_shape=+270.3  avg_dist_scout=357m
   [SCOUT DIAG] ratio: 1.0000+/-0.0000 [1.0000,1.0000] | adv: -0.1340+/-0.9729 | alive=30000/30000
   [CMDR  DIAG] ratio: 1.0200+/-0.2988 [0.1580,7.1462] | adv: 0.0035+/-0.9193 | alive=671/726 | bc_coef=0.000
18:07:00 | Batch 0948 (Ep 28434) | R:   -506.5 (  -812.2)  Scout_R:   -22.4  Cmdr_R:  -484.1  Scout:100% Cmdr:99%  scout:[survived=120] cmdr:[survived=88 boundary=2] refills=287  NN_dec=2910/2970  fire: peak=403 final=385 supp=18 ext=40.1  135.5s
   Cmdr reward breakdown: r_extinguish=+169.333  r_water_waste=-6.317  r_water_near=+0.000  r_fire_out=+0.000  r_spread=-181.045
   Water drops: 913 total, 508 hit, 405 miss (56% accuracy)  alt=44m [15-80]  dist=45m [1-173]
   FW shaping: surv=+0.0 bound=+0.0 alt_pen=+0.0 approach=-39.4 alt_shape=+331.3  avg_dist_scout=309m
   [SCOUT DIAG] ratio: 1.0000+/-0.0000 [1.0000,1.0000] | adv: -0.1520+/-1.0165 | alive=30000/30000
   [CMDR  DIAG] ratio: 0.9989+/-0.2093 [0.0462,3.8789] | adv: -0.0281+/-1.1443 | alive=700/726 | bc_coef=0.000
18:09:38 | Batch 0949 (Ep 28464) | R:   -677.6 (  -592.0)  Scout_R:   -50.8  Cmdr_R:  -626.7  Scout:100% Cmdr:96%  scout:[survived=120] cmdr:[survived=86 boundary=4] refills=322  NN_dec=2812/2970  fire: peak=400 final=377 supp=22 ext=34.7  129.0s
   Cmdr reward breakdown: r_extinguish=+162.667  r_water_waste=-5.633  r_water_near=+0.000  r_fire_out=+0.000  r_spread=-168.605
   Water drops: 848 total, 488 hit, 360 miss (58% accuracy)  alt=42m [13-80]  dist=45m [3-97]
   FW shaping: surv=+0.0 bound=+0.0 alt_pen=+0.0 approach=-22.0 alt_shape=+343.8  avg_dist_scout=300m
   [SCOUT DIAG] ratio: 1.0000+/-0.0000 [1.0000,1.0000] | adv: -0.1326+/-1.1617 | alive=30000/30000
   [CMDR  DIAG] ratio: 0.9921+/-0.2218 [0.1503,3.1355] | adv: -0.4149+/-1.5182 | alive=697/726 | bc_coef=0.000
18:12:10 | Batch 0950 (Ep 28494) | R:   -544.0 (  -610.8)  Scout_R:   -59.5  Cmdr_R:  -484.5  Scout:100% Cmdr:96%  scout:[survived=120] cmdr:[survived=86 boundary=4] refills=471  NN_dec=2745/2970  fire: peak=352 final=316 supp=36 ext=46.8  121.9s
   Cmdr reward breakdown: r_extinguish=+220.333  r_water_waste=-6.633  r_water_near=+0.000  r_fire_out=+5.000  r_spread=-158.300
   Water drops: 1091 total, 661 hit, 430 miss (61% accuracy)  alt=43m [9-79]  dist=43m [2-94]
   FW shaping: surv=+0.0 bound=+0.0 alt_pen=+0.0 approach=-45.5 alt_shape=+344.3  avg_dist_scout=302m
   [SCOUT DIAG] ratio: 1.0000+/-0.0000 [1.0000,1.0000] | adv: -0.0206+/-0.9151 | alive=30000/30000
   [CMDR  DIAG] ratio: 1.0236+/-0.1992 [0.1473,3.2478] | adv: 0.3403+/-0.1496 | alive=705/726 | bc_coef=0.000
18:15:18 | Batch 0951 (Ep 28524) | R:   -807.6 (  -675.8)  Scout_R:   -13.4  Cmdr_R:  -794.2  Scout:100% Cmdr:95%  scout:[survived=120] cmdr:[survived=84 boundary=6] refills=473  NN_dec=2708/2970  fire: peak=354 final=323 supp=30 ext=48.7  133.6s
   Cmdr reward breakdown: r_extinguish=+202.333  r_water_waste=-6.583  r_water_near=+0.000  r_fire_out=+0.000  r_spread=-160.285
   Water drops: 1045 total, 607 hit, 438 miss (58% accuracy)  alt=43m [16-78]  dist=45m [1-111]
   FW shaping: surv=+0.0 bound=+0.0 alt_pen=+0.0 approach=-72.2 alt_shape=+309.3  avg_dist_scout=328m
   [SCOUT DIAG] ratio: 1.0000+/-0.0000 [1.0000,1.0000] | adv: 0.0535+/-0.9187 | alive=30000/30000
   [CMDR  DIAG] ratio: 1.0016+/-0.1787 [0.1950,2.3656] | adv: -0.0003+/-0.9689 | alive=638/726 | bc_coef=0.000
18:17:59 | Batch 0952 (Ep 28554) | R:   -567.1 (  -687.4)  Scout_R:   -21.8  Cmdr_R:  -545.3  Scout:100% Cmdr:94%  scout:[survived=120] cmdr:[survived=84 boundary=6] refills=414  NN_dec=2620/2970  fire: peak=436 final=423 supp=13 ext=31.4  126.4s
   Cmdr reward breakdown: r_extinguish=+155.000  r_water_waste=-4.700  r_water_near=+0.000  r_fire_out=+0.000  r_spread=-170.085
   Water drops: 768 total, 465 hit, 303 miss (61% accuracy)  alt=45m [21-80]  dist=43m [1-101]
   FW shaping: surv=+0.0 bound=+0.0 alt_pen=+0.0 approach=-67.6 alt_shape=+277.1  avg_dist_scout=306m
   [SCOUT DIAG] ratio: 1.0000+/-0.0000 [1.0000,1.0000] | adv: 0.0768+/-0.9235 | alive=30000/30000
   [CMDR  DIAG] ratio: 1.0060+/-0.2396 [0.0799,3.4817] | adv: -0.0369+/-0.7714 | alive=661/726 | bc_coef=0.000
18:20:31 | Batch 0953 (Ep 28584) | R:   -994.9 (  -781.0)  Scout_R:  -167.6  Cmdr_R:  -827.3  Scout:100% Cmdr:98%  scout:[survived=120] cmdr:[survived=88 boundary=2] refills=223  NN_dec=2898/2970  fire: peak=479 final=464 supp=15 ext=23.9  122.0s
   Cmdr reward breakdown: r_extinguish=+121.000  r_water_waste=-3.700  r_water_near=+0.000  r_fire_out=+0.000  r_spread=-197.555
   Water drops: 602 total, 363 hit, 239 miss (60% accuracy)  alt=43m [14-79]  dist=44m [3-93]
   FW shaping: surv=+0.0 bound=+0.0 alt_pen=+0.0 approach=-47.7 alt_shape=+293.6  avg_dist_scout=311m
   [SCOUT DIAG] ratio: 1.0000+/-0.0000 [1.0000,1.0000] | adv: -0.0838+/-0.9833 | alive=30000/30000
   [CMDR  DIAG] ratio: 1.0068+/-0.1688 [0.1702,2.7639] | adv: 0.0453+/-1.0428 | alive=724/726 | bc_coef=0.000
18:23:09 | Batch 0954 (Ep 28614) | R:   -687.6 (  -841.2)  Scout_R:   +15.1  Cmdr_R:  -702.6  Scout:100% Cmdr:92%  scout:[survived=120] cmdr:[survived=81 boundary=8 ground_crash=1] refills=305  NN_dec=2699/2970  fire: peak=478 final=464 supp=14 ext=32.9  129.5s
   Cmdr reward breakdown: r_extinguish=+145.333  r_water_waste=-4.317  r_water_near=+0.000  r_fire_out=+5.000  r_spread=-194.150
   Water drops: 713 total, 436 hit, 277 miss (61% accuracy)  alt=44m [18-80]  dist=42m [3-89]
   FW shaping: surv=+0.0 bound=+0.0 alt_pen=+0.0 approach=-67.9 alt_shape=+244.3  avg_dist_scout=349m
   [SCOUT DIAG] ratio: 1.0000+/-0.0000 [1.0000,1.0000] | adv: -0.1138+/-1.0161 | alive=30000/30000
   [CMDR  DIAG] ratio: 0.9867+/-0.1765 [0.3233,1.9670] | adv: -0.3303+/-1.4001 | alive=644/726 | bc_coef=0.000
18:25:52 | Batch 0955 (Ep 28644) | R:   -413.4 (  -550.5)  Scout_R:  +100.9  Cmdr_R:  -514.3  Scout:100% Cmdr:99%  scout:[survived=120] cmdr:[survived=89 boundary=1] refills=420  NN_dec=2824/2970  fire: peak=399 final=384 supp=15 ext=30.5  132.7s
   Cmdr reward breakdown: r_extinguish=+145.000  r_water_waste=-5.100  r_water_near=+0.000  r_fire_out=+0.000  r_spread=-170.190
   Water drops: 767 total, 435 hit, 332 miss (57% accuracy)  alt=42m [12-79]  dist=46m [6-88]
   FW shaping: surv=+0.0 bound=+0.0 alt_pen=+0.0 approach=-33.3 alt_shape=+277.8  avg_dist_scout=329m
   [SCOUT DIAG] ratio: 1.0000+/-0.0000 [1.0000,1.0000] | adv: -0.2578+/-1.3481 | alive=30000/30000
   [CMDR  DIAG] ratio: 0.9908+/-0.1802 [0.3168,2.3888] | adv: -0.2929+/-1.4161 | alive=693/726 | bc_coef=0.000
18:28:28 | Batch 0956 (Ep 28674) | R:   -827.9 (  -620.6)  Scout_R:   -50.6  Cmdr_R:  -777.3  Scout:100% Cmdr:96%  scout:[survived=120] cmdr:[survived=85 boundary=5] refills=414  NN_dec=2749/2970  fire: peak=413 final=401 supp=13 ext=33.9  124.8s
   Cmdr reward breakdown: r_extinguish=+157.000  r_water_waste=-5.883  r_water_near=+0.000  r_fire_out=+0.000  r_spread=-178.490
   Water drops: 850 total, 471 hit, 379 miss (55% accuracy)  alt=44m [9-80]  dist=49m [2-104]
   FW shaping: surv=+0.0 bound=+0.0 alt_pen=+0.0 approach=-38.7 alt_shape=+312.6  avg_dist_scout=305m
   [SCOUT DIAG] ratio: 1.0000+/-0.0000 [1.0000,1.0000] | adv: 0.0700+/-0.9670 | alive=30000/30000
   [CMDR  DIAG] ratio: 1.0210+/-0.2920 [0.3072,7.1973] | adv: 0.1233+/-0.9120 | alive=619/726 | bc_coef=0.000
18:31:12 | Batch 0957 (Ep 28704) | R:   -989.1 (  -908.5)  Scout_R:   +62.3  Cmdr_R: -1051.4  Scout:100% Cmdr:97%  scout:[survived=120] cmdr:[survived=87 boundary=3] refills=388  NN_dec=2773/2970  fire: peak=404 final=380 supp=24 ext=38.2  131.0s
   Cmdr reward breakdown: r_extinguish=+180.000  r_water_waste=-5.983  r_water_near=+0.000  r_fire_out=+0.000  r_spread=-179.485
   Water drops: 922 total, 540 hit, 382 miss (59% accuracy)  alt=43m [11-76]  dist=44m [2-107]
   FW shaping: surv=+0.0 bound=+0.0 alt_pen=+0.0 approach=-76.8 alt_shape=+301.3  avg_dist_scout=331m
   [SCOUT DIAG] ratio: 1.0000+/-0.0000 [1.0000,1.0000] | adv: 0.0371+/-0.9497 | alive=30000/30000
   [CMDR  DIAG] ratio: 1.0043+/-0.1683 [0.4301,2.2257] | adv: -0.0215+/-1.0848 | alive=655/726 | bc_coef=0.000
18:33:53 | Batch 0958 (Ep 28734) | R:   -778.7 (  -883.9)  Scout_R:    +0.8  Cmdr_R:  -779.6  Scout:100% Cmdr:97%  scout:[survived=120] cmdr:[survived=87 boundary=3] refills=405  NN_dec=2802/2970  fire: peak=389 final=370 supp=19 ext=37.3  128.9s
   Cmdr reward breakdown: r_extinguish=+172.667  r_water_waste=-6.133  r_water_near=+0.000  r_fire_out=+0.000  r_spread=-166.210
   Water drops: 911 total, 518 hit, 393 miss (57% accuracy)  alt=42m [20-79]  dist=43m [4-109]
   FW shaping: surv=+0.0 bound=+0.0 alt_pen=+0.0 approach=-71.9 alt_shape=+305.8  avg_dist_scout=307m
   [SCOUT DIAG] ratio: 1.0000+/-0.0000 [1.0000,1.0000] | adv: 0.0368+/-0.9400 | alive=30000/30000
   [CMDR  DIAG] ratio: 1.0060+/-0.1725 [0.4046,2.7047] | adv: -0.0176+/-0.9962 | alive=698/726 | bc_coef=0.000
18:36:33 | Batch 0959 (Ep 28764) | R:   -641.2 (  -710.0)  Scout_R:   -71.6  Cmdr_R:  -569.6  Scout:100% Cmdr:97%  scout:[survived=120] cmdr:[survived=86 boundary=4] refills=333  NN_dec=2784/2970  fire: peak=468 final=449 supp=19 ext=36.5  131.1s
   Cmdr reward breakdown: r_extinguish=+168.000  r_water_waste=-4.383  r_water_near=+0.000  r_fire_out=+0.000  r_spread=-199.135
   Water drops: 789 total, 504 hit, 285 miss (64% accuracy)  alt=45m [7-80]  dist=44m [7-100]
   FW shaping: surv=+0.0 bound=+0.0 alt_pen=+0.0 approach=-45.9 alt_shape=+319.2  avg_dist_scout=289m
   [SCOUT DIAG] ratio: 1.0000+/-0.0000 [1.0000,1.0000] | adv: -0.3035+/-1.2335 | alive=30000/30000
   [CMDR  DIAG] ratio: 1.0184+/-0.1622 [0.2680,1.9964] | adv: -0.0631+/-1.3342 | alive=695/726 | bc_coef=0.000
18:38:58 | Batch 0960 (Ep 28794) | R:   -919.7 (  -780.4)  Scout_R:    -6.4  Cmdr_R:  -913.3  Scout:100% Cmdr:93%  scout:[survived=120] cmdr:[survived=81 boundary=9] refills=398  NN_dec=2588/2970  fire: peak=304 final=280 supp=24 ext=35.0  121.9s
   Cmdr reward breakdown: r_extinguish=+170.667  r_water_waste=-5.600  r_water_near=+0.000  r_fire_out=+5.000  r_spread=-129.060
   Water drops: 879 total, 512 hit, 367 miss (58% accuracy)  alt=45m [19-80]  dist=44m [6-95]
   FW shaping: surv=+0.0 bound=+0.0 alt_pen=+0.0 approach=-75.9 alt_shape=+273.1  avg_dist_scout=335m
   [SCOUT DIAG] ratio: 1.0000+/-0.0000 [1.0000,1.0000] | adv: -0.0514+/-0.9686 | alive=30000/30000
   [CMDR  DIAG] ratio: 1.0014+/-0.1591 [0.2939,2.0322] | adv: 0.0461+/-0.9481 | alive=573/726 | bc_coef=0.000
18:41:53 | Batch 0961 (Ep 28824) | R:   -515.0 (  -717.3)  Scout_R:   -13.0  Cmdr_R:  -502.0  Scout:100% Cmdr:96%  scout:[survived=120] cmdr:[survived=85 boundary=5] refills=387  NN_dec=2711/2970  fire: peak=480 final=463 supp=17 ext=37.4  130.8s
   Cmdr reward breakdown: r_extinguish=+176.667  r_water_waste=-5.483  r_water_near=+0.000  r_fire_out=+0.000  r_spread=-191.560
   Water drops: 879 total, 530 hit, 349 miss (60% accuracy)  alt=45m [20-79]  dist=45m [1-114]
   FW shaping: surv=+0.0 bound=+0.0 alt_pen=+0.0 approach=-33.3 alt_shape=+310.5  avg_dist_scout=308m
   [SCOUT DIAG] ratio: 1.0000+/-0.0000 [1.0000,1.0000] | adv: -0.0557+/-0.9759 | alive=30000/30000
   [CMDR  DIAG] ratio: 1.0059+/-0.1803 [0.1344,3.0916] | adv: -0.2252+/-1.3835 | alive=652/726 | bc_coef=0.000
18:44:31 | Batch 0962 (Ep 28854) | R:   -468.8 (  -491.9)  Scout_R:   +30.3  Cmdr_R:  -499.1  Scout:100% Cmdr:93%  scout:[survived=120] cmdr:[survived=82 boundary=8] refills=347  NN_dec=2693/2970  fire: peak=494 final=487 supp=8 ext=37.3  130.0s
   Cmdr reward breakdown: r_extinguish=+170.000  r_water_waste=-6.183  r_water_near=+0.000  r_fire_out=+0.000  r_spread=-189.265
   Water drops: 911 total, 510 hit, 401 miss (56% accuracy)  alt=42m [11-80]  dist=44m [1-115]
   FW shaping: surv=+0.0 bound=+0.0 alt_pen=+0.0 approach=-47.9 alt_shape=+329.6  avg_dist_scout=274m
   [SCOUT DIAG] ratio: 1.0000+/-0.0000 [1.0000,1.0000] | adv: -0.0014+/-1.0056 | alive=30000/30000
   [CMDR  DIAG] ratio: 0.9916+/-0.1524 [0.0459,2.2172] | adv: -0.6617+/-1.8204 | alive=616/726 | bc_coef=0.000
18:47:12 | Batch 0963 (Ep 28884) | R:   -432.5 (  -450.6)  Scout_R:   -22.1  Cmdr_R:  -410.4  Scout:100% Cmdr:96%  scout:[survived=120] cmdr:[survived=86 boundary=4] refills=423  NN_dec=2817/2970  fire: peak=386 final=372 supp=14 ext=45.4  131.2s
   Cmdr reward breakdown: r_extinguish=+208.333  r_water_waste=-7.267  r_water_near=+0.000  r_fire_out=+0.000  r_spread=-164.970
   Water drops: 1097 total, 625 hit, 472 miss (57% accuracy)  alt=44m [10-80]  dist=44m [5-108]
   FW shaping: surv=+0.0 bound=+0.0 alt_pen=+0.0 approach=-36.5 alt_shape=+367.8  avg_dist_scout=275m
   [SCOUT DIAG] ratio: 1.0000+/-0.0000 [1.0000,1.0000] | adv: -0.0682+/-1.0698 | alive=30000/30000
   [CMDR  DIAG] ratio: 1.0165+/-0.1622 [0.1936,2.1966] | adv: 0.2624+/-0.2538 | alive=623/726 | bc_coef=0.000
18:49:54 | Batch 0964 (Ep 28914) | R:   -276.0 (  -354.3)  Scout_R:   +20.4  Cmdr_R:  -296.4  Scout:100% Cmdr:98%  scout:[survived=120] cmdr:[survived=88 boundary=2] refills=284  NN_dec=2889/2970  fire: peak=430 final=405 supp=26 ext=31.7  130.3s
   Cmdr reward breakdown: r_extinguish=+144.333  r_water_waste=-4.633  r_water_near=+0.000  r_fire_out=+5.000  r_spread=-181.640
   Water drops: 732 total, 433 hit, 299 miss (59% accuracy)  alt=46m [17-80]  dist=44m [0-92]
   FW shaping: surv=+0.0 bound=+0.0 alt_pen=+0.0 approach=-50.0 alt_shape=+333.8  avg_dist_scout=293m
   [SCOUT DIAG] ratio: 1.0000+/-0.0000 [1.0000,1.0000] | adv: -0.0275+/-0.9712 | alive=30000/30000
   [CMDR  DIAG] ratio: 1.0096+/-0.1671 [0.4970,2.8429] | adv: 0.2091+/-0.2679 | alive=716/726 | bc_coef=0.000
18:52:34 | Batch 0965 (Ep 28944) | R:   -881.0 (  -578.5)  Scout_R:   +56.0  Cmdr_R:  -937.0  Scout:100% Cmdr:98%  scout:[survived=120] cmdr:[survived=88 boundary=2] refills=249  NN_dec=2868/2970  fire: peak=415 final=399 supp=15 ext=33.0  129.3s
   Cmdr reward breakdown: r_extinguish=+149.000  r_water_waste=-5.033  r_water_near=+0.000  r_fire_out=+0.000  r_spread=-179.835
   Water drops: 769 total, 447 hit, 322 miss (58% accuracy)  alt=45m [25-80]  dist=45m [3-133]
   FW shaping: surv=+0.0 bound=+0.0 alt_pen=+0.0 approach=-34.9 alt_shape=+285.0  avg_dist_scout=340m
   [SCOUT DIAG] ratio: 1.0000+/-0.0000 [1.0000,1.0000] | adv: 0.1026+/-0.8401 | alive=30000/30000
   [CMDR  DIAG] ratio: 0.9885+/-0.1831 [0.1575,1.9483] | adv: -0.0552+/-0.9990 | alive=702/726 | bc_coef=0.000
18:55:10 | Batch 0966 (Ep 28974) | R:   -667.3 (  -774.2)  Scout_R:   +73.7  Cmdr_R:  -741.0  Scout:100% Cmdr:98%  scout:[survived=120] cmdr:[survived=88 boundary=2] refills=338  NN_dec=2841/2970  fire: peak=448 final=433 supp=15 ext=34.9  124.9s
   Cmdr reward breakdown: r_extinguish=+154.000  r_water_waste=-4.833  r_water_near=+0.000  r_fire_out=+5.000  r_spread=-187.960
   Water drops: 774 total, 462 hit, 312 miss (60% accuracy)  alt=46m [16-79]  dist=44m [1-93]
   FW shaping: surv=+0.0 bound=+0.0 alt_pen=+0.0 approach=-71.0 alt_shape=+294.3  avg_dist_scout=325m
   [SCOUT DIAG] ratio: 1.0000+/-0.0000 [1.0000,1.0000] | adv: 0.0521+/-0.9002 | alive=30000/30000
   [CMDR  DIAG] ratio: 1.0041+/-0.1766 [0.3738,3.2361] | adv: -0.2631+/-1.3243 | alive=724/726 | bc_coef=0.000
18:57:46 | Batch 0967 (Ep 29004) | R:   -601.4 (  -634.4)  Scout_R:  +107.4  Cmdr_R:  -708.8  Scout:100% Cmdr:96%  scout:[survived=120] cmdr:[survived=85 boundary=5] refills=366  NN_dec=2791/2970  fire: peak=474 final=456 supp=18 ext=34.8  125.8s
   Cmdr reward breakdown: r_extinguish=+171.000  r_water_waste=-5.983  r_water_near=+0.000  r_fire_out=+0.000  r_spread=-193.940
   Water drops: 906 total, 513 hit, 393 miss (57% accuracy)  alt=43m [20-80]  dist=45m [1-102]
   FW shaping: surv=+0.0 bound=+0.0 alt_pen=+0.0 approach=-43.8 alt_shape=+326.0  avg_dist_scout=294m
   [SCOUT DIAG] ratio: 1.0000+/-0.0000 [1.0000,1.0000] | adv: -0.1183+/-1.0990 | alive=30000/30000
   [CMDR  DIAG] ratio: 1.0061+/-0.1752 [0.2987,2.3156] | adv: -0.0379+/-1.2367 | alive=697/726 | bc_coef=0.000
19:00:19 | Batch 0968 (Ep 29034) | R:   -919.9 (  -760.6)  Scout_R:   -92.6  Cmdr_R:  -827.3  Scout:100% Cmdr:96%  scout:[survived=120] cmdr:[survived=85 boundary=5] refills=289  NN_dec=2790/2970  fire: peak=425 final=408 supp=17 ext=35.4  123.0s
   Cmdr reward breakdown: r_extinguish=+154.000  r_water_waste=-4.517  r_water_near=+0.000  r_fire_out=+0.000  r_spread=-186.350
   Water drops: 755 total, 462 hit, 293 miss (61% accuracy)  alt=43m [17-80]  dist=44m [1-94]
   FW shaping: surv=+0.0 bound=+0.0 alt_pen=+0.0 approach=-35.1 alt_shape=+319.2  avg_dist_scout=310m
   [SCOUT DIAG] ratio: 1.0000+/-0.0000 [1.0000,1.0000] | adv: 0.0481+/-0.9573 | alive=30000/30000
   [CMDR  DIAG] ratio: 1.0255+/-0.1893 [0.3469,3.4564] | adv: 0.2962+/-0.4384 | alive=706/726 | bc_coef=0.000
19:03:02 | Batch 0969 (Ep 29064) | R:   -934.2 (  -927.0)  Scout_R:   -57.3  Cmdr_R:  -876.9  Scout:100% Cmdr:96%  scout:[survived=120] cmdr:[survived=85 boundary=5] refills=250  NN_dec=2782/2970  fire: peak=435 final=420 supp=14 ext=27.7  127.8s
   Cmdr reward breakdown: r_extinguish=+109.667  r_water_waste=-2.967  r_water_near=+0.000  r_fire_out=+5.000  r_spread=-167.985
   Water drops: 524 total, 329 hit, 195 miss (63% accuracy)  alt=41m [16-75]  dist=48m [4-95]
   FW shaping: surv=+0.0 bound=+0.0 alt_pen=+0.0 approach=-74.4 alt_shape=+213.7  avg_dist_scout=369m
   [SCOUT DIAG] ratio: 1.0000+/-0.0000 [1.0000,1.0000] | adv: -0.2837+/-1.2490 | alive=30000/30000
   [CMDR  DIAG] ratio: 1.0025+/-0.1390 [0.4112,1.7928] | adv: -0.0877+/-1.1553 | alive=646/726 | bc_coef=0.000
19:05:45 | Batch 0970 (Ep 29094) | R:   -648.4 (  -791.3)  Scout_R:   +12.2  Cmdr_R:  -660.6  Scout:100% Cmdr:98%  scout:[survived=120] cmdr:[survived=87 boundary=3] refills=490  NN_dec=2786/2970  fire: peak=431 final=404 supp=27 ext=42.1  132.9s
   Cmdr reward breakdown: r_extinguish=+203.000  r_water_waste=-6.483  r_water_near=+0.000  r_fire_out=+0.000  r_spread=-187.825
   Water drops: 1038 total, 609 hit, 429 miss (59% accuracy)  alt=44m [14-80]  dist=47m [6-105]
   FW shaping: surv=+0.0 bound=+0.0 alt_pen=+0.0 approach=-59.4 alt_shape=+349.2  avg_dist_scout=310m
   [SCOUT DIAG] ratio: 1.0000+/-0.0000 [1.0000,1.0000] | adv: -0.1123+/-1.2277 | alive=30000/30000
   [CMDR  DIAG] ratio: 1.0147+/-0.1928 [0.2144,3.6562] | adv: 0.0484+/-1.0759 | alive=696/726 | bc_coef=0.000
19:08:52 | Batch 0971 (Ep 29124) | R:   -256.6 (  -452.5)  Scout_R:   +46.6  Cmdr_R:  -303.2  Scout:100% Cmdr:97%  scout:[survived=120] cmdr:[survived=87 boundary=3] refills=518  NN_dec=2787/2970  fire: peak=330 final=307 supp=23 ext=48.5  128.9s
   Cmdr reward breakdown: r_extinguish=+226.667  r_water_waste=-7.933  r_water_near=+0.000  r_fire_out=+0.000  r_spread=-152.685
   Water drops: 1200 total, 680 hit, 520 miss (57% accuracy)  alt=43m [15-79]  dist=44m [2-91]
   FW shaping: surv=+0.0 bound=+0.0 alt_pen=+0.0 approach=-15.2 alt_shape=+377.0  avg_dist_scout=276m
   [SCOUT DIAG] ratio: 1.0000+/-0.0000 [1.0000,1.0000] | adv: -0.0490+/-0.9928 | alive=30000/30000
   [CMDR  DIAG] ratio: 1.0100+/-0.1400 [0.5271,2.7327] | adv: 0.1697+/-0.2957 | alive=689/726 | bc_coef=0.000
19:10:25 | Batch 0972 (Ep 29154) | R:   -714.3 (  -485.5)  Scout_R:   +14.8  Cmdr_R:  -729.1  Scout:100% Cmdr:95%  scout:[survived=120] cmdr:[survived=84 boundary=6] refills=389  NN_dec=2706/2970  fire: peak=431 final=412 supp=19 ext=30.2  74.5s
   Cmdr reward breakdown: r_extinguish=+153.333  r_water_waste=-5.417  r_water_near=+0.000  r_fire_out=+0.000  r_spread=-169.660
   Water drops: 808 total, 460 hit, 348 miss (57% accuracy)  alt=43m [10-80]  dist=45m [3-94]
   FW shaping: surv=+0.0 bound=+0.0 alt_pen=+0.0 approach=-67.3 alt_shape=+268.7  avg_dist_scout=316m
   [SCOUT DIAG] ratio: 1.0000+/-0.0000 [1.0000,1.0000] | adv: -0.0183+/-1.0068 | alive=30000/30000
   [CMDR  DIAG] ratio: 0.9944+/-0.1627 [0.3195,2.1422] | adv: -0.2868+/-1.1771 | alive=621/726 | bc_coef=0.000
19:11:57 | Batch 0973 (Ep 29184) | R:   -944.7 (  -829.5)  Scout_R:  -167.2  Cmdr_R:  -777.5  Scout:100% Cmdr:98%  scout:[survived=120] cmdr:[survived=88 boundary=2] refills=347  NN_dec=2863/2970  fire: peak=478 final=459 supp=19 ext=34.4  73.6s
   Cmdr reward breakdown: r_extinguish=+167.333  r_water_waste=-6.883  r_water_near=+0.000  r_fire_out=+0.000  r_spread=-203.715
   Water drops: 950 total, 502 hit, 448 miss (53% accuracy)  alt=42m [18-80]  dist=47m [0-134]
   FW shaping: surv=+0.0 bound=+0.0 alt_pen=+0.0 approach=-37.3 alt_shape=+335.0  avg_dist_scout=303m
   [SCOUT DIAG] ratio: 1.0000+/-0.0000 [1.0000,1.0000] | adv: -0.0141+/-0.8743 | alive=30000/30000
   [CMDR  DIAG] ratio: 0.9983+/-0.1311 [0.3548,1.9648] | adv: 0.1459+/-0.5572 | alive=698/726 | bc_coef=0.000
19:13:33 | Batch 0974 (Ep 29214) | R:  -1190.6 ( -1067.7)  Scout_R:  -279.7  Cmdr_R:  -910.9  Scout:100% Cmdr:96%  scout:[survived=120] cmdr:[survived=85 boundary=4 ground_crash=1] refills=343  NN_dec=2802/2970  fire: peak=474 final=459 supp=16 ext=32.7  78.3s
   Cmdr reward breakdown: r_extinguish=+143.333  r_water_waste=-4.867  r_water_near=+0.000  r_fire_out=+0.000  r_spread=-197.735
   Water drops: 745 total, 430 hit, 315 miss (58% accuracy)  alt=43m [11-78]  dist=48m [2-145]
   FW shaping: surv=+0.0 bound=+0.0 alt_pen=+0.0 approach=-34.5 alt_shape=+297.3  avg_dist_scout=316m
   [SCOUT DIAG] ratio: 1.0000+/-0.0000 [1.0000,1.0000] | adv: 0.0321+/-0.9706 | alive=30000/30000
   [CMDR  DIAG] ratio: 0.9994+/-0.1626 [0.2406,2.5139] | adv: -0.0285+/-0.8509 | alive=718/726 | bc_coef=0.000
19:15:05 | Batch 0975 (Ep 29244) | R:   -452.8 (  -821.7)  Scout_R:   +55.7  Cmdr_R:  -508.5  Scout:100% Cmdr:97%  scout:[survived=120] cmdr:[survived=87 boundary=3] refills=266  NN_dec=2841/2970  fire: peak=379 final=363 supp=16 ext=29.8  73.8s
   Cmdr reward breakdown: r_extinguish=+148.000  r_water_waste=-5.367  r_water_near=+0.000  r_fire_out=+5.000  r_spread=-162.595
   Water drops: 784 total, 444 hit, 340 miss (57% accuracy)  alt=43m [21-79]  dist=44m [3-90]
   FW shaping: surv=+0.0 bound=+0.0 alt_pen=+0.0 approach=-8.2 alt_shape=+362.7  avg_dist_scout=329m
   [SCOUT DIAG] ratio: 1.0000+/-0.0000 [1.0000,1.0000] | adv: -0.1378+/-0.9857 | alive=30000/30000
   [CMDR  DIAG] ratio: 1.0064+/-0.1943 [0.2899,2.8956] | adv: 0.0362+/-0.9282 | alive=674/726 | bc_coef=0.000
19:16:38 | Batch 0976 (Ep 29274) | R:   -981.3 (  -717.0)  Scout_R:   -50.1  Cmdr_R:  -931.1  Scout:100% Cmdr:97%  scout:[survived=120] cmdr:[survived=86 boundary=4] refills=405  NN_dec=2731/2970  fire: peak=287 final=257 supp=30 ext=27.8  74.4s
   Cmdr reward breakdown: r_extinguish=+133.000  r_water_waste=-5.683  r_water_near=+0.000  r_fire_out=+0.000  r_spread=-118.600
   Water drops: 767 total, 399 hit, 368 miss (52% accuracy)  alt=39m [17-80]  dist=44m [7-87]
   FW shaping: surv=+0.0 bound=+0.0 alt_pen=+0.0 approach=-54.3 alt_shape=+276.2  avg_dist_scout=351m
   [SCOUT DIAG] ratio: 1.0000+/-0.0000 [1.0000,1.0000] | adv: 0.1392+/-0.8041 | alive=30000/30000
   [CMDR  DIAG] ratio: 1.0119+/-0.1614 [0.4290,1.9982] | adv: 0.2452+/-0.5456 | alive=686/726 | bc_coef=0.000
19:18:10 | Batch 0977 (Ep 29304) | R:  -1380.3 ( -1180.8)  Scout_R:   -91.1  Cmdr_R: -1289.2  Scout:100% Cmdr:95%  scout:[survived=120] cmdr:[survived=84 boundary=6] refills=262  NN_dec=2742/2970  fire: peak=398 final=379 supp=18 ext=28.0  73.9s
   Cmdr reward breakdown: r_extinguish=+133.000  r_water_waste=-5.400  r_water_near=+0.000  r_fire_out=+0.000  r_spread=-159.480
   Water drops: 749 total, 399 hit, 350 miss (53% accuracy)  alt=42m [14-79]  dist=43m [4-94]
   FW shaping: surv=+0.0 bound=+0.0 alt_pen=+0.0 approach=-92.9 alt_shape=+228.5  avg_dist_scout=371m
   [SCOUT DIAG] ratio: 1.0000+/-0.0000 [1.0000,1.0000] | adv: 0.0299+/-1.0123 | alive=30000/30000
   [CMDR  DIAG] ratio: 1.0067+/-0.1285 [0.5286,2.0317] | adv: 0.1880+/-0.7532 | alive=716/726 | bc_coef=0.000
19:19:43 | Batch 0978 (Ep 29334) | R:   -703.2 ( -1041.8)  Scout_R:    -4.1  Cmdr_R:  -699.1  Scout:100% Cmdr:97%  scout:[survived=120] cmdr:[survived=86 boundary=3 ground_crash=1] refills=261  NN_dec=2868/2970  fire: peak=364 final=343 supp=21 ext=34.9  74.9s
   Cmdr reward breakdown: r_extinguish=+146.667  r_water_waste=-4.450  r_water_near=+0.000  r_fire_out=+0.000  r_spread=-155.805
   Water drops: 730 total, 440 hit, 290 miss (60% accuracy)  alt=42m [15-80]  dist=42m [3-112]
   FW shaping: surv=+0.0 bound=+0.0 alt_pen=+0.0 approach=-39.4 alt_shape=+303.0  avg_dist_scout=328m
   [SCOUT DIAG] ratio: 1.0000+/-0.0000 [1.0000,1.0000] | adv: 0.3004+/-0.6082 | alive=30000/30000
   [CMDR  DIAG] ratio: 1.0087+/-0.1547 [0.3541,2.5241] | adv: 0.0219+/-0.8257 | alive=723/726 | bc_coef=0.000
19:21:19 | Batch 0979 (Ep 29364) | R:   -623.2 (  -663.2)  Scout_R:  -116.3  Cmdr_R:  -506.9  Scout:100% Cmdr:97%  scout:[survived=120] cmdr:[survived=87 boundary=3] refills=397  NN_dec=2815/2970  fire: peak=457 final=442 supp=16 ext=40.1  77.3s
   Cmdr reward breakdown: r_extinguish=+181.333  r_water_waste=-7.817  r_water_near=+0.000  r_fire_out=+0.000  r_spread=-201.560
   Water drops: 1047 total, 544 hit, 503 miss (52% accuracy)  alt=42m [11-80]  dist=47m [1-105]
   FW shaping: surv=+0.0 bound=+0.0 alt_pen=+0.0 approach=-34.3 alt_shape=+319.6  avg_dist_scout=307m
   [SCOUT DIAG] ratio: 1.0000+/-0.0000 [1.0000,1.0000] | adv: 0.0381+/-0.8947 | alive=30000/30000
   [CMDR  DIAG] ratio: 1.0073+/-0.1682 [0.1404,2.5673] | adv: 0.0817+/-0.8161 | alive=696/726 | bc_coef=0.000
19:22:59 | Batch 0980 (Ep 29394) | R:  -1299.2 (  -961.2)  Scout_R:  -105.1  Cmdr_R: -1194.1  Scout:100% Cmdr:95%  scout:[survived=120] cmdr:[survived=84 boundary=6] refills=355  NN_dec=2709/2970  fire: peak=388 final=366 supp=22 ext=30.2  81.8s
   Cmdr reward breakdown: r_extinguish=+142.333  r_water_waste=-3.767  r_water_near=+0.000  r_fire_out=+0.000  r_spread=-155.955
   Water drops: 672 total, 427 hit, 245 miss (64% accuracy)  alt=42m [11-80]  dist=41m [1-102]
   FW shaping: surv=+0.0 bound=+0.0 alt_pen=+0.0 approach=-90.8 alt_shape=+257.2  avg_dist_scout=387m
   [SCOUT DIAG] ratio: 1.0000+/-0.0000 [1.0000,1.0000] | adv: -0.1090+/-1.1482 | alive=30000/30000
   [CMDR  DIAG] ratio: 1.0008+/-0.1511 [0.2601,2.0880] | adv: -0.1685+/-1.1018 | alive=675/726 | bc_coef=0.000
19:24:40 | Batch 0981 (Ep 29424) | R:   -670.2 (  -984.7)  Scout_R:   -84.1  Cmdr_R:  -586.1  Scout:100% Cmdr:100%  scout:[survived=120] cmdr:[survived=90] refills=410  NN_dec=2891/2970  fire: peak=334 final=313 supp=21 ext=35.9  71.4s
   Cmdr reward breakdown: r_extinguish=+171.333  r_water_waste=-5.433  r_water_near=+0.000  r_fire_out=+0.000  r_spread=-154.425
   Water drops: 874 total, 514 hit, 360 miss (59% accuracy)  alt=44m [15-80]  dist=44m [5-117]
   FW shaping: surv=+0.0 bound=+0.0 alt_pen=+0.0 approach=-5.9 alt_shape=+352.7  avg_dist_scout=273m
   [SCOUT DIAG] ratio: 1.0000+/-0.0000 [1.0000,1.0000] | adv: 0.0951+/-0.9138 | alive=30000/30000
   [CMDR  DIAG] ratio: 1.0211+/-0.1708 [0.3374,2.3067] | adv: 0.1378+/-0.5937 | alive=713/726 | bc_coef=0.000
19:26:13 | Batch 0982 (Ep 29454) | R:   -545.0 (  -607.6)  Scout_R:   -27.1  Cmdr_R:  -518.0  Scout:100% Cmdr:97%  scout:[survived=120] cmdr:[survived=87 boundary=3] refills=446  NN_dec=2771/2970  fire: peak=378 final=360 supp=18 ext=33.6  75.0s
   Cmdr reward breakdown: r_extinguish=+157.667  r_water_waste=-6.783  r_water_near=+0.000  r_fire_out=+0.000  r_spread=-169.410
   Water drops: 910 total, 473 hit, 437 miss (52% accuracy)  alt=41m [9-79]  dist=47m [1-94]
   FW shaping: surv=+0.0 bound=+0.0 alt_pen=+0.0 approach=-6.9 alt_shape=+308.2  avg_dist_scout=303m
   [SCOUT DIAG] ratio: 1.0000+/-0.0000 [1.0000,1.0000] | adv: 0.1449+/-0.8788 | alive=30000/30000
   [CMDR  DIAG] ratio: 1.0002+/-0.1657 [0.2459,1.9044] | adv: -0.0365+/-0.8477 | alive=637/726 | bc_coef=0.000
19:27:49 | Batch 0983 (Ep 29484) | R:   -632.4 (  -588.7)  Scout_R:   +38.3  Cmdr_R:  -670.8  Scout:100% Cmdr:98%  scout:[survived=120] cmdr:[survived=88 boundary=2] refills=404  NN_dec=2857/2970  fire: peak=444 final=426 supp=18 ext=37.8  77.4s
   Cmdr reward breakdown: r_extinguish=+182.667  r_water_waste=-7.050  r_water_near=+0.000  r_fire_out=+0.000  r_spread=-192.825
   Water drops: 1010 total, 548 hit, 462 miss (54% accuracy)  alt=43m [18-79]  dist=43m [3-105]
   FW shaping: surv=+0.0 bound=+0.0 alt_pen=+0.0 approach=-26.5 alt_shape=+342.6  avg_dist_scout=294m
   [SCOUT DIAG] ratio: 1.0000+/-0.0000 [1.0000,1.0000] | adv: 0.0754+/-0.8998 | alive=30000/30000
   [CMDR  DIAG] ratio: 0.9942+/-0.1681 [0.1573,2.6401] | adv: -0.3008+/-1.3178 | alive=690/726 | bc_coef=0.000
19:29:21 | Batch 0984 (Ep 29514) | R:  -1075.1 (  -853.8)  Scout_R:  -162.6  Cmdr_R:  -912.5  Scout:100% Cmdr:95%  scout:[survived=120] cmdr:[survived=85 boundary=5] refills=348  NN_dec=2779/2970  fire: peak=373 final=363 supp=10 ext=36.1  74.8s
   Cmdr reward breakdown: r_extinguish=+171.333  r_water_waste=-5.717  r_water_near=+0.000  r_fire_out=+0.000  r_spread=-160.890
   Water drops: 881 total, 514 hit, 367 miss (58% accuracy)  alt=43m [13-80]  dist=44m [1-122]
   FW shaping: surv=+0.0 bound=+0.0 alt_pen=+0.0 approach=-63.7 alt_shape=+310.9  avg_dist_scout=347m
   [SCOUT DIAG] ratio: 1.0000+/-0.0000 [1.0000,1.0000] | adv: -0.0373+/-1.0975 | alive=30000/30000
   [CMDR  DIAG] ratio: 0.9916+/-0.1387 [0.1005,1.8084] | adv: -0.3319+/-1.4294 | alive=646/726 | bc_coef=0.000
19:30:49 | Batch 0985 (Ep 29544) | R:   -607.8 (  -841.4)  Scout_R:   -24.9  Cmdr_R:  -582.9  Scout:100% Cmdr:98%  scout:[survived=120] cmdr:[survived=87 boundary=2 ground_crash=1] refills=421  NN_dec=2789/2970  fire: peak=348 final=337 supp=11 ext=40.0  70.5s
   Cmdr reward breakdown: r_extinguish=+187.333  r_water_waste=-5.933  r_water_near=+0.000  r_fire_out=+0.000  r_spread=-161.475
   Water drops: 939 total, 562 hit, 377 miss (60% accuracy)  alt=44m [7-78]  dist=46m [3-123]
   FW shaping: surv=+0.0 bound=+0.0 alt_pen=+0.0 approach=-65.3 alt_shape=+331.1  avg_dist_scout=292m
   [SCOUT DIAG] ratio: 1.0000+/-0.0000 [1.0000,1.0000] | adv: 0.0560+/-1.0151 | alive=30000/30000
   [CMDR  DIAG] ratio: 1.0107+/-0.1157 [0.6473,1.6284] | adv: 0.2701+/-0.3576 | alive=637/726 | bc_coef=0.000
19:32:19 | Batch 0986 (Ep 29574) | R:   -710.5 (  -659.1)  Scout_R:  -274.2  Cmdr_R:  -436.3  Scout:100% Cmdr:99%  scout:[survived=120] cmdr:[survived=89 boundary=1] refills=465  NN_dec=2801/2970  fire: peak=326 final=312 supp=14 ext=34.9  71.7s
   Cmdr reward breakdown: r_extinguish=+183.667  r_water_waste=-7.900  r_water_near=+0.000  r_fire_out=+0.000  r_spread=-150.470
   Water drops: 1057 total, 551 hit, 506 miss (52% accuracy)  alt=41m [13-79]  dist=44m [5-83]
   FW shaping: surv=+0.0 bound=+0.0 alt_pen=+0.0 approach=-45.9 alt_shape=+313.8  avg_dist_scout=307m
   [SCOUT DIAG] ratio: 1.0000+/-0.0000 [1.0000,1.0000] | adv: -0.0660+/-1.0654 | alive=30000/30000
   [CMDR  DIAG] ratio: 1.0072+/-0.1389 [0.4301,1.8017] | adv: -0.0527+/-1.0123 | alive=707/726 | bc_coef=0.000
19:33:49 | Batch 0987 (Ep 29604) | R:   -908.6 (  -809.5)  Scout_R:   -98.3  Cmdr_R:  -810.3  Scout:100% Cmdr:96%  scout:[survived=120] cmdr:[survived=86 boundary=4] refills=274  NN_dec=2824/2970  fire: peak=417 final=389 supp=28 ext=33.2  71.3s
   Cmdr reward breakdown: r_extinguish=+141.000  r_water_waste=-3.900  r_water_near=+0.000  r_fire_out=+0.000  r_spread=-174.595
   Water drops: 678 total, 423 hit, 255 miss (62% accuracy)  alt=43m [19-79]  dist=42m [3-89]
   FW shaping: surv=+0.0 bound=+0.0 alt_pen=+0.0 approach=-42.0 alt_shape=+280.1  avg_dist_scout=342m
   [SCOUT DIAG] ratio: 1.0000+/-0.0000 [1.0000,1.0000] | adv: 0.0422+/-1.0104 | alive=30000/30000
   [CMDR  DIAG] ratio: 1.0151+/-0.1585 [0.1549,3.1496] | adv: -0.1824+/-1.1790 | alive=724/726 | bc_coef=0.000
19:35:17 | Batch 0988 (Ep 29634) | R:   -923.7 (  -916.2)  Scout_R:  -171.6  Cmdr_R:  -752.1  Scout:100% Cmdr:91%  scout:[survived=120] cmdr:[survived=80 boundary=9 ground_crash=1] refills=360  NN_dec=2627/2970  fire: peak=458 final=437 supp=22 ext=39.0  71.0s
   Cmdr reward breakdown: r_extinguish=+176.333  r_water_waste=-5.583  r_water_near=+0.000  r_fire_out=+0.000  r_spread=-189.985
   Water drops: 896 total, 529 hit, 367 miss (59% accuracy)  alt=43m [15-78]  dist=44m [6-85]
   FW shaping: surv=+0.0 bound=+0.0 alt_pen=+0.0 approach=-82.8 alt_shape=+257.9  avg_dist_scout=336m
   [SCOUT DIAG] ratio: 1.0000+/-0.0000 [1.0000,1.0000] | adv: 0.1268+/-0.9118 | alive=30000/30000
   [CMDR  DIAG] ratio: 0.9990+/-0.1289 [0.4282,1.8024] | adv: 0.1539+/-0.6030 | alive=646/726 | bc_coef=0.000
19:36:48 | Batch 0989 (Ep 29664) | R:   -496.9 (  -710.3)  Scout_R:  +205.3  Cmdr_R:  -702.3  Scout:100% Cmdr:97%  scout:[survived=120] cmdr:[survived=86 boundary=4] refills=392  NN_dec=2780/2970  fire: peak=313 final=278 supp=34 ext=36.5  73.1s
   Cmdr reward breakdown: r_extinguish=+193.333  r_water_waste=-6.967  r_water_near=+0.000  r_fire_out=+0.000  r_spread=-130.070
   Water drops: 1026 total, 580 hit, 446 miss (57% accuracy)  alt=43m [21-79]  dist=43m [4-91]
   FW shaping: surv=+0.0 bound=+0.0 alt_pen=+0.0 approach=-70.0 alt_shape=+330.7  avg_dist_scout=323m
   [SCOUT DIAG] ratio: 1.0000+/-0.0000 [1.0000,1.0000] | adv: 0.0775+/-0.9088 | alive=30000/30000
   [CMDR  DIAG] ratio: 0.9998+/-0.1226 [0.4089,1.7529] | adv: -0.4454+/-1.4731 | alive=715/726 | bc_coef=0.000
19:38:23 | Batch 0990 (Ep 29694) | R:  -1183.0 (  -840.0)  Scout_R:    +4.4  Cmdr_R: -1187.5  Scout:100% Cmdr:94%  scout:[survived=120] cmdr:[survived=83 boundary=7] refills=413  NN_dec=2713/2970  fire: peak=484 final=462 supp=22 ext=35.7  76.2s
   Cmdr reward breakdown: r_extinguish=+160.000  r_water_waste=-4.600  r_water_near=+0.000  r_fire_out=+0.000  r_spread=-192.520
   Water drops: 782 total, 480 hit, 302 miss (61% accuracy)  alt=44m [17-80]  dist=47m [7-106]
   FW shaping: surv=+0.0 bound=+0.0 alt_pen=+0.0 approach=-142.9 alt_shape=+253.2  avg_dist_scout=382m
   [SCOUT DIAG] ratio: 1.0000+/-0.0000 [1.0000,1.0000] | adv: -0.0366+/-0.9761 | alive=30000/30000
   [CMDR  DIAG] ratio: 0.9957+/-0.1556 [0.0682,2.2025] | adv: 0.0019+/-0.9899 | alive=699/726 | bc_coef=0.000
19:40:06 | Batch 0991 (Ep 29724) | R:   -720.6 (  -951.8)  Scout_R:  -132.1  Cmdr_R:  -588.6  Scout:100% Cmdr:95%  scout:[survived=120] cmdr:[survived=84 boundary=6] refills=319  NN_dec=2799/2970  fire: peak=489 final=478 supp=11 ext=30.3  74.1s
   Cmdr reward breakdown: r_extinguish=+167.333  r_water_waste=-6.350  r_water_near=+0.000  r_fire_out=+0.000  r_spread=-199.105
   Water drops: 913 total, 502 hit, 411 miss (55% accuracy)  alt=41m [14-78]  dist=43m [6-100]
   FW shaping: surv=+0.0 bound=+0.0 alt_pen=+0.0 approach=-66.5 alt_shape=+343.7  avg_dist_scout=302m
   [SCOUT DIAG] ratio: 1.0000+/-0.0000 [1.0000,1.0000] | adv: 0.0919+/-0.8856 | alive=30000/30000
   [CMDR  DIAG] ratio: 1.0034+/-0.1907 [0.0366,3.6511] | adv: 0.0713+/-0.8545 | alive=709/726 | bc_coef=0.000
19:41:35 | Batch 0992 (Ep 29754) | R:  -1141.4 (  -931.0)  Scout_R:  -101.8  Cmdr_R: -1039.6  Scout:100% Cmdr:98%  scout:[survived=120] cmdr:[survived=87 boundary=3] refills=320  NN_dec=2833/2970  fire: peak=381 final=372 supp=10 ext=32.1  71.1s
   Cmdr reward breakdown: r_extinguish=+159.667  r_water_waste=-5.783  r_water_near=+0.000  r_fire_out=+0.000  r_spread=-164.425
   Water drops: 855 total, 479 hit, 376 miss (56% accuracy)  alt=43m [20-80]  dist=44m [4-114]
   FW shaping: surv=+0.0 bound=+0.0 alt_pen=+0.0 approach=-58.0 alt_shape=+297.6  avg_dist_scout=318m
   [SCOUT DIAG] ratio: 1.0000+/-0.0000 [1.0000,1.0000] | adv: 0.0583+/-0.8730 | alive=30000/30000
   [CMDR  DIAG] ratio: 1.0050+/-0.1420 [0.3597,2.4621] | adv: -0.0550+/-1.2271 | alive=696/726 | bc_coef=0.000
19:43:04 | Batch 0993 (Ep 29784) | R:   -916.0 ( -1028.7)  Scout_R:   -89.5  Cmdr_R:  -826.5  Scout:100% Cmdr:96%  scout:[survived=120] cmdr:[survived=86 boundary=4] refills=292  NN_dec=2787/2970  fire: peak=434 final=426 supp=8 ext=29.2  70.6s
   Cmdr reward breakdown: r_extinguish=+142.000  r_water_waste=-4.950  r_water_near=+0.000  r_fire_out=+0.000  r_spread=-175.725
   Water drops: 744 total, 426 hit, 318 miss (57% accuracy)  alt=42m [20-80]  dist=42m [4-78]
   FW shaping: surv=+0.0 bound=+0.0 alt_pen=+0.0 approach=-85.6 alt_shape=+247.2  avg_dist_scout=351m
   [SCOUT DIAG] ratio: 1.0000+/-0.0000 [1.0000,1.0000] | adv: -0.0623+/-0.9663 | alive=30000/30000
   [CMDR  DIAG] ratio: 0.9963+/-0.1502 [0.3622,1.8146] | adv: -0.0581+/-1.0369 | alive=652/726 | bc_coef=0.000
19:44:36 | Batch 0994 (Ep 29814) | R:   -246.4 (  -581.2)  Scout_R:  +216.3  Cmdr_R:  -462.7  Scout:100% Cmdr:98%  scout:[survived=120] cmdr:[survived=88 boundary=2] refills=472  NN_dec=2825/2970  fire: peak=368 final=337 supp=30 ext=40.0  74.9s
   Cmdr reward breakdown: r_extinguish=+195.667  r_water_waste=-8.033  r_water_near=+0.000  r_fire_out=+0.000  r_spread=-159.245
   Water drops: 1110 total, 587 hit, 523 miss (53% accuracy)  alt=40m [12-79]  dist=41m [1-90]
   FW shaping: surv=+0.0 bound=+0.0 alt_pen=+0.0 approach=+9.2 alt_shape=+365.1  avg_dist_scout=261m
   [SCOUT DIAG] ratio: 1.0000+/-0.0000 [1.0000,1.0000] | adv: -0.0737+/-1.1296 | alive=30000/30000
   [CMDR  DIAG] ratio: 1.0045+/-0.1760 [0.3842,2.3746] | adv: -0.0421+/-1.1191 | alive=692/726 | bc_coef=0.000
19:46:11 | Batch 0995 (Ep 29844) | R:   -775.8 (  -511.1)  Scout_R:  +108.8  Cmdr_R:  -884.6  Scout:100% Cmdr:95%  scout:[survived=120] cmdr:[survived=85 boundary=5] refills=404  NN_dec=2756/2970  fire: peak=444 final=412 supp=32 ext=42.8  76.4s
   Cmdr reward breakdown: r_extinguish=+201.333  r_water_waste=-6.000  r_water_near=+0.000  r_fire_out=+0.000  r_spread=-189.230
   Water drops: 996 total, 604 hit, 392 miss (61% accuracy)  alt=44m [17-80]  dist=44m [2-92]
   FW shaping: surv=+0.0 bound=+0.0 alt_pen=+0.0 approach=-50.4 alt_shape=+304.1  avg_dist_scout=314m
   [SCOUT DIAG] ratio: 1.0000+/-0.0000 [1.0000,1.0000] | adv: -0.0072+/-0.9734 | alive=30000/30000
   [CMDR  DIAG] ratio: 1.0252+/-0.1742 [0.5131,2.1206] | adv: 0.2663+/-0.4491 | alive=697/726 | bc_coef=0.000
19:47:41 | Batch 0996 (Ep 29874) | R:   -414.6 (  -595.2)  Scout_R:   +49.8  Cmdr_R:  -464.4  Scout:100% Cmdr:98%  scout:[survived=120] cmdr:[survived=88 boundary=2] refills=353  NN_dec=2898/2970  fire: peak=336 final=315 supp=20 ext=43.2  72.2s
   Cmdr reward breakdown: r_extinguish=+203.667  r_water_waste=-5.900  r_water_near=+0.000  r_fire_out=+0.000  r_spread=-150.590
   Water drops: 1003 total, 611 hit, 392 miss (61% accuracy)  alt=42m [12-80]  dist=44m [2-95]
   FW shaping: surv=+0.0 bound=+0.0 alt_pen=+0.0 approach=+7.5 alt_shape=+372.1  avg_dist_scout=274m
   [SCOUT DIAG] ratio: 1.0000+/-0.0000 [1.0000,1.0000] | adv: 0.2379+/-0.8089 | alive=30000/30000
   [CMDR  DIAG] ratio: 1.0112+/-0.2433 [0.3436,3.8276] | adv: -0.1107+/-1.0808 | alive=693/726 | bc_coef=0.000
19:49:09 | Batch 0997 (Ep 29904) | R:  -1247.4 (  -831.0)  Scout_R:  -302.0  Cmdr_R:  -945.4  Scout:100% Cmdr:96%  scout:[survived=120] cmdr:[survived=86 boundary=4] refills=375  NN_dec=2772/2970  fire: peak=363 final=349 supp=14 ext=36.9  69.9s
   Cmdr reward breakdown: r_extinguish=+158.333  r_water_waste=-5.383  r_water_near=+0.000  r_fire_out=+0.000  r_spread=-159.510
   Water drops: 823 total, 475 hit, 348 miss (58% accuracy)  alt=40m [7-79]  dist=44m [2-96]
   FW shaping: surv=+0.0 bound=+0.0 alt_pen=+0.0 approach=-78.7 alt_shape=+293.3  avg_dist_scout=354m
   [SCOUT DIAG] ratio: 1.0000+/-0.0000 [1.0000,1.0000] | adv: -0.0867+/-1.0539 | alive=30000/30000
   [CMDR  DIAG] ratio: 1.0094+/-0.1638 [0.0335,2.7177] | adv: 0.0699+/-0.9906 | alive=683/726 | bc_coef=0.000
19:50:44 | Batch 0998 (Ep 29934) | R:   -525.3 (  -886.4)  Scout_R:   -93.4  Cmdr_R:  -431.9  Scout:100% Cmdr:97%  scout:[survived=120] cmdr:[survived=87 boundary=3] refills=365  NN_dec=2818/2970  fire: peak=334 final=320 supp=13 ext=36.7  76.6s
   Cmdr reward breakdown: r_extinguish=+154.333  r_water_waste=-5.183  r_water_near=+0.000  r_fire_out=+0.000  r_spread=-141.000
   Water drops: 803 total, 463 hit, 340 miss (58% accuracy)  alt=43m [5-79]  dist=44m [1-96]
   FW shaping: surv=+0.0 bound=+0.0 alt_pen=+0.0 approach=-24.4 alt_shape=+310.8  avg_dist_scout=303m
   [SCOUT DIAG] ratio: 1.0000+/-0.0000 [1.0000,1.0000] | adv: -0.0538+/-1.1275 | alive=30000/30000
   [CMDR  DIAG] ratio: 1.0025+/-0.1706 [0.4488,2.2740] | adv: -0.0031+/-0.8863 | alive=675/726 | bc_coef=0.000
19:52:13 | Batch 0999 (Ep 29964) | R:  -1081.7 (  -803.5)  Scout_R:  -105.9  Cmdr_R:  -975.8  Scout:100% Cmdr:97%  scout:[survived=120] cmdr:[survived=86 boundary=4] refills=362  NN_dec=2787/2970  fire: peak=454 final=432 supp=22 ext=33.4  71.5s
   Cmdr reward breakdown: r_extinguish=+147.667  r_water_waste=-5.817  r_water_near=+0.000  r_fire_out=+0.000  r_spread=-188.425
   Water drops: 815 total, 443 hit, 372 miss (54% accuracy)  alt=45m [17-79]  dist=44m [1-115]
   FW shaping: surv=+0.0 bound=+0.0 alt_pen=+0.0 approach=-91.0 alt_shape=+281.5  avg_dist_scout=342m
   [SCOUT DIAG] ratio: 1.0000+/-0.0000 [1.0000,1.0000] | adv: 0.1014+/-0.9104 | alive=30000/30000
   [CMDR  DIAG] ratio: 1.0120+/-0.1628 [0.2057,2.5435] | adv: 0.0974+/-1.0818 | alive=645/726 | bc_coef=0.000
19:53:45 | Batch 1000 (Ep 29994) | R:   -709.9 (  -895.8)  Scout_R:   +71.8  Cmdr_R:  -781.7  Scout:100% Cmdr:96%  scout:[survived=120] cmdr:[survived=86 boundary=4] refills=426  NN_dec=2763/2970  fire: peak=489 final=474 supp=15 ext=34.3  74.0s
   Cmdr reward breakdown: r_extinguish=+178.333  r_water_waste=-6.367  r_water_near=+0.000  r_fire_out=+0.000  r_spread=-205.160
   Water drops: 956 total, 535 hit, 421 miss (56% accuracy)  alt=44m [17-80]  dist=45m [1-100]
   FW shaping: surv=+0.0 bound=+0.0 alt_pen=+0.0 approach=-54.4 alt_shape=+242.6  avg_dist_scout=346m
   [SCOUT DIAG] ratio: 1.0000+/-0.0000 [1.0000,1.0000] | adv: 0.0662+/-0.9456 | alive=30000/30000
   [CMDR  DIAG] ratio: 1.0081+/-0.1567 [0.3740,2.0509] | adv: 0.0010+/-1.0848 | alive=711/726 | bc_coef=0.000

Training complete!
   Best: /homes/eva/xj/xjahnf00/tmp/DP/src/../saved_models/v6_shortWP/scout_best.pt + cmdr_best.pt
